company,city,state,source,source_id,naics_code,naics_sector,solar_fit_score,energy_intensity,tax_appetite,recommended_ownership,load_profile,est_system_kw,est_annual_kwh,est_annual_savings_usd,est_net_payback_yrs,est_25yr_npv_p50_usd,sales_script,pitch_angle
"Wegmans — Pittsford","Pittsford","NY","auto_seed","solar-ret-005","493120","Warehousing / Cold Storage","96","very_high","corporate","direct_purchase","flat_24_7","2000","3013440","632822","2.4","9869096","We help cold-storage facilities offset up to 40% of their peak refrigeration energy costs without changing operations. Worth a 15-minute call?","NY-Sun MW Block + grocery refrigeration"
"Hudson Valley Cold Storage","Newburgh","NY","auto_seed","solar-023","493120","Warehousing / Cold Storage","96","very_high","corporate","direct_purchase","flat_24_7","2000","3013440","632822","2.4","9869096","We help cold-storage facilities offset up to 40% of their peak refrigeration energy costs without changing operations. Worth a 15-minute call?","95,000 sqft cold storage"
"River Terminal Development","Ny-Nj Port","NY","osm_industrial","osm-39836013","493110","Warehousing / Cold Storage","84","moderate","corporate","direct_purchase","daytime_peak","2000","3013440","632822","2.4","9869096","Distribution centers are the easiest commercial solar installs we do — large clear flat roofs, ground-level interconnect.","Warehouse building. Roof-suitable for rooftop PV. Verify ownership + contact before outreach."
"River Terminal Development","Ny-Nj Port","NY","osm_industrial","osm-39836035","493110","Warehousing / Cold Storage","84","moderate","corporate","direct_purchase","daytime_peak","2000","3013440","632822","2.4","9869096","Distribution centers are the easiest commercial solar installs we do — large clear flat roofs, ground-level interconnect.","Warehouse building. Roof-suitable for rooftop PV. Verify ownership + contact before outreach."
"United States Postal Service","Ny-Nj Port","NY","osm_industrial","osm-40136589","493110","Warehousing / Cold Storage","84","moderate","corporate","direct_purchase","daytime_peak","2000","3013440","632822","2.4","9869096","Distribution centers are the easiest commercial solar installs we do — large clear flat roofs, ground-level interconnect.","Warehouse building. Roof-suitable for rooftop PV. Verify ownership + contact before outreach."
"Presidential Express Trucking, Inc.","Ny-Nj Port","NY","osm_industrial","osm-163996126","493110","Warehousing / Cold Storage","84","moderate","corporate","direct_purchase","daytime_peak","2000","3013440","632822","2.4","9869096","Distribution centers are the easiest commercial solar installs we do — large clear flat roofs, ground-level interconnect.","Warehouse building. Roof-suitable for rooftop PV. Verify ownership + contact before outreach."
"Extra Space Storage","Brooklyn","NY","osm_industrial","osm-223868504","493110","Warehousing / Cold Storage","84","moderate","corporate","direct_purchase","daytime_peak","2000","3013440","632822","2.4","9869096","Distribution centers are the easiest commercial solar installs we do — large clear flat roofs, ground-level interconnect.","Warehouse building. Roof-suitable for rooftop PV. Verify ownership + contact before outreach."
"Building 157","Ny-Nj Port","NY","osm_industrial","osm-232382766","493110","Warehousing / Cold Storage","84","moderate","corporate","direct_purchase","daytime_peak","2000","3013440","632822","2.4","9869096","Distribution centers are the easiest commercial solar installs we do — large clear flat roofs, ground-level interconnect.","Warehouse building. Roof-suitable for rooftop PV. Verify ownership + contact before outreach."
"Building 340","Ny-Nj Port","NY","osm_industrial","osm-232393453","493110","Warehousing / Cold Storage","84","moderate","corporate","direct_purchase","daytime_peak","2000","3013440","632822","2.4","9869096","Distribution centers are the easiest commercial solar installs we do — large clear flat roofs, ground-level interconnect.","Warehouse building. Roof-suitable for rooftop PV. Verify ownership + contact before outreach."
"Port Authority Automotive Garage (Building 11)","Ny-Nj Port","NY","osm_industrial","osm-232398748","493110","Warehousing / Cold Storage","84","moderate","corporate","direct_purchase","daytime_peak","2000","3013440","632822","2.4","9869096","Distribution centers are the easiest commercial solar installs we do — large clear flat roofs, ground-level interconnect.","Warehouse building. Roof-suitable for rooftop PV. Verify ownership + contact before outreach."
"Fedex","Ny-Nj Port","NY","osm_industrial","osm-232398770","493110","Warehousing / Cold Storage","84","moderate","corporate","direct_purchase","daytime_peak","2000","3013440","632822","2.4","9869096","Distribution centers are the easiest commercial solar installs we do — large clear flat roofs, ground-level interconnect.","Warehouse building. Roof-suitable for rooftop PV. Verify ownership + contact before outreach."
"Port Authority Maintenance Garage (Building 79(","Ny-Nj Port","NY","osm_industrial","osm-232398776","493110","Warehousing / Cold Storage","84","moderate","corporate","direct_purchase","daytime_peak","2000","3013440","632822","2.4","9869096","Distribution centers are the easiest commercial solar installs we do — large clear flat roofs, ground-level interconnect.","Warehouse building. Roof-suitable for rooftop PV. Verify ownership + contact before outreach."
"Fedex Cargo","Ny-Nj Port","NY","osm_industrial","osm-232497078","493110","Warehousing / Cold Storage","84","moderate","corporate","direct_purchase","daytime_peak","2000","3013440","632822","2.4","9869096","Distribution centers are the easiest commercial solar installs we do — large clear flat roofs, ground-level interconnect.","Warehouse building. Roof-suitable for rooftop PV. Verify ownership + contact before outreach."
"Usps Priority Mail Processing Center","Ny-Nj Port","NY","osm_industrial","osm-240724275","493110","Warehousing / Cold Storage","84","moderate","corporate","direct_purchase","daytime_peak","2000","3013440","632822","2.4","9869096","Distribution centers are the easiest commercial solar installs we do — large clear flat roofs, ground-level interconnect.","Warehouse building. Roof-suitable for rooftop PV. Verify ownership + contact before outreach."
"Reliable Inc.","Ny-Nj Port","NY","osm_industrial","osm-241824628","493110","Warehousing / Cold Storage","84","moderate","corporate","direct_purchase","daytime_peak","2000","3013440","632822","2.4","9869096","Distribution centers are the easiest commercial solar installs we do — large clear flat roofs, ground-level interconnect.","Warehouse building. Roof-suitable for rooftop PV. Verify ownership + contact before outreach."
"Ortolano'S Express","Ny-Nj Port","NY","osm_industrial","osm-241824795","493110","Warehousing / Cold Storage","84","moderate","corporate","direct_purchase","daytime_peak","2000","3013440","632822","2.4","9869096","Distribution centers are the easiest commercial solar installs we do — large clear flat roofs, ground-level interconnect.","Warehouse building. Roof-suitable for rooftop PV. Verify ownership + contact before outreach."
"Crusader Candle Company","Ny-Nj Port","NY","osm_industrial","osm-241860717","493110","Warehousing / Cold Storage","84","moderate","corporate","direct_purchase","daytime_peak","2000","3013440","632822","2.4","9869096","Distribution centers are the easiest commercial solar installs we do — large clear flat roofs, ground-level interconnect.","Warehouse building. Roof-suitable for rooftop PV. Verify ownership + contact before outreach."
"Manhattan Mini Storage","Ny-Nj Port","NY","osm_industrial","osm-247841401","493110","Warehousing / Cold Storage","84","moderate","corporate","direct_purchase","daytime_peak","2000","3013440","632822","2.4","9869096","Distribution centers are the easiest commercial solar installs we do — large clear flat roofs, ground-level interconnect.","Warehouse building. Roof-suitable for rooftop PV. Verify ownership + contact before outreach."
"Limitness Electrical Resources","Ny-Nj Port","NY","osm_industrial","osm-247930531","493110","Warehousing / Cold Storage","84","moderate","corporate","direct_purchase","daytime_peak","2000","3013440","632822","2.4","9869096","Distribution centers are the easiest commercial solar installs we do — large clear flat roofs, ground-level interconnect.","Warehouse building. Roof-suitable for rooftop PV. Verify ownership + contact before outreach."
"Vane Brothers","Ny-Nj Port","NY","osm_industrial","osm-248168046","493110","Warehousing / Cold Storage","84","moderate","corporate","direct_purchase","daytime_peak","2000","3013440","632822","2.4","9869096","Distribution centers are the easiest commercial solar installs we do — large clear flat roofs, ground-level interconnect.","Warehouse building. Roof-suitable for rooftop PV. Verify ownership + contact before outreach."
"The Salvation Army","Ny-Nj Port","NY","osm_industrial","osm-248171207","493110","Warehousing / Cold Storage","84","moderate","corporate","direct_purchase","daytime_peak","2000","3013440","632822","2.4","9869096","Distribution centers are the easiest commercial solar installs we do — large clear flat roofs, ground-level interconnect.","Warehouse building. Roof-suitable for rooftop PV. Verify ownership + contact before outreach."
"Cubesmart","Jamaica","NY","osm_industrial","osm-248594581","493110","Warehousing / Cold Storage","84","moderate","corporate","direct_purchase","daytime_peak","2000","3013440","632822","2.4","9869096","Distribution centers are the easiest commercial solar installs we do — large clear flat roofs, ground-level interconnect.","Warehouse building. Roof-suitable for rooftop PV. Verify ownership + contact before outreach."
"Stop & Stor","Ny-Nj Port","NY","osm_industrial","osm-248841489","493110","Warehousing / Cold Storage","84","moderate","corporate","direct_purchase","daytime_peak","2000","3013440","632822","2.4","9869096","Distribution centers are the easiest commercial solar installs we do — large clear flat roofs, ground-level interconnect.","Warehouse building. Roof-suitable for rooftop PV. Verify ownership + contact before outreach."
"Sunrise 2002 Wholesale","Ny-Nj Port","NY","osm_industrial","osm-249587118","493110","Warehousing / Cold Storage","84","moderate","corporate","direct_purchase","daytime_peak","2000","3013440","632822","2.4","9869096","Distribution centers are the easiest commercial solar installs we do — large clear flat roofs, ground-level interconnect.","Warehouse building. Roof-suitable for rooftop PV. Verify ownership + contact before outreach."
"New Nan Fonghong Trading","Ny-Nj Port","NY","osm_industrial","osm-249587141","493110","Warehousing / Cold Storage","84","moderate","corporate","direct_purchase","daytime_peak","2000","3013440","632822","2.4","9869096","Distribution centers are the easiest commercial solar installs we do — large clear flat roofs, ground-level interconnect.","Warehouse building. Roof-suitable for rooftop PV. Verify ownership + contact before outreach."
"Pantek Furniture","Ny-Nj Port","NY","osm_industrial","osm-249588525","493110","Warehousing / Cold Storage","84","moderate","corporate","direct_purchase","daytime_peak","2000","3013440","632822","2.4","9869096","Distribution centers are the easiest commercial solar installs we do — large clear flat roofs, ground-level interconnect.","Warehouse building. Roof-suitable for rooftop PV. Verify ownership + contact before outreach."
"Parkslope Wholesales V Corp.","Ny-Nj Port","NY","osm_industrial","osm-249606607","493110","Warehousing / Cold Storage","84","moderate","corporate","direct_purchase","daytime_peak","2000","3013440","632822","2.4","9869096","Distribution centers are the easiest commercial solar installs we do — large clear flat roofs, ground-level interconnect.","Warehouse building. Roof-suitable for rooftop PV. Verify ownership + contact before outreach."
"Landau'S Express Shipping & Receiving","Ny-Nj Port","NY","osm_industrial","osm-249623216","493110","Warehousing / Cold Storage","84","moderate","corporate","direct_purchase","daytime_peak","2000","3013440","632822","2.4","9869096","Distribution centers are the easiest commercial solar installs we do — large clear flat roofs, ground-level interconnect.","Warehouse building. Roof-suitable for rooftop PV. Verify ownership + contact before outreach."
"S.E.A. Asian Produce And Grocery Supply","Ny-Nj Port","NY","osm_industrial","osm-249634186","493110","Warehousing / Cold Storage","84","moderate","corporate","direct_purchase","daytime_peak","2000","3013440","632822","2.4","9869096","Distribution centers are the easiest commercial solar installs we do — large clear flat roofs, ground-level interconnect.","Warehouse building. Roof-suitable for rooftop PV. Verify ownership + contact before outreach."
"Extra Space Storage","Brooklyn","NY","osm_industrial","osm-249768368","493110","Warehousing / Cold Storage","84","moderate","corporate","direct_purchase","daytime_peak","2000","3013440","632822","2.4","9869096","Distribution centers are the easiest commercial solar installs we do — large clear flat roofs, ground-level interconnect.","Warehouse building. Roof-suitable for rooftop PV. Verify ownership + contact before outreach."
"Pier 9b","Ny-Nj Port","NY","osm_industrial","osm-249848432","493110","Warehousing / Cold Storage","84","moderate","corporate","direct_purchase","daytime_peak","2000","3013440","632822","2.4","9869096","Distribution centers are the easiest commercial solar installs we do — large clear flat roofs, ground-level interconnect.","Warehouse building. Roof-suitable for rooftop PV. Verify ownership + contact before outreach."
"Lee Brothers Inc.","New York","NY","osm_industrial","osm-271924316","493110","Warehousing / Cold Storage","84","moderate","corporate","direct_purchase","daytime_peak","2000","3013440","632822","2.4","9869096","Distribution centers are the easiest commercial solar installs we do — large clear flat roofs, ground-level interconnect.","Warehouse building. Roof-suitable for rooftop PV. Verify ownership + contact before outreach."
"Empire Auto Parts","Totowa","NY","osm_industrial","osm-274174806","493110","Warehousing / Cold Storage","84","moderate","corporate","direct_purchase","daytime_peak","2000","3013440","632822","2.4","9869096","Distribution centers are the easiest commercial solar installs we do — large clear flat roofs, ground-level interconnect.","Warehouse building. Roof-suitable for rooftop PV. Verify ownership + contact before outreach."
"Pier 36","Ny-Nj Port","NY","osm_industrial","osm-278268950","493110","Warehousing / Cold Storage","84","moderate","corporate","direct_purchase","daytime_peak","2000","3013440","632822","2.4","9869096","Distribution centers are the easiest commercial solar installs we do — large clear flat roofs, ground-level interconnect.","Warehouse building. Roof-suitable for rooftop PV. Verify ownership + contact before outreach."
"Pier 11","Brooklyn","NY","osm_industrial","osm-278369285","493110","Warehousing / Cold Storage","84","moderate","corporate","direct_purchase","daytime_peak","2000","3013440","632822","2.4","9869096","Distribution centers are the easiest commercial solar installs we do — large clear flat roofs, ground-level interconnect.","Warehouse building. Roof-suitable for rooftop PV. Verify ownership + contact before outreach."
"Christies Fine Art Storage Services","Ny-Nj Port","NY","osm_industrial","osm-278369506","493110","Warehousing / Cold Storage","84","moderate","corporate","direct_purchase","daytime_peak","2000","3013440","632822","2.4","9869096","Distribution centers are the easiest commercial solar installs we do — large clear flat roofs, ground-level interconnect.","Warehouse building. Roof-suitable for rooftop PV. Verify ownership + contact before outreach."
"Stores Building","Ny-Nj Port","NY","osm_industrial","osm-279786359","493110","Warehousing / Cold Storage","84","moderate","corporate","direct_purchase","daytime_peak","2000","3013440","632822","2.4","9869096","Distribution centers are the easiest commercial solar installs we do — large clear flat roofs, ground-level interconnect.","Warehouse building. Roof-suitable for rooftop PV. Verify ownership + contact before outreach."
"E. Cucker Feathers & Down","Brooklyn","NY","osm_industrial","osm-280081266","493110","Warehousing / Cold Storage","84","moderate","corporate","direct_purchase","daytime_peak","2000","3013440","632822","2.4","9869096","Distribution centers are the easiest commercial solar installs we do — large clear flat roofs, ground-level interconnect.","Warehouse building. Roof-suitable for rooftop PV. Verify ownership + contact before outreach."
"Dep","Ny-Nj Port","NY","osm_industrial","osm-280122289","493110","Warehousing / Cold Storage","84","moderate","corporate","direct_purchase","daytime_peak","2000","3013440","632822","2.4","9869096","Distribution centers are the easiest commercial solar installs we do — large clear flat roofs, ground-level interconnect.","Warehouse building. Roof-suitable for rooftop PV. Verify ownership + contact before outreach."
"Hudson Logistics Park","Ny-Nj Port","NY","osm_industrial","osm-281165325","493110","Warehousing / Cold Storage","84","moderate","corporate","direct_purchase","daytime_peak","2000","3013440","632822","2.4","9869096","Distribution centers are the easiest commercial solar installs we do — large clear flat roofs, ground-level interconnect.","Warehouse building. Roof-suitable for rooftop PV. Verify ownership + contact before outreach."
"Taylor Creative","Long Island City","NY","osm_industrial","osm-281336869","493110","Warehousing / Cold Storage","84","moderate","corporate","direct_purchase","daytime_peak","2000","3013440","632822","2.4","9869096","Distribution centers are the easiest commercial solar installs we do — large clear flat roofs, ground-level interconnect.","Warehouse building. Roof-suitable for rooftop PV. Verify ownership + contact before outreach."
"Global Synergy Logistics, Inc.","Jamaica","NY","osm_industrial","osm-282936305","493110","Warehousing / Cold Storage","84","moderate","corporate","direct_purchase","daytime_peak","2000","3013440","632822","2.4","9869096","Distribution centers are the easiest commercial solar installs we do — large clear flat roofs, ground-level interconnect.","Warehouse building. Roof-suitable for rooftop PV. Verify ownership + contact before outreach."
"Ocasa","Jamaica","NY","osm_industrial","osm-282936307","493110","Warehousing / Cold Storage","84","moderate","corporate","direct_purchase","daytime_peak","2000","3013440","632822","2.4","9869096","Distribution centers are the easiest commercial solar installs we do — large clear flat roofs, ground-level interconnect.","Warehouse building. Roof-suitable for rooftop PV. Verify ownership + contact before outreach."
"Prime Storage","Ny-Nj Port","NY","osm_industrial","osm-283151683","493110","Warehousing / Cold Storage","84","moderate","corporate","direct_purchase","daytime_peak","2000","3013440","632822","2.4","9869096","Distribution centers are the easiest commercial solar installs we do — large clear flat roofs, ground-level interconnect.","Warehouse building. Roof-suitable for rooftop PV. Verify ownership + contact before outreach."
"Shops And Warehouse","Ny-Nj Port","NY","osm_industrial","osm-284847953","493110","Warehousing / Cold Storage","84","moderate","corporate","direct_purchase","daytime_peak","2000","3013440","632822","2.4","9869096","Distribution centers are the easiest commercial solar installs we do — large clear flat roofs, ground-level interconnect.","Warehouse building. Roof-suitable for rooftop PV. Verify ownership + contact before outreach."
"Opici Wines","Glen Rock","NY","osm_industrial","osm-310878205","493110","Warehousing / Cold Storage","84","moderate","corporate","direct_purchase","daytime_peak","2000","3013440","632822","2.4","9869096","Distribution centers are the easiest commercial solar installs we do — large clear flat roofs, ground-level interconnect.","Warehouse building. Roof-suitable for rooftop PV. Verify ownership + contact before outreach."
"White Rose Frozen","Ny-Nj Port","NY","osm_industrial","osm-314641226","493110","Warehousing / Cold Storage","84","moderate","corporate","direct_purchase","daytime_peak","2000","3013440","632822","2.4","9869096","Distribution centers are the easiest commercial solar installs we do — large clear flat roofs, ground-level interconnect.","Warehouse building. Roof-suitable for rooftop PV. Verify ownership + contact before outreach."
"Vanguard Logistics","Ny-Nj Port","NY","osm_industrial","osm-314641228","493110","Warehousing / Cold Storage","84","moderate","corporate","direct_purchase","daytime_peak","2000","3013440","632822","2.4","9869096","Distribution centers are the easiest commercial solar installs we do — large clear flat roofs, ground-level interconnect.","Warehouse building. Roof-suitable for rooftop PV. Verify ownership + contact before outreach."
"Continental Terminals","Ny-Nj Port","NY","osm_industrial","osm-314641229","493110","Warehousing / Cold Storage","84","moderate","corporate","direct_purchase","daytime_peak","2000","3013440","632822","2.4","9869096","Distribution centers are the easiest commercial solar installs we do — large clear flat roofs, ground-level interconnect.","Warehouse building. Roof-suitable for rooftop PV. Verify ownership + contact before outreach."
"Bed Bath & Beyond","Ny-Nj Port","NY","osm_industrial","osm-329226655","493110","Warehousing / Cold Storage","84","moderate","corporate","direct_purchase","daytime_peak","2000","3013440","632822","2.4","9869096","Distribution centers are the easiest commercial solar installs we do — large clear flat roofs, ground-level interconnect.","Warehouse building. Roof-suitable for rooftop PV. Verify ownership + contact before outreach."
"Shoprite","Ny-Nj Port","NY","osm_industrial","osm-387224670","493110","Warehousing / Cold Storage","84","moderate","corporate","direct_purchase","daytime_peak","2000","3013440","632822","2.4","9869096","Distribution centers are the easiest commercial solar installs we do — large clear flat roofs, ground-level interconnect.","Warehouse building. Roof-suitable for rooftop PV. Verify ownership + contact before outreach."
"Fedex Ground","Ny-Nj Port","NY","osm_industrial","osm-412500953","493110","Warehousing / Cold Storage","84","moderate","corporate","direct_purchase","daytime_peak","2000","3013440","632822","2.4","9869096","Distribution centers are the easiest commercial solar installs we do — large clear flat roofs, ground-level interconnect.","Warehouse building. Roof-suitable for rooftop PV. Verify ownership + contact before outreach."
"Schumacher Cargo Logistics","Ny-Nj Port","NY","osm_industrial","osm-434996866","493110","Warehousing / Cold Storage","84","moderate","corporate","direct_purchase","daytime_peak","2000","3013440","632822","2.4","9869096","Distribution centers are the easiest commercial solar installs we do — large clear flat roofs, ground-level interconnect.","Warehouse building. Roof-suitable for rooftop PV. Verify ownership + contact before outreach."
"Republic Steel, Lackawanna","Blasdell","NY","epa_ghgrp","epa-1000077","333","Heavy Manufacturing","80","high","corporate","direct_purchase","industrial_shift","1140","1717661","360709","2.4","5625393","","Heavy manufacturing — 2022 EPA GHG Reporter. NAICS 331110. Pre-qualified high-energy solar candidate."
"Momentive Performance Materials","Waterford","NY","epa_ghgrp","epa-1000093","333","Heavy Manufacturing","80","high","corporate","direct_purchase","industrial_shift","1140","1717661","360709","2.4","5625393","","Chemical manufacturing — 2022 EPA GHG Reporter. NAICS 325211. Pre-qualified high-energy solar candidate."
"Honeywell International Buffalo Research Labs","Buffalo","NY","epa_ghgrp","epa-1000626","333","Heavy Manufacturing","80","high","corporate","direct_purchase","industrial_shift","1140","1717661","360709","2.4","5625393","","Chemical manufacturing — 2022 EPA GHG Reporter. NAICS 325120. Pre-qualified high-energy solar candidate."
"Eastman Kodak - Kodak Park","Rochester","NY","epa_ghgrp","epa-1001199","333","Heavy Manufacturing","80","high","corporate","direct_purchase","industrial_shift","1140","1717661","360709","2.4","5625393","","Chemical manufacturing — 2022 EPA GHG Reporter. NAICS 325992. Pre-qualified high-energy solar candidate."
"American Sugar Refining, Inc. - Yonkers Refinery","Yonkers","NY","epa_ghgrp","epa-1001861","333","Heavy Manufacturing","80","high","corporate","direct_purchase","industrial_shift","1140","1717661","360709","2.4","5625393","","Food manufacturing — 2022 EPA GHG Reporter. NAICS 311314. Pre-qualified high-energy solar candidate."
"Xerox Corporation","Webster","NY","epa_ghgrp","epa-1002304","333","Heavy Manufacturing","80","high","corporate","direct_purchase","industrial_shift","1140","1717661","360709","2.4","5625393","","Heavy manufacturing — 2022 EPA GHG Reporter. NAICS 333310. Pre-qualified high-energy solar candidate."
"Morton Salt, Inc.","Silver Springs","NY","epa_ghgrp","epa-1002333","333","Heavy Manufacturing","80","high","corporate","direct_purchase","industrial_shift","1140","1717661","360709","2.4","5625393","","Food manufacturing — 2022 EPA GHG Reporter. NAICS 311942. Pre-qualified high-energy solar candidate."
"Arconic Us Llc","Massena","NY","epa_ghgrp","epa-1002483","333","Heavy Manufacturing","80","high","corporate","direct_purchase","industrial_shift","1140","1717661","360709","2.4","5625393","","Heavy manufacturing — 2022 EPA GHG Reporter. NAICS 331318. Pre-qualified high-energy solar candidate."
"Reynolds Metals St Lawrence Reduction Pl","Massena","NY","epa_ghgrp","epa-1002485","333","Heavy Manufacturing","80","high","corporate","direct_purchase","industrial_shift","1140","1717661","360709","2.4","5625393","","Heavy manufacturing — 2022 EPA GHG Reporter. NAICS 331312. Pre-qualified high-energy solar candidate."
"Novelis Corporation","Oswego","NY","epa_ghgrp","epa-1002583","333","Heavy Manufacturing","80","high","corporate","direct_purchase","industrial_shift","1140","1717661","360709","2.4","5625393","","Heavy manufacturing — 2022 EPA GHG Reporter. NAICS 331315. Pre-qualified high-energy solar candidate."
"Wyeth Pharmaceuticals","Rouses Point","NY","epa_ghgrp","epa-1003040","333","Heavy Manufacturing","80","high","corporate","direct_purchase","industrial_shift","1140","1717661","360709","2.4","5625393","","Chemical manufacturing — 2022 EPA GHG Reporter. NAICS 325412. Pre-qualified high-energy solar candidate."
"Ecobat Resources New York, Llc","Middletown","NY","epa_ghgrp","epa-1003590","333","Heavy Manufacturing","80","high","corporate","direct_purchase","industrial_shift","1140","1717661","360709","2.4","5625393","","Heavy manufacturing — 2022 EPA GHG Reporter. NAICS 331492. Pre-qualified high-energy solar candidate."
"Globe Metallurgical Inc","Niagara Falls","NY","epa_ghgrp","epa-1003775","333","Heavy Manufacturing","80","high","corporate","direct_purchase","industrial_shift","1140","1717661","360709","2.4","5625393","","Heavy manufacturing — 2022 EPA GHG Reporter. NAICS 331110. Pre-qualified high-energy solar candidate."
"Si Group Inc /Rott Jct Fac","Rotterdam Junction","NY","epa_ghgrp","epa-1003966","333","Heavy Manufacturing","80","high","corporate","direct_purchase","industrial_shift","1140","1717661","360709","2.4","5625393","","Chemical manufacturing — 2022 EPA GHG Reporter. NAICS 325211. Pre-qualified high-energy solar candidate."
"Nyofco Sludge Pelletization Facility","Bronx","NY","epa_ghgrp","epa-1004092","333","Heavy Manufacturing","80","high","corporate","direct_purchase","industrial_shift","1140","1717661","360709","2.4","5625393","","Chemical manufacturing — 2022 EPA GHG Reporter. NAICS 325311. Pre-qualified high-energy solar candidate."
"Shpp Us Llc","Selkirk","NY","epa_ghgrp","epa-1004263","333","Heavy Manufacturing","80","high","corporate","direct_purchase","industrial_shift","1140","1717661","360709","2.4","5625393","","Chemical manufacturing — 2022 EPA GHG Reporter. NAICS 325211. Pre-qualified high-energy solar candidate."
"Onsemi East Fishkill Facility","Hopewell Junction","NY","epa_ghgrp","epa-1004300","333","Heavy Manufacturing","80","high","corporate","direct_purchase","industrial_shift","1140","1717661","360709","2.4","5625393","","Heavy manufacturing — 2022 EPA GHG Reporter. NAICS 334413. Pre-qualified high-energy solar candidate."
"Attis Ethanol Fulton, Llc","Fulton","NY","epa_ghgrp","epa-1004818","333","Heavy Manufacturing","80","high","corporate","direct_purchase","industrial_shift","1140","1717661","360709","2.4","5625393","","Chemical manufacturing — 2022 EPA GHG Reporter. NAICS 325193. Pre-qualified high-energy solar candidate."
"New Process Gear, Inc.","East Syracuse","NY","epa_ghgrp","epa-1004988","333","Heavy Manufacturing","80","high","corporate","direct_purchase","industrial_shift","1140","1717661","360709","2.4","5625393","","Heavy manufacturing — 2022 EPA GHG Reporter. NAICS 336350. Pre-qualified high-energy solar candidate."
"Western New York Energy Llc","Medina","NY","epa_ghgrp","epa-1005217","333","Heavy Manufacturing","80","high","corporate","direct_purchase","industrial_shift","1140","1717661","360709","2.4","5625393","","Chemical manufacturing — 2022 EPA GHG Reporter. NAICS 325193. Pre-qualified high-energy solar candidate."
"Cargill Incorporated, Watkins Glen Plant","Watkins Glen","NY","epa_ghgrp","epa-1005513","333","Heavy Manufacturing","80","high","corporate","direct_purchase","industrial_shift","1140","1717661","360709","2.4","5625393","","Food manufacturing — 2022 EPA GHG Reporter. NAICS 311942. Pre-qualified high-energy solar candidate."
"U S Salt - Watkins Glen Refinery","Watkins Glen","NY","epa_ghgrp","epa-1005849","333","Heavy Manufacturing","80","high","corporate","direct_purchase","industrial_shift","1140","1717661","360709","2.4","5625393","","Food manufacturing — 2022 EPA GHG Reporter. NAICS 311942. Pre-qualified high-energy solar candidate."
"Nucor Steel Auburn Inc","Auburn","NY","epa_ghgrp","epa-1006341","333","Heavy Manufacturing","80","high","corporate","direct_purchase","industrial_shift","1140","1717661","360709","2.4","5625393","","Heavy manufacturing — 2022 EPA GHG Reporter. NAICS 331110. Pre-qualified high-energy solar candidate."
"Keymark Corp Plant","Fonda","NY","epa_ghgrp","epa-1007806","333","Heavy Manufacturing","80","high","corporate","direct_purchase","industrial_shift","1140","1717661","360709","2.4","5625393","","Heavy manufacturing — 2022 EPA GHG Reporter. NAICS 331318. Pre-qualified high-energy solar candidate."
"Olin Chlor Alkali Products","Niagara Falls","NY","epa_ghgrp","epa-1009832","333","Heavy Manufacturing","80","high","corporate","direct_purchase","industrial_shift","1140","1717661","360709","2.4","5625393","","Chemical manufacturing — 2022 EPA GHG Reporter. NAICS 325180. Pre-qualified high-energy solar candidate."
"Globalfoundries U.S. Inc. Fab 8","Malta","NY","epa_ghgrp","epa-1010586","333","Heavy Manufacturing","80","high","corporate","direct_purchase","industrial_shift","1140","1717661","360709","2.4","5625393","","Heavy manufacturing — 2022 EPA GHG Reporter. NAICS 334413. Pre-qualified high-energy solar candidate."
"Ge Power And Water","Schenectady","NY","epa_ghgrp","epa-1010642","333","Heavy Manufacturing","80","high","corporate","direct_purchase","industrial_shift","1140","1717661","360709","2.4","5625393","","Heavy manufacturing — 2022 EPA GHG Reporter. NAICS 333611. Pre-qualified high-energy solar candidate."
"Revere Copper Products, Inc.","Rome","NY","epa_ghgrp","epa-1011259","333","Heavy Manufacturing","80","high","corporate","direct_purchase","industrial_shift","1140","1717661","360709","2.4","5625393","","Heavy manufacturing — 2022 EPA GHG Reporter. NAICS 331420. Pre-qualified high-energy solar candidate."
"Special Metals Corporation","Dunkirk","NY","epa_ghgrp","epa-1011742","333","Heavy Manufacturing","80","high","corporate","direct_purchase","industrial_shift","1140","1717661","360709","2.4","5625393","","Heavy manufacturing — 2022 EPA GHG Reporter. NAICS 332111. Pre-qualified high-energy solar candidate."
"Linde Inc","Niagara Falls","NY","epa_ghgrp","epa-1011900","333","Heavy Manufacturing","80","high","corporate","direct_purchase","industrial_shift","1140","1717661","360709","2.4","5625393","","Chemical manufacturing — 2022 EPA GHG Reporter. NAICS 325120. Pre-qualified high-energy solar candidate."
"Alcoa Usa Corp.","Massena","NY","epa_ghgrp","epa-1012517","333","Heavy Manufacturing","80","high","corporate","direct_purchase","industrial_shift","1140","1717661","360709","2.4","5625393","","Heavy manufacturing — 2022 EPA GHG Reporter. NAICS 331313. Pre-qualified high-energy solar candidate."
"Aurubis Buffalo Inc.","Buffalo","NY","epa_ghgrp","epa-1013293","333","Heavy Manufacturing","80","high","corporate","direct_purchase","industrial_shift","1140","1717661","360709","2.4","5625393","","Heavy manufacturing — 2022 EPA GHG Reporter. NAICS 331420. Pre-qualified high-energy solar candidate."
"O-At-Ka Milk Products Cooperative, Inc.","Batavia","NY","epa_ghgrp","epa-1013651","333","Heavy Manufacturing","80","high","corporate","direct_purchase","industrial_shift","1140","1717661","360709","2.4","5625393","","Food manufacturing — 2022 EPA GHG Reporter. NAICS 311512. Pre-qualified high-energy solar candidate."
"Islechem By Aceto","Grand Island","NY","epa_ghgrp","epa-1014157","333","Heavy Manufacturing","80","high","corporate","direct_purchase","industrial_shift","1140","1717661","360709","2.4","5625393","","Chemical manufacturing — 2022 EPA GHG Reporter. NAICS 325998. Pre-qualified high-energy solar candidate."
"Jvm Aluminium Storefronts","Brooklyn","NY","osm_industrial","osm-249604228","333","Heavy Manufacturing","80","high","corporate","direct_purchase","industrial_shift","1140","1717661","360709","2.4","5625393","","Manufacture building. Roof-suitable for rooftop PV. Verify ownership + contact before outreach."
"Precision Metal Fabrications","Brooklyn","NY","osm_industrial","osm-249605250","333","Heavy Manufacturing","80","high","corporate","direct_purchase","industrial_shift","1140","1717661","360709","2.4","5625393","","Manufacture building. Roof-suitable for rooftop PV. Verify ownership + contact before outreach."
"Mount Sinai Hospital","New York City","NY","epa_ghgrp","epa-1006489","6221","Healthcare","78","high","mixed","cash_or_ppa","flat_24_7","2000","3013440","632822","2.4","9869096","","Hospital — 2022 EPA GHG Reporter. NAICS 622110. Pre-qualified high-energy solar candidate."
"Montefiore Medical Center-111 East 210th Street","Bronx","NY","epa_ghgrp","epa-1009558","6221","Healthcare","78","high","mixed","cash_or_ppa","flat_24_7","2000","3013440","632822","2.4","9869096","","Hospital — 2022 EPA GHG Reporter. NAICS 622110. Pre-qualified high-energy solar candidate."
"New York Presbyterian Hospital","New York","NY","epa_ghgrp","epa-1009604","6221","Healthcare","78","high","mixed","cash_or_ppa","flat_24_7","2000","3013440","632822","2.4","9869096","","Hospital — 2022 EPA GHG Reporter. NAICS 622110. Pre-qualified high-energy solar candidate."
"New York Presbyterian Hospital- 525 E 68th St","New York","NY","epa_ghgrp","epa-1009696","6221","Healthcare","78","high","mixed","cash_or_ppa","flat_24_7","2000","3013440","632822","2.4","9869096","","Hospital — 2022 EPA GHG Reporter. NAICS 622110. Pre-qualified high-energy solar candidate."
"Woodhull Medical And Mental Health Center","Brooklyn","NY","epa_ghgrp","epa-1009716","6221","Healthcare","78","high","mixed","cash_or_ppa","flat_24_7","2000","3013440","632822","2.4","9869096","","Hospital — 2022 EPA GHG Reporter. NAICS 622110. Pre-qualified high-energy solar candidate."
"Albert Einstein College Of Medicine, Inc.","Bronx","NY","epa_ghgrp","epa-1009825","6221","Healthcare","78","high","mixed","cash_or_ppa","flat_24_7","2000","3013440","632822","2.4","9869096","","Hospital — 2022 EPA GHG Reporter. NAICS 622110. Pre-qualified high-energy solar candidate."
"St. Barnabas Hospital","Bronx","NY","epa_ghgrp","epa-1010669","6221","Healthcare","78","high","mixed","cash_or_ppa","flat_24_7","2000","3013440","632822","2.4","9869096","","Hospital — 2022 EPA GHG Reporter. NAICS 622110. Pre-qualified high-energy solar candidate."
"Jacobi Medical Center","Bronx","NY","epa_ghgrp","epa-1011714","6221","Healthcare","78","high","mixed","cash_or_ppa","flat_24_7","2000","3013440","632822","2.4","9869096","","Hospital — 2022 EPA GHG Reporter. NAICS 622110. Pre-qualified high-energy solar candidate."
"Long Island Jewish Medical Center","New Hyde Park","NY","epa_ghgrp","epa-1012086","6221","Healthcare","78","high","mixed","cash_or_ppa","flat_24_7","2000","3013440","632822","2.4","9869096","","Hospital — 2022 EPA GHG Reporter. NAICS 622110. Pre-qualified high-energy solar candidate."
"Nyc-Hh - Kings County Hospital Center","Brooklyn","NY","epa_ghgrp","epa-1012849","6221","Healthcare","78","high","mixed","cash_or_ppa","flat_24_7","2000","3013440","632822","2.4","9869096","","Hospital — 2022 EPA GHG Reporter. NAICS 622110. Pre-qualified high-energy solar candidate."
"State University Of New York Suny Downstate Medical Center","Brooklyn","NY","epa_ghgrp","epa-1013740","6221","Healthcare","78","high","mixed","cash_or_ppa","flat_24_7","2000","3013440","632822","2.4","9869096","","Hospital — 2022 EPA GHG Reporter. NAICS 622110. Pre-qualified high-energy solar candidate."
"St. Lawrence Gas Co., Inc.","Massena","NY","epa_ghgrp","epa-1000008","","","","","","","","600","904032","189847","2.7","2898156","","Power generation — 2022 EPA GHG Reporter. NAICS 221210. Pre-qualified high-energy solar candidate."
"Central Hudson Gas And Electric Corporation","Poughkeepsie","NY","epa_ghgrp","epa-1000011","","","","","","","","600","904032","189847","2.7","2898156","","Power generation — 2022 EPA GHG Reporter. NAICS 221122. Pre-qualified high-energy solar candidate."
"Athens Generating Company","Athens","NY","epa_ghgrp","epa-1000101","","","","","","","","600","904032","189847","2.7","2898156","","Power generation — 2022 EPA GHG Reporter. NAICS 221112. Pre-qualified high-energy solar candidate."
"North 1st","Brooklyn","NY","epa_ghgrp","epa-1000108","","","","","","","","600","904032","189847","2.7","2898156","","Power generation — 2022 EPA GHG Reporter. NAICS 221112. Pre-qualified high-energy solar candidate."
"Vernon Boulevard","Long Island City","NY","epa_ghgrp","epa-1000111","","","","","","","","600","904032","189847","2.7","2898156","","Power generation — 2022 EPA GHG Reporter. NAICS 221112. Pre-qualified high-energy solar candidate."
"23rd And 3rd","Brooklyn","NY","epa_ghgrp","epa-1000112","","","","","","","","600","904032","189847","2.7","2898156","","Power generation — 2022 EPA GHG Reporter. NAICS 221112. Pre-qualified high-energy solar candidate."
"Pouch Terminal","Staten Island","NY","epa_ghgrp","epa-1000113","","","","","","","","600","904032","189847","2.7","2898156","","Power generation — 2022 EPA GHG Reporter. NAICS 221112. Pre-qualified high-energy solar candidate."
"Brentwood","Brentwood","NY","epa_ghgrp","epa-1000114","","","","","","","","600","904032","189847","2.7","2898156","","Power generation — 2022 EPA GHG Reporter. NAICS 221112. Pre-qualified high-energy solar candidate."
"Harlem River Yard","Bronx","NY","epa_ghgrp","epa-1000116","","","","","","","","600","904032","189847","2.7","2898156","","Power generation — 2022 EPA GHG Reporter. NAICS 221112. Pre-qualified high-energy solar candidate."
"Bayswater Peaking Facility","Far Rockaway","NY","epa_ghgrp","epa-1000131","","","","","","","","600","904032","189847","2.7","2898156","","Power generation — 2022 EPA GHG Reporter. NAICS 221112. Pre-qualified high-energy solar candidate."
"Astoria Gas Turbine Power","Astoria","NY","epa_ghgrp","epa-1000132","","","","","","","","600","904032","189847","2.7","2898156","","Power generation — 2022 EPA GHG Reporter. NAICS 221112. Pre-qualified high-energy solar candidate."
"Binghamton Cogen Plant","Binghamton","NY","epa_ghgrp","epa-1000266","","","","","","","","600","904032","189847","2.7","2898156","","Power generation — 2022 EPA GHG Reporter. NAICS 221112. Pre-qualified high-energy solar candidate."
"Edgewood Energy","Brentwood","NY","epa_ghgrp","epa-1000267","","","","","","","","600","904032","189847","2.7","2898156","","Power generation — 2022 EPA GHG Reporter. NAICS 221112. Pre-qualified high-energy solar candidate."
"Shoreham Energy","Shoreham","NY","epa_ghgrp","epa-1000268","","","","","","","","600","904032","189847","2.7","2898156","","Power generation — 2022 EPA GHG Reporter. NAICS 221112. Pre-qualified high-energy solar candidate."
"Freeport Power Plant No. 2","Freeport","NY","epa_ghgrp","epa-1000288","","","","","","","","600","904032","189847","2.7","2898156","","Power generation — 2022 EPA GHG Reporter. NAICS 221112. Pre-qualified high-energy solar candidate."
"Heidelberg Materials Us Cement Llc","Glens Falls","NY","epa_ghgrp","epa-1000290","","","","","","","","600","904032","189847","2.7","2898156","","Cement / glass — 2022 EPA GHG Reporter. NAICS 327310. Pre-qualified high-energy solar candidate."
"Holcim Us Inc","Catskill","NY","epa_ghgrp","epa-1000307","","","","","","","","600","904032","189847","2.7","2898156","","Cement / glass — 2022 EPA GHG Reporter. NAICS 327310. Pre-qualified high-energy solar candidate."
"Hawkeye Energy Greenport, Llc","Greenport","NY","epa_ghgrp","epa-1000322","","","","","","","","600","904032","189847","2.7","2898156","","Power generation — 2022 EPA GHG Reporter. NAICS 221112. Pre-qualified high-energy solar candidate."
"Equus Power I","Freeport","NY","epa_ghgrp","epa-1000420","","","","","","","","600","904032","189847","2.7","2898156","","Power generation — 2022 EPA GHG Reporter. NAICS 221112. Pre-qualified high-energy solar candidate."
"Independence","Oswego","NY","epa_ghgrp","epa-1000432","","","","","","","","600","904032","189847","2.7","2898156","","Power generation — 2022 EPA GHG Reporter. NAICS 221112. Pre-qualified high-energy solar candidate."
"Caithness Long Island Energy Center","Yaphank","NY","epa_ghgrp","epa-1000450","","","","","","","","600","904032","189847","2.7","2898156","","Power generation — 2022 EPA GHG Reporter. NAICS 221112. Pre-qualified high-energy solar candidate."
"Pinelawn Power","West Babylon","NY","epa_ghgrp","epa-1000456","","","","","","","","600","904032","189847","2.7","2898156","","Power generation — 2022 EPA GHG Reporter. NAICS 221112. Pre-qualified high-energy solar candidate."
"Riverbay Corp. - Co-Op City","Bronx","NY","epa_ghgrp","epa-1000461","","","","","","","","600","904032","189847","2.7","2898156","","Industrial facility — 2022 EPA GHG Reporter. NAICS 531110. Pre-qualified high-energy solar candidate."
"Poletti 500 Mw Cc","Astoria","NY","epa_ghgrp","epa-1000467","","","","","","","","600","904032","189847","2.7","2898156","","Power generation — 2022 EPA GHG Reporter. NAICS 221112. Pre-qualified high-energy solar candidate."
"Reenergy Black River Llc","Fort Drum","NY","epa_ghgrp","epa-1000482","","","","","","","","600","904032","189847","2.7","2898156","","Power generation — 2022 EPA GHG Reporter. NAICS 221117. Pre-qualified high-energy solar candidate."
"Ravenswood Steam Plant","Long Island City","NY","epa_ghgrp","epa-1000567","","","","","","","","600","904032","189847","2.7","2898156","","Power generation — 2022 EPA GHG Reporter. NAICS 221330. Pre-qualified high-energy solar candidate."
"Danskammer Generating Station","Newburgh","NY","epa_ghgrp","epa-1000758","","","","","","","","600","904032","189847","2.7","2898156","","Power generation — 2022 EPA GHG Reporter. NAICS 221112. Pre-qualified high-energy solar candidate."
"Arthur Kill","Staten Island","NY","epa_ghgrp","epa-1000759","","","","","","","","600","904032","189847","2.7","2898156","","Power generation — 2022 EPA GHG Reporter. NAICS 221112. Pre-qualified high-energy solar candidate."
"Charles Poletti","Astoria","NY","epa_ghgrp","epa-1000760","","","","","","","","600","904032","189847","2.7","2898156","","Power generation — 2022 EPA GHG Reporter. NAICS 221112. Pre-qualified high-energy solar candidate."
"East River","New York","NY","epa_ghgrp","epa-1000761","","","","","","","","600","904032","189847","2.7","2898156","","Power generation — 2022 EPA GHG Reporter. NAICS 221330. Pre-qualified high-energy solar candidate."
"Hudson Avenue","New York","NY","epa_ghgrp","epa-1000762","","","","","","","","600","904032","189847","2.7","2898156","","Power generation — 2022 EPA GHG Reporter. NAICS 221330. Pre-qualified high-energy solar candidate."
"Narrows Generating Station","Brooklyn","NY","epa_ghgrp","epa-1000763","","","","","","","","600","904032","189847","2.7","2898156","","Power generation — 2022 EPA GHG Reporter. NAICS 221112. Pre-qualified high-energy solar candidate."
"Ravenswood Generating Station","Long Island City","NY","epa_ghgrp","epa-1000764","","","","","","","","600","904032","189847","2.7","2898156","","Power generation — 2022 EPA GHG Reporter. NAICS 221112. Pre-qualified high-energy solar candidate."
"59th Street","New York","NY","epa_ghgrp","epa-1000766","","","","","","","","600","904032","189847","2.7","2898156","","Power generation — 2022 EPA GHG Reporter. NAICS 221330. Pre-qualified high-energy solar candidate."
"74th Street","New York","NY","epa_ghgrp","epa-1000767","","","","","","","","600","904032","189847","2.7","2898156","","Power generation — 2022 EPA GHG Reporter. NAICS 221330. Pre-qualified high-energy solar candidate."
"E F Barrett","Island Park","NY","epa_ghgrp","epa-1000768","","","","","","","","600","904032","189847","2.7","2898156","","Power generation — 2022 EPA GHG Reporter. NAICS 221112. Pre-qualified high-energy solar candidate."
"Far Rockaway","Far Rockaway","NY","epa_ghgrp","epa-1000770","","","","","","","","600","904032","189847","2.7","2898156","","Power generation — 2022 EPA GHG Reporter. NAICS 221112. Pre-qualified high-energy solar candidate."
"Northport","Northport","NY","epa_ghgrp","epa-1000771","","","","","","","","600","904032","189847","2.7","2898156","","Power generation — 2022 EPA GHG Reporter. NAICS 221112. Pre-qualified high-energy solar candidate."
"West Babylon Facility","West Babylon","NY","epa_ghgrp","epa-1000772","","","","","","","","600","904032","189847","2.7","2898156","","Power generation — 2022 EPA GHG Reporter. NAICS 221112. Pre-qualified high-energy solar candidate."
"Gmmm Westover (Goudey)","Johnson City","NY","epa_ghgrp","epa-1000773","","","","","","","","600","904032","189847","2.7","2898156","","Power generation — 2022 EPA GHG Reporter. NAICS 221112. Pre-qualified high-energy solar candidate."
"Greenidge Generation Llc","Dresden","NY","epa_ghgrp","epa-1000774","","","","","","","","600","904032","189847","2.7","2898156","","Power generation — 2022 EPA GHG Reporter. NAICS 221112. Pre-qualified high-energy solar candidate."
"Bethlehem Energy Center (Albany)","Glenmont","NY","epa_ghgrp","epa-1000777","","","","","","","","600","904032","189847","2.7","2898156","","Power generation — 2022 EPA GHG Reporter. NAICS 221112. Pre-qualified high-energy solar candidate."
"Huntley Power","Tonawanda","NY","epa_ghgrp","epa-1000778","","","","","","","","600","904032","189847","2.7","2898156","","Power generation — 2022 EPA GHG Reporter. NAICS 221112. Pre-qualified high-energy solar candidate."
"Nrg Dunkirk Power","Dunkirk","NY","epa_ghgrp","epa-1000779","","","","","","","","600","904032","189847","2.7","2898156","","Power generation — 2022 EPA GHG Reporter. NAICS 221112. Pre-qualified high-energy solar candidate."
"Bowline Generating Station Llc","West Haverstraw","NY","epa_ghgrp","epa-1000780","","","","","","","","600","904032","189847","2.7","2898156","","Power generation — 2022 EPA GHG Reporter. NAICS 221112. Pre-qualified high-energy solar candidate."
"Con Ed-East 60th Street Steam Plant","Manhattan","NY","epa_ghgrp","epa-1000781","","","","","","","","600","904032","189847","2.7","2898156","","Power generation — 2022 EPA GHG Reporter. NAICS 221330. Pre-qualified high-energy solar candidate."
"S A Carlson","Jamestown","NY","epa_ghgrp","epa-1000784","","","","","","","","600","904032","189847","2.7","2898156","","Power generation — 2022 EPA GHG Reporter. NAICS 221112. Pre-qualified high-energy solar candidate."
"Brooklyn Navy Yard Cogeneration Project","Brooklyn","NY","epa_ghgrp","epa-1000870","","","","","","","","600","904032","189847","2.7","2898156","","Power generation — 2022 EPA GHG Reporter. NAICS 221112. Pre-qualified high-energy solar candidate."
"Somerset Operating Compnay, Llc","Barker","NY","epa_ghgrp","epa-1001022","","","","","","","","600","904032","189847","2.7","2898156","","Power generation — 2022 EPA GHG Reporter. NAICS 221112. Pre-qualified high-energy solar candidate."
"Wading River Facility","Wading River","NY","epa_ghgrp","epa-1001080","","","","","","","","600","904032","189847","2.7","2898156","","Power generation — 2022 EPA GHG Reporter. NAICS 221112. Pre-qualified high-energy solar candidate."
"Richard M Flynn (Holtsville)","Holtsville","NY","epa_ghgrp","epa-1001113","","","","","","","","600","904032","189847","2.7","2898156","","Power generation — 2022 EPA GHG Reporter. NAICS 221112. Pre-qualified high-energy solar candidate."
"Glenwood Landing Energy Center","Glenwood Landing","NY","epa_ghgrp","epa-1001170","","","","","","","","600","904032","189847","2.7","2898156","","Power generation — 2022 EPA GHG Reporter. NAICS 221112. Pre-qualified high-energy solar candidate."
"Roseton Generating Facility","Newburgh","NY","epa_ghgrp","epa-1001182","","","","","","","","600","904032","189847","2.7","2898156","","Power generation — 2022 EPA GHG Reporter. NAICS 221112. Pre-qualified high-energy solar candidate."
"Holtsville Facility","Holtsville","NY","epa_ghgrp","epa-1001183","","","","","","","","600","904032","189847","2.7","2898156","","Power generation — 2022 EPA GHG Reporter. NAICS 221112. Pre-qualified high-energy solar candidate."
"Castleton Power, Llc","Castleton On Hudson","NY","epa_ghgrp","epa-1001206","","","","","","","","600","904032","189847","2.7","2898156","","Power generation — 2022 EPA GHG Reporter. NAICS 221112. Pre-qualified high-energy solar candidate."
"Beaver Falls, Llc","Beaver Falls","NY","epa_ghgrp","epa-1001216","","","","","","","","600","904032","189847","2.7","2898156","","Power generation — 2022 EPA GHG Reporter. NAICS 221112. Pre-qualified high-energy solar candidate."
"Allegany Generating Station","Portageville","NY","epa_ghgrp","epa-1001217","","","","","","","","600","904032","189847","2.7","2898156","","Power generation — 2022 EPA GHG Reporter. NAICS 221112. Pre-qualified high-energy solar candidate."
"Carthage Energy","Carthage","NY","epa_ghgrp","epa-1001218","","","","","","","","600","904032","189847","2.7","2898156","","Power generation — 2022 EPA GHG Reporter. NAICS 221112. Pre-qualified high-energy solar candidate."
"Syracuse, Llc","Solvay","NY","epa_ghgrp","epa-1001219","","","","","","","","600","904032","189847","2.7","2898156","","Power generation — 2022 EPA GHG Reporter. NAICS 221112. Pre-qualified high-energy solar candidate."
"Selkirk Cogen Partners","Selkirk","NY","epa_ghgrp","epa-1001225","","","","","","","","600","904032","189847","2.7","2898156","","Power generation — 2022 EPA GHG Reporter. NAICS 221112. Pre-qualified high-energy solar candidate."
"Niagara Generation, Llc","Niagara Falls","NY","epa_ghgrp","epa-1001235","","","","","","","","600","904032","189847","2.7","2898156","","Power generation — 2022 EPA GHG Reporter. NAICS 221112. Pre-qualified high-energy solar candidate."
"Bethpage Energy Center","Hicksville","NY","epa_ghgrp","epa-1001238","","","","","","","","600","904032","189847","2.7","2898156","","Power generation — 2022 EPA GHG Reporter. NAICS 221112. Pre-qualified high-energy solar candidate."
"Indeck-Silver Springs Energy Center","Silver Springs","NY","epa_ghgrp","epa-1001240","","","","","","","","600","904032","189847","2.7","2898156","","Power generation — 2022 EPA GHG Reporter. NAICS 221112. Pre-qualified high-energy solar candidate."
"Indeck-Oswego Energy Center","Oswego","NY","epa_ghgrp","epa-1001241","","","","","","","","600","904032","189847","2.7","2898156","","Power generation — 2022 EPA GHG Reporter. NAICS 221112. Pre-qualified high-energy solar candidate."
"Indeck-Yerkes Energy Center","Tonawanda","NY","epa_ghgrp","epa-1001242","","","","","","","","600","904032","189847","2.7","2898156","","Power generation — 2022 EPA GHG Reporter. NAICS 221112. Pre-qualified high-energy solar candidate."
"Indeck-Corinth Energy Center","Corinth","NY","epa_ghgrp","epa-1001243","","","","","","","","600","904032","189847","2.7","2898156","","Power generation — 2022 EPA GHG Reporter. NAICS 221112. Pre-qualified high-energy solar candidate."
"Reworld Niagara I, Llc","Niagara Falls","NY","epa_ghgrp","epa-1001245","","","","","","","","600","904032","189847","2.7","2898156","","Industrial facility — 2022 EPA GHG Reporter. NAICS 562213. Pre-qualified high-energy solar candidate."
"Carr Street Generating Station","East Syracuse","NY","epa_ghgrp","epa-1001257","","","","","","","","600","904032","189847","2.7","2898156","","Power generation — 2022 EPA GHG Reporter. NAICS 221112. Pre-qualified high-energy solar candidate."
"Nassau Energy Llc","Garden City","NY","epa_ghgrp","epa-1001260","","","","","","","","600","904032","189847","2.7","2898156","","Power generation — 2022 EPA GHG Reporter. NAICS 221112. Pre-qualified high-energy solar candidate."
"Rensselaer Cogen","Rensselaer","NY","epa_ghgrp","epa-1001264","","","","","","","","600","904032","189847","2.7","2898156","","Power generation — 2022 EPA GHG Reporter. NAICS 221112. Pre-qualified high-energy solar candidate."
"Lockport","Lockport","NY","epa_ghgrp","epa-1001265","","","","","","","","600","904032","189847","2.7","2898156","","Power generation — 2022 EPA GHG Reporter. NAICS 221112. Pre-qualified high-energy solar candidate."
"Kiac Cogeneration","Jamaica","NY","epa_ghgrp","epa-1001268","","","","","","","","600","904032","189847","2.7","2898156","","Power generation — 2022 EPA GHG Reporter. NAICS 221112. Pre-qualified high-energy solar candidate."
"Fortistar North Tonawanda Inc","North Tonawanda","NY","epa_ghgrp","epa-1001269","","","","","","","","600","904032","189847","2.7","2898156","","Power generation — 2022 EPA GHG Reporter. NAICS 221112. Pre-qualified high-energy solar candidate."
"Nissequogue Cogen","Stony Brook","NY","epa_ghgrp","epa-1001270","","","","","","","","600","904032","189847","2.7","2898156","","Power generation — 2022 EPA GHG Reporter. NAICS 221112. Pre-qualified high-energy solar candidate."
"Saranac Power Partners, Lp","Plattsburgh","NY","epa_ghgrp","epa-1001278","","","","","","","","600","904032","189847","2.7","2898156","","Power generation — 2022 EPA GHG Reporter. NAICS 221112. Pre-qualified high-energy solar candidate."
"Massena Energy Facility","Massena","NY","epa_ghgrp","epa-1001280","","","","","","","","600","904032","189847","2.7","2898156","","Power generation — 2022 EPA GHG Reporter. NAICS 221112. Pre-qualified high-energy solar candidate."
"Edgemere Landfill","Far Rockaway","NY","epa_ghgrp","epa-1001581","","","","","","","","600","904032","189847","2.7","2898156","","Industrial facility — 2022 EPA GHG Reporter. NAICS 562212. Pre-qualified high-energy solar candidate."
"Tgp Station 241 Lafayette","Lafayette","NY","epa_ghgrp","epa-1001652","","","","","","","","600","904032","189847","2.7","2898156","","Industrial facility — 2022 EPA GHG Reporter. NAICS 486210. Pre-qualified high-energy solar candidate."
"Tgp Station 229 Hamburg","Eden","NY","epa_ghgrp","epa-1001653","","","","","","","","600","904032","189847","2.7","2898156","","Industrial facility — 2022 EPA GHG Reporter. NAICS 486210. Pre-qualified high-energy solar candidate."
"Tgp Station 249 Carlisle","Carlisle","NY","epa_ghgrp","epa-1001661","","","","","","","","600","904032","189847","2.7","2898156","","Industrial facility — 2022 EPA GHG Reporter. NAICS 486210. Pre-qualified high-energy solar candidate."
"Owens-Brockway Glass Container Inc Plant #35","Auburn","NY","epa_ghgrp","epa-1001987","","","","","","","","600","904032","189847","2.7","2898156","","Cement / glass — 2022 EPA GHG Reporter. NAICS 327213. Pre-qualified high-energy solar candidate."
"Blydenbugh Road Landfill","Hauppauge","NY","epa_ghgrp","epa-1002125","","","","","","","","600","904032","189847","2.7","2898156","","Industrial facility — 2022 EPA GHG Reporter. NAICS 562212. Pre-qualified high-energy solar candidate."
"Owens Corning Insulating Systems, Llc - Delmar","Feura Bush","NY","epa_ghgrp","epa-1002129","","","","","","","","600","904032","189847","2.7","2898156","","Cement / glass — 2022 EPA GHG Reporter. NAICS 327993. Pre-qualified high-energy solar candidate."
"Guardian Industries Llc","Geneva","NY","epa_ghgrp","epa-1002160","","","","","","","","600","904032","189847","2.7","2898156","","Cement / glass — 2022 EPA GHG Reporter. NAICS 327211. Pre-qualified high-energy solar candidate."
"University Of Rochester","Rochester","NY","epa_ghgrp","epa-1002163","","","","","","","","600","904032","189847","2.7","2898156","","Industrial facility — 2022 EPA GHG Reporter. NAICS 611310. Pre-qualified high-energy solar candidate."
"Huron Real Estate Associates","Endicott","NY","epa_ghgrp","epa-1002165","","","","","","","","600","904032","189847","2.7","2898156","","Industrial facility — 2022 EPA GHG Reporter. NAICS 531120. Pre-qualified high-energy solar candidate."
"Anchor Glass Container - Plant 41","Elmira Heights","NY","epa_ghgrp","epa-1002181","","","","","","","","600","904032","189847","2.7","2898156","","Cement / glass — 2022 EPA GHG Reporter. NAICS 327213. Pre-qualified high-energy solar candidate."
"Certainteed Gypsum Buchanan, Llc.","Buchanan","NY","epa_ghgrp","epa-1002186","","","","","","","","600","904032","189847","2.7","2898156","","Cement / glass — 2022 EPA GHG Reporter. NAICS 327420. Pre-qualified high-energy solar candidate."
"Islip Mcarthur Resource Recovery Facil","Ronkonkoma","NY","epa_ghgrp","epa-1002277","","","","","","","","600","904032","189847","2.7","2898156","","Industrial facility — 2022 EPA GHG Reporter. NAICS 562213. Pre-qualified high-energy solar candidate."
"U S Gypsum - Oakfield Plant","Oakfield","NY","epa_ghgrp","epa-1002309","","","","","","","","600","904032","189847","2.7","2898156","","Pulp & paper — 2022 EPA GHG Reporter. NAICS 322120. Pre-qualified high-energy solar candidate."
"Reworld Hempstead","Westbury","NY","epa_ghgrp","epa-1002398","","","","","","","","600","904032","189847","2.7","2898156","","Industrial facility — 2022 EPA GHG Reporter. NAICS 562213. Pre-qualified high-energy solar candidate."
"Columbia University-410 W 118th St","New York","NY","epa_ghgrp","epa-1002399","","","","","","","","600","904032","189847","2.7","2898156","","Industrial facility — 2022 EPA GHG Reporter. NAICS 611310. Pre-qualified high-energy solar candidate."
"Reworld Huntington","East Northport","NY","epa_ghgrp","epa-1002400","","","","","","","","600","904032","189847","2.7","2898156","","Industrial facility — 2022 EPA GHG Reporter. NAICS 562213. Pre-qualified high-energy solar candidate."
"Broome Co Nanticoke Landfill","Binghamton","NY","epa_ghgrp","epa-1002436","","","","","","","","600","904032","189847","2.7","2898156","","Industrial facility — 2022 EPA GHG Reporter. NAICS 562212. Pre-qualified high-energy solar candidate."
"Corning Diesel Manufacturing Facility","Painted Post","NY","epa_ghgrp","epa-1002462","","","","","","","","600","904032","189847","2.7","2898156","","Cement / glass — 2022 EPA GHG Reporter. NAICS 327999. Pre-qualified high-energy solar candidate."
"Erwin Manufacturing Complex","Painted Post","NY","epa_ghgrp","epa-1002463","","","","","","","","600","904032","189847","2.7","2898156","","Cement / glass — 2022 EPA GHG Reporter. NAICS 327999. Pre-qualified high-energy solar candidate."
"The Brooklyn Union Gas Company","Brooklyn","NY","epa_ghgrp","epa-1002482","","","","","","","","600","904032","189847","2.7","2898156","","Power generation — 2022 EPA GHG Reporter. NAICS 221210. Pre-qualified high-energy solar candidate."
"Anheuser Busch Baldwinsville Brewery","Baldwinsville","NY","epa_ghgrp","epa-1002576","","","","","","","","600","904032","189847","2.7","2898156","","Industrial facility — 2022 EPA GHG Reporter. NAICS 312120. Pre-qualified high-energy solar candidate."
"Keyspan Gas East Corporation","Hicksville","NY","epa_ghgrp","epa-1002602","","","","","","","","600","904032","189847","2.7","2898156","","Power generation — 2022 EPA GHG Reporter. NAICS 221210. Pre-qualified high-energy solar candidate."
"Niagara Mohawk Power Corporation","Syracuse","NY","epa_ghgrp","epa-1002603","","","","","","","","600","904032","189847","2.7","2898156","","Power generation — 2022 EPA GHG Reporter. NAICS 221121. Pre-qualified high-energy solar candidate."
"Us Doe Brookhaven National Laboratory","Upton","NY","epa_ghgrp","epa-1002747","","","","","","","","600","904032","189847","2.7","2898156","","Industrial facility — 2022 EPA GHG Reporter. NAICS 541715. Pre-qualified high-energy solar candidate."
"Fresh Kills Landfill","Staten Island","NY","epa_ghgrp","epa-1002843","","","","","","","","600","904032","189847","2.7","2898156","","Industrial facility — 2022 EPA GHG Reporter. NAICS 562212. Pre-qualified high-energy solar candidate."
"Riga/Mill Seat Landfill","Bergen","NY","epa_ghgrp","epa-1002951","","","","","","","","600","904032","189847","2.7","2898156","","Industrial facility — 2022 EPA GHG Reporter. NAICS 562212. Pre-qualified high-energy solar candidate."
"New Bath Landfill","Bath","NY","epa_ghgrp","epa-1003028","","","","","","","","600","904032","189847","2.7","2898156","","Industrial facility — 2022 EPA GHG Reporter. NAICS 562212. Pre-qualified high-energy solar candidate."
"Madison County Landfill","Canastota","NY","epa_ghgrp","epa-1003029","","","","","","","","600","904032","189847","2.7","2898156","","Industrial facility — 2022 EPA GHG Reporter. NAICS 562212. Pre-qualified high-energy solar candidate."
"Franklin County Regional Landfill","Constable","NY","epa_ghgrp","epa-1003031","","","","","","","","600","904032","189847","2.7","2898156","","Industrial facility — 2022 EPA GHG Reporter. NAICS 562212. Pre-qualified high-energy solar candidate."
"Ava Landfill","Ava","NY","epa_ghgrp","epa-1003033","","","","","","","","600","904032","189847","2.7","2898156","","Industrial facility — 2022 EPA GHG Reporter. NAICS 562212. Pre-qualified high-energy solar candidate."
"Auburn Sanitary Landfill No 2","Auburn","NY","epa_ghgrp","epa-1003034","","","","","","","","600","904032","189847","2.7","2898156","","Industrial facility — 2022 EPA GHG Reporter. NAICS 562212. Pre-qualified high-energy solar candidate."
"Cortland County Interim Ii Landfill/West Side Ext","Mcgraw","NY","epa_ghgrp","epa-1003036","","","","","","","","600","904032","189847","2.7","2898156","","Industrial facility — 2022 EPA GHG Reporter. NAICS 562212. Pre-qualified high-energy solar candidate."
"National Fuel Gas Distribution Corporation","Williamsville","NY","epa_ghgrp","epa-1003066","","","","","","","","600","904032","189847","2.7","2898156","","Power generation — 2022 EPA GHG Reporter. NAICS 221210. Pre-qualified high-energy solar candidate."
"Dutchess Co Resource Recovery Facility","Poughkeepsie","NY","epa_ghgrp","epa-1003110","","","","","","","","600","904032","189847","2.7","2898156","","Industrial facility — 2022 EPA GHG Reporter. NAICS 562213. Pre-qualified high-energy solar candidate."
"Us Army Fort Drum","Fort Drum","NY","epa_ghgrp","epa-1003145","","","","","","","","600","904032","189847","2.7","2898156","","Industrial facility — 2022 EPA GHG Reporter. NAICS 928110. Pre-qualified high-energy solar candidate."
"Pearl River Campus","Pearl River","NY","epa_ghgrp","epa-1003151","","","","","","","","600","904032","189847","2.7","2898156","","Industrial facility — 2022 EPA GHG Reporter. NAICS 531120. Pre-qualified high-energy solar candidate."
"Brookfield Avenue Landfill","Staten Island","NY","epa_ghgrp","epa-1003163","","","","","","","","600","904032","189847","2.7","2898156","","Industrial facility — 2022 EPA GHG Reporter. NAICS 562212. Pre-qualified high-energy solar candidate."
"Sullivan County Landfill","Monticello","NY","epa_ghgrp","epa-1003231","","","","","","","","600","904032","189847","2.7","2898156","","Industrial facility — 2022 EPA GHG Reporter. NAICS 562212. Pre-qualified high-energy solar candidate."
"Sumitomo Rubber Usa, Llc","Tonawanda","NY","epa_ghgrp","epa-1003427","","","","","","","","600","904032","189847","2.7","2898156","","Industrial facility — 2022 EPA GHG Reporter. NAICS 326211. Pre-qualified high-energy solar candidate."
"The Matt Brewery Company","Utica","NY","epa_ghgrp","epa-1003497","","","","","","","","600","904032","189847","2.7","2898156","","Industrial facility — 2022 EPA GHG Reporter. NAICS 312120. Pre-qualified high-energy solar candidate."
"Rochester Gas & Electric Corp","Rochester","NY","epa_ghgrp","epa-1003576","","","","","","","","600","904032","189847","2.7","2898156","","Power generation — 2022 EPA GHG Reporter. NAICS 221122. Pre-qualified high-energy solar candidate."
"New York State Electric And Gas","Binghamton","NY","epa_ghgrp","epa-1003642","","","","","","","","600","904032","189847","2.7","2898156","","Power generation — 2022 EPA GHG Reporter. NAICS 221210. Pre-qualified high-energy solar candidate."
"Modern Landfill, Inc","Model City","NY","epa_ghgrp","epa-1003732","","","","","","","","600","904032","189847","2.7","2898156","","Industrial facility — 2022 EPA GHG Reporter. NAICS 562212. Pre-qualified high-energy solar candidate."
"Nys Ogs Sheridan Steam Plant","Albany","NY","epa_ghgrp","epa-1003824","","","","","","","","600","904032","189847","2.7","2898156","","Industrial facility — 2022 EPA GHG Reporter. NAICS 921190. Pre-qualified high-energy solar candidate."
"Seneca Meadows Swmf","Waterloo","NY","epa_ghgrp","epa-1004042","","","","","","","","600","904032","189847","2.7","2898156","","Industrial facility — 2022 EPA GHG Reporter. NAICS 562212. Pre-qualified high-energy solar candidate."
"Danc Solid Waste Management Facility","Rodman","NY","epa_ghgrp","epa-1004057","","","","","","","","600","904032","189847","2.7","2898156","","Industrial facility — 2022 EPA GHG Reporter. NAICS 562212. Pre-qualified high-energy solar candidate."
"Sca Tissue","South Glens Falls","NY","epa_ghgrp","epa-1004113","","","","","","","","600","904032","189847","2.7","2898156","","Pulp & paper — 2022 EPA GHG Reporter. NAICS 322291. Pre-qualified high-energy solar candidate."
"Con Edison - Natural Gas Delivery System","New York","NY","epa_ghgrp","epa-1004115","","","","","","","","600","904032","189847","2.7","2898156","","Power generation — 2022 EPA GHG Reporter. NAICS 221210. Pre-qualified high-energy solar candidate."
"Town Of North Hempstead Port Washington Landfill","Port Washington","NY","epa_ghgrp","epa-1004173","","","","","","","","600","904032","189847","2.7","2898156","","Industrial facility — 2022 EPA GHG Reporter. NAICS 562212. Pre-qualified high-energy solar candidate."
"Wheelabrator Westchester Lp","Peekskill","NY","epa_ghgrp","epa-1004244","","","","","","","","600","904032","189847","2.7","2898156","","Industrial facility — 2022 EPA GHG Reporter. NAICS 562213. Pre-qualified high-energy solar candidate."
"Iroquois Gas Transmission System, L.P. - Wright Compressor Station","Delanson","NY","epa_ghgrp","epa-1004323","","","","","","","","600","904032","189847","2.7","2898156","","Industrial facility — 2022 EPA GHG Reporter. NAICS 486210. Pre-qualified high-energy solar candidate."
"Ge Global Research Center","Niskayuna","NY","epa_ghgrp","epa-1004412","","","","","","","","600","904032","189847","2.7","2898156","","Industrial facility — 2022 EPA GHG Reporter. NAICS 541715. Pre-qualified high-energy solar candidate."
"Bristol Hill Sanitary Landfill","Fulton","NY","epa_ghgrp","epa-1004494","","","","","","","","600","904032","189847","2.7","2898156","","Industrial facility — 2022 EPA GHG Reporter. NAICS 562212. Pre-qualified high-energy solar candidate."
"Astoria Energy Llc & Astoria Energy Ii Llc","Astoria","NY","epa_ghgrp","epa-1004576","","","","","","","","600","904032","189847","2.7","2898156","","Power generation — 2022 EPA GHG Reporter. NAICS 221112. Pre-qualified high-energy solar candidate."
"Former Town Of Babylon Landfill","West Babylon","NY","epa_ghgrp","epa-1004587","","","","","","","","600","904032","189847","2.7","2898156","","Industrial facility — 2022 EPA GHG Reporter. NAICS 562212. Pre-qualified high-energy solar candidate."
"Pratt Paper (Ny), Inc.","Staten Island","NY","epa_ghgrp","epa-1004626","","","","","","","","600","904032","189847","2.7","2898156","","Pulp & paper — 2022 EPA GHG Reporter. NAICS 322130. Pre-qualified high-energy solar candidate."
"New York University Central Plant","New York","NY","epa_ghgrp","epa-1004629","","","","","","","","600","904032","189847","2.7","2898156","","Industrial facility — 2022 EPA GHG Reporter. NAICS 611310. Pre-qualified high-energy solar candidate."
"Town Of Smithtown Municipal Services Facility","Kings Park","NY","epa_ghgrp","epa-1004637","","","","","","","","600","904032","189847","2.7","2898156","","Industrial facility — 2022 EPA GHG Reporter. NAICS 562212. Pre-qualified high-energy solar candidate."
"Fountain Avenue Landfill","Brooklyn","NY","epa_ghgrp","epa-1004653","","","","","","","","600","904032","189847","2.7","2898156","","Industrial facility — 2022 EPA GHG Reporter. NAICS 562212. Pre-qualified high-energy solar candidate."
"Niagara Falls Landfill","Niagara Falls","NY","epa_ghgrp","epa-1004772","","","","","","","","600","904032","189847","2.7","2898156","","Industrial facility — 2022 EPA GHG Reporter. NAICS 562212. Pre-qualified high-energy solar candidate."
"Al Turi Landfill & Lfgte Facility","Goshen","NY","epa_ghgrp","epa-1004823","","","","","","","","600","904032","189847","2.7","2898156","","Industrial facility — 2022 EPA GHG Reporter. NAICS 562212. Pre-qualified high-energy solar candidate."
"Fulton County Dept Of Solid Waste","Johnstown","NY","epa_ghgrp","epa-1004894","","","","","","","","600","904032","189847","2.7","2898156","","Industrial facility — 2022 EPA GHG Reporter. NAICS 562212. Pre-qualified high-energy solar candidate."
"Wheelabrator Hudson Falls Llc","Hudson Falls","NY","epa_ghgrp","epa-1004968","","","","","","","","600","904032","189847","2.7","2898156","","Industrial facility — 2022 EPA GHG Reporter. NAICS 562213. Pre-qualified high-energy solar candidate."
"Warbasse Houses & Power Plant","Brooklyn","NY","epa_ghgrp","epa-1005111","","","","","","","","600","904032","189847","2.7","2898156","","Power generation — 2022 EPA GHG Reporter. NAICS 221112. Pre-qualified high-energy solar candidate."
"Colonie - Town Landfill","Cohoes","NY","epa_ghgrp","epa-1005155","","","","","","","","600","904032","189847","2.7","2898156","","Industrial facility — 2022 EPA GHG Reporter. NAICS 562212. Pre-qualified high-energy solar candidate."
"Commonwealth Plywood Inc","Whitehall","NY","epa_ghgrp","epa-1005208","","","","","","","","600","904032","189847","2.7","2898156","","Industrial facility — 2022 EPA GHG Reporter. NAICS 321211. Pre-qualified high-energy solar candidate."
"Potters Industries, Inc. - Potsdam, Ny","Potsdam","NY","epa_ghgrp","epa-1005233","","","","","","","","600","904032","189847","2.7","2898156","","Cement / glass — 2022 EPA GHG Reporter. NAICS 327215. Pre-qualified high-energy solar candidate."
"Ontario Co Landfill","Stanley","NY","epa_ghgrp","epa-1005257","","","","","","","","600","904032","189847","2.7","2898156","","Industrial facility — 2022 EPA GHG Reporter. NAICS 562212. Pre-qualified high-energy solar candidate."
"Hyland Landfill","Angelica","NY","epa_ghgrp","epa-1005258","","","","","","","","600","904032","189847","2.7","2898156","","Industrial facility — 2022 EPA GHG Reporter. NAICS 562212. Pre-qualified high-energy solar candidate."
"Clinton County Regional Landfill","Morrisonville","NY","epa_ghgrp","epa-1005259","","","","","","","","600","904032","189847","2.7","2898156","","Industrial facility — 2022 EPA GHG Reporter. NAICS 562212. Pre-qualified high-energy solar candidate."
"Lafarge Ravena Cement Plant","Ravena","NY","epa_ghgrp","epa-1005360","","","","","","","","600","904032","189847","2.7","2898156","","Cement / glass — 2022 EPA GHG Reporter. NAICS 327310. Pre-qualified high-energy solar candidate."
"Newton Falls Paper Company, Llc","Newton Falls","NY","epa_ghgrp","epa-1005456","","","","","","","","600","904032","189847","2.7","2898156","","Pulp & paper — 2022 EPA GHG Reporter. NAICS 322121. Pre-qualified high-energy solar candidate."
"Closed City Of Gloversville Landfill","Gloversville","NY","epa_ghgrp","epa-1005462","","","","","","","","600","904032","189847","2.7","2898156","","Industrial facility — 2022 EPA GHG Reporter. NAICS 562212. Pre-qualified high-energy solar candidate."
"Chautauqua County Landfill","Jamestown","NY","epa_ghgrp","epa-1005488","","","","","","","","600","904032","189847","2.7","2898156","","Industrial facility — 2022 EPA GHG Reporter. NAICS 562212. Pre-qualified high-energy solar candidate."
"Us Military Academy At West Point","West Point","NY","epa_ghgrp","epa-1005512","","","","","","","","600","904032","189847","2.7","2898156","","Industrial facility — 2022 EPA GHG Reporter. NAICS 611310. Pre-qualified high-energy solar candidate."
"Glenwood","Glenwood Landing","NY","epa_ghgrp","epa-1005774","","","","","","","","600","904032","189847","2.7","2898156","","Power generation — 2022 EPA GHG Reporter. NAICS 221112. Pre-qualified high-energy solar candidate."
"Port Jefferson Energy Center","Port Jefferson","NY","epa_ghgrp","epa-1005784","","","","","","","","600","904032","189847","2.7","2898156","","Power generation — 2022 EPA GHG Reporter. NAICS 221112. Pre-qualified high-energy solar candidate."
"Syracuse Energy Corporation","Syracuse","NY","epa_ghgrp","epa-1005863","","","","","","","","600","904032","189847","2.7","2898156","","Power generation — 2022 EPA GHG Reporter. NAICS 221112. Pre-qualified high-energy solar candidate."
"Covanta Babylon, Inc.","West Babylon","NY","epa_ghgrp","epa-1005870","","","","","","","","600","904032","189847","2.7","2898156","","Industrial facility — 2022 EPA GHG Reporter. NAICS 562213. Pre-qualified high-energy solar candidate."
"Hell Gate","Bronx","NY","epa_ghgrp","epa-1005913","","","","","","","","600","904032","189847","2.7","2898156","","Power generation — 2022 EPA GHG Reporter. NAICS 221112. Pre-qualified high-energy solar candidate."
"Rochdale Village","Jamaica","NY","epa_ghgrp","epa-1006011","","","","","","","","600","904032","189847","2.7","2898156","","Industrial facility — 2022 EPA GHG Reporter. NAICS 813990. Pre-qualified high-energy solar candidate."
"Chemung County Landfill","Elmira","NY","epa_ghgrp","epa-1006021","","","","","","","","600","904032","189847","2.7","2898156","","Industrial facility — 2022 EPA GHG Reporter. NAICS 562212. Pre-qualified high-energy solar candidate."
"Tgp Station 245 West Winfield","West Winfield","NY","epa_ghgrp","epa-1006042","","","","","","","","600","904032","189847","2.7","2898156","","Industrial facility — 2022 EPA GHG Reporter. NAICS 486210. Pre-qualified high-energy solar candidate."
"Con Edison - Electric Transmission & Distribution System","New York","NY","epa_ghgrp","epa-1006158","","","","","","","","600","904032","189847","2.7","2898156","","Industrial facility — 2022 EPA GHG Reporter. NAICS 237130. Pre-qualified high-energy solar candidate."
"Brookhaven Landfill & Recycling Area","Yaphank","NY","epa_ghgrp","epa-1006196","","","","","","","","600","904032","189847","2.7","2898156","","Industrial facility — 2022 EPA GHG Reporter. NAICS 562212. Pre-qualified high-energy solar candidate."
"Indeck-Olean Energy Center","Olean","NY","epa_ghgrp","epa-1006205","","","","","","","","600","904032","189847","2.7","2898156","","Power generation — 2022 EPA GHG Reporter. NAICS 221112. Pre-qualified high-energy solar candidate."
"Albany Landfill","Albany","NY","epa_ghgrp","epa-1006276","","","","","","","","600","904032","189847","2.7","2898156","","Industrial facility — 2022 EPA GHG Reporter. NAICS 562212. Pre-qualified high-energy solar candidate."
"Stony Point","Stony Point","NY","epa_ghgrp","epa-1006440","","","","","","","","600","904032","189847","2.7","2898156","","Industrial facility — 2022 EPA GHG Reporter. NAICS 486210. Pre-qualified high-energy solar candidate."
"Starrett City Power Plant","Brooklyn","NY","epa_ghgrp","epa-1006455","","","","","","","","600","904032","189847","2.7","2898156","","Industrial facility — 2022 EPA GHG Reporter. NAICS 531110. Pre-qualified high-energy solar candidate."
"Rochester District Heating Cooperative","Rochester","NY","epa_ghgrp","epa-1006493","","","","","","","","600","904032","189847","2.7","2898156","","Power generation — 2022 EPA GHG Reporter. NAICS 221330. Pre-qualified high-energy solar candidate."
"Poa Cogen Fac/Syracuse Univ Steam Sta","Syracuse","NY","epa_ghgrp","epa-1006498","","","","","","","","600","904032","189847","2.7","2898156","","Power generation — 2022 EPA GHG Reporter. NAICS 221122. Pre-qualified high-energy solar candidate."
"Finch Paper Llc","Glens Falls","NY","epa_ghgrp","epa-1006608","","","","","","","","600","904032","189847","2.7","2898156","","Pulp & paper — 2022 EPA GHG Reporter. NAICS 322120. Pre-qualified high-energy solar candidate."
"Northeast Solite Corporation","Saugerties","NY","epa_ghgrp","epa-1006653","","","","","","","","600","904032","189847","2.7","2898156","","Cement / glass — 2022 EPA GHG Reporter. NAICS 327999. Pre-qualified high-energy solar candidate."
"Southeast","Brewster","NY","epa_ghgrp","epa-1006757","","","","","","","","600","904032","189847","2.7","2898156","","Industrial facility — 2022 EPA GHG Reporter. NAICS 486210. Pre-qualified high-energy solar candidate."
"Onondaga Co Resource Recovery Facility","Jamesville","NY","epa_ghgrp","epa-1006772","","","","","","","","600","904032","189847","2.7","2898156","","Industrial facility — 2022 EPA GHG Reporter. NAICS 562213. Pre-qualified high-energy solar candidate."
"Tonawanda Coke Corp","Tonawanda","NY","epa_ghgrp","epa-1006875","","","","","","","","600","904032","189847","2.7","2898156","","Petroleum refining — 2022 EPA GHG Reporter. NAICS 324199. Pre-qualified high-energy solar candidate."
"Sylvamo Ticonderoga Mill","Ticonderoga","NY","epa_ghgrp","epa-1006885","","","","","","","","600","904032","189847","2.7","2898156","","Pulp & paper — 2022 EPA GHG Reporter. NAICS 322120. Pre-qualified high-energy solar candidate."
"Oswego Co Energy Recovery Fac","Fulton","NY","epa_ghgrp","epa-1006910","","","","","","","","600","904032","189847","2.7","2898156","","Industrial facility — 2022 EPA GHG Reporter. NAICS 562213. Pre-qualified high-energy solar candidate."
"Oswego Harbor Power","Oswego","NY","epa_ghgrp","epa-1006915","","","","","","","","600","904032","189847","2.7","2898156","","Power generation — 2022 EPA GHG Reporter. NAICS 221112. Pre-qualified high-energy solar candidate."
"Cayuga Operating Company, Llc","Lansing","NY","epa_ghgrp","epa-1006950","","","","","","","","600","904032","189847","2.7","2898156","","Power generation — 2022 EPA GHG Reporter. NAICS 221112. Pre-qualified high-energy solar candidate."
"Gowanus Generating Station","Brooklyn","NY","epa_ghgrp","epa-1007017","","","","","","","","600","904032","189847","2.7","2898156","","Power generation — 2022 EPA GHG Reporter. NAICS 221112. Pre-qualified high-energy solar candidate."
"Astoria Generating Station","Astoria","NY","epa_ghgrp","epa-1007053","","","","","","","","600","904032","189847","2.7","2898156","","Power generation — 2022 EPA GHG Reporter. NAICS 221112. Pre-qualified high-energy solar candidate."
"Orange & Rockland Utility","Pearl River","NY","epa_ghgrp","epa-1007071","","","","","","","","600","904032","189847","2.7","2898156","","Power generation — 2022 EPA GHG Reporter. NAICS 221210. Pre-qualified high-energy solar candidate."
"Syracuse University - Steam Station","Syracuse","NY","epa_ghgrp","epa-1007087","","","","","","","","600","904032","189847","2.7","2898156","","Industrial facility — 2022 EPA GHG Reporter. NAICS 611310. Pre-qualified high-energy solar candidate."
"Corning Natural Gas Corporation Aggregate Rpt","City Of Corning","NY","epa_ghgrp","epa-1007118","","","","","","","","600","904032","189847","2.7","2898156","","Power generation — 2022 EPA GHG Reporter. NAICS 221210. Pre-qualified high-energy solar candidate."
"Cngc/Dti Herrington Station","Town Of Woodhull","NY","epa_ghgrp","epa-1007119","","","","","","","","600","904032","189847","2.7","2898156","","Power generation — 2022 EPA GHG Reporter. NAICS 221210. Pre-qualified high-energy solar candidate."
"Cngc/Mpl Coopers Plains Station","Town Of Erwin","NY","epa_ghgrp","epa-1007122","","","","","","","","600","904032","189847","2.7","2898156","","Power generation — 2022 EPA GHG Reporter. NAICS 221210. Pre-qualified high-energy solar candidate."
"Cngc/Dti Virgil Station","Town Of Virgil","NY","epa_ghgrp","epa-1007123","","","","","","","","600","904032","189847","2.7","2898156","","Power generation — 2022 EPA GHG Reporter. NAICS 221210. Pre-qualified high-energy solar candidate."
"Cngc/Dti Whiskey Creek Station","Town Of Corning","NY","epa_ghgrp","epa-1007146","","","","","","","","600","904032","189847","2.7","2898156","","Power generation — 2022 EPA GHG Reporter. NAICS 221210. Pre-qualified high-energy solar candidate."
"Shoemaker Gas Turbine","Middletown","NY","epa_ghgrp","epa-1007156","","","","","","","","600","904032","189847","2.7","2898156","","Power generation — 2022 EPA GHG Reporter. NAICS 221112. Pre-qualified high-energy solar candidate."
"Hillburn Gas Turbine","Hillburn","NY","epa_ghgrp","epa-1007157","","","","","","","","600","904032","189847","2.7","2898156","","Power generation — 2022 EPA GHG Reporter. NAICS 221112. Pre-qualified high-energy solar candidate."
"Cornell University Ithaca Campus","Ithaca","NY","epa_ghgrp","epa-1007232","","","","","","","","600","904032","189847","2.7","2898156","","Industrial facility — 2022 EPA GHG Reporter. NAICS 611310. Pre-qualified high-energy solar candidate."
"Suny At Binghamton","Binghamton","NY","epa_ghgrp","epa-1007385","","","","","","","","600","904032","189847","2.7","2898156","","Industrial facility — 2022 EPA GHG Reporter. NAICS 611310. Pre-qualified high-energy solar candidate."
"Empire Generating Co, Llc","Rensselaer","NY","epa_ghgrp","epa-1007388","","","","","","","","600","904032","189847","2.7","2898156","","Power generation — 2022 EPA GHG Reporter. NAICS 221112. Pre-qualified high-energy solar candidate."
"Ag Energy","Ogdensburg","NY","epa_ghgrp","epa-1007551","","","","","","","","600","904032","189847","2.7","2898156","","Power generation — 2022 EPA GHG Reporter. NAICS 221112. Pre-qualified high-energy solar candidate."
"Waste Management Of New York, Llc","Chaffee","NY","epa_ghgrp","epa-1007617","","","","","","","","600","904032","189847","2.7","2898156","","Industrial facility — 2022 EPA GHG Reporter. NAICS 562212. Pre-qualified high-energy solar candidate."
"High Acres Landfill & Recycling Center","Fairport","NY","epa_ghgrp","epa-1007648","","","","","","","","600","904032","189847","2.7","2898156","","Industrial facility — 2022 EPA GHG Reporter. NAICS 562212. Pre-qualified high-energy solar candidate."
"Mohawk Valley Sanitary Landfill","Frankfort","NY","epa_ghgrp","epa-1007652","","","","","","","","600","904032","189847","2.7","2898156","","Industrial facility — 2022 EPA GHG Reporter. NAICS 562212. Pre-qualified high-energy solar candidate."
"Parkchester South Condominium","Bronx","NY","epa_ghgrp","epa-1007716","","","","","","","","600","904032","189847","2.7","2898156","","Industrial facility — 2022 EPA GHG Reporter. NAICS 813990. Pre-qualified high-energy solar candidate."
"Sterling Power Plant","Sherrill","NY","epa_ghgrp","epa-1007919","","","","","","","","600","904032","189847","2.7","2898156","","Power generation — 2022 EPA GHG Reporter. NAICS 221112. Pre-qualified high-energy solar candidate."
"Batavia Energy","Batavia","NY","epa_ghgrp","epa-1007920","","","","","","","","600","904032","189847","2.7","2898156","","Power generation — 2022 EPA GHG Reporter. NAICS 221112. Pre-qualified high-energy solar candidate."
"Nfgsc Independence Station","Andover","NY","epa_ghgrp","epa-1008007","","","","","","","","600","904032","189847","2.7","2898156","","Industrial facility — 2022 EPA GHG Reporter. NAICS 486210. Pre-qualified high-energy solar candidate."
"Monroe Livingston Sanitary Landfill","Scottsville","NY","epa_ghgrp","epa-1008011","","","","","","","","600","904032","189847","2.7","2898156","","Industrial facility — 2022 EPA GHG Reporter. NAICS 562212. Pre-qualified high-energy solar candidate."
"Tgp Station 254 Nassau","Nassau","NY","epa_ghgrp","epa-1008238","","","","","","","","600","904032","189847","2.7","2898156","","Industrial facility — 2022 EPA GHG Reporter. NAICS 486210. Pre-qualified high-energy solar candidate."
"Nfgsc Concord Station","Springville","NY","epa_ghgrp","epa-1008315","","","","","","","","600","904032","189847","2.7","2898156","","Industrial facility — 2022 EPA GHG Reporter. NAICS 486210. Pre-qualified high-energy solar candidate."
"Repsol Oil & Gas Usa, Llc Appalachian Basin (Eastern Overthrust Area) - 160a","Horseheads","NY","epa_ghgrp","epa-1008481","","","","","","","","600","904032","189847","2.7","2898156","","Industrial facility — 2022 EPA GHG Reporter. NAICS 211130. Pre-qualified high-energy solar candidate."
"Irving Tissue, Inc. Fort Edward Facility","Fort Edward","NY","epa_ghgrp","epa-1008767","","","","","","","","600","904032","189847","2.7","2898156","","Pulp & paper — 2022 EPA GHG Reporter. NAICS 322120. Pre-qualified high-energy solar candidate."
"East Garden City Substation","Garden City","NY","epa_ghgrp","epa-1008769","","","","","","","","600","904032","189847","2.7","2898156","","Power generation — 2022 EPA GHG Reporter. NAICS 221121. Pre-qualified high-energy solar candidate."
"Empire - Oakfield Station","Oakfield","NY","epa_ghgrp","epa-1009071","","","","","","","","600","904032","189847","2.7","2898156","","Industrial facility — 2022 EPA GHG Reporter. NAICS 486210. Pre-qualified high-energy solar candidate."
"Tgp Station 224 Clymer","Clymer","NY","epa_ghgrp","epa-1009204","","","","","","","","600","904032","189847","2.7","2898156","","Industrial facility — 2022 EPA GHG Reporter. NAICS 486210. Pre-qualified high-energy solar candidate."
"Clark Energy Center","Marcy","NY","epa_ghgrp","epa-1009507","","","","","","","","600","904032","189847","2.7","2898156","","Power generation — 2022 EPA GHG Reporter. NAICS 221121. Pre-qualified high-energy solar candidate."
"Nyc-Doc Rikers Island","East Elmhurst","NY","epa_ghgrp","epa-1009700","","","","","","","","600","904032","189847","2.7","2898156","","Industrial facility — 2022 EPA GHG Reporter. NAICS 561210. Pre-qualified high-energy solar candidate."
"Lipa T&D System","Uniondale","NY","epa_ghgrp","epa-1009868","","","","","","","","600","904032","189847","2.7","2898156","","Power generation — 2022 EPA GHG Reporter. NAICS 221121. Pre-qualified high-energy solar candidate."
"Hartree Partners, Lp","New York","NY","epa_ghgrp","epa-1010388","","","","","","","","600","904032","189847","2.7","2898156","","Industrial facility — 2022 EPA GHG Reporter. NAICS 523160. Pre-qualified high-energy solar candidate."
"Noco Energy Corp","Tonawanda","NY","epa_ghgrp","epa-1010405","","","","","","","","600","904032","189847","2.7","2898156","","Industrial facility — 2022 EPA GHG Reporter. NAICS 424710. Pre-qualified high-energy solar candidate."
"Glencore Ltd.","New York","NY","epa_ghgrp","epa-1010433","","","","","","","","600","904032","189847","2.7","2898156","","Industrial facility — 2022 EPA GHG Reporter. NAICS 424720. Pre-qualified high-energy solar candidate."
"Morgan Stanley Capital Group Inc","Purchase","NY","epa_ghgrp","epa-1010449","","","","","","","","600","904032","189847","2.7","2898156","","Industrial facility — 2022 EPA GHG Reporter. NAICS 424720. Pre-qualified high-energy solar candidate."
"Mitsui & Co. (U.S.A.), Inc.","New York","NY","epa_ghgrp","epa-1010454","","","","","","","","600","904032","189847","2.7","2898156","","Industrial facility — 2022 EPA GHG Reporter. NAICS 425120. Pre-qualified high-energy solar candidate."
"Superior Plus Energy Services Inc.","Rochester","NY","epa_ghgrp","epa-1010461","","","","","","","","600","904032","189847","2.7","2898156","","Industrial facility — 2022 EPA GHG Reporter. NAICS 424710. Pre-qualified high-energy solar candidate."
"Mitsubishi International Corporation","New York","NY","epa_ghgrp","epa-1010543","","","","","","","","600","904032","189847","2.7","2898156","","Industrial facility — 2022 EPA GHG Reporter. NAICS 423510. Pre-qualified high-energy solar candidate."
"J.P. Morgan Ventures Energy Corporation","New York","NY","epa_ghgrp","epa-1010562","","","","","","","","600","904032","189847","2.7","2898156","","Industrial facility — 2022 EPA GHG Reporter. NAICS 523130. Pre-qualified high-energy solar candidate."
"Dunbar Compressor Station","Windsor","NY","epa_ghgrp","epa-1010567","","","","","","","","600","904032","189847","2.7","2898156","","Industrial facility — 2022 EPA GHG Reporter. NAICS 213112. Pre-qualified high-energy solar candidate."
"Nic Holding Corp","Melville","NY","epa_ghgrp","epa-1010706","","","","","","","","600","904032","189847","2.7","2898156","","Industrial facility — 2022 EPA GHG Reporter. NAICS 424710. Pre-qualified high-energy solar candidate."
"Niagara Mohawk Electric","Syracuse","NY","epa_ghgrp","epa-1010791","","","","","","","","600","904032","189847","2.7","2898156","","Power generation — 2022 EPA GHG Reporter. NAICS 221122. Pre-qualified high-energy solar candidate."
"Croton Landfill","Croton-On-Hudson","NY","epa_ghgrp","epa-1010845","","","","","","","","600","904032","189847","2.7","2898156","","Industrial facility — 2022 EPA GHG Reporter. NAICS 562212. Pre-qualified high-energy solar candidate."
"Tgp Station 230, Lockport Compressor Station","Lockport","NY","epa_ghgrp","epa-1010996","","","","","","","","600","904032","189847","2.7","2898156","","Industrial facility — 2022 EPA GHG Reporter. NAICS 486210. Pre-qualified high-energy solar candidate."
"Westrock - Solvay, Llc","Syracuse","NY","epa_ghgrp","epa-1011051","","","","","","","","600","904032","189847","2.7","2898156","","Pulp & paper — 2022 EPA GHG Reporter. NAICS 322130. Pre-qualified high-energy solar candidate."
"Red-Rochester, Llc-Eastman Business Park, Ny","Rochester","NY","epa_ghgrp","epa-1011211","","","","","","","","600","904032","189847","2.7","2898156","","Power generation — 2022 EPA GHG Reporter. NAICS 221112. Pre-qualified high-energy solar candidate."
"Orange County Landfill","New Hampton","NY","epa_ghgrp","epa-1011227","","","","","","","","600","904032","189847","2.7","2898156","","Industrial facility — 2022 EPA GHG Reporter. NAICS 562212. Pre-qualified high-energy solar candidate."
"Central Hudson Gas And Electric Corporation Elec T&D Equipment","Poughkeepsie","NY","epa_ghgrp","epa-1011288","","","","","","","","600","904032","189847","2.7","2898156","","Power generation — 2022 EPA GHG Reporter. NAICS 221122. Pre-qualified high-energy solar candidate."
"Hancock Compressor Station","Hancock","NY","epa_ghgrp","epa-1011561","","","","","","","","600","904032","189847","2.7","2898156","","Industrial facility — 2022 EPA GHG Reporter. NAICS 486210. Pre-qualified high-energy solar candidate."
"Minisink Compressor Station","Westtown","NY","epa_ghgrp","epa-1011615","","","","","","","","600","904032","189847","2.7","2898156","","Industrial facility — 2022 EPA GHG Reporter. NAICS 486210. Pre-qualified high-energy solar candidate."
"Millennium Pipeline Company Llc Corning Compressor Station","Corning","NY","epa_ghgrp","epa-1011637","","","","","","","","600","904032","189847","2.7","2898156","","Industrial facility — 2022 EPA GHG Reporter. NAICS 486210. Pre-qualified high-energy solar candidate."
"New York State Electric And Gas","Binghamton","NY","epa_ghgrp","epa-1012163","","","","","","","","600","904032","189847","2.7","2898156","","Power generation — 2022 EPA GHG Reporter. NAICS 221122. Pre-qualified high-energy solar candidate."
"Repsol Oil & Gas Usa, Llc Gathering And Boosting Operations","Horseheads","NY","epa_ghgrp","epa-1012192","","","","","","","","600","904032","189847","2.7","2898156","","Industrial facility — 2022 EPA GHG Reporter. NAICS 211130. Pre-qualified high-energy solar candidate."
"Nfgsc Hinsdale Station","Hinsdale","NY","epa_ghgrp","epa-1012269","","","","","","","","600","904032","189847","2.7","2898156","","Industrial facility — 2022 EPA GHG Reporter. NAICS 486210. Pre-qualified high-energy solar candidate."
"Rochester Gas And Electric - Subpart Dd","Rochester","NY","epa_ghgrp","epa-1012430","","","","","","","","600","904032","189847","2.7","2898156","","Power generation — 2022 EPA GHG Reporter. NAICS 221122. Pre-qualified high-energy solar candidate."
"Comstar International, Inc.","College Point","NY","epa_ghgrp","epa-1012887","","","","","","","","600","904032","189847","2.7","2898156","","Industrial facility — 2022 EPA GHG Reporter. NAICS 423740. Pre-qualified high-energy solar candidate."
"Green Ridge Landfill","Northumberland","NY","epa_ghgrp","epa-1012955","","","","","","","","600","904032","189847","2.7","2898156","","Industrial facility — 2022 EPA GHG Reporter. NAICS 562212. Pre-qualified high-energy solar candidate."
"Cpv Valley Energy Center","Middletown","NY","epa_ghgrp","epa-1013330","","","","","","","","600","904032","189847","2.7","2898156","","Power generation — 2022 EPA GHG Reporter. NAICS 221112. Pre-qualified high-energy solar candidate."
"Cascades Containerboard Packaging- Niagara Falls","Niagara Falls","NY","epa_ghgrp","epa-1013376","","","","","","","","600","904032","189847","2.7","2898156","","Pulp & paper — 2022 EPA GHG Reporter. NAICS 322130. Pre-qualified high-energy solar candidate."
"Eastern Gas Transmission And Storage - Brookmans Corner Station (Tran)","Fort Plain","NY","epa_ghgrp","epa-1013403","","","","","","","","600","904032","189847","2.7","2898156","","Industrial facility — 2022 EPA GHG Reporter. NAICS 486210. Pre-qualified high-energy solar candidate."
"Cricket Valley Energy Center","Dover Plains","NY","epa_ghgrp","epa-1013598","","","","","","","","600","904032","189847","2.7","2898156","","Power generation — 2022 EPA GHG Reporter. NAICS 221112. Pre-qualified high-energy solar candidate."
"Millennium - Highland Cs","Eldred","NY","epa_ghgrp","epa-1013641","","","","","","","","600","904032","189847","2.7","2898156","","Industrial facility — 2022 EPA GHG Reporter. NAICS 486210. Pre-qualified high-energy solar candidate."
"Targray Industries","Massena","NY","epa_ghgrp","epa-1013649","","","","","","","","600","904032","189847","2.7","2898156","","Industrial facility — 2022 EPA GHG Reporter. NAICS 424720. Pre-qualified high-energy solar candidate."
"Gordon Road Substation","Schenectady","NY","epa_ghgrp","epa-1014205","","","","","","","","600","904032","189847","2.7","2898156","","Power generation — 2022 EPA GHG Reporter. NAICS 221118. Pre-qualified high-energy solar candidate."
"Tcp Petcoke Corporation","New York","NY","epa_ghgrp","epa-1014334","","","","","","","","600","904032","189847","2.7","2898156","","Industrial facility — 2022 EPA GHG Reporter. NAICS 424720. Pre-qualified high-energy solar candidate."
"Loan Asset Issuer Llc, Series 2021 Ng-1","New York","NY","epa_ghgrp","epa-1014426","","","","","","","","600","904032","189847","2.7","2898156","","Industrial facility — 2022 EPA GHG Reporter. NAICS 211130. Pre-qualified high-energy solar candidate."
"Wego Chemical Group","Great Neck","NY","epa_ghgrp","epa-1014441","","","","","","","","600","904032","189847","2.7","2898156","","Industrial facility — 2022 EPA GHG Reporter. NAICS 424690. Pre-qualified high-energy solar candidate."
"Eneos Americas Inc.","New York","NY","epa_ghgrp","epa-1014509","","","","","","","","600","904032","189847","2.7","2898156","","Industrial facility — 2022 EPA GHG Reporter. NAICS 424720. Pre-qualified high-energy solar candidate."
"Queens Fresh Meadows Llc","Fresh Meadows","NY","epa_ghgrp","epa-1014647","","","","","","","","600","904032","189847","2.7","2898156","","Industrial facility — 2022 EPA GHG Reporter. NAICS 531390. Pre-qualified high-energy solar candidate."
"Eav Operator, Llc","New York","NY","epa_ghgrp","epa-1014693","","","","","","","","600","904032","189847","2.7","2898156","","Industrial facility — 2022 EPA GHG Reporter. NAICS 211130. Pre-qualified high-energy solar candidate."
"Meraki Group Llc","Elmhurst","NY","epa_ghgrp","epa-1014767","","","","","","","","600","904032","189847","2.7","2898156","","Industrial facility — 2022 EPA GHG Reporter. NAICS 424690. Pre-qualified high-energy solar candidate."
"Zuckerberg'S Industrial Park","Ny-Nj Port","NY","osm_industrial","osm-39829993","","","","","","","","600","904032","189847","2.7","2898156","","Industrial building. Roof-suitable for rooftop PV. Verify ownership + contact before outreach."
"Morris Industries","Ny-Nj Port","NY","osm_industrial","osm-39830224","","","","","","","","600","904032","189847","2.7","2898156","","Pipeyard building. Roof-suitable for rooftop PV. Verify ownership + contact before outreach."
"Roseland Commons","Ny-Nj Port","NY","osm_industrial","osm-39830657","","","","","","","","600","904032","189847","2.7","2898156","","Industrial building. Roof-suitable for rooftop PV. Verify ownership + contact before outreach."
"Dorin Industrial Park","Ny-Nj Port","NY","osm_industrial","osm-39831127","","","","","","","","600","904032","189847","2.7","2898156","","Industrial building. Roof-suitable for rooftop PV. Verify ownership + contact before outreach."
"Wood-Ridge Industrial Complex","Ny-Nj Port","NY","osm_industrial","osm-39831210","","","","","","","","600","904032","189847","2.7","2898156","","Industrial building. Roof-suitable for rooftop PV. Verify ownership + contact before outreach."
"Northeast Science & Techonolgy Center","Ny-Nj Port","NY","osm_industrial","osm-39835824","","","","","","","","600","904032","189847","2.7","2898156","","Industrial building. Roof-suitable for rooftop PV. Verify ownership + contact before outreach."
"Njt Hilton Garage","Ny-Nj Port","NY","osm_industrial","osm-39835978","","","","","","","","600","904032","189847","2.7","2898156","","Industrial building. Roof-suitable for rooftop PV. Verify ownership + contact before outreach."
"C-Yard","Ny-Nj Port","NY","osm_industrial","osm-39836011","","","","","","","","600","904032","189847","2.7","2898156","","Industrial building. Roof-suitable for rooftop PV. Verify ownership + contact before outreach."
"Owens Corning Kearney Plant","Ny-Nj Port","NY","osm_industrial","osm-40136576","","","","","","","","600","904032","189847","2.7","2898156","","Industrial building. Roof-suitable for rooftop PV. Verify ownership + contact before outreach."
"Warbasse Power Plant","Brooklyn","NY","osm_industrial","osm-89903766","","","","","","","","600","904032","189847","2.7","2898156","","Industrial building. Roof-suitable for rooftop PV. Verify ownership + contact before outreach."
"Cosmetic Essence, Llc","Ridgefield","NY","osm_industrial","osm-95782048","","","","","","","","600","904032","189847","2.7","2898156","","Industrial building. Roof-suitable for rooftop PV. Verify ownership + contact before outreach."
"Public Service Enterprise Group","Ny-Nj Port","NY","osm_industrial","osm-95782347","","","","","","","","600","904032","189847","2.7","2898156","","Industrial building. Roof-suitable for rooftop PV. Verify ownership + contact before outreach."
"Brooklyn Navy Yard","Ny-Nj Port","NY","osm_industrial","osm-109442847","","","","","","","","600","904032","189847","2.7","2898156","","Industrial building. Roof-suitable for rooftop PV. Verify ownership + contact before outreach."
"Consolidated Edison","New York","NY","osm_industrial","osm-146402114","","","","","","","","600","904032","189847","2.7","2898156","","Industrial building. Roof-suitable for rooftop PV. Verify ownership + contact before outreach."
"New York City Department Of Sanitation","Brooklyn","NY","osm_industrial","osm-185148149","","","","","","","","600","904032","189847","2.7","2898156","","Industrial building. Roof-suitable for rooftop PV. Verify ownership + contact before outreach."
"Steinway & Sons","Ny-Nj Port","NY","osm_industrial","osm-203884076","","","","","","","","600","904032","189847","2.7","2898156","","Factory building. Roof-suitable for rooftop PV. Verify ownership + contact before outreach."
"East Williamsburg Industrial Park","Ny-Nj Port","NY","osm_industrial","osm-218403795","","","","","","","","600","904032","189847","2.7","2898156","","Industrial building. Roof-suitable for rooftop PV. Verify ownership + contact before outreach."
"Nyc Department Of Sanitation","Ny-Nj Port","NY","osm_industrial","osm-226188508","","","","","","","","600","904032","189847","2.7","2898156","","Industrial building. Roof-suitable for rooftop PV. Verify ownership + contact before outreach."
"Nyc Department Of Sanitation","Ny-Nj Port","NY","osm_industrial","osm-226188510","","","","","","","","600","904032","189847","2.7","2898156","","Industrial building. Roof-suitable for rooftop PV. Verify ownership + contact before outreach."
"United Airlines","Ny-Nj Port","NY","osm_industrial","osm-232385924","","","","","","","","600","904032","189847","2.7","2898156","","Industrial building. Roof-suitable for rooftop PV. Verify ownership + contact before outreach."
"Building 339","Ny-Nj Port","NY","osm_industrial","osm-232392528","","","","","","","","600","904032","189847","2.7","2898156","","Industrial building. Roof-suitable for rooftop PV. Verify ownership + contact before outreach."
"B&M Machine Co","Belleville","NY","osm_industrial","osm-236456123","","","","","","","","600","904032","189847","2.7","2898156","","Industrial building. Roof-suitable for rooftop PV. Verify ownership + contact before outreach."
"Wayne Electrical Supply","Ny-Nj Port","NY","osm_industrial","osm-239248005","","","","","","","","600","904032","189847","2.7","2898156","","Industrial building. Roof-suitable for rooftop PV. Verify ownership + contact before outreach."
"Water Works Supply Company","Ny-Nj Port","NY","osm_industrial","osm-239362916","","","","","","","","600","904032","189847","2.7","2898156","","Industrial building. Roof-suitable for rooftop PV. Verify ownership + contact before outreach."
"New York Power Authority","Ny-Nj Port","NY","osm_industrial","osm-239832586","","","","","","","","600","904032","189847","2.7","2898156","","Industrial building. Roof-suitable for rooftop PV. Verify ownership + contact before outreach."
"Ls Power/Helix Ravenswood, Llc","Ny-Nj Port","NY","osm_industrial","osm-240515268","","","","","","","","600","904032","189847","2.7","2898156","","Industrial building. Roof-suitable for rooftop PV. Verify ownership + contact before outreach."
"Astoria Energy","Ny-Nj Port","NY","osm_industrial","osm-240593068","","","","","","","","600","904032","189847","2.7","2898156","","Industrial building. Roof-suitable for rooftop PV. Verify ownership + contact before outreach."
"Stanley Lewis Plumbers","Brooklyn","NY","osm_industrial","osm-241825335","","","","","","","","600","904032","189847","2.7","2898156","","Industrial building. Roof-suitable for rooftop PV. Verify ownership + contact before outreach."
"Pratt Industries","Ny-Nj Port","NY","osm_industrial","osm-241830983","","","","","","","","600","904032","189847","2.7","2898156","","Industrial building. Roof-suitable for rooftop PV. Verify ownership + contact before outreach."
"Everwood","Ny-Nj Port","NY","osm_industrial","osm-241850576","","","","","","","","600","904032","189847","2.7","2898156","","Industrial building. Roof-suitable for rooftop PV. Verify ownership + contact before outreach."
"U.S. Recycling","Ny-Nj Port","NY","osm_industrial","osm-241850806","","","","","","","","600","904032","189847","2.7","2898156","","Industrial building. Roof-suitable for rooftop PV. Verify ownership + contact before outreach."
"Coachusa","Ny-Nj Port","NY","osm_industrial","osm-244645440","","","","","","","","600","904032","189847","2.7","2898156","","Industrial building. Roof-suitable for rooftop PV. Verify ownership + contact before outreach."
"Maintenance Shop","Ny-Nj Port","NY","osm_industrial","osm-247532244","","","","","","","","600","904032","189847","2.7","2898156","","Industrial building. Roof-suitable for rooftop PV. Verify ownership + contact before outreach."
"Miller Field, North Hangar","Ny-Nj Port","NY","osm_industrial","osm-247747888","","","","","","","","600","904032","189847","2.7","2898156","","Industrial building. Roof-suitable for rooftop PV. Verify ownership + contact before outreach."
"Automagic","Ny-Nj Port","NY","osm_industrial","osm-248157020","","","","","","","","600","904032","189847","2.7","2898156","","Industrial building. Roof-suitable for rooftop PV. Verify ownership + contact before outreach."
"Tamer & Tamer","Ny-Nj Port","NY","osm_industrial","osm-248166584","","","","","","","","600","904032","189847","2.7","2898156","","Industrial building. Roof-suitable for rooftop PV. Verify ownership + contact before outreach."
"R&A Cycles","Ny-Nj Port","NY","osm_industrial","osm-248166640","","","","","","","","600","904032","189847","2.7","2898156","","Industrial building. Roof-suitable for rooftop PV. Verify ownership + contact before outreach."
"Workspace 11","Ny-Nj Port","NY","osm_industrial","osm-248167180","","","","","","","","600","904032","189847","2.7","2898156","","Industrial building. Roof-suitable for rooftop PV. Verify ownership + contact before outreach."
"United Refrigeration","Ny-Nj Port","NY","osm_industrial","osm-248168034","","","","","","","","600","904032","189847","2.7","2898156","","Industrial building. Roof-suitable for rooftop PV. Verify ownership + contact before outreach."
"Ny City Automotive","Ny-Nj Port","NY","osm_industrial","osm-248168039","","","","","","","","600","904032","189847","2.7","2898156","","Industrial building. Roof-suitable for rooftop PV. Verify ownership + contact before outreach."
"Premium Millwork","Ny-Nj Port","NY","osm_industrial","osm-248168903","","","","","","","","600","904032","189847","2.7","2898156","","Industrial building. Roof-suitable for rooftop PV. Verify ownership + contact before outreach."
"Destination","Ny-Nj Port","NY","osm_industrial","osm-248168968","","","","","","","","600","904032","189847","2.7","2898156","","Industrial building. Roof-suitable for rooftop PV. Verify ownership + contact before outreach."
"Sweet Bella","Ny-Nj Port","NY","osm_industrial","osm-248171208","","","","","","","","600","904032","189847","2.7","2898156","","Industrial building. Roof-suitable for rooftop PV. Verify ownership + contact before outreach."
"Switch Electric","Ny-Nj Port","NY","osm_industrial","osm-248171210","","","","","","","","600","904032","189847","2.7","2898156","","Industrial building. Roof-suitable for rooftop PV. Verify ownership + contact before outreach."
"Industrial Glass Laminating","Ny-Nj Port","NY","osm_industrial","osm-248171216","","","","","","","","600","904032","189847","2.7","2898156","","Industrial building. Roof-suitable for rooftop PV. Verify ownership + contact before outreach."
"Post Heritage Printing","Ny-Nj Port","NY","osm_industrial","osm-248171236","","","","","","","","600","904032","189847","2.7","2898156","","Industrial building. Roof-suitable for rooftop PV. Verify ownership + contact before outreach."
"The Plumbing Exchange","Ny-Nj Port","NY","osm_industrial","osm-248171287","","","","","","","","600","904032","189847","2.7","2898156","","Industrial building. Roof-suitable for rooftop PV. Verify ownership + contact before outreach."
"Mr. Air Nyc","Ny-Nj Port","NY","osm_industrial","osm-248171429","","","","","","","","600","904032","189847","2.7","2898156","","Industrial building. Roof-suitable for rooftop PV. Verify ownership + contact before outreach."
"Auto Fresh Car Stereo","Ny-Nj Port","NY","osm_industrial","osm-248176276","","","","","","","","600","904032","189847","2.7","2898156","","Industrial building. Roof-suitable for rooftop PV. Verify ownership + contact before outreach."
"Miami Auto Body","Ny-Nj Port","NY","osm_industrial","osm-248176278","","","","","","","","600","904032","189847","2.7","2898156","","Industrial building. Roof-suitable for rooftop PV. Verify ownership + contact before outreach."
"Total Car Care Experts","Ny-Nj Port","NY","osm_industrial","osm-248176282","","","","","","","","600","904032","189847","2.7","2898156","","Industrial building. Roof-suitable for rooftop PV. Verify ownership + contact before outreach."
"B&H Restaurant Equipment","Ny-Nj Port","NY","osm_industrial","osm-248178338","","","","","","","","600","904032","189847","2.7","2898156","","Industrial building. Roof-suitable for rooftop PV. Verify ownership + contact before outreach."
"B&H Restaurant Equipment","Ny-Nj Port","NY","osm_industrial","osm-248178550","","","","","","","","600","904032","189847","2.7","2898156","","Industrial building. Roof-suitable for rooftop PV. Verify ownership + contact before outreach."
"Cooltech Refrigeration","Ny-Nj Port","NY","osm_industrial","osm-248240156","","","","","","","","600","904032","189847","2.7","2898156","","Industrial building. Roof-suitable for rooftop PV. Verify ownership + contact before outreach."
"Lafarge Cement","Ny-Nj Port","NY","osm_industrial","osm-248240173","","","","","","","","600","904032","189847","2.7","2898156","","Industrial building. Roof-suitable for rooftop PV. Verify ownership + contact before outreach."
"Paul Signs","Ny-Nj Port","NY","osm_industrial","osm-248241235","","","","","","","","600","904032","189847","2.7","2898156","","Industrial building. Roof-suitable for rooftop PV. Verify ownership + contact before outreach."
"Mark Contracting","Ny-Nj Port","NY","osm_industrial","osm-248474793","","","","","","","","600","904032","189847","2.7","2898156","","Industrial building. Roof-suitable for rooftop PV. Verify ownership + contact before outreach."
"Consolidated Edison","Brooklyn","NY","osm_industrial","osm-248495803","","","","","","","","600","904032","189847","2.7","2898156","","Industrial building. Roof-suitable for rooftop PV. Verify ownership + contact before outreach."
"Coney Island Car Spa","Brooklyn","NY","osm_industrial","osm-248496380","","","","","","","","600","904032","189847","2.7","2898156","","Industrial building. Roof-suitable for rooftop PV. Verify ownership + contact before outreach."
"Carousel Auto Body","Brooklyn","NY","osm_industrial","osm-248496439","","","","","","","","600","904032","189847","2.7","2898156","","Industrial building. Roof-suitable for rooftop PV. Verify ownership + contact before outreach."
"Kings Infiniti","Brooklyn","NY","osm_industrial","osm-248528914","","","","","","","","600","904032","189847","2.7","2898156","","Industrial building. Roof-suitable for rooftop PV. Verify ownership + contact before outreach."
"Oakley'S Car Wash","Brooklyn","NY","osm_industrial","osm-248554487","","","","","","","","600","904032","189847","2.7","2898156","","Industrial building. Roof-suitable for rooftop PV. Verify ownership + contact before outreach."
"Kings Nissan","Brooklyn","NY","osm_industrial","osm-248819022","","","","","","","","600","904032","189847","2.7","2898156","","Industrial building. Roof-suitable for rooftop PV. Verify ownership + contact before outreach."
"Mta Nyct Transit","Ny-Nj Port","NY","osm_industrial","osm-248834942","","","","","","","","600","904032","189847","2.7","2898156","","Industrial building. Roof-suitable for rooftop PV. Verify ownership + contact before outreach."
"Car Care Center","Brooklyn","NY","osm_industrial","osm-248835020","","","","","","","","600","904032","189847","2.7","2898156","","Industrial building. Roof-suitable for rooftop PV. Verify ownership + contact before outreach."
"Allegiance Mini-Mart","Ny-Nj Port","NY","osm_industrial","osm-248835074","","","","","","","","600","904032","189847","2.7","2898156","","Industrial building. Roof-suitable for rooftop PV. Verify ownership + contact before outreach."
"Techzone","Ny-Nj Port","NY","osm_industrial","osm-248840672","","","","","","","","600","904032","189847","2.7","2898156","","Industrial building. Roof-suitable for rooftop PV. Verify ownership + contact before outreach."
"Mercedes-Benz Of Brooklyn","Brooklyn","NY","osm_industrial","osm-248841434","","","","","","","","600","904032","189847","2.7","2898156","","Industrial building. Roof-suitable for rooftop PV. Verify ownership + contact before outreach."
"Bayside Fuel Oil Corporation","Brooklyn","NY","osm_industrial","osm-248841469","","","","","","","","600","904032","189847","2.7","2898156","","Industrial building. Roof-suitable for rooftop PV. Verify ownership + contact before outreach."
"Jamaica Halal Live Poultry","Ny-Nj Port","NY","osm_industrial","osm-248841946","","","","","","","","600","904032","189847","2.7","2898156","","Slaughterhouse building. Roof-suitable for rooftop PV. Verify ownership + contact before outreach."
"Brame Signs","Brooklyn","NY","osm_industrial","osm-248863641","","","","","","","","600","904032","189847","2.7","2898156","","Industrial building. Roof-suitable for rooftop PV. Verify ownership + contact before outreach."
"Manhattan Grit Chamber","Ny-Nj Port","NY","osm_industrial","osm-248877831","","","","","","","","600","904032","189847","2.7","2898156","","Industrial building. Roof-suitable for rooftop PV. Verify ownership + contact before outreach."
"Bay Ridge Chevrolet","Brooklyn","NY","osm_industrial","osm-249012692","","","","","","","","600","904032","189847","2.7","2898156","","Industrial building. Roof-suitable for rooftop PV. Verify ownership + contact before outreach."
"Carrier Building Products","Ny-Nj Port","NY","osm_industrial","osm-249579784","","","","","","","","600","904032","189847","2.7","2898156","","Industrial building. Roof-suitable for rooftop PV. Verify ownership + contact before outreach."
"Beit Almaqdis","Ny-Nj Port","NY","osm_industrial","osm-249579809","","","","","","","","600","904032","189847","2.7","2898156","","Industrial building. Roof-suitable for rooftop PV. Verify ownership + contact before outreach."
"Approved Oil Co. Of Brooklyn","Ny-Nj Port","NY","osm_industrial","osm-249580640","","","","","","","","600","904032","189847","2.7","2898156","","Industrial building. Roof-suitable for rooftop PV. Verify ownership + contact before outreach."
"4th. Avenue Burner & Heating Supplies","Ny-Nj Port","NY","osm_industrial","osm-249580646","","","","","","","","600","904032","189847","2.7","2898156","","Industrial building. Roof-suitable for rooftop PV. Verify ownership + contact before outreach."
"Tony'S Auto Group","Ny-Nj Port","NY","osm_industrial","osm-249586907","","","","","","","","600","904032","189847","2.7","2898156","","Industrial building. Roof-suitable for rooftop PV. Verify ownership + contact before outreach."
"Tm Auto Repair","Ny-Nj Port","NY","osm_industrial","osm-249587139","","","","","","","","600","904032","189847","2.7","2898156","","Industrial building. Roof-suitable for rooftop PV. Verify ownership + contact before outreach."
"Melanie","Ny-Nj Port","NY","osm_industrial","osm-249592109","","","","","","","","600","904032","189847","2.7","2898156","","Industrial building. Roof-suitable for rooftop PV. Verify ownership + contact before outreach."
"Jimmy'S Auto Service","Ny-Nj Port","NY","osm_industrial","osm-249592120","","","","","","","","600","904032","189847","2.7","2898156","","Industrial building. Roof-suitable for rooftop PV. Verify ownership + contact before outreach."
"Zambrand Auto Repair","Ny-Nj Port","NY","osm_industrial","osm-249592124","","","","","","","","600","904032","189847","2.7","2898156","","Industrial building. Roof-suitable for rooftop PV. Verify ownership + contact before outreach."
"J & M Car Care","Ny-Nj Port","NY","osm_industrial","osm-249592130","","","","","","","","600","904032","189847","2.7","2898156","","Industrial building. Roof-suitable for rooftop PV. Verify ownership + contact before outreach."
"T&K Printing & Graphic","Ny-Nj Port","NY","osm_industrial","osm-249592166","","","","","","","","600","904032","189847","2.7","2898156","","Industrial building. Roof-suitable for rooftop PV. Verify ownership + contact before outreach."
"Hermano Auto Repair","Ny-Nj Port","NY","osm_industrial","osm-249592183","","","","","","","","600","904032","189847","2.7","2898156","","Industrial building. Roof-suitable for rooftop PV. Verify ownership + contact before outreach."
"Yee Glass Window","Ny-Nj Port","NY","osm_industrial","osm-249592215","","","","","","","","600","904032","189847","2.7","2898156","","Industrial building. Roof-suitable for rooftop PV. Verify ownership + contact before outreach."
"Rmr Transmissions","Ny-Nj Port","NY","osm_industrial","osm-249592236","","","","","","","","600","904032","189847","2.7","2898156","","Industrial building. Roof-suitable for rooftop PV. Verify ownership + contact before outreach."
"Jpl Auto Repair","Ny-Nj Port","NY","osm_industrial","osm-249592284","","","","","","","","600","904032","189847","2.7","2898156","","Industrial building. Roof-suitable for rooftop PV. Verify ownership + contact before outreach."
"Quality Stainless Steel","Ny-Nj Port","NY","osm_industrial","osm-249605243","","","","","","","","600","904032","189847","2.7","2898156","","Industrial building. Roof-suitable for rooftop PV. Verify ownership + contact before outreach."
"Manning Electric","Ny-Nj Port","NY","osm_industrial","osm-249606303","","","","","","","","600","904032","189847","2.7","2898156","","Industrial building. Roof-suitable for rooftop PV. Verify ownership + contact before outreach."
"Zizo Usa","Ny-Nj Port","NY","osm_industrial","osm-249606349","","","","","","","","600","904032","189847","2.7","2898156","","Industrial building. Roof-suitable for rooftop PV. Verify ownership + contact before outreach."
"Excello Film Pak","Ny-Nj Port","NY","osm_industrial","osm-249606604","","","","","","","","600","904032","189847","2.7","2898156","","Industrial building. Roof-suitable for rooftop PV. Verify ownership + contact before outreach."
"Evro Aluminum","Ny-Nj Port","NY","osm_industrial","osm-249606606","","","","","","","","600","904032","189847","2.7","2898156","","Industrial building. Roof-suitable for rooftop PV. Verify ownership + contact before outreach."
"Betterply Furniture Material","Ny-Nj Port","NY","osm_industrial","osm-249623397","","","","","","","","600","904032","189847","2.7","2898156","","Industrial building. Roof-suitable for rooftop PV. Verify ownership + contact before outreach."
"J&S Auto Repairs Inc.","Brooklyn","NY","osm_industrial","osm-249623417","","","","","","","","600","904032","189847","2.7","2898156","","Industrial building. Roof-suitable for rooftop PV. Verify ownership + contact before outreach."
"Ocean Auto Center Inc.","Ny-Nj Port","NY","osm_industrial","osm-249751611","","","","","","","","600","904032","189847","2.7","2898156","","Industrial building. Roof-suitable for rooftop PV. Verify ownership + contact before outreach."
"Heating And Chiller Plants","Brooklyn","NY","osm_industrial","osm-249997510","","","","","","","","600","904032","189847","2.7","2898156","","Industrial building. Roof-suitable for rooftop PV. Verify ownership + contact before outreach."
"Star Poly Bag, Inc.","Brooklyn","NY","osm_industrial","osm-250224015","","","","","","","","600","904032","189847","2.7","2898156","","Industrial building. Roof-suitable for rooftop PV. Verify ownership + contact before outreach."
"Certified Lumber & Home Center","Ny-Nj Port","NY","osm_industrial","osm-250351331","","","","","","","","600","904032","189847","2.7","2898156","","Industrial building. Roof-suitable for rooftop PV. Verify ownership + contact before outreach."
"Hercules Heat Treating Corporation","Ny-Nj Port","NY","osm_industrial","osm-250351628","","","","","","","","600","904032","189847","2.7","2898156","","Industrial building. Roof-suitable for rooftop PV. Verify ownership + contact before outreach."
"S & J Supply","Ny-Nj Port","NY","osm_industrial","osm-250352423","","","","","","","","600","904032","189847","2.7","2898156","","Industrial building. Roof-suitable for rooftop PV. Verify ownership + contact before outreach."
"Alcon Auto Body Repair","Ny-Nj Port","NY","osm_industrial","osm-250456922","","","","","","","","600","904032","189847","2.7","2898156","","Industrial building. Roof-suitable for rooftop PV. Verify ownership + contact before outreach."
"Con Edison","New York","NY","osm_industrial","osm-264622327","","","","","","","","600","904032","189847","2.7","2898156","","Industrial building. Roof-suitable for rooftop PV. Verify ownership + contact before outreach."
"New York Road Runners","New York","NY","osm_industrial","osm-266926268","","","","","","","","600","904032","189847","2.7","2898156","","Industrial building. Roof-suitable for rooftop PV. Verify ownership + contact before outreach."
"Wayne Tile Imports","Ny-Nj Port","NY","osm_industrial","osm-268433524","","","","","","","","600","904032","189847","2.7","2898156","","Industrial building. Roof-suitable for rooftop PV. Verify ownership + contact before outreach."
"Consolidated Edison Company Of New York","New York","NY","osm_industrial","osm-269210910","","","","","","","","600","904032","189847","2.7","2898156","","Yes building. Roof-suitable for rooftop PV. Verify ownership + contact before outreach."
"Wayne Hills Business Campus","Ny-Nj Port","NY","osm_industrial","osm-272916743","","","","","","","","600","904032","189847","2.7","2898156","","Industrial building. Roof-suitable for rooftop PV. Verify ownership + contact before outreach."
"Vance Kitara","Ny-Nj Port","NY","osm_industrial","osm-274465238","","","","","","","","600","904032","189847","2.7","2898156","","Industrial building. Roof-suitable for rooftop PV. Verify ownership + contact before outreach."
"Phoenix Down Corp.","Ny-Nj Port","NY","osm_industrial","osm-274465239","","","","","","","","600","904032","189847","2.7","2898156","","Industrial building. Roof-suitable for rooftop PV. Verify ownership + contact before outreach."
"North River Wastewater Treatment Plant","Ny-Nj Port","NY","osm_industrial","osm-275080368","","","","","","","","600","904032","189847","2.7","2898156","","Industrial building. Roof-suitable for rooftop PV. Verify ownership + contact before outreach."
"Department Of Sanitation","Ny-Nj Port","NY","osm_industrial","osm-275080379","","","","","","","","600","904032","189847","2.7","2898156","","Industrial building. Roof-suitable for rooftop PV. Verify ownership + contact before outreach."
"S&T Autobody","Bronx","NY","osm_industrial","osm-276074384","","","","","","","","600","904032","189847","2.7","2898156","","Industrial building. Roof-suitable for rooftop PV. Verify ownership + contact before outreach."
"Marcam Supply Company","Ny-Nj Port","NY","osm_industrial","osm-277480667","","","","","","","","600","904032","189847","2.7","2898156","","Industrial building. Roof-suitable for rooftop PV. Verify ownership + contact before outreach."
"Anheuser-Busch Newark Brewery","Ny-Nj Port","NY","osm_industrial","osm-277481152","","","","","","","","600","904032","189847","2.7","2898156","","Industrial building. Roof-suitable for rooftop PV. Verify ownership + contact before outreach."
"Con Edison","Ny-Nj Port","NY","osm_industrial","osm-278328265","","","","","","","","600","904032","189847","2.7","2898156","","Industrial building. Roof-suitable for rooftop PV. Verify ownership + contact before outreach."
"Raaka Chocolate","Ny-Nj Port","NY","osm_industrial","osm-278371989","","","","","","","","600","904032","189847","2.7","2898156","","Industrial building. Roof-suitable for rooftop PV. Verify ownership + contact before outreach."
"Long Island Pipe Supply","Ny-Nj Port","NY","osm_industrial","osm-278372106","","","","","","","","600","904032","189847","2.7","2898156","","Industrial building. Roof-suitable for rooftop PV. Verify ownership + contact before outreach."
"City Window & Door","Ny-Nj Port","NY","osm_industrial","osm-278372129","","","","","","","","600","904032","189847","2.7","2898156","","Industrial building. Roof-suitable for rooftop PV. Verify ownership + contact before outreach."
"Silverstone Sheet Metal","Ny-Nj Port","NY","osm_industrial","osm-278387484","","","","","","","","600","904032","189847","2.7","2898156","","Industrial building. Roof-suitable for rooftop PV. Verify ownership + contact before outreach."
"Waste Connections Of New York","Ny-Nj Port","NY","osm_industrial","osm-278389064","","","","","","","","600","904032","189847","2.7","2898156","","Industrial building. Roof-suitable for rooftop PV. Verify ownership + contact before outreach."
"Brooklyn Navy Yard Cogen Plp","Ny-Nj Port","NY","osm_industrial","osm-278963026","","","","","","","","600","904032","189847","2.7","2898156","","Industrial building. Roof-suitable for rooftop PV. Verify ownership + contact before outreach."
"Acme Brooklyn","Brooklyn","NY","osm_industrial","osm-279649102","","","","","","","","600","904032","189847","2.7","2898156","","Industrial building. Roof-suitable for rooftop PV. Verify ownership + contact before outreach."
"American Plastic Bags Inc","Ny-Nj Port","NY","osm_industrial","osm-279785006","","","","","","","","600","904032","189847","2.7","2898156","","Industrial building. Roof-suitable for rooftop PV. Verify ownership + contact before outreach."
"American Plastic Bags Inc","Ny-Nj Port","NY","osm_industrial","osm-279785018","","","","","","","","600","904032","189847","2.7","2898156","","Industrial building. Roof-suitable for rooftop PV. Verify ownership + contact before outreach."
"American Plastic Bags Inc","Ny-Nj Port","NY","osm_industrial","osm-279785110","","","","","","","","600","904032","189847","2.7","2898156","","Industrial building. Roof-suitable for rooftop PV. Verify ownership + contact before outreach."
"Tmi Plastic Industries","Brooklyn","NY","osm_industrial","osm-280122421","","","","","","","","600","904032","189847","2.7","2898156","","Industrial building. Roof-suitable for rooftop PV. Verify ownership + contact before outreach."
"Midas","Maspeth","NY","osm_industrial","osm-280158741","","","","","","","","600","904032","189847","2.7","2898156","","Industrial building. Roof-suitable for rooftop PV. Verify ownership + contact before outreach."
"Extra Space Storage","Long Island City","NY","osm_industrial","osm-281342723","","","","","","","","600","904032","189847","2.7","2898156","","Industrial building. Roof-suitable for rooftop PV. Verify ownership + contact before outreach."
"Metropolitan Transportation Authority","Bronx","NY","osm_industrial","osm-281594131","","","","","","","","600","904032","189847","2.7","2898156","","Depot building. Roof-suitable for rooftop PV. Verify ownership + contact before outreach."
"American Bank Note Company Printing Plant","Bronx","NY","osm_industrial","osm-282085391","","","","","","","","600","904032","189847","2.7","2898156","","Industrial building. Roof-suitable for rooftop PV. Verify ownership + contact before outreach."
"Zero Below Trucking Corporation","Ozone Park","NY","osm_industrial","osm-282273143","","","","","","","","600","904032","189847","2.7","2898156","","Depot building. Roof-suitable for rooftop PV. Verify ownership + contact before outreach."
"New York City Department Of Sanitation","Ny-Nj Port","NY","osm_industrial","osm-282387184","","","","","","","","600","904032","189847","2.7","2898156","","Depot building. Roof-suitable for rooftop PV. Verify ownership + contact before outreach."
"Nuts & Bolts Auto","Ny-Nj Port","NY","osm_industrial","osm-282902080","","","","","","","","600","904032","189847","2.7","2898156","","Industrial building. Roof-suitable for rooftop PV. Verify ownership + contact before outreach."
"Martinez Iron Work","Ny-Nj Port","NY","osm_industrial","osm-282902182","","","","","","","","600","904032","189847","2.7","2898156","","Industrial building. Roof-suitable for rooftop PV. Verify ownership + contact before outreach."
"Inter City Tire","Ny-Nj Port","NY","osm_industrial","osm-283154585","","","","","","","","600","904032","189847","2.7","2898156","","Industrial building. Roof-suitable for rooftop PV. Verify ownership + contact before outreach."
"Jamaica Bus Depot","Jamaica","NY","osm_industrial","osm-283154824","","","","","","","","600","904032","189847","2.7","2898156","","Depot building. Roof-suitable for rooftop PV. Verify ownership + contact before outreach."
"Reliable Auto Collision & Repairs","Jamaica","NY","osm_industrial","osm-283154915","","","","","","","","600","904032","189847","2.7","2898156","","Industrial building. Roof-suitable for rooftop PV. Verify ownership + contact before outreach."
"Nyc Wreck-A-Men","Ny-Nj Port","NY","osm_industrial","osm-283158557","","","","","","","","600","904032","189847","2.7","2898156","","Industrial building. Roof-suitable for rooftop PV. Verify ownership + contact before outreach."
"F&D Live Poultry","Jamaica","NY","osm_industrial","osm-283167155","","","","","","","","600","904032","189847","2.7","2898156","","Slaughterhouse building. Roof-suitable for rooftop PV. Verify ownership + contact before outreach."
"Bvac Rescue Response Training Center","Bayside","NY","osm_industrial","osm-284434866","","","","","","","","600","904032","189847","2.7","2898156","","Industrial building. Roof-suitable for rooftop PV. Verify ownership + contact before outreach."
"Con Edison","Ny-Nj Port","NY","osm_industrial","osm-284868527","","","","","","","","600","904032","189847","2.7","2898156","","Yes building. Roof-suitable for rooftop PV. Verify ownership + contact before outreach."
"Knights Collision Experts","Ny-Nj Port","NY","osm_industrial","osm-284894713","","","","","","","","600","904032","189847","2.7","2898156","","Industrial building. Roof-suitable for rooftop PV. Verify ownership + contact before outreach."
"Verizon Telephone Station","Ny-Nj Port","NY","osm_industrial","osm-285132897","","","","","","","","600","904032","189847","2.7","2898156","","Industrial building. Roof-suitable for rooftop PV. Verify ownership + contact before outreach."
"260 West Sunrise Highway","Valley Stream","NY","osm_industrial","osm-285287357","","","","","","","","600","904032","189847","2.7","2898156","","Industrial building. Roof-suitable for rooftop PV. Verify ownership + contact before outreach."
"Nyc Produce Terminal Market In Hunts Point","Ny-Nj Port","NY","osm_industrial","osm-288480668","","","","","","","","600","904032","189847","2.7","2898156","","Industrial building. Roof-suitable for rooftop PV. Verify ownership + contact before outreach."
"The New Fulton Fish Market","Ny-Nj Port","NY","osm_industrial","osm-288482489","","","","","","","","600","904032","189847","2.7","2898156","","Industrial building. Roof-suitable for rooftop PV. Verify ownership + contact before outreach."
"Hunts Point Cooperative Market","Ny-Nj Port","NY","osm_industrial","osm-288604472","","","","","","","","600","904032","189847","2.7","2898156","","Industrial building. Roof-suitable for rooftop PV. Verify ownership + contact before outreach."
"Baldor Specialty Foods","Ny-Nj Port","NY","osm_industrial","osm-288604474","","","","","","","","600","904032","189847","2.7","2898156","","Industrial building. Roof-suitable for rooftop PV. Verify ownership + contact before outreach."
"Hunts Point Wastewater Treatment Plant","Ny-Nj Port","NY","osm_industrial","osm-288606765","","","","","","","","600","904032","189847","2.7","2898156","","Industrial building. Roof-suitable for rooftop PV. Verify ownership + contact before outreach."
"Kings Ready Mix","Ny-Nj Port","NY","osm_industrial","osm-295768258","","","","","","","","600","904032","189847","2.7","2898156","","Industrial building. Roof-suitable for rooftop PV. Verify ownership + contact before outreach."
"Illuminations","Ny-Nj Port","NY","osm_industrial","osm-295768281","","","","","","","","600","904032","189847","2.7","2898156","","Industrial building. Roof-suitable for rooftop PV. Verify ownership + contact before outreach."
"Department Of Sanitation Training Area","Ny-Nj Port","NY","osm_industrial","osm-338206957","","","","","","","","600","904032","189847","2.7","2898156","","Industrial building. Roof-suitable for rooftop PV. Verify ownership + contact before outreach."
"Charlies Car Clinic","Ny-Nj Port","NY","osm_industrial","osm-356650744","","","","","","","","600","904032","189847","2.7","2898156","","Industrial building. Roof-suitable for rooftop PV. Verify ownership + contact before outreach."
"Bayside Fuel Oil Depot","Ny-Nj Port","NY","osm_industrial","osm-362876771","","","","","","","","600","904032","189847","2.7","2898156","","Industrial building. Roof-suitable for rooftop PV. Verify ownership + contact before outreach."
"New York Power Authority","Ny-Nj Port","NY","osm_industrial","osm-362877302","","","","","","","","600","904032","189847","2.7","2898156","","Industrial building. Roof-suitable for rooftop PV. Verify ownership + contact before outreach."
"New York City Department Of Transportation","Brooklyn","NY","osm_industrial","osm-363539590","","","","","","","","600","904032","189847","2.7","2898156","","Industrial building. Roof-suitable for rooftop PV. Verify ownership + contact before outreach."
"Public Service Enterprise Group","Ny-Nj Port","NY","osm_industrial","osm-378250807","","","","","","","","600","904032","189847","2.7","2898156","","Industrial building. Roof-suitable for rooftop PV. Verify ownership + contact before outreach."
"Ultimate Textile","Ny-Nj Port","NY","osm_industrial","osm-379238332","","","","","","","","600","904032","189847","2.7","2898156","","Industrial building. Roof-suitable for rooftop PV. Verify ownership + contact before outreach."
"Alfano Furniture","Ny-Nj Port","NY","osm_industrial","osm-379425917","","","","","","","","600","904032","189847","2.7","2898156","","Industrial building. Roof-suitable for rooftop PV. Verify ownership + contact before outreach."
"Associated Fire Protection","Ny-Nj Port","NY","osm_industrial","osm-379428492","","","","","","","","600","904032","189847","2.7","2898156","","Industrial building. Roof-suitable for rooftop PV. Verify ownership + contact before outreach."
"Logistics Freezepak","Ny-Nj Port","NY","osm_industrial","osm-379428495","","","","","","","","600","904032","189847","2.7","2898156","","Industrial building. Roof-suitable for rooftop PV. Verify ownership + contact before outreach."
"Silk City Fibers","Ny-Nj Port","NY","osm_industrial","osm-379477713","","","","","","","","600","904032","189847","2.7","2898156","","Industrial building. Roof-suitable for rooftop PV. Verify ownership + contact before outreach."
"Apparel Finishing","Ny-Nj Port","NY","osm_industrial","osm-379477714","","","","","","","","600","904032","189847","2.7","2898156","","Industrial building. Roof-suitable for rooftop PV. Verify ownership + contact before outreach."
"Savco Restaurant Equipment","Ny-Nj Port","NY","osm_industrial","osm-379961748","","","","","","","","600","904032","189847","2.7","2898156","","Industrial building. Roof-suitable for rooftop PV. Verify ownership + contact before outreach."
"Bartlett Dairy","Ny-Nj Port","NY","osm_industrial","osm-387229361","","","","","","","","600","904032","189847","2.7","2898156","","Industrial building. Roof-suitable for rooftop PV. Verify ownership + contact before outreach."
"Federal Plastics Corp.","Ny-Nj Port","NY","osm_industrial","osm-389129993","","","","","","","","600","904032","189847","2.7","2898156","","Industrial building. Roof-suitable for rooftop PV. Verify ownership + contact before outreach."
"Cma Cgm","Ny-Nj Port","NY","osm_industrial","osm-406658230","","","","","","","","600","904032","189847","2.7","2898156","","Port building. Roof-suitable for rooftop PV. Verify ownership + contact before outreach."
"Former Site Of Lynne'S Riding Center","Ny-Nj Port","NY","osm_industrial","osm-415715650","","","","","","","","600","904032","189847","2.7","2898156","","Industrial building. Roof-suitable for rooftop PV. Verify ownership + contact before outreach."
"U S Power Generating Company Llc","Ny-Nj Port","NY","osm_industrial","osm-421695210","","","","","","","","600","904032","189847","2.7","2898156","","Industrial building. Roof-suitable for rooftop PV. Verify ownership + contact before outreach."
"Anton Junicic Ent. Used Auto Parts","Ny-Nj Port","NY","osm_industrial","osm-422877911","","","","","","","","600","904032","189847","2.7","2898156","","Auto_wrecker building. Roof-suitable for rooftop PV. Verify ownership + contact before outreach."
"Nj Transit Training Facility","Ny-Nj Port","NY","osm_industrial","osm-439120855","","","","","","","","600","904032","189847","2.7","2898156","","Industrial building. Roof-suitable for rooftop PV. Verify ownership + contact before outreach."
"Naval Station New York","Ny-Nj Port","NY","osm_industrial","osm-455302762","","","","","","","","600","904032","189847","2.7","2898156","","Industrial building. Roof-suitable for rooftop PV. Verify ownership + contact before outreach."
"Maintenance Of Way Shop","Ny-Nj Port","NY","osm_industrial","osm-455302772","","","","","","","","600","904032","189847","2.7","2898156","","Industrial building. Roof-suitable for rooftop PV. Verify ownership + contact before outreach."
"CoreSite NY1","New York","NY","auto_seed","solar-dc-003","","","","","","","","600","904032","189847","2.7","2898156","","NY VDER stack pays better than legacy NEM — premium colo customer ESG ask"
"NewYork-Presbyterian Weill Cornell","New York","NY","auto_seed","solar-med-005","","","","","","","","600","904032","189847","2.7","2898156","","NY VDER stack + ConEd commercial rate"
"Tishman Speyer — Hudson Yards","New York","NY","auto_seed","solar-cre-002","","","","","","","","600","904032","189847","2.7","2898156","","NYC Local Law 97 compliance pressure — LEED Platinum target"
"Long Island Industrial Holdings","Hauppauge","NY","auto_seed","solar-022","","","","","","","","600","904032","189847","2.7","2898156","","6-tenant business park"