company,city,state,source,source_id,naics_code,naics_sector,solar_fit_score,energy_intensity,tax_appetite,recommended_ownership,load_profile,est_system_kw,est_annual_kwh,est_annual_savings_usd,est_net_payback_yrs,est_25yr_npv_p50_usd,sales_script,pitch_angle
"Cardinal Health","Aurora","IL","osm_industrial","osm-25484574","493110","Warehousing / Cold Storage","84","moderate","corporate","direct_purchase","daytime_peak","2000","3013440","331478","1.1","5594604","Distribution centers are the easiest commercial solar installs we do — large clear flat roofs, ground-level interconnect.","Warehouse building. Roof-suitable for rooftop PV. Verify ownership + contact before outreach."
"Menlo Worldwide Logistics","Chicago","IL","osm_industrial","osm-25484593","493110","Warehousing / Cold Storage","84","moderate","corporate","direct_purchase","daytime_peak","2000","3013440","331478","1.1","5594604","Distribution centers are the easiest commercial solar installs we do — large clear flat roofs, ground-level interconnect.","Warehouse building. Roof-suitable for rooftop PV. Verify ownership + contact before outreach."
"Peerless Av","Aurora","IL","osm_industrial","osm-26133801","493110","Warehousing / Cold Storage","84","moderate","corporate","direct_purchase","daytime_peak","2000","3013440","331478","1.1","5594604","Distribution centers are the easiest commercial solar installs we do — large clear flat roofs, ground-level interconnect.","Warehouse building. Roof-suitable for rooftop PV. Verify ownership + contact before outreach."
"Czs Commissary","Chicago","IL","osm_industrial","osm-31466797","493110","Warehousing / Cold Storage","84","moderate","corporate","direct_purchase","daytime_peak","2000","3013440","331478","1.1","5594604","Distribution centers are the easiest commercial solar installs we do — large clear flat roofs, ground-level interconnect.","Warehouse building. Roof-suitable for rooftop PV. Verify ownership + contact before outreach."
"Continental Paper Grading Company","Chicago","IL","osm_industrial","osm-56393272","493110","Warehousing / Cold Storage","84","moderate","corporate","direct_purchase","daytime_peak","2000","3013440","331478","1.1","5594604","Distribution centers are the easiest commercial solar installs we do — large clear flat roofs, ground-level interconnect.","Warehouse building. Roof-suitable for rooftop PV. Verify ownership + contact before outreach."
"Fedex","Chicago","IL","osm_industrial","osm-107116376","493110","Warehousing / Cold Storage","84","moderate","corporate","direct_purchase","daytime_peak","2000","3013440","331478","1.1","5594604","Distribution centers are the easiest commercial solar installs we do — large clear flat roofs, ground-level interconnect.","Warehouse building. Roof-suitable for rooftop PV. Verify ownership + contact before outreach."
"Streamwood Plastics Ltd","Schaumburg","IL","osm_industrial","osm-115878405","493110","Warehousing / Cold Storage","84","moderate","corporate","direct_purchase","daytime_peak","2000","3013440","331478","1.1","5594604","Distribution centers are the easiest commercial solar installs we do — large clear flat roofs, ground-level interconnect.","Warehouse building. Roof-suitable for rooftop PV. Verify ownership + contact before outreach."
"Glanbia","Chicago","IL","osm_industrial","osm-124013565","493110","Warehousing / Cold Storage","84","moderate","corporate","direct_purchase","daytime_peak","2000","3013440","331478","1.1","5594604","Distribution centers are the easiest commercial solar installs we do — large clear flat roofs, ground-level interconnect.","Warehouse building. Roof-suitable for rooftop PV. Verify ownership + contact before outreach."
"The Lock Up","Chicago","IL","osm_industrial","osm-153561244","493110","Warehousing / Cold Storage","84","moderate","corporate","direct_purchase","daytime_peak","2000","3013440","331478","1.1","5594604","Distribution centers are the easiest commercial solar installs we do — large clear flat roofs, ground-level interconnect.","Warehouse building. Roof-suitable for rooftop PV. Verify ownership + contact before outreach."
"Hawthorne Warehouse","Chicago","IL","osm_industrial","osm-162296010","493110","Warehousing / Cold Storage","84","moderate","corporate","direct_purchase","daytime_peak","2000","3013440","331478","1.1","5594604","Distribution centers are the easiest commercial solar installs we do — large clear flat roofs, ground-level interconnect.","Warehouse building. Roof-suitable for rooftop PV. Verify ownership + contact before outreach."
"Airport Maintenance","Chicago","IL","osm_industrial","osm-162501525","493110","Warehousing / Cold Storage","84","moderate","corporate","direct_purchase","daytime_peak","2000","3013440","331478","1.1","5594604","Distribution centers are the easiest commercial solar installs we do — large clear flat roofs, ground-level interconnect.","Warehouse building. Roof-suitable for rooftop PV. Verify ownership + contact before outreach."
"Building 515","Chicago","IL","osm_industrial","osm-163490313","493110","Warehousing / Cold Storage","84","moderate","corporate","direct_purchase","daytime_peak","2000","3013440","331478","1.1","5594604","Distribution centers are the easiest commercial solar installs we do — large clear flat roofs, ground-level interconnect.","Warehouse building. Roof-suitable for rooftop PV. Verify ownership + contact before outreach."
"Airport Maintenance Complex (Amc)","Chicago","IL","osm_industrial","osm-163490314","493110","Warehousing / Cold Storage","84","moderate","corporate","direct_purchase","daytime_peak","2000","3013440","331478","1.1","5594604","Distribution centers are the easiest commercial solar installs we do — large clear flat roofs, ground-level interconnect.","Warehouse building. Roof-suitable for rooftop PV. Verify ownership + contact before outreach."
"Building 513","Chicago","IL","osm_industrial","osm-163490315","493110","Warehousing / Cold Storage","84","moderate","corporate","direct_purchase","daytime_peak","2000","3013440","331478","1.1","5594604","Distribution centers are the easiest commercial solar installs we do — large clear flat roofs, ground-level interconnect.","Warehouse building. Roof-suitable for rooftop PV. Verify ownership + contact before outreach."
"Gate Gourmet Flight Kitchen","Chicago","IL","osm_industrial","osm-163490319","493110","Warehousing / Cold Storage","84","moderate","corporate","direct_purchase","daytime_peak","2000","3013440","331478","1.1","5594604","Distribution centers are the easiest commercial solar installs we do — large clear flat roofs, ground-level interconnect.","Warehouse building. Roof-suitable for rooftop PV. Verify ownership + contact before outreach."
"Building 516","Chicago","IL","osm_industrial","osm-163490320","493110","Warehousing / Cold Storage","84","moderate","corporate","direct_purchase","daytime_peak","2000","3013440","331478","1.1","5594604","Distribution centers are the easiest commercial solar installs we do — large clear flat roofs, ground-level interconnect.","Warehouse building. Roof-suitable for rooftop PV. Verify ownership + contact before outreach."
"Building 517","Chicago","IL","osm_industrial","osm-163490321","493110","Warehousing / Cold Storage","84","moderate","corporate","direct_purchase","daytime_peak","2000","3013440","331478","1.1","5594604","Distribution centers are the easiest commercial solar installs we do — large clear flat roofs, ground-level interconnect.","Warehouse building. Roof-suitable for rooftop PV. Verify ownership + contact before outreach."
"Building 514","Chicago","IL","osm_industrial","osm-163490331","493110","Warehousing / Cold Storage","84","moderate","corporate","direct_purchase","daytime_peak","2000","3013440","331478","1.1","5594604","Distribution centers are the easiest commercial solar installs we do — large clear flat roofs, ground-level interconnect.","Warehouse building. Roof-suitable for rooftop PV. Verify ownership + contact before outreach."
"United States Postal Service","Chicago","IL","osm_industrial","osm-163493066","493110","Warehousing / Cold Storage","84","moderate","corporate","direct_purchase","daytime_peak","2000","3013440","331478","1.1","5594604","Distribution centers are the easiest commercial solar installs we do — large clear flat roofs, ground-level interconnect.","Warehouse building. Roof-suitable for rooftop PV. Verify ownership + contact before outreach."
"Building 617","Chicago","IL","osm_industrial","osm-163493360","493110","Warehousing / Cold Storage","84","moderate","corporate","direct_purchase","daytime_peak","2000","3013440","331478","1.1","5594604","Distribution centers are the easiest commercial solar installs we do — large clear flat roofs, ground-level interconnect.","Warehouse building. Roof-suitable for rooftop PV. Verify ownership + contact before outreach."
"Building 609","Chicago","IL","osm_industrial","osm-163493361","493110","Warehousing / Cold Storage","84","moderate","corporate","direct_purchase","daytime_peak","2000","3013440","331478","1.1","5594604","Distribution centers are the easiest commercial solar installs we do — large clear flat roofs, ground-level interconnect.","Warehouse building. Roof-suitable for rooftop PV. Verify ownership + contact before outreach."
"Fedex","Chicago","IL","osm_industrial","osm-163493373","493110","Warehousing / Cold Storage","84","moderate","corporate","direct_purchase","daytime_peak","2000","3013440","331478","1.1","5594604","Distribution centers are the easiest commercial solar installs we do — large clear flat roofs, ground-level interconnect.","Warehouse building. Roof-suitable for rooftop PV. Verify ownership + contact before outreach."
"Building 630","Chicago","IL","osm_industrial","osm-163493374","493110","Warehousing / Cold Storage","84","moderate","corporate","direct_purchase","daytime_peak","2000","3013440","331478","1.1","5594604","Distribution centers are the easiest commercial solar installs we do — large clear flat roofs, ground-level interconnect.","Warehouse building. Roof-suitable for rooftop PV. Verify ownership + contact before outreach."
"Building 618","Chicago","IL","osm_industrial","osm-163493377","493110","Warehousing / Cold Storage","84","moderate","corporate","direct_purchase","daytime_peak","2000","3013440","331478","1.1","5594604","Distribution centers are the easiest commercial solar installs we do — large clear flat roofs, ground-level interconnect.","Warehouse building. Roof-suitable for rooftop PV. Verify ownership + contact before outreach."
"Building 616","Chicago","IL","osm_industrial","osm-163493378","493110","Warehousing / Cold Storage","84","moderate","corporate","direct_purchase","daytime_peak","2000","3013440","331478","1.1","5594604","Distribution centers are the easiest commercial solar installs we do — large clear flat roofs, ground-level interconnect.","Warehouse building. Roof-suitable for rooftop PV. Verify ownership + contact before outreach."
"Building 663","Chicago","IL","osm_industrial","osm-163493379","493110","Warehousing / Cold Storage","84","moderate","corporate","direct_purchase","daytime_peak","2000","3013440","331478","1.1","5594604","Distribution centers are the easiest commercial solar installs we do — large clear flat roofs, ground-level interconnect.","Warehouse building. Roof-suitable for rooftop PV. Verify ownership + contact before outreach."
"Building 613","Chicago","IL","osm_industrial","osm-163493380","493110","Warehousing / Cold Storage","84","moderate","corporate","direct_purchase","daytime_peak","2000","3013440","331478","1.1","5594604","Distribution centers are the easiest commercial solar installs we do — large clear flat roofs, ground-level interconnect.","Warehouse building. Roof-suitable for rooftop PV. Verify ownership + contact before outreach."
"Building 614","Chicago","IL","osm_industrial","osm-163493390","493110","Warehousing / Cold Storage","84","moderate","corporate","direct_purchase","daytime_peak","2000","3013440","331478","1.1","5594604","Distribution centers are the easiest commercial solar installs we do — large clear flat roofs, ground-level interconnect.","Warehouse building. Roof-suitable for rooftop PV. Verify ownership + contact before outreach."
"Cinespace Kedzie Studio Building","Chicago","IL","osm_industrial","osm-163707031","493110","Warehousing / Cold Storage","84","moderate","corporate","direct_purchase","daytime_peak","2000","3013440","331478","1.1","5594604","Distribution centers are the easiest commercial solar installs we do — large clear flat roofs, ground-level interconnect.","Warehouse building. Roof-suitable for rooftop PV. Verify ownership + contact before outreach."
"Tony'S Wholesale","Chicago","IL","osm_industrial","osm-163884349","493110","Warehousing / Cold Storage","84","moderate","corporate","direct_purchase","daytime_peak","2000","3013440","331478","1.1","5594604","Distribution centers are the easiest commercial solar installs we do — large clear flat roofs, ground-level interconnect.","Warehouse building. Roof-suitable for rooftop PV. Verify ownership + contact before outreach."
"Acuity Brands Lighting","Chicago","IL","osm_industrial","osm-164461304","493110","Warehousing / Cold Storage","84","moderate","corporate","direct_purchase","daytime_peak","2000","3013440","331478","1.1","5594604","Distribution centers are the easiest commercial solar installs we do — large clear flat roofs, ground-level interconnect.","Warehouse building. Roof-suitable for rooftop PV. Verify ownership + contact before outreach."
"Amazon","Chicago","IL","osm_industrial","osm-165232196","493110","Warehousing / Cold Storage","84","moderate","corporate","direct_purchase","daytime_peak","2000","3013440","331478","1.1","5594604","Distribution centers are the easiest commercial solar installs we do — large clear flat roofs, ground-level interconnect.","Warehouse building. Roof-suitable for rooftop PV. Verify ownership + contact before outreach."
"Goose Island Barrel Warehouse","Chicago","IL","osm_industrial","osm-209383265","493110","Warehousing / Cold Storage","84","moderate","corporate","direct_purchase","daytime_peak","2000","3013440","331478","1.1","5594604","Distribution centers are the easiest commercial solar installs we do — large clear flat roofs, ground-level interconnect.","Warehouse building. Roof-suitable for rooftop PV. Verify ownership + contact before outreach."
"Flow Products Inc","Chicago","IL","osm_industrial","osm-209463963","493110","Warehousing / Cold Storage","84","moderate","corporate","direct_purchase","daytime_peak","2000","3013440","331478","1.1","5594604","Distribution centers are the easiest commercial solar installs we do — large clear flat roofs, ground-level interconnect.","Warehouse building. Roof-suitable for rooftop PV. Verify ownership + contact before outreach."
"Ashland Cold Storage","Chicago","IL","osm_industrial","osm-209708329","493110","Warehousing / Cold Storage","84","moderate","corporate","direct_purchase","daytime_peak","2000","3013440","331478","1.1","5594604","Distribution centers are the easiest commercial solar installs we do — large clear flat roofs, ground-level interconnect.","Warehouse building. Roof-suitable for rooftop PV. Verify ownership + contact before outreach."
"Anthony Marano Co","Chicago","IL","osm_industrial","osm-209711673","493110","Warehousing / Cold Storage","84","moderate","corporate","direct_purchase","daytime_peak","2000","3013440","331478","1.1","5594604","Distribution centers are the easiest commercial solar installs we do — large clear flat roofs, ground-level interconnect.","Warehouse building. Roof-suitable for rooftop PV. Verify ownership + contact before outreach."
"Public Storage","Chicago","IL","osm_industrial","osm-209713687","493110","Warehousing / Cold Storage","84","moderate","corporate","direct_purchase","daytime_peak","2000","3013440","331478","1.1","5594604","Distribution centers are the easiest commercial solar installs we do — large clear flat roofs, ground-level interconnect.","Warehouse building. Roof-suitable for rooftop PV. Verify ownership + contact before outreach."
"Chicago International Produce Market","Chicago","IL","osm_industrial","osm-209786535","493110","Warehousing / Cold Storage","84","moderate","corporate","direct_purchase","daytime_peak","2000","3013440","331478","1.1","5594604","Distribution centers are the easiest commercial solar installs we do — large clear flat roofs, ground-level interconnect.","Warehouse building. Roof-suitable for rooftop PV. Verify ownership + contact before outreach."
"Bataglia Distribution","Chicago","IL","osm_industrial","osm-209786537","493110","Warehousing / Cold Storage","84","moderate","corporate","direct_purchase","daytime_peak","2000","3013440","331478","1.1","5594604","Distribution centers are the easiest commercial solar installs we do — large clear flat roofs, ground-level interconnect.","Warehouse building. Roof-suitable for rooftop PV. Verify ownership + contact before outreach."
"Food Industry Distribution","Chicago","IL","osm_industrial","osm-209786549","493110","Warehousing / Cold Storage","84","moderate","corporate","direct_purchase","daytime_peak","2000","3013440","331478","1.1","5594604","Distribution centers are the easiest commercial solar installs we do — large clear flat roofs, ground-level interconnect.","Warehouse building. Roof-suitable for rooftop PV. Verify ownership + contact before outreach."
"Bataglia Distribution","Chicago","IL","osm_industrial","osm-209786623","493110","Warehousing / Cold Storage","84","moderate","corporate","direct_purchase","daytime_peak","2000","3013440","331478","1.1","5594604","Distribution centers are the easiest commercial solar installs we do — large clear flat roofs, ground-level interconnect.","Warehouse building. Roof-suitable for rooftop PV. Verify ownership + contact before outreach."
"Public Storage","Chicago","IL","osm_industrial","osm-209881179","493110","Warehousing / Cold Storage","84","moderate","corporate","direct_purchase","daytime_peak","2000","3013440","331478","1.1","5594604","Distribution centers are the easiest commercial solar installs we do — large clear flat roofs, ground-level interconnect.","Warehouse building. Roof-suitable for rooftop PV. Verify ownership + contact before outreach."
"Northwestern Terra Cotta Company Building","Chicago","IL","osm_industrial","osm-209881201","493110","Warehousing / Cold Storage","84","moderate","corporate","direct_purchase","daytime_peak","2000","3013440","331478","1.1","5594604","Distribution centers are the easiest commercial solar installs we do — large clear flat roofs, ground-level interconnect.","Warehouse building. Roof-suitable for rooftop PV. Verify ownership + contact before outreach."
"Columbia Pipe & Supply Co.","Chicago","IL","osm_industrial","osm-210164411","493110","Warehousing / Cold Storage","84","moderate","corporate","direct_purchase","daytime_peak","2000","3013440","331478","1.1","5594604","Distribution centers are the easiest commercial solar installs we do — large clear flat roofs, ground-level interconnect.","Warehouse building. Roof-suitable for rooftop PV. Verify ownership + contact before outreach."
"Spiegel Office Building","Chicago","IL","osm_industrial","osm-210167428","493110","Warehousing / Cold Storage","84","moderate","corporate","direct_purchase","daytime_peak","2000","3013440","331478","1.1","5594604","Distribution centers are the easiest commercial solar installs we do — large clear flat roofs, ground-level interconnect.","Warehouse building. Roof-suitable for rooftop PV. Verify ownership + contact before outreach."
"Midwest Carpet & Flooring","Chicago","IL","osm_industrial","osm-210167624","493110","Warehousing / Cold Storage","84","moderate","corporate","direct_purchase","daytime_peak","2000","3013440","331478","1.1","5594604","Distribution centers are the easiest commercial solar installs we do — large clear flat roofs, ground-level interconnect.","Warehouse building. Roof-suitable for rooftop PV. Verify ownership + contact before outreach."
"Geodis Building 18","Edwardsville","IL","osm_industrial","osm-237458151","493110","Warehousing / Cold Storage","84","moderate","corporate","direct_purchase","daytime_peak","2000","3013440","331478","1.1","5594604","Distribution centers are the easiest commercial solar installs we do — large clear flat roofs, ground-level interconnect.","Warehouse building. Roof-suitable for rooftop PV. Verify ownership + contact before outreach."
"Turner Electric","Edwardsville","IL","osm_industrial","osm-237458741","493110","Warehousing / Cold Storage","84","moderate","corporate","direct_purchase","daytime_peak","2000","3013440","331478","1.1","5594604","Distribution centers are the easiest commercial solar installs we do — large clear flat roofs, ground-level interconnect.","Warehouse building. Roof-suitable for rooftop PV. Verify ownership + contact before outreach."
"Hershey Midwest Distribution Center","Edwardsville","IL","osm_industrial","osm-237458888","493110","Warehousing / Cold Storage","84","moderate","corporate","direct_purchase","daytime_peak","2000","3013440","331478","1.1","5594604","Distribution centers are the easiest commercial solar installs we do — large clear flat roofs, ground-level interconnect.","Warehouse building. Roof-suitable for rooftop PV. Verify ownership + contact before outreach."
"Unilever","Edwardsville","IL","osm_industrial","osm-237459639","493110","Warehousing / Cold Storage","84","moderate","corporate","direct_purchase","daytime_peak","2000","3013440","331478","1.1","5594604","Distribution centers are the easiest commercial solar installs we do — large clear flat roofs, ground-level interconnect.","Warehouse building. Roof-suitable for rooftop PV. Verify ownership + contact before outreach."
"Db Schenker","Edwardsville","IL","osm_industrial","osm-568773830","493110","Warehousing / Cold Storage","84","moderate","corporate","direct_purchase","daytime_peak","2000","3013440","331478","1.1","5594604","Distribution centers are the easiest commercial solar installs we do — large clear flat roofs, ground-level interconnect.","Warehouse building. Roof-suitable for rooftop PV. Verify ownership + contact before outreach."
"Amazon","Edwardsville","IL","osm_industrial","osm-568773832","493110","Warehousing / Cold Storage","84","moderate","corporate","direct_purchase","daytime_peak","2000","3013440","331478","1.1","5594604","Distribution centers are the easiest commercial solar installs we do — large clear flat roofs, ground-level interconnect.","Warehouse building. Roof-suitable for rooftop PV. Verify ownership + contact before outreach."
"Amazon","Hartford","IL","osm_industrial","osm-568775092","493110","Warehousing / Cold Storage","84","moderate","corporate","direct_purchase","daytime_peak","2000","3013440","331478","1.1","5594604","Distribution centers are the easiest commercial solar installs we do — large clear flat roofs, ground-level interconnect.","Warehouse building. Roof-suitable for rooftop PV. Verify ownership + contact before outreach."
"The Fox Warehouse","East Saint Louis","IL","osm_industrial","osm-655493243","493110","Warehousing / Cold Storage","84","moderate","corporate","direct_purchase","daytime_peak","2000","3013440","331478","1.1","5594604","Distribution centers are the easiest commercial solar installs we do — large clear flat roofs, ground-level interconnect.","Warehouse building. Roof-suitable for rooftop PV. Verify ownership + contact before outreach."
"Polarville Refrigerated Warehouse","Fairmont City","IL","osm_industrial","osm-656375133","493110","Warehousing / Cold Storage","84","moderate","corporate","direct_purchase","daytime_peak","2000","3013440","331478","1.1","5594604","Distribution centers are the easiest commercial solar installs we do — large clear flat roofs, ground-level interconnect.","Warehouse building. Roof-suitable for rooftop PV. Verify ownership + contact before outreach."
"Worldwide Technologies","Edwardsville","IL","osm_industrial","osm-709360366","493110","Warehousing / Cold Storage","84","moderate","corporate","direct_purchase","daytime_peak","2000","3013440","331478","1.1","5594604","Distribution centers are the easiest commercial solar installs we do — large clear flat roofs, ground-level interconnect.","Warehouse building. Roof-suitable for rooftop PV. Verify ownership + contact before outreach."
"Worldwide Technologies","Edwardsville","IL","osm_industrial","osm-709361841","493110","Warehousing / Cold Storage","84","moderate","corporate","direct_purchase","daytime_peak","2000","3013440","331478","1.1","5594604","Distribution centers are the easiest commercial solar installs we do — large clear flat roofs, ground-level interconnect.","Warehouse building. Roof-suitable for rooftop PV. Verify ownership + contact before outreach."
"Geodis-Hallmark","Edwardsville","IL","osm_industrial","osm-709362535","493110","Warehousing / Cold Storage","84","moderate","corporate","direct_purchase","daytime_peak","2000","3013440","331478","1.1","5594604","Distribution centers are the easiest commercial solar installs we do — large clear flat roofs, ground-level interconnect.","Warehouse building. Roof-suitable for rooftop PV. Verify ownership + contact before outreach."
"Amazon","Edwardsville","IL","osm_industrial","osm-950802556","493110","Warehousing / Cold Storage","84","moderate","corporate","direct_purchase","daytime_peak","2000","3013440","331478","1.1","5594604","Distribution centers are the easiest commercial solar installs we do — large clear flat roofs, ground-level interconnect.","Warehouse building. Roof-suitable for rooftop PV. Verify ownership + contact before outreach."
"Amazon","Pontoon Beach","IL","osm_industrial","osm-1011605813","493110","Warehousing / Cold Storage","84","moderate","corporate","direct_purchase","daytime_peak","2000","3013440","331478","1.1","5594604","Distribution centers are the easiest commercial solar installs we do — large clear flat roofs, ground-level interconnect.","Warehouse building. Roof-suitable for rooftop PV. Verify ownership + contact before outreach."
"Anheuser Bush","Edwardsville","IL","osm_industrial","osm-1143807417","493110","Warehousing / Cold Storage","84","moderate","corporate","direct_purchase","daytime_peak","2000","3013440","331478","1.1","5594604","Distribution centers are the easiest commercial solar installs we do — large clear flat roofs, ground-level interconnect.","Warehouse building. Roof-suitable for rooftop PV. Verify ownership + contact before outreach."
"Phillip 66","Edwardsville","IL","osm_industrial","osm-1143807419","493110","Warehousing / Cold Storage","84","moderate","corporate","direct_purchase","daytime_peak","2000","3013440","331478","1.1","5594604","Distribution centers are the easiest commercial solar installs we do — large clear flat roofs, ground-level interconnect.","Warehouse building. Roof-suitable for rooftop PV. Verify ownership + contact before outreach."
"Lowe'S Adc","Edwardsville","IL","osm_industrial","osm-1143807420","493110","Warehousing / Cold Storage","84","moderate","corporate","direct_purchase","daytime_peak","2000","3013440","331478","1.1","5594604","Distribution centers are the easiest commercial solar installs we do — large clear flat roofs, ground-level interconnect.","Warehouse building. Roof-suitable for rooftop PV. Verify ownership + contact before outreach."
"Chicagoland Logistics Hub","Joliet","IL","auto_seed","solar-025","493110","Warehousing / Cold Storage","84","moderate","corporate","direct_purchase","daytime_peak","2000","3013440","331478","1.1","5594604","Distribution centers are the easiest commercial solar installs we do — large clear flat roofs, ground-level interconnect.","420,000 sqft single-story warehouse"
"Tyson Fresh Meats Inc","Hillsdale","IL","epa_ghgrp","epa-1000037","333","Heavy Manufacturing","80","high","corporate","direct_purchase","industrial_shift","1140","1717661","188943","1.1","3188934","","Food manufacturing — 2022 EPA GHG Reporter. NAICS 311611. Pre-qualified high-energy solar candidate."
"Ingredion Incorporated Argo Plant","Bedford Park","IL","epa_ghgrp","epa-1000261","333","Heavy Manufacturing","80","high","corporate","direct_purchase","industrial_shift","1140","1717661","188943","1.1","3188934","","Food manufacturing — 2022 EPA GHG Reporter. NAICS 311221. Pre-qualified high-energy solar candidate."
"Primary Products Ingredients Americas Llc - Decatur","Decatur","IL","epa_ghgrp","epa-1000334","333","Heavy Manufacturing","80","high","corporate","direct_purchase","industrial_shift","1140","1717661","188943","1.1","3188934","","Food manufacturing — 2022 EPA GHG Reporter. NAICS 311221. Pre-qualified high-energy solar candidate."
"Koppers Inc. Stickney Plant","Cicero","IL","epa_ghgrp","epa-1000336","333","Heavy Manufacturing","80","high","corporate","direct_purchase","industrial_shift","1140","1717661","188943","1.1","3188934","","Chemical manufacturing — 2022 EPA GHG Reporter. NAICS 325110. Pre-qualified high-energy solar candidate."
"Equistar Chemicals Lp","Morris","IL","epa_ghgrp","epa-1000342","333","Heavy Manufacturing","80","high","corporate","direct_purchase","industrial_shift","1140","1717661","188943","1.1","3188934","","Chemical manufacturing — 2022 EPA GHG Reporter. NAICS 325110. Pre-qualified high-energy solar candidate."
"Kensing Llc","Kankakee","IL","epa_ghgrp","epa-1000356","333","Heavy Manufacturing","80","high","corporate","direct_purchase","industrial_shift","1140","1717661","188943","1.1","3188934","","Chemical manufacturing — 2022 EPA GHG Reporter. NAICS 325613. Pre-qualified high-energy solar candidate."
"Adm Quincy","Quincy","IL","epa_ghgrp","epa-1000376","333","Heavy Manufacturing","80","high","corporate","direct_purchase","industrial_shift","1140","1717661","188943","1.1","3188934","","Food manufacturing — 2022 EPA GHG Reporter. NAICS 311224. Pre-qualified high-energy solar candidate."
"Biourja Renewables Llc","Peoria","IL","epa_ghgrp","epa-1000466","333","Heavy Manufacturing","80","high","corporate","direct_purchase","industrial_shift","1140","1717661","188943","1.1","3188934","","Chemical manufacturing — 2022 EPA GHG Reporter. NAICS 325193. Pre-qualified high-energy solar candidate."
"Honeywell International Inc","Metropolis","IL","epa_ghgrp","epa-1000631","333","Heavy Manufacturing","80","high","corporate","direct_purchase","industrial_shift","1140","1717661","188943","1.1","3188934","","Chemical manufacturing — 2022 EPA GHG Reporter. NAICS 325180. Pre-qualified high-energy solar candidate."
"Vantage Oleochemicals","Chicago","IL","epa_ghgrp","epa-1001336","333","Heavy Manufacturing","80","high","corporate","direct_purchase","industrial_shift","1140","1717661","188943","1.1","3188934","","Chemical manufacturing — 2022 EPA GHG Reporter. NAICS 325199. Pre-qualified high-energy solar candidate."
"Olin Winchester, Llc","East Alton","IL","epa_ghgrp","epa-1001717","333","Heavy Manufacturing","80","high","corporate","direct_purchase","industrial_shift","1140","1717661","188943","1.1","3188934","","Heavy manufacturing — 2022 EPA GHG Reporter. NAICS 332992. Pre-qualified high-energy solar candidate."
"John Deere Harvester Works","East Moline","IL","epa_ghgrp","epa-1001732","333","Heavy Manufacturing","80","high","corporate","direct_purchase","industrial_shift","1140","1717661","188943","1.1","3188934","","Heavy manufacturing — 2022 EPA GHG Reporter. NAICS 333111. Pre-qualified high-energy solar candidate."
"Matheson - Lemont Plant","Romeoville","IL","epa_ghgrp","epa-1002044","333","Heavy Manufacturing","80","high","corporate","direct_purchase","industrial_shift","1140","1717661","188943","1.1","3188934","","Chemical manufacturing — 2022 EPA GHG Reporter. NAICS 325120. Pre-qualified high-energy solar candidate."
"Mondelez Global Llc","Chicago","IL","epa_ghgrp","epa-1002194","333","Heavy Manufacturing","80","high","corporate","direct_purchase","industrial_shift","1140","1717661","188943","1.1","3188934","","Food manufacturing — 2022 EPA GHG Reporter. NAICS 311821. Pre-qualified high-energy solar candidate."
"Jbs/Swift Pork Company","Beardstown","IL","epa_ghgrp","epa-1002346","333","Heavy Manufacturing","80","high","corporate","direct_purchase","industrial_shift","1140","1717661","188943","1.1","3188934","","Food manufacturing — 2022 EPA GHG Reporter. NAICS 311611. Pre-qualified high-energy solar candidate."
"One Earth Energy Llc","Gibson City","IL","epa_ghgrp","epa-1002356","333","Heavy Manufacturing","80","high","corporate","direct_purchase","industrial_shift","1140","1717661","188943","1.1","3188934","","Chemical manufacturing — 2022 EPA GHG Reporter. NAICS 325193. Pre-qualified high-energy solar candidate."
"Fca Belvidere Assembly Plant","Belvidere","IL","epa_ghgrp","epa-1002357","333","Heavy Manufacturing","80","high","corporate","direct_purchase","industrial_shift","1140","1717661","188943","1.1","3188934","","Heavy manufacturing — 2022 EPA GHG Reporter. NAICS 336110. Pre-qualified high-energy solar candidate."
"Caterpillar Inc. - East Peoria Plant","East Peoria","IL","epa_ghgrp","epa-1002575","333","Heavy Manufacturing","80","high","corporate","direct_purchase","industrial_shift","1140","1717661","188943","1.1","3188934","","Heavy manufacturing — 2022 EPA GHG Reporter. NAICS 333120. Pre-qualified high-energy solar candidate."
"Solae Co Gibson","Gibson City","IL","epa_ghgrp","epa-1002614","333","Heavy Manufacturing","80","high","corporate","direct_purchase","industrial_shift","1140","1717661","188943","1.1","3188934","","Food manufacturing — 2022 EPA GHG Reporter. NAICS 311224. Pre-qualified high-energy solar candidate."
"Nucor Steel Kankakee, Inc.","Bourbonnais","IL","epa_ghgrp","epa-1002621","333","Heavy Manufacturing","80","high","corporate","direct_purchase","industrial_shift","1140","1717661","188943","1.1","3188934","","Heavy manufacturing — 2022 EPA GHG Reporter. NAICS 331110. Pre-qualified high-energy solar candidate."
"Mexichem Specialty Resins, Inc.","Henry","IL","epa_ghgrp","epa-1002652","333","Heavy Manufacturing","80","high","corporate","direct_purchase","industrial_shift","1140","1717661","188943","1.1","3188934","","Chemical manufacturing — 2022 EPA GHG Reporter. NAICS 325211. Pre-qualified high-energy solar candidate."
"Hudson Technologies Co","Champaign","IL","epa_ghgrp","epa-1002695","333","Heavy Manufacturing","80","high","corporate","direct_purchase","industrial_shift","1140","1717661","188943","1.1","3188934","","Chemical manufacturing — 2022 EPA GHG Reporter. NAICS 325120. Pre-qualified high-energy solar candidate."
"Nichols Aluminum Lincolnshire","Lincolnshire","IL","epa_ghgrp","epa-1002935","333","Heavy Manufacturing","80","high","corporate","direct_purchase","industrial_shift","1140","1717661","188943","1.1","3188934","","Heavy manufacturing — 2022 EPA GHG Reporter. NAICS 331315. Pre-qualified high-energy solar candidate."
"North Chicago Facility","North Chicago","IL","epa_ghgrp","epa-1002975","333","Heavy Manufacturing","80","high","corporate","direct_purchase","industrial_shift","1140","1717661","188943","1.1","3188934","","Chemical manufacturing — 2022 EPA GHG Reporter. NAICS 325411. Pre-qualified high-energy solar candidate."
"Alton Steel Company","Alton","IL","epa_ghgrp","epa-1003268","333","Heavy Manufacturing","80","high","corporate","direct_purchase","industrial_shift","1140","1717661","188943","1.1","3188934","","Heavy manufacturing — 2022 EPA GHG Reporter. NAICS 331110. Pre-qualified high-energy solar candidate."
"Adkins Energy Llc","Lena","IL","epa_ghgrp","epa-1003422","333","Heavy Manufacturing","80","high","corporate","direct_purchase","industrial_shift","1140","1717661","188943","1.1","3188934","","Chemical manufacturing — 2022 EPA GHG Reporter. NAICS 325193. Pre-qualified high-energy solar candidate."
"Tc Industries Inc","Crystal Lake","IL","epa_ghgrp","epa-1003473","333","Heavy Manufacturing","80","high","corporate","direct_purchase","industrial_shift","1140","1717661","188943","1.1","3188934","","Heavy manufacturing — 2022 EPA GHG Reporter. NAICS 332811. Pre-qualified high-energy solar candidate."
"Amsted Rail Company, Inc.","Granite City","IL","epa_ghgrp","epa-1003757","333","Heavy Manufacturing","80","high","corporate","direct_purchase","industrial_shift","1140","1717661","188943","1.1","3188934","","Heavy manufacturing — 2022 EPA GHG Reporter. NAICS 331513. Pre-qualified high-energy solar candidate."
"Sabic Innovative Plastics Us Llc","Ottawa","IL","epa_ghgrp","epa-1003842","333","Heavy Manufacturing","80","high","corporate","direct_purchase","industrial_shift","1140","1717661","188943","1.1","3188934","","Chemical manufacturing — 2022 EPA GHG Reporter. NAICS 325211. Pre-qualified high-energy solar candidate."
"Carus Corp","La Salle","IL","epa_ghgrp","epa-1003956","333","Heavy Manufacturing","80","high","corporate","direct_purchase","industrial_shift","1140","1717661","188943","1.1","3188934","","Chemical manufacturing — 2022 EPA GHG Reporter. NAICS 325188. Pre-qualified high-energy solar candidate."
"Caterpillar Inc","Montgomery","IL","epa_ghgrp","epa-1003985","333","Heavy Manufacturing","80","high","corporate","direct_purchase","industrial_shift","1140","1717661","188943","1.1","3188934","","Heavy manufacturing — 2022 EPA GHG Reporter. NAICS 333120. Pre-qualified high-energy solar candidate."
"Incobrasa Industries Ltd","Gilman","IL","epa_ghgrp","epa-1004033","333","Heavy Manufacturing","80","high","corporate","direct_purchase","industrial_shift","1140","1717661","188943","1.1","3188934","","Food manufacturing — 2022 EPA GHG Reporter. NAICS 311224. Pre-qualified high-energy solar candidate."
"Chs-Rochelle","Rochelle","IL","epa_ghgrp","epa-1004276","333","Heavy Manufacturing","80","high","corporate","direct_purchase","industrial_shift","1140","1717661","188943","1.1","3188934","","Chemical manufacturing — 2022 EPA GHG Reporter. NAICS 325193. Pre-qualified high-energy solar candidate."
"Befesa Zinc Us Inc","Chicago","IL","epa_ghgrp","epa-1004427","333","Heavy Manufacturing","80","high","corporate","direct_purchase","industrial_shift","1140","1717661","188943","1.1","3188934","","Heavy manufacturing — 2022 EPA GHG Reporter. NAICS 331492. Pre-qualified high-energy solar candidate."
"Wieland Rolled Products North America","East Alton","IL","epa_ghgrp","epa-1004542","333","Heavy Manufacturing","80","high","corporate","direct_purchase","industrial_shift","1140","1717661","188943","1.1","3188934","","Heavy manufacturing — 2022 EPA GHG Reporter. NAICS 331420. Pre-qualified high-energy solar candidate."
"Lincolnland Agri-Energy Llc","Palestine","IL","epa_ghgrp","epa-1004668","333","Heavy Manufacturing","80","high","corporate","direct_purchase","industrial_shift","1140","1717661","188943","1.1","3188934","","Chemical manufacturing — 2022 EPA GHG Reporter. NAICS 325193. Pre-qualified high-energy solar candidate."
"Bunge Loders Croklaan Usa, Llc","Channahon","IL","epa_ghgrp","epa-1004708","333","Heavy Manufacturing","80","high","corporate","direct_purchase","industrial_shift","1140","1717661","188943","1.1","3188934","","Food manufacturing — 2022 EPA GHG Reporter. NAICS 311225. Pre-qualified high-energy solar candidate."
"Keystone Steel & Wire Co","Peoria","IL","epa_ghgrp","epa-1004811","333","Heavy Manufacturing","80","high","corporate","direct_purchase","industrial_shift","1140","1717661","188943","1.1","3188934","","Heavy manufacturing — 2022 EPA GHG Reporter. NAICS 331110. Pre-qualified high-energy solar candidate."
"Blue Island Phenol Llc","Blue Island","IL","epa_ghgrp","epa-1004869","333","Heavy Manufacturing","80","high","corporate","direct_purchase","industrial_shift","1140","1717661","188943","1.1","3188934","","Chemical manufacturing — 2022 EPA GHG Reporter. NAICS 325192. Pre-qualified high-energy solar candidate."
"Bunge Chevron Ag Renewables Llc  Cairo Facility","Cairo","IL","epa_ghgrp","epa-1005019","333","Heavy Manufacturing","80","high","corporate","direct_purchase","industrial_shift","1140","1717661","188943","1.1","3188934","","Food manufacturing — 2022 EPA GHG Reporter. NAICS 311224. Pre-qualified high-energy solar candidate."
"Bunge Oil","Bradley","IL","epa_ghgrp","epa-1005076","333","Heavy Manufacturing","80","high","corporate","direct_purchase","industrial_shift","1140","1717661","188943","1.1","3188934","","Food manufacturing — 2022 EPA GHG Reporter. NAICS 311225. Pre-qualified high-energy solar candidate."
"Green Plains Madison Llc","Madison","IL","epa_ghgrp","epa-1005170","333","Heavy Manufacturing","80","high","corporate","direct_purchase","industrial_shift","1140","1717661","188943","1.1","3188934","","Chemical manufacturing — 2022 EPA GHG Reporter. NAICS 325193. Pre-qualified high-energy solar candidate."
"Progress Rail Locomotive Inc","Mccook","IL","epa_ghgrp","epa-1005197","333","Heavy Manufacturing","80","high","corporate","direct_purchase","industrial_shift","1140","1717661","188943","1.1","3188934","","Heavy manufacturing — 2022 EPA GHG Reporter. NAICS 336510. Pre-qualified high-energy solar candidate."
"Pq Corporation - Gurnee, Il","Gurnee","IL","epa_ghgrp","epa-1005229","333","Heavy Manufacturing","80","high","corporate","direct_purchase","industrial_shift","1140","1717661","188943","1.1","3188934","","Chemical manufacturing — 2022 EPA GHG Reporter. NAICS 325188. Pre-qualified high-energy solar candidate."
"Stepan Co","Elwood","IL","epa_ghgrp","epa-1005292","333","Heavy Manufacturing","80","high","corporate","direct_purchase","industrial_shift","1140","1717661","188943","1.1","3188934","","Chemical manufacturing — 2022 EPA GHG Reporter. NAICS 325613. Pre-qualified high-energy solar candidate."
"Marquis Energy - Illinois Llc","Hennepin","IL","epa_ghgrp","epa-1005374","333","Heavy Manufacturing","80","high","corporate","direct_purchase","industrial_shift","1140","1717661","188943","1.1","3188934","","Chemical manufacturing — 2022 EPA GHG Reporter. NAICS 325193. Pre-qualified high-energy solar candidate."
"Evonik Corporation","Mapleton","IL","epa_ghgrp","epa-1005465","333","Heavy Manufacturing","80","high","corporate","direct_purchase","industrial_shift","1140","1717661","188943","1.1","3188934","","Chemical manufacturing — 2022 EPA GHG Reporter. NAICS 325199. Pre-qualified high-energy solar candidate."
"East Dubuque Nitrogen Fertilizers, Llc","East Dubuque","IL","epa_ghgrp","epa-1005502","333","Heavy Manufacturing","80","high","corporate","direct_purchase","industrial_shift","1140","1717661","188943","1.1","3188934","","Chemical manufacturing — 2022 EPA GHG Reporter. NAICS 325311. Pre-qualified high-energy solar candidate."
"Csl Behring Llc","Bradley","IL","epa_ghgrp","epa-1005577","333","Heavy Manufacturing","80","high","corporate","direct_purchase","industrial_shift","1140","1717661","188943","1.1","3188934","","Chemical manufacturing — 2022 EPA GHG Reporter. NAICS 325414. Pre-qualified high-energy solar candidate."
"Archer Daniels Midland Co.","Decatur","IL","epa_ghgrp","epa-1005661","333","Heavy Manufacturing","80","high","corporate","direct_purchase","industrial_shift","1140","1717661","188943","1.1","3188934","","Food manufacturing — 2022 EPA GHG Reporter. NAICS 311221. Pre-qualified high-energy solar candidate."
"Air Products And Chemicals, Inc. - Joliet, Il H2 Plant","Channahon","IL","epa_ghgrp","epa-1005852","333","Heavy Manufacturing","80","high","corporate","direct_purchase","industrial_shift","1140","1717661","188943","1.1","3188934","","Chemical manufacturing — 2022 EPA GHG Reporter. NAICS 325120. Pre-qualified high-energy solar candidate."
"Bunge Milling Inc","Danville","IL","epa_ghgrp","epa-1005954","333","Heavy Manufacturing","80","high","corporate","direct_purchase","industrial_shift","1140","1717661","188943","1.1","3188934","","Food manufacturing — 2022 EPA GHG Reporter. NAICS 311211. Pre-qualified high-energy solar candidate."
"Caterpillar Inc.-Mapleton","Mapleton","IL","epa_ghgrp","epa-1005990","333","Heavy Manufacturing","80","high","corporate","direct_purchase","industrial_shift","1140","1717661","188943","1.1","3188934","","Heavy manufacturing — 2022 EPA GHG Reporter. NAICS 331511. Pre-qualified high-energy solar candidate."
"Us Steel - Granite City","Granite City","IL","epa_ghgrp","epa-1006041","333","Heavy Manufacturing","80","high","corporate","direct_purchase","industrial_shift","1140","1717661","188943","1.1","3188934","","Heavy manufacturing — 2022 EPA GHG Reporter. NAICS 331110. Pre-qualified high-energy solar candidate."
"Sterling Steel Company Llc","Sterling","IL","epa_ghgrp","epa-1006269","333","Heavy Manufacturing","80","high","corporate","direct_purchase","industrial_shift","1140","1717661","188943","1.1","3188934","","Heavy manufacturing — 2022 EPA GHG Reporter. NAICS 331110. Pre-qualified high-energy solar candidate."
"Cleveland-Cliffs Riverdale Llc","Riverdale","IL","epa_ghgrp","epa-1006325","333","Heavy Manufacturing","80","high","corporate","direct_purchase","industrial_shift","1140","1717661","188943","1.1","3188934","","Heavy manufacturing — 2022 EPA GHG Reporter. NAICS 331110. Pre-qualified high-energy solar candidate."
"Finkl & Sons Co","Chicago","IL","epa_ghgrp","epa-1006436","333","Heavy Manufacturing","80","high","corporate","direct_purchase","industrial_shift","1140","1717661","188943","1.1","3188934","","Heavy manufacturing — 2022 EPA GHG Reporter. NAICS 331111. Pre-qualified high-energy solar candidate."
"Patriot Renewable Fuels Llc","Annawan","IL","epa_ghgrp","epa-1006469","333","Heavy Manufacturing","80","high","corporate","direct_purchase","industrial_shift","1140","1717661","188943","1.1","3188934","","Chemical manufacturing — 2022 EPA GHG Reporter. NAICS 325193. Pre-qualified high-energy solar candidate."
"Pacific Ethanol Canton, Llc","Canton","IL","epa_ghgrp","epa-1006491","333","Heavy Manufacturing","80","high","corporate","direct_purchase","industrial_shift","1140","1717661","188943","1.1","3188934","","Chemical manufacturing — 2022 EPA GHG Reporter. NAICS 325193. Pre-qualified high-energy solar candidate."
"Solvay Usa","Chicago Heights","IL","epa_ghgrp","epa-1006664","333","Heavy Manufacturing","80","high","corporate","direct_purchase","industrial_shift","1140","1717661","188943","1.1","3188934","","Chemical manufacturing — 2022 EPA GHG Reporter. NAICS 325180. Pre-qualified high-energy solar candidate."
"3m Chemical Operations' Cordova Facility","Cordova","IL","epa_ghgrp","epa-1006665","333","Heavy Manufacturing","80","high","corporate","direct_purchase","industrial_shift","1140","1717661","188943","1.1","3188934","","Chemical manufacturing — 2022 EPA GHG Reporter. NAICS 325998. Pre-qualified high-energy solar candidate."
"Ford Motor Company - Chicago Assembly Plant","Chicago","IL","epa_ghgrp","epa-1006752","333","Heavy Manufacturing","80","high","corporate","direct_purchase","industrial_shift","1140","1717661","188943","1.1","3188934","","Heavy manufacturing — 2022 EPA GHG Reporter. NAICS 336110. Pre-qualified high-energy solar candidate."
"Big River Resources Galva Llc","Galva","IL","epa_ghgrp","epa-1006787","333","Heavy Manufacturing","80","high","corporate","direct_purchase","industrial_shift","1140","1717661","188943","1.1","3188934","","Chemical manufacturing — 2022 EPA GHG Reporter. NAICS 325193. Pre-qualified high-energy solar candidate."
"Hamiliton Sunstrand","Rockford","IL","epa_ghgrp","epa-1007076","333","Heavy Manufacturing","80","high","corporate","direct_purchase","industrial_shift","1140","1717661","188943","1.1","3188934","","Heavy manufacturing — 2022 EPA GHG Reporter. NAICS 336413. Pre-qualified high-energy solar candidate."
"Hamilton Sundstrand - Plant 6","Rockford","IL","epa_ghgrp","epa-1007077","333","Heavy Manufacturing","80","high","corporate","direct_purchase","industrial_shift","1140","1717661","188943","1.1","3188934","","Heavy manufacturing — 2022 EPA GHG Reporter. NAICS 336413. Pre-qualified high-energy solar candidate."
"Equistar Tuscola Plant","Tuscola","IL","epa_ghgrp","epa-1007110","333","Heavy Manufacturing","80","high","corporate","direct_purchase","industrial_shift","1140","1717661","188943","1.1","3188934","","Chemical manufacturing — 2022 EPA GHG Reporter. NAICS 325193. Pre-qualified high-energy solar candidate."
"Seymour Of Sycamore Inc","Sycamore","IL","epa_ghgrp","epa-1007158","333","Heavy Manufacturing","80","high","corporate","direct_purchase","industrial_shift","1140","1717661","188943","1.1","3188934","","Chemical manufacturing — 2022 EPA GHG Reporter. NAICS 325510. Pre-qualified high-energy solar candidate."
"Nouryon Surface Chemistry Llc","Morris","IL","epa_ghgrp","epa-1007343","333","Heavy Manufacturing","80","high","corporate","direct_purchase","industrial_shift","1140","1717661","188943","1.1","3188934","","Chemical manufacturing — 2022 EPA GHG Reporter. NAICS 325613. Pre-qualified high-energy solar candidate."
"Center Ethanol Co Llc","Sauget","IL","epa_ghgrp","epa-1007764","333","Heavy Manufacturing","80","high","corporate","direct_purchase","industrial_shift","1140","1717661","188943","1.1","3188934","","Chemical manufacturing — 2022 EPA GHG Reporter. NAICS 325193. Pre-qualified high-energy solar candidate."
"Vvf Illinois Services Llc","Montgomery","IL","epa_ghgrp","epa-1007782","333","Heavy Manufacturing","80","high","corporate","direct_purchase","industrial_shift","1140","1717661","188943","1.1","3188934","","Chemical manufacturing — 2022 EPA GHG Reporter. NAICS 325611. Pre-qualified high-energy solar candidate."
"Finkl & Sons Co","Chicago","IL","epa_ghgrp","epa-1008735","333","Heavy Manufacturing","80","high","corporate","direct_purchase","industrial_shift","1140","1717661","188943","1.1","3188934","","Heavy manufacturing — 2022 EPA GHG Reporter. NAICS 331110. Pre-qualified high-energy solar candidate."
"Flint Hills Resources Joliet, Llc","Channahon","IL","epa_ghgrp","epa-1009505","333","Heavy Manufacturing","80","high","corporate","direct_purchase","industrial_shift","1140","1717661","188943","1.1","3188934","","Chemical manufacturing — 2022 EPA GHG Reporter. NAICS 325194. Pre-qualified high-energy solar candidate."
"G & W Electric Company","Bolingbrook","IL","epa_ghgrp","epa-1009613","333","Heavy Manufacturing","80","high","corporate","direct_purchase","industrial_shift","1140","1717661","188943","1.1","3188934","","Heavy manufacturing — 2022 EPA GHG Reporter. NAICS 335313. Pre-qualified high-energy solar candidate."
"S&C Electric Company","Chicago","IL","epa_ghgrp","epa-1009615","333","Heavy Manufacturing","80","high","corporate","direct_purchase","industrial_shift","1140","1717661","188943","1.1","3188934","","Heavy manufacturing — 2022 EPA GHG Reporter. NAICS 335313. Pre-qualified high-energy solar candidate."
"Gunite Corporation","Rockford","IL","epa_ghgrp","epa-1009622","333","Heavy Manufacturing","80","high","corporate","direct_purchase","industrial_shift","1140","1717661","188943","1.1","3188934","","Heavy manufacturing — 2022 EPA GHG Reporter. NAICS 331511. Pre-qualified high-energy solar candidate."
"Spartan Light Metal Products, Inc.","Sparta","IL","epa_ghgrp","epa-1009864","333","Heavy Manufacturing","80","high","corporate","direct_purchase","industrial_shift","1140","1717661","188943","1.1","3188934","","Heavy manufacturing — 2022 EPA GHG Reporter. NAICS 331523. Pre-qualified high-energy solar candidate."
"Chicago White Metal Castings Inc","Bensenville","IL","epa_ghgrp","epa-1009927","333","Heavy Manufacturing","80","high","corporate","direct_purchase","industrial_shift","1140","1717661","188943","1.1","3188934","","Heavy manufacturing — 2022 EPA GHG Reporter. NAICS 331523. Pre-qualified high-energy solar candidate."
"Reg Seneca, Llc","Seneca","IL","epa_ghgrp","epa-1010538","333","Heavy Manufacturing","80","high","corporate","direct_purchase","industrial_shift","1140","1717661","188943","1.1","3188934","","Chemical manufacturing — 2022 EPA GHG Reporter. NAICS 325199. Pre-qualified high-energy solar candidate."
"Century Castings Corporation","Belleville","IL","epa_ghgrp","epa-1010659","333","Heavy Manufacturing","80","high","corporate","direct_purchase","industrial_shift","1140","1717661","188943","1.1","3188934","","Heavy manufacturing — 2022 EPA GHG Reporter. NAICS 331528. Pre-qualified high-energy solar candidate."
"Kraft Heinz Foods Company","Champaign","IL","epa_ghgrp","epa-1011249","333","Heavy Manufacturing","80","high","corporate","direct_purchase","industrial_shift","1140","1717661","188943","1.1","3188934","","Food manufacturing — 2022 EPA GHG Reporter. NAICS 311941. Pre-qualified high-energy solar candidate."
"W. R. Grace & Co.","Chicago","IL","epa_ghgrp","epa-1011462","333","Heavy Manufacturing","80","high","corporate","direct_purchase","industrial_shift","1140","1717661","188943","1.1","3188934","","Chemical manufacturing — 2022 EPA GHG Reporter. NAICS 325180. Pre-qualified high-energy solar candidate."
"Smithfield Farmland Corp-Monmouth","Monmouth","IL","epa_ghgrp","epa-1012111","333","Heavy Manufacturing","80","high","corporate","direct_purchase","industrial_shift","1140","1717661","188943","1.1","3188934","","Food manufacturing — 2022 EPA GHG Reporter. NAICS 311611. Pre-qualified high-energy solar candidate."
"Siemens Industry, Inc.","Buffalo Grove","IL","epa_ghgrp","epa-1014067","333","Heavy Manufacturing","80","high","corporate","direct_purchase","industrial_shift","1140","1717661","188943","1.1","3188934","","Heavy manufacturing — 2022 EPA GHG Reporter. NAICS 334512. Pre-qualified high-energy solar candidate."
"Loyola University Medical Center","Maywood","IL","epa_ghgrp","epa-1005287","6221","Healthcare","78","high","mixed","cash_or_ppa","flat_24_7","2000","3013440","331478","1.1","5594604","","Hospital — 2022 EPA GHG Reporter. NAICS 622110. Pre-qualified high-energy solar candidate."
"Northwestern Memorial Hospital","Chicago","IL","epa_ghgrp","epa-1005574","6221","Healthcare","78","high","mixed","cash_or_ppa","flat_24_7","2000","3013440","331478","1.1","5594604","","Hospital — 2022 EPA GHG Reporter. NAICS 622110. Pre-qualified high-energy solar candidate."
"Ardagh Glass Inc. (Lincoln)","Lincoln","IL","epa_ghgrp","epa-1000004","","","","","","","","600","904032","99444","1.8","1615812","","Cement / glass — 2022 EPA GHG Reporter. NAICS 327213. Pre-qualified high-energy solar candidate."
"Southern Illinois University","Carbondale","IL","epa_ghgrp","epa-1000079","","","","","","","","600","904032","99444","1.8","1615812","","Industrial facility — 2022 EPA GHG Reporter. NAICS 611310. Pre-qualified high-energy solar candidate."
"Southeast Chicago Energy Project","Chicago","IL","epa_ghgrp","epa-1000096","","","","","","","","600","904032","99444","1.8","1615812","","Power generation — 2022 EPA GHG Reporter. NAICS 221112. Pre-qualified high-energy solar candidate."
"Robinson Refinery","Robinson","IL","epa_ghgrp","epa-1000099","","","","","","","","600","904032","99444","1.8","1615812","","Petroleum refining — 2022 EPA GHG Reporter. NAICS 324110. Pre-qualified high-energy solar candidate."
"Ardagh Glass Inc. (Dolton)","Dolton","IL","epa_ghgrp","epa-1000105","","","","","","","","600","904032","99444","1.8","1615812","","Cement / glass — 2022 EPA GHG Reporter. NAICS 327213. Pre-qualified high-energy solar candidate."
"Lsp University Park, Llc","University Park","IL","epa_ghgrp","epa-1000135","","","","","","","","600","904032","99444","1.8","1615812","","Power generation — 2022 EPA GHG Reporter. NAICS 221112. Pre-qualified high-energy solar candidate."
"Raccoon Creek Power Plant","Flora","IL","epa_ghgrp","epa-1000169","","","","","","","","600","904032","99444","1.8","1615812","","Power generation — 2022 EPA GHG Reporter. NAICS 221112. Pre-qualified high-energy solar candidate."
"Holcim (Us) Inc Joppa Plant","Grand Chain","IL","epa_ghgrp","epa-1000243","","","","","","","","600","904032","99444","1.8","1615812","","Cement / glass — 2022 EPA GHG Reporter. NAICS 327310. Pre-qualified high-energy solar candidate."
"Goose Creek Power Plant","Monticello","IL","epa_ghgrp","epa-1000264","","","","","","","","600","904032","99444","1.8","1615812","","Power generation — 2022 EPA GHG Reporter. NAICS 221112. Pre-qualified high-energy solar candidate."
"Naval Station - Great Lakes","Great Lakes","IL","epa_ghgrp","epa-1000286","","","","","","","","600","904032","99444","1.8","1615812","","Industrial facility — 2022 EPA GHG Reporter. NAICS 928110. Pre-qualified high-energy solar candidate."
"Joppa Steam","Joppa","IL","epa_ghgrp","epa-1000340","","","","","","","","600","904032","99444","1.8","1615812","","Power generation — 2022 EPA GHG Reporter. NAICS 221112. Pre-qualified high-energy solar candidate."
"Lemont Refinery","Lemont","IL","epa_ghgrp","epa-1000343","","","","","","","","600","904032","99444","1.8","1615812","","Petroleum refining — 2022 EPA GHG Reporter. NAICS 324110. Pre-qualified high-energy solar candidate."
"Alto Pekin, Llc","Pekin","IL","epa_ghgrp","epa-1000413","","","","","","","","600","904032","99444","1.8","1615812","","Industrial facility — 2022 EPA GHG Reporter. NAICS 312140. Pre-qualified high-energy solar candidate."
"Alsey Station","Alsey","IL","epa_ghgrp","epa-1000417","","","","","","","","600","904032","99444","1.8","1615812","","Power generation — 2022 EPA GHG Reporter. NAICS 221112. Pre-qualified high-energy solar candidate."
"Holland Energy Facility","Beecher City","IL","epa_ghgrp","epa-1000792","","","","","","","","600","904032","99444","1.8","1615812","","Power generation — 2022 EPA GHG Reporter. NAICS 221112. Pre-qualified high-energy solar candidate."
"Zion Energy Center","Zion","IL","epa_ghgrp","epa-1000805","","","","","","","","600","904032","99444","1.8","1615812","","Power generation — 2022 EPA GHG Reporter. NAICS 221112. Pre-qualified high-energy solar candidate."
"Elgin Energy Center, Llc","Elgin","IL","epa_ghgrp","epa-1000817","","","","","","","","600","904032","99444","1.8","1615812","","Power generation — 2022 EPA GHG Reporter. NAICS 221112. Pre-qualified high-energy solar candidate."
"Rockford Energy Center Ii","Rockford","IL","epa_ghgrp","epa-1000823","","","","","","","","600","904032","99444","1.8","1615812","","Power generation — 2022 EPA GHG Reporter. NAICS 221112. Pre-qualified high-energy solar candidate."
"Duck Creek","Canton","IL","epa_ghgrp","epa-1001004","","","","","","","","600","904032","99444","1.8","1615812","","Power generation — 2022 EPA GHG Reporter. NAICS 221112. Pre-qualified high-energy solar candidate."
"Newton","Newton","IL","epa_ghgrp","epa-1001005","","","","","","","","600","904032","99444","1.8","1615812","","Power generation — 2022 EPA GHG Reporter. NAICS 221112. Pre-qualified high-energy solar candidate."
"Interstate","Springfield","IL","epa_ghgrp","epa-1001122","","","","","","","","600","904032","99444","1.8","1615812","","Power generation — 2022 EPA GHG Reporter. NAICS 221112. Pre-qualified high-energy solar candidate."
"Freedom Power Project","Saint Elmo","IL","epa_ghgrp","epa-1001164","","","","","","","","600","904032","99444","1.8","1615812","","Power generation — 2022 EPA GHG Reporter. NAICS 221112. Pre-qualified high-energy solar candidate."
"Mepi Gt Facility","Joppa","IL","epa_ghgrp","epa-1001168","","","","","","","","600","904032","99444","1.8","1615812","","Power generation — 2022 EPA GHG Reporter. NAICS 221112. Pre-qualified high-energy solar candidate."
"Illinois Gas Company","Olney","IL","epa_ghgrp","epa-1001251","","","","","","","","600","904032","99444","1.8","1615812","","Power generation — 2022 EPA GHG Reporter. NAICS 221210. Pre-qualified high-energy solar candidate."
"Illinois State University","Normal","IL","epa_ghgrp","epa-1001290","","","","","","","","600","904032","99444","1.8","1615812","","Industrial facility — 2022 EPA GHG Reporter. NAICS 611310. Pre-qualified high-energy solar candidate."
"Energy Systems Group, Llc- North Chicago Energy Center","North Chicago","IL","epa_ghgrp","epa-1001316","","","","","","","","600","904032","99444","1.8","1615812","","Power generation — 2022 EPA GHG Reporter. NAICS 221112. Pre-qualified high-energy solar candidate."
"Rocky Road Power, Llc","East Dundee","IL","epa_ghgrp","epa-1001317","","","","","","","","600","904032","99444","1.8","1615812","","Power generation — 2022 EPA GHG Reporter. NAICS 221112. Pre-qualified high-energy solar candidate."
"Kendall Energy Facility","Minooka","IL","epa_ghgrp","epa-1001330","","","","","","","","600","904032","99444","1.8","1615812","","Power generation — 2022 EPA GHG Reporter. NAICS 221112. Pre-qualified high-energy solar candidate."
"Nelson Energy Center","Rock Falls","IL","epa_ghgrp","epa-1001353","","","","","","","","600","904032","99444","1.8","1615812","","Power generation — 2022 EPA GHG Reporter. NAICS 221112. Pre-qualified high-energy solar candidate."
"Cordova Energy Company","Cordova","IL","epa_ghgrp","epa-1001354","","","","","","","","600","904032","99444","1.8","1615812","","Power generation — 2022 EPA GHG Reporter. NAICS 221112. Pre-qualified high-energy solar candidate."
"Elwood Energy Facility","Elwood","IL","epa_ghgrp","epa-1001359","","","","","","","","600","904032","99444","1.8","1615812","","Power generation — 2022 EPA GHG Reporter. NAICS 221112. Pre-qualified high-energy solar candidate."
"Gibson City Energy Center, Llc","Gibson City","IL","epa_ghgrp","epa-1001361","","","","","","","","600","904032","99444","1.8","1615812","","Power generation — 2022 EPA GHG Reporter. NAICS 221112. Pre-qualified high-energy solar candidate."
"Pinckneyville Power Plant","Pinckneyville","IL","epa_ghgrp","epa-1001362","","","","","","","","600","904032","99444","1.8","1615812","","Power generation — 2022 EPA GHG Reporter. NAICS 221112. Pre-qualified high-energy solar candidate."
"Lincoln Generating Facility","Manhattan","IL","epa_ghgrp","epa-1001369","","","","","","","","600","904032","99444","1.8","1615812","","Power generation — 2022 EPA GHG Reporter. NAICS 221112. Pre-qualified high-energy solar candidate."
"Lee County Generating Station, Llc","Dixon","IL","epa_ghgrp","epa-1001380","","","","","","","","600","904032","99444","1.8","1615812","","Power generation — 2022 EPA GHG Reporter. NAICS 221112. Pre-qualified high-energy solar candidate."
"Shelby County Energy Center","Neoga","IL","epa_ghgrp","epa-1001381","","","","","","","","600","904032","99444","1.8","1615812","","Power generation — 2022 EPA GHG Reporter. NAICS 221112. Pre-qualified high-energy solar candidate."
"Crete Energy Park","Crete","IL","epa_ghgrp","epa-1001384","","","","","","","","600","904032","99444","1.8","1615812","","Power generation — 2022 EPA GHG Reporter. NAICS 221112. Pre-qualified high-energy solar candidate."
"Aurora Generating Station","Aurora","IL","epa_ghgrp","epa-1001397","","","","","","","","600","904032","99444","1.8","1615812","","Power generation — 2022 EPA GHG Reporter. NAICS 221112. Pre-qualified high-energy solar candidate."
"Joliet 29","Joliet","IL","epa_ghgrp","epa-1001453","","","","","","","","600","904032","99444","1.8","1615812","","Power generation — 2022 EPA GHG Reporter. NAICS 221112. Pre-qualified high-energy solar candidate."
"E D Edwards","Bartonville","IL","epa_ghgrp","epa-1001514","","","","","","","","600","904032","99444","1.8","1615812","","Power generation — 2022 EPA GHG Reporter. NAICS 221112. Pre-qualified high-energy solar candidate."
"Grand Tower Energy Center, Llc","Grand Tower","IL","epa_ghgrp","epa-1001515","","","","","","","","600","904032","99444","1.8","1615812","","Power generation — 2022 EPA GHG Reporter. NAICS 221112. Pre-qualified high-energy solar candidate."
"Hutsonville","Hutsonville","IL","epa_ghgrp","epa-1001516","","","","","","","","600","904032","99444","1.8","1615812","","Power generation — 2022 EPA GHG Reporter. NAICS 221112. Pre-qualified high-energy solar candidate."
"Meredosia","Meredosia","IL","epa_ghgrp","epa-1001517","","","","","","","","600","904032","99444","1.8","1615812","","Power generation — 2022 EPA GHG Reporter. NAICS 221112. Pre-qualified high-energy solar candidate."
"Crawford","Chicago","IL","epa_ghgrp","epa-1001518","","","","","","","","600","904032","99444","1.8","1615812","","Power generation — 2022 EPA GHG Reporter. NAICS 221112. Pre-qualified high-energy solar candidate."
"Joliet 9","Joliet","IL","epa_ghgrp","epa-1001519","","","","","","","","600","904032","99444","1.8","1615812","","Power generation — 2022 EPA GHG Reporter. NAICS 221112. Pre-qualified high-energy solar candidate."
"Kincaid Generation, Llc","Kincaid","IL","epa_ghgrp","epa-1001520","","","","","","","","600","904032","99444","1.8","1615812","","Power generation — 2022 EPA GHG Reporter. NAICS 221112. Pre-qualified high-energy solar candidate."
"Powerton","Pekin","IL","epa_ghgrp","epa-1001521","","","","","","","","600","904032","99444","1.8","1615812","","Power generation — 2022 EPA GHG Reporter. NAICS 221112. Pre-qualified high-energy solar candidate."
"Waukegan","Waukegan","IL","epa_ghgrp","epa-1001522","","","","","","","","600","904032","99444","1.8","1615812","","Power generation — 2022 EPA GHG Reporter. NAICS 221112. Pre-qualified high-energy solar candidate."
"Will County","Romeoville","IL","epa_ghgrp","epa-1001523","","","","","","","","600","904032","99444","1.8","1615812","","Power generation — 2022 EPA GHG Reporter. NAICS 221112. Pre-qualified high-energy solar candidate."
"Havana","Havana","IL","epa_ghgrp","epa-1001524","","","","","","","","600","904032","99444","1.8","1615812","","Power generation — 2022 EPA GHG Reporter. NAICS 221112. Pre-qualified high-energy solar candidate."
"Hennepin Power Station","Hennepin","IL","epa_ghgrp","epa-1001525","","","","","","","","600","904032","99444","1.8","1615812","","Power generation — 2022 EPA GHG Reporter. NAICS 221112. Pre-qualified high-energy solar candidate."
"Vermilion Power Station","Oakwood","IL","epa_ghgrp","epa-1001526","","","","","","","","600","904032","99444","1.8","1615812","","Power generation — 2022 EPA GHG Reporter. NAICS 221112. Pre-qualified high-energy solar candidate."
"Wood River Power Station","Alton","IL","epa_ghgrp","epa-1001527","","","","","","","","600","904032","99444","1.8","1615812","","Power generation — 2022 EPA GHG Reporter. NAICS 221112. Pre-qualified high-energy solar candidate."
"Venice","Venice","IL","epa_ghgrp","epa-1001528","","","","","","","","600","904032","99444","1.8","1615812","","Power generation — 2022 EPA GHG Reporter. NAICS 221112. Pre-qualified high-energy solar candidate."
"Dallman","Springfield","IL","epa_ghgrp","epa-1001529","","","","","","","","600","904032","99444","1.8","1615812","","Power generation — 2022 EPA GHG Reporter. NAICS 221112. Pre-qualified high-energy solar candidate."
"Marion","Marion","IL","epa_ghgrp","epa-1001530","","","","","","","","600","904032","99444","1.8","1615812","","Power generation — 2022 EPA GHG Reporter. NAICS 221112. Pre-qualified high-energy solar candidate."
"Alliance Pipeline Lp-Tampico","Tampico","IL","epa_ghgrp","epa-1001560","","","","","","","","600","904032","99444","1.8","1615812","","Industrial facility — 2022 EPA GHG Reporter. NAICS 486210. Pre-qualified high-energy solar candidate."
"Advanced Disposal Orchard Hills Landfill Inc","Davis Junction","IL","epa_ghgrp","epa-1001637","","","","","","","","600","904032","99444","1.8","1615812","","Industrial facility — 2022 EPA GHG Reporter. NAICS 562212. Pre-qualified high-energy solar candidate."
"Willow Lake Mine","Equality","IL","epa_ghgrp","epa-1001681","","","","","","","","600","904032","99444","1.8","1615812","","Industrial facility — 2022 EPA GHG Reporter. NAICS 212111. Pre-qualified high-energy solar candidate."
"Gateway Mine","Coulterville","IL","epa_ghgrp","epa-1001683","","","","","","","","600","904032","99444","1.8","1615812","","Industrial facility — 2022 EPA GHG Reporter. NAICS 212111. Pre-qualified high-energy solar candidate."
"Wildcat Hills Mine","Eldorado","IL","epa_ghgrp","epa-1001686","","","","","","","","600","904032","99444","1.8","1615812","","Industrial facility — 2022 EPA GHG Reporter. NAICS 212111. Pre-qualified high-energy solar candidate."
"Prairie State Generating Station","Marissa","IL","epa_ghgrp","epa-1001887","","","","","","","","600","904032","99444","1.8","1615812","","Power generation — 2022 EPA GHG Reporter. NAICS 221112. Pre-qualified high-energy solar candidate."
"University Of Illinois","Champaign","IL","epa_ghgrp","epa-1001893","","","","","","","","600","904032","99444","1.8","1615812","","Industrial facility — 2022 EPA GHG Reporter. NAICS 611310. Pre-qualified high-energy solar candidate."
"U.S. Doe Argonne National Laboratory","Lemont","IL","epa_ghgrp","epa-1001899","","","","","","","","600","904032","99444","1.8","1615812","","Industrial facility — 2022 EPA GHG Reporter. NAICS 541715. Pre-qualified high-energy solar candidate."
"The Peoples Gas Light And Coke Company","Chicago","IL","epa_ghgrp","epa-1001966","","","","","","","","600","904032","99444","1.8","1615812","","Power generation — 2022 EPA GHG Reporter. NAICS 221210. Pre-qualified high-energy solar candidate."
"Illinois Landfill Inc","Hoopeston","IL","epa_ghgrp","epa-1002088","","","","","","","","600","904032","99444","1.8","1615812","","Industrial facility — 2022 EPA GHG Reporter. NAICS 562212. Pre-qualified high-energy solar candidate."
"Landcomp Landfill","Ottawa","IL","epa_ghgrp","epa-1002090","","","","","","","","600","904032","99444","1.8","1615812","","Industrial facility — 2022 EPA GHG Reporter. NAICS 562212. Pre-qualified high-energy solar candidate."
"Litchfield-Hillsboro Landfill","Litchfield","IL","epa_ghgrp","epa-1002091","","","","","","","","600","904032","99444","1.8","1615812","","Industrial facility — 2022 EPA GHG Reporter. NAICS 562212. Pre-qualified high-energy solar candidate."
"Blue Mound Compressor Station","Blue Mound","IL","epa_ghgrp","epa-1002092","","","","","","","","600","904032","99444","1.8","1615812","","Industrial facility — 2022 EPA GHG Reporter. NAICS 486210. Pre-qualified high-energy solar candidate."
"Ads/Mclean County Landfill","Bloomington","IL","epa_ghgrp","epa-1002094","","","","","","","","600","904032","99444","1.8","1615812","","Industrial facility — 2022 EPA GHG Reporter. NAICS 562212. Pre-qualified high-energy solar candidate."
"Sangamon Valley Landfill Inc","Springfield","IL","epa_ghgrp","epa-1002096","","","","","","","","600","904032","99444","1.8","1615812","","Industrial facility — 2022 EPA GHG Reporter. NAICS 562212. Pre-qualified high-energy solar candidate."
"Owens-Brockway Glass Container Inc. Plant 09","Streator","IL","epa_ghgrp","epa-1002189","","","","","","","","600","904032","99444","1.8","1615812","","Cement / glass — 2022 EPA GHG Reporter. NAICS 327213. Pre-qualified high-energy solar candidate."
"Livingston Landfill","Pontiac","IL","epa_ghgrp","epa-1002249","","","","","","","","600","904032","99444","1.8","1615812","","Industrial facility — 2022 EPA GHG Reporter. NAICS 562212. Pre-qualified high-energy solar candidate."
"Ngpl Station 311 Hammond, Il","Hammond","IL","epa_ghgrp","epa-1002419","","","","","","","","600","904032","99444","1.8","1615812","","Industrial facility — 2022 EPA GHG Reporter. NAICS 486210. Pre-qualified high-energy solar candidate."
"Settlers Hill Rdf/Midway Landfill","Batavia","IL","epa_ghgrp","epa-1002493","","","","","","","","600","904032","99444","1.8","1615812","","Industrial facility — 2022 EPA GHG Reporter. NAICS 562212. Pre-qualified high-energy solar candidate."
"Whiteside County Landfill","Morrison","IL","epa_ghgrp","epa-1002567","","","","","","","","600","904032","99444","1.8","1615812","","Industrial facility — 2022 EPA GHG Reporter. NAICS 562212. Pre-qualified high-energy solar candidate."
"Viscofan Usa Inc","Danville","IL","epa_ghgrp","epa-1002594","","","","","","","","600","904032","99444","1.8","1615812","","Industrial facility — 2022 EPA GHG Reporter. NAICS 326121. Pre-qualified high-energy solar candidate."
"U. S. Silica Company Ottawa Plant","Ottawa","IL","epa_ghgrp","epa-1002694","","","","","","","","600","904032","99444","1.8","1615812","","Industrial facility — 2022 EPA GHG Reporter. NAICS 212322. Pre-qualified high-energy solar candidate."
"Ngpl Station 310 Centralia, Il","Centralia","IL","epa_ghgrp","epa-1002742","","","","","","","","600","904032","99444","1.8","1615812","","Industrial facility — 2022 EPA GHG Reporter. NAICS 486210. Pre-qualified high-energy solar candidate."
"Ngpl Station 201 Storage, Herscher, Il","Herscher","IL","epa_ghgrp","epa-1002774","","","","","","","","600","904032","99444","1.8","1615812","","Industrial facility — 2022 EPA GHG Reporter. NAICS 486210. Pre-qualified high-energy solar candidate."
"Rock Island Arsenal","Rock Island","IL","epa_ghgrp","epa-1002814","","","","","","","","600","904032","99444","1.8","1615812","","Industrial facility — 2022 EPA GHG Reporter. NAICS 928110. Pre-qualified high-energy solar candidate."
"Ngpl Station 206 Storage, St Elmo, Il","St. Elmo","IL","epa_ghgrp","epa-1002839","","","","","","","","600","904032","99444","1.8","1615812","","Industrial facility — 2022 EPA GHG Reporter. NAICS 486210. Pre-qualified high-energy solar candidate."
"Ngpl Station 110 Geneseo, Il","Geneseo","IL","epa_ghgrp","epa-1002930","","","","","","","","600","904032","99444","1.8","1615812","","Industrial facility — 2022 EPA GHG Reporter. NAICS 486210. Pre-qualified high-energy solar candidate."
"Abbott Park Facility","Abbott Park","IL","epa_ghgrp","epa-1002983","","","","","","","","600","904032","99444","1.8","1615812","","Industrial facility — 2022 EPA GHG Reporter. NAICS 424210. Pre-qualified high-energy solar candidate."
"Trunkline Gas Co - Johnsonville","Johnsonville","IL","epa_ghgrp","epa-1003071","","","","","","","","600","904032","99444","1.8","1615812","","Industrial facility — 2022 EPA GHG Reporter. NAICS 486210. Pre-qualified high-energy solar candidate."
"Trunkline Gas Co - Joppa","Grand Chain","IL","epa_ghgrp","epa-1003072","","","","","","","","600","904032","99444","1.8","1615812","","Industrial facility — 2022 EPA GHG Reporter. NAICS 486210. Pre-qualified high-energy solar candidate."
"Panhandle Eastern Pipe Line Co - Pleasant Hill","Pleasant Hill","IL","epa_ghgrp","epa-1003111","","","","","","","","600","904032","99444","1.8","1615812","","Industrial facility — 2022 EPA GHG Reporter. NAICS 486210. Pre-qualified high-energy solar candidate."
"Panhandle Eastern Pipe Line Co - Tuscola","Tuscola","IL","epa_ghgrp","epa-1003113","","","","","","","","600","904032","99444","1.8","1615812","","Industrial facility — 2022 EPA GHG Reporter. NAICS 486210. Pre-qualified high-energy solar candidate."
"Trunkline Gas Co - Tuscola","Tuscola","IL","epa_ghgrp","epa-1003126","","","","","","","","600","904032","99444","1.8","1615812","","Industrial facility — 2022 EPA GHG Reporter. NAICS 486210. Pre-qualified high-energy solar candidate."
"Panhandle Eastern Pipe Line Co - Glenarm","Glenarm","IL","epa_ghgrp","epa-1003153","","","","","","","","600","904032","99444","1.8","1615812","","Industrial facility — 2022 EPA GHG Reporter. NAICS 486210. Pre-qualified high-energy solar candidate."
"Gateway Energy & Coke Co Llc","Granite City","IL","epa_ghgrp","epa-1003204","","","","","","","","600","904032","99444","1.8","1615812","","Petroleum refining — 2022 EPA GHG Reporter. NAICS 324199. Pre-qualified high-energy solar candidate."
"Cottonwood Hills Landfill","Marissa","IL","epa_ghgrp","epa-1003216","","","","","","","","600","904032","99444","1.8","1615812","","Industrial facility — 2022 EPA GHG Reporter. NAICS 562212. Pre-qualified high-energy solar candidate."
"North Shore Gas Company","Chicago","IL","epa_ghgrp","epa-1003359","","","","","","","","600","904032","99444","1.8","1615812","","Power generation — 2022 EPA GHG Reporter. NAICS 221210. Pre-qualified high-energy solar candidate."
"Continental Tire The Americas, Llc","Mount Vernon","IL","epa_ghgrp","epa-1003416","","","","","","","","600","904032","99444","1.8","1615812","","Industrial facility — 2022 EPA GHG Reporter. NAICS 326211. Pre-qualified high-energy solar candidate."
"Titan Tire Corporation Of Freeport","Freeport","IL","epa_ghgrp","epa-1003486","","","","","","","","600","904032","99444","1.8","1615812","","Industrial facility — 2022 EPA GHG Reporter. NAICS 326211. Pre-qualified high-energy solar candidate."
"Chain Of Rocks Recycling & Disposal","Granite City","IL","epa_ghgrp","epa-1003509","","","","","","","","600","904032","99444","1.8","1615812","","Industrial facility — 2022 EPA GHG Reporter. NAICS 562212. Pre-qualified high-energy solar candidate."
"Knox County Landfill","Oneida","IL","epa_ghgrp","epa-1003516","","","","","","","","600","904032","99444","1.8","1615812","","Industrial facility — 2022 EPA GHG Reporter. NAICS 562212. Pre-qualified high-energy solar candidate."
"Wedron Complex (Wedron Silica Co & Technisand Wedron)","Wedron","IL","epa_ghgrp","epa-1003526","","","","","","","","600","904032","99444","1.8","1615812","","Industrial facility — 2022 EPA GHG Reporter. NAICS 212322. Pre-qualified high-energy solar candidate."
"Johns Manville","Rockdale","IL","epa_ghgrp","epa-1003567","","","","","","","","600","904032","99444","1.8","1615812","","Industrial facility — 2022 EPA GHG Reporter. NAICS 321219. Pre-qualified high-energy solar candidate."
"Lake Landfill","Northbrook","IL","epa_ghgrp","epa-1003588","","","","","","","","600","904032","99444","1.8","1615812","","Industrial facility — 2022 EPA GHG Reporter. NAICS 562212. Pre-qualified high-energy solar candidate."
"Lee County Landfill","Dixon","IL","epa_ghgrp","epa-1003627","","","","","","","","600","904032","99444","1.8","1615812","","Industrial facility — 2022 EPA GHG Reporter. NAICS 562212. Pre-qualified high-energy solar candidate."
"Upper Rock Island County Landfill","East Moline","IL","epa_ghgrp","epa-1003696","","","","","","","","600","904032","99444","1.8","1615812","","Industrial facility — 2022 EPA GHG Reporter. NAICS 562212. Pre-qualified high-energy solar candidate."
"Roxana Landfill","Roxana","IL","epa_ghgrp","epa-1003697","","","","","","","","600","904032","99444","1.8","1615812","","Industrial facility — 2022 EPA GHG Reporter. NAICS 562212. Pre-qualified high-energy solar candidate."
"Winnebago Energy Center Llc","Rockford","IL","epa_ghgrp","epa-1003731","","","","","","","","600","904032","99444","1.8","1615812","","Power generation — 2022 EPA GHG Reporter. NAICS 221119. Pre-qualified high-energy solar candidate."
"31st Street Landfill","Westchester","IL","epa_ghgrp","epa-1003742","","","","","","","","600","904032","99444","1.8","1615812","","Industrial facility — 2022 EPA GHG Reporter. NAICS 562212. Pre-qualified high-energy solar candidate."
"Des Plaines Landfill","Des Plaines","IL","epa_ghgrp","epa-1003743","","","","","","","","600","904032","99444","1.8","1615812","","Industrial facility — 2022 EPA GHG Reporter. NAICS 562212. Pre-qualified high-energy solar candidate."
"Beecher Landfill","Beecher","IL","epa_ghgrp","epa-1003744","","","","","","","","600","904032","99444","1.8","1615812","","Industrial facility — 2022 EPA GHG Reporter. NAICS 562212. Pre-qualified high-energy solar candidate."
"Afton Chemical Corp","Sauget","IL","epa_ghgrp","epa-1003853","","","","","","","","600","904032","99444","1.8","1615812","","Petroleum refining — 2022 EPA GHG Reporter. NAICS 324191. Pre-qualified high-energy solar candidate."
"Peoria/City-County Landfill #1 And #2","Brimfield","IL","epa_ghgrp","epa-1003986","","","","","","","","600","904032","99444","1.8","1615812","","Industrial facility — 2022 EPA GHG Reporter. NAICS 562212. Pre-qualified high-energy solar candidate."
"Gplc Joliet Sales","Joliet","IL","epa_ghgrp","epa-1003995","","","","","","","","600","904032","99444","1.8","1615812","","Industrial facility — 2022 EPA GHG Reporter. NAICS 486210. Pre-qualified high-energy solar candidate."
"Mgt Potomac 2118","Potomac","IL","epa_ghgrp","epa-1004002","","","","","","","","600","904032","99444","1.8","1615812","","Industrial facility — 2022 EPA GHG Reporter. NAICS 486210. Pre-qualified high-energy solar candidate."
"Brickyard Disposal Landfill","Danville","IL","epa_ghgrp","epa-1004026","","","","","","","","600","904032","99444","1.8","1615812","","Industrial facility — 2022 EPA GHG Reporter. NAICS 562212. Pre-qualified high-energy solar candidate."
"Southern Illinois Regional Landfill","Desoto","IL","epa_ghgrp","epa-1004027","","","","","","","","600","904032","99444","1.8","1615812","","Industrial facility — 2022 EPA GHG Reporter. NAICS 562212. Pre-qualified high-energy solar candidate."
"Quad Cities Landfill Phase Iv","Milan","IL","epa_ghgrp","epa-1004059","","","","","","","","600","904032","99444","1.8","1615812","","Industrial facility — 2022 EPA GHG Reporter. NAICS 562212. Pre-qualified high-energy solar candidate."
"Pilkington N.A.","Ottawa","IL","epa_ghgrp","epa-1004072","","","","","","","","600","904032","99444","1.8","1615812","","Cement / glass — 2022 EPA GHG Reporter. NAICS 327211. Pre-qualified high-energy solar candidate."
"Fuyao Glass Illinois Inc.","Decatur","IL","epa_ghgrp","epa-1004085","","","","","","","","600","904032","99444","1.8","1615812","","Cement / glass — 2022 EPA GHG Reporter. NAICS 327211. Pre-qualified high-energy solar candidate."
"Nicor Gas","Naperville","IL","epa_ghgrp","epa-1004163","","","","","","","","600","904032","99444","1.8","1615812","","Power generation — 2022 EPA GHG Reporter. NAICS 221210. Pre-qualified high-energy solar candidate."
"Pactiv Llc","Bolingbrook","IL","epa_ghgrp","epa-1004260","","","","","","","","600","904032","99444","1.8","1615812","","Industrial facility — 2022 EPA GHG Reporter. NAICS 326140. Pre-qualified high-energy solar candidate."
"Western Illinois University","Macomb","IL","epa_ghgrp","epa-1004271","","","","","","","","600","904032","99444","1.8","1615812","","Industrial facility — 2022 EPA GHG Reporter. NAICS 611310. Pre-qualified high-energy solar candidate."
"Modern Landfill","Belleville","IL","epa_ghgrp","epa-1004311","","","","","","","","600","904032","99444","1.8","1615812","","Industrial facility — 2022 EPA GHG Reporter. NAICS 562212. Pre-qualified high-energy solar candidate."
"Nicor Gas Ancona","Streator","IL","epa_ghgrp","epa-1004322","","","","","","","","600","904032","99444","1.8","1615812","","Power generation — 2022 EPA GHG Reporter. NAICS 221210. Pre-qualified high-energy solar candidate."
"Belleville Landfill","Belleville","IL","epa_ghgrp","epa-1004353","","","","","","","","600","904032","99444","1.8","1615812","","Industrial facility — 2022 EPA GHG Reporter. NAICS 562212. Pre-qualified high-energy solar candidate."
"Northwestern University","Evanston","IL","epa_ghgrp","epa-1004520","","","","","","","","600","904032","99444","1.8","1615812","","Industrial facility — 2022 EPA GHG Reporter. NAICS 611310. Pre-qualified high-energy solar candidate."
"Northwestern University Chicago Campus","Chicago","IL","epa_ghgrp","epa-1004522","","","","","","","","600","904032","99444","1.8","1615812","","Industrial facility — 2022 EPA GHG Reporter. NAICS 611310. Pre-qualified high-energy solar candidate."
"Morris Community Landfill","Morris","IL","epa_ghgrp","epa-1004541","","","","","","","","600","904032","99444","1.8","1615812","","Industrial facility — 2022 EPA GHG Reporter. NAICS 562212. Pre-qualified high-energy solar candidate."
"Bond County Landfill","Greenville","IL","epa_ghgrp","epa-1004601","","","","","","","","600","904032","99444","1.8","1615812","","Industrial facility — 2022 EPA GHG Reporter. NAICS 562212. Pre-qualified high-energy solar candidate."
"West End Disposal Facility","Thompsonville","IL","epa_ghgrp","epa-1004627","","","","","","","","600","904032","99444","1.8","1615812","","Industrial facility — 2022 EPA GHG Reporter. NAICS 562212. Pre-qualified high-energy solar candidate."
"University Of Illinois At Chicago","Chicago","IL","epa_ghgrp","epa-1004756","","","","","","","","600","904032","99444","1.8","1615812","","Industrial facility — 2022 EPA GHG Reporter. NAICS 611310. Pre-qualified high-energy solar candidate."
"Anr Pipeline New Windsor Cs","New Windsor","IL","epa_ghgrp","epa-1004769","","","","","","","","600","904032","99444","1.8","1615812","","Industrial facility — 2022 EPA GHG Reporter. NAICS 486210. Pre-qualified high-energy solar candidate."
"Streator Area Landfill","Streator","IL","epa_ghgrp","epa-1004806","","","","","","","","600","904032","99444","1.8","1615812","","Industrial facility — 2022 EPA GHG Reporter. NAICS 562212. Pre-qualified high-energy solar candidate."
"Peoples Gas Light And Coke Co","Fisher","IL","epa_ghgrp","epa-1004844","","","","","","","","600","904032","99444","1.8","1615812","","Industrial facility — 2022 EPA GHG Reporter. NAICS 486210. Pre-qualified high-energy solar candidate."
"Alto Icp, Llc","Pekin","IL","epa_ghgrp","epa-1004861","","","","","","","","600","904032","99444","1.8","1615812","","Industrial facility — 2022 EPA GHG Reporter. NAICS 312140. Pre-qualified high-energy solar candidate."
"Landfill 33 Ltd","Effingham","IL","epa_ghgrp","epa-1004887","","","","","","","","600","904032","99444","1.8","1615812","","Industrial facility — 2022 EPA GHG Reporter. NAICS 562212. Pre-qualified high-energy solar candidate."
"St Marys Cement Inc-Dixon Plant","Dixon","IL","epa_ghgrp","epa-1004899","","","","","","","","600","904032","99444","1.8","1615812","","Cement / glass — 2022 EPA GHG Reporter. NAICS 327310. Pre-qualified high-energy solar candidate."
"Rochelle Municipal Landfill","Rochelle","IL","epa_ghgrp","epa-1004936","","","","","","","","600","904032","99444","1.8","1615812","","Industrial facility — 2022 EPA GHG Reporter. NAICS 562212. Pre-qualified high-energy solar candidate."
"Anr Pipeline Sandwich Cs","Sandwich","IL","epa_ghgrp","epa-1004937","","","","","","","","600","904032","99444","1.8","1615812","","Industrial facility — 2022 EPA GHG Reporter. NAICS 486210. Pre-qualified high-energy solar candidate."
"Vector Pipeline Lp Joliet","Elwood","IL","epa_ghgrp","epa-1004992","","","","","","","","600","904032","99444","1.8","1615812","","Industrial facility — 2022 EPA GHG Reporter. NAICS 486210. Pre-qualified high-energy solar candidate."
"Jo-Carroll Energy, Inc.","Elizabeth","IL","epa_ghgrp","epa-1005143","","","","","","","","600","904032","99444","1.8","1615812","","Power generation — 2022 EPA GHG Reporter. NAICS 221122. Pre-qualified high-energy solar candidate."
"Liberty Utilities - Virden Office","Virden","IL","epa_ghgrp","epa-1005747","","","","","","","","600","904032","99444","1.8","1615812","","Power generation — 2022 EPA GHG Reporter. NAICS 221210. Pre-qualified high-energy solar candidate."
"Calumet Energy Team, Llc","Chicago","IL","epa_ghgrp","epa-1005756","","","","","","","","600","904032","99444","1.8","1615812","","Power generation — 2022 EPA GHG Reporter. NAICS 221112. Pre-qualified high-energy solar candidate."
"Aux Sable Liquid Products Inc","Morris","IL","epa_ghgrp","epa-1005770","","","","","","","","600","904032","99444","1.8","1615812","","Industrial facility — 2022 EPA GHG Reporter. NAICS 211130. Pre-qualified high-energy solar candidate."
"Chicago O'Hare International Airport","Chicago","IL","epa_ghgrp","epa-1005841","","","","","","","","600","904032","99444","1.8","1615812","","Industrial facility — 2022 EPA GHG Reporter. NAICS 488119. Pre-qualified high-energy solar candidate."
"University Of Chicago","Chicago","IL","epa_ghgrp","epa-1005868","","","","","","","","600","904032","99444","1.8","1615812","","Industrial facility — 2022 EPA GHG Reporter. NAICS 611310. Pre-qualified high-energy solar candidate."
"Indian Creek Landfill #2","Hopedale","IL","epa_ghgrp","epa-1005916","","","","","","","","600","904032","99444","1.8","1615812","","Industrial facility — 2022 EPA GHG Reporter. NAICS 562212. Pre-qualified high-energy solar candidate."
"Rain Cii Carbon Llc - Robinson Calcining Plant","Robinson","IL","epa_ghgrp","epa-1005939","","","","","","","","600","904032","99444","1.8","1615812","","Petroleum refining — 2022 EPA GHG Reporter. NAICS 324199. Pre-qualified high-energy solar candidate."
"Washington Mills Hennepin Inc.","Hennepin","IL","epa_ghgrp","epa-1005944","","","","","","","","600","904032","99444","1.8","1615812","","Cement / glass — 2022 EPA GHG Reporter. NAICS 327910. Pre-qualified high-energy solar candidate."
"Zion Landfill","Zion","IL","epa_ghgrp","epa-1005985","","","","","","","","600","904032","99444","1.8","1615812","","Industrial facility — 2022 EPA GHG Reporter. NAICS 562212. Pre-qualified high-energy solar candidate."
"Exxonmobil Oil Joliet Refinery","Channahon","IL","epa_ghgrp","epa-1006068","","","","","","","","600","904032","99444","1.8","1615812","","Petroleum refining — 2022 EPA GHG Reporter. NAICS 324110. Pre-qualified high-energy solar candidate."
"Prairie View Recycling & Disposal Fac","Wilmington","IL","epa_ghgrp","epa-1006176","","","","","","","","600","904032","99444","1.8","1615812","","Industrial facility — 2022 EPA GHG Reporter. NAICS 562212. Pre-qualified high-energy solar candidate."
"Navistar Inc","Melrose Park","IL","epa_ghgrp","epa-1006190","","","","","","","","600","904032","99444","1.8","1615812","","Industrial facility — 2022 EPA GHG Reporter. NAICS 541380. Pre-qualified high-energy solar candidate."
"Tazewell Recycling & Disposal Facility","East Peoria","IL","epa_ghgrp","epa-1006204","","","","","","","","600","904032","99444","1.8","1615812","","Industrial facility — 2022 EPA GHG Reporter. NAICS 562212. Pre-qualified high-energy solar candidate."
"Wm Of Il - Greene Valley Rdf","Naperville","IL","epa_ghgrp","epa-1006207","","","","","","","","600","904032","99444","1.8","1615812","","Industrial facility — 2022 EPA GHG Reporter. NAICS 562212. Pre-qualified high-energy solar candidate."
"Five Oaks Recycling & Disposal Facility","Taylorville","IL","epa_ghgrp","epa-1006251","","","","","","","","600","904032","99444","1.8","1615812","","Industrial facility — 2022 EPA GHG Reporter. NAICS 562212. Pre-qualified high-energy solar candidate."
"Ineos Us Chemicals Company  Naperville Campus","Naperville","IL","epa_ghgrp","epa-1006259","","","","","","","","600","904032","99444","1.8","1615812","","Industrial facility — 2022 EPA GHG Reporter. NAICS 541380. Pre-qualified high-energy solar candidate."
"Quad Cities Landfill Phase 1&2/3","Milan","IL","epa_ghgrp","epa-1006285","","","","","","","","600","904032","99444","1.8","1615812","","Industrial facility — 2022 EPA GHG Reporter. NAICS 562212. Pre-qualified high-energy solar candidate."
"Congress Development Co Landfill","Hillside","IL","epa_ghgrp","epa-1006289","","","","","","","","600","904032","99444","1.8","1615812","","Industrial facility — 2022 EPA GHG Reporter. NAICS 562212. Pre-qualified high-energy solar candidate."
"Perry Ridge Landfill Inc","Du Quoin","IL","epa_ghgrp","epa-1006306","","","","","","","","600","904032","99444","1.8","1615812","","Industrial facility — 2022 EPA GHG Reporter. NAICS 562212. Pre-qualified high-energy solar candidate."
"Woodland Recycling And Disposal Facility","South Elgin","IL","epa_ghgrp","epa-1006335","","","","","","","","600","904032","99444","1.8","1615812","","Industrial facility — 2022 EPA GHG Reporter. NAICS 562212. Pre-qualified high-energy solar candidate."
"Coles County Landfill","Charleston","IL","epa_ghgrp","epa-1006348","","","","","","","","600","904032","99444","1.8","1615812","","Industrial facility — 2022 EPA GHG Reporter. NAICS 562212. Pre-qualified high-energy solar candidate."
"Land & Lakes Co-Willow Ranch","Romeoville","IL","epa_ghgrp","epa-1006349","","","","","","","","600","904032","99444","1.8","1615812","","Industrial facility — 2022 EPA GHG Reporter. NAICS 562212. Pre-qualified high-energy solar candidate."
"Winnebago Landfill","Rockford","IL","epa_ghgrp","epa-1006358","","","","","","","","600","904032","99444","1.8","1615812","","Industrial facility — 2022 EPA GHG Reporter. NAICS 562212. Pre-qualified high-energy solar candidate."
"University Park Energy","University Park","IL","epa_ghgrp","epa-1006403","","","","","","","","600","904032","99444","1.8","1615812","","Power generation — 2022 EPA GHG Reporter. NAICS 221112. Pre-qualified high-energy solar candidate."
"Kankakee Rdf","Chebanse","IL","epa_ghgrp","epa-1006418","","","","","","","","600","904032","99444","1.8","1615812","","Industrial facility — 2022 EPA GHG Reporter. NAICS 562212. Pre-qualified high-energy solar candidate."
"Geneva Energy Llc","Ford Heights","IL","epa_ghgrp","epa-1006422","","","","","","","","600","904032","99444","1.8","1615812","","Power generation — 2022 EPA GHG Reporter. NAICS 221112. Pre-qualified high-energy solar candidate."
"Advanced Tri-Gen Power Systems, Llc","Chillicothe","IL","epa_ghgrp","epa-1006553","","","","","","","","600","904032","99444","1.8","1615812","","Power generation — 2022 EPA GHG Reporter. NAICS 221112. Pre-qualified high-energy solar candidate."
"Rockford Energy Center","Rockford","IL","epa_ghgrp","epa-1006554","","","","","","","","600","904032","99444","1.8","1615812","","Power generation — 2022 EPA GHG Reporter. NAICS 221112. Pre-qualified high-energy solar candidate."
"Mounds Production Company, Llc","Mounds","IL","epa_ghgrp","epa-1006606","","","","","","","","600","904032","99444","1.8","1615812","","Industrial facility — 2022 EPA GHG Reporter. NAICS 212325. Pre-qualified high-energy solar candidate."
"Illinois Cement Co","Lasalle","IL","epa_ghgrp","epa-1006738","","","","","","","","600","904032","99444","1.8","1615812","","Cement / glass — 2022 EPA GHG Reporter. NAICS 327310. Pre-qualified high-energy solar candidate."
"Wheatland Prairie Recycling And Disposal Facility","Plainfield","IL","epa_ghgrp","epa-1006744","","","","","","","","600","904032","99444","1.8","1615812","","Industrial facility — 2022 EPA GHG Reporter. NAICS 562212. Pre-qualified high-energy solar candidate."
"Tilton Power Station","Tilton","IL","epa_ghgrp","epa-1006768","","","","","","","","600","904032","99444","1.8","1615812","","Power generation — 2022 EPA GHG Reporter. NAICS 221112. Pre-qualified high-energy solar candidate."
"Coffeen","Coffeen","IL","epa_ghgrp","epa-1006889","","","","","","","","600","904032","99444","1.8","1615812","","Power generation — 2022 EPA GHG Reporter. NAICS 221112. Pre-qualified high-energy solar candidate."
"Advanced Disposal Valley View Landfill Inc","Decatur","IL","epa_ghgrp","epa-1006963","","","","","","","","600","904032","99444","1.8","1615812","","Industrial facility — 2022 EPA GHG Reporter. NAICS 562212. Pre-qualified high-energy solar candidate."
"Davis Junction Landfill","Davis Junction","IL","epa_ghgrp","epa-1006991","","","","","","","","600","904032","99444","1.8","1615812","","Industrial facility — 2022 EPA GHG Reporter. NAICS 562212. Pre-qualified high-energy solar candidate."
"Land And Lakes Co","Chicago","IL","epa_ghgrp","epa-1007047","","","","","","","","600","904032","99444","1.8","1615812","","Industrial facility — 2022 EPA GHG Reporter. NAICS 562212. Pre-qualified high-energy solar candidate."
"Wayne County Landfill","Fairfield","IL","epa_ghgrp","epa-1007061","","","","","","","","600","904032","99444","1.8","1615812","","Industrial facility — 2022 EPA GHG Reporter. NAICS 562212. Pre-qualified high-energy solar candidate."
"Hickory Ridge Landfill, Inc.","Baylis","IL","epa_ghgrp","epa-1007073","","","","","","","","600","904032","99444","1.8","1615812","","Industrial facility — 2022 EPA GHG Reporter. NAICS 562212. Pre-qualified high-energy solar candidate."
"Oxbow Midwest Calcining Llc","Lemont","IL","epa_ghgrp","epa-1007127","","","","","","","","600","904032","99444","1.8","1615812","","Petroleum refining — 2022 EPA GHG Reporter. NAICS 324199. Pre-qualified high-energy solar candidate."
"Fisk","Chicago","IL","epa_ghgrp","epa-1007201","","","","","","","","600","904032","99444","1.8","1615812","","Power generation — 2022 EPA GHG Reporter. NAICS 221112. Pre-qualified high-energy solar candidate."
"Kinmundy Power Plant","Patoka","IL","epa_ghgrp","epa-1007209","","","","","","","","600","904032","99444","1.8","1615812","","Power generation — 2022 EPA GHG Reporter. NAICS 221112. Pre-qualified high-energy solar candidate."
"Baldwin Energy Complex","Baldwin","IL","epa_ghgrp","epa-1007302","","","","","","","","600","904032","99444","1.8","1615812","","Power generation — 2022 EPA GHG Reporter. NAICS 221112. Pre-qualified high-energy solar candidate."
"Prairie Power Inc Pearl Station","Pearl","IL","epa_ghgrp","epa-1007331","","","","","","","","600","904032","99444","1.8","1615812","","Power generation — 2022 EPA GHG Reporter. NAICS 221112. Pre-qualified high-energy solar candidate."
"Clinton Landfill Inc","Clinton","IL","epa_ghgrp","epa-1007467","","","","","","","","600","904032","99444","1.8","1615812","","Industrial facility — 2022 EPA GHG Reporter. NAICS 562212. Pre-qualified high-energy solar candidate."
"Wrb Refining Lp Wood River Refinery","Roxana","IL","epa_ghgrp","epa-1007518","","","","","","","","600","904032","99444","1.8","1615812","","Petroleum refining — 2022 EPA GHG Reporter. NAICS 324110. Pre-qualified high-energy solar candidate."
"Envirofil Of Illnois Inc","Macomb","IL","epa_ghgrp","epa-1007589","","","","","","","","600","904032","99444","1.8","1615812","","Industrial facility — 2022 EPA GHG Reporter. NAICS 562212. Pre-qualified high-energy solar candidate."
"Mallard Lake Landfill","Hanover Park","IL","epa_ghgrp","epa-1007633","","","","","","","","600","904032","99444","1.8","1615812","","Industrial facility — 2022 EPA GHG Reporter. NAICS 562212. Pre-qualified high-energy solar candidate."
"Environtech Landfill","Morris","IL","epa_ghgrp","epa-1007701","","","","","","","","600","904032","99444","1.8","1615812","","Industrial facility — 2022 EPA GHG Reporter. NAICS 562212. Pre-qualified high-energy solar candidate."
"South Barrington Landfill","South Barrington","IL","epa_ghgrp","epa-1007702","","","","","","","","600","904032","99444","1.8","1615812","","Industrial facility — 2022 EPA GHG Reporter. NAICS 562212. Pre-qualified high-energy solar candidate."
"Dekalb County Landfill","Dekalb","IL","epa_ghgrp","epa-1007724","","","","","","","","600","904032","99444","1.8","1615812","","Industrial facility — 2022 EPA GHG Reporter. NAICS 562212. Pre-qualified high-energy solar candidate."
"Sumner Landfill","Sumner","IL","epa_ghgrp","epa-1007810","","","","","","","","600","904032","99444","1.8","1615812","","Industrial facility — 2022 EPA GHG Reporter. NAICS 562212. Pre-qualified high-energy solar candidate."
"Saline County Landfill","Harrisburg","IL","epa_ghgrp","epa-1007905","","","","","","","","600","904032","99444","1.8","1615812","","Industrial facility — 2022 EPA GHG Reporter. NAICS 562212. Pre-qualified high-energy solar candidate."
"Morris Cogeneration, Llc","Morris","IL","epa_ghgrp","epa-1007979","","","","","","","","600","904032","99444","1.8","1615812","","Power generation — 2022 EPA GHG Reporter. NAICS 221112. Pre-qualified high-energy solar candidate."
"Countryside Landfill","Grayslake","IL","epa_ghgrp","epa-1007992","","","","","","","","600","904032","99444","1.8","1615812","","Industrial facility — 2022 EPA GHG Reporter. NAICS 562212. Pre-qualified high-energy solar candidate."
"Cid Recycling & Disposal Facility","Calumet City","IL","epa_ghgrp","epa-1008012","","","","","","","","600","904032","99444","1.8","1615812","","Industrial facility — 2022 EPA GHG Reporter. NAICS 562212. Pre-qualified high-energy solar candidate."
"Ameren Illinois","Peoria","IL","epa_ghgrp","epa-1008026","","","","","","","","600","904032","99444","1.8","1615812","","Power generation — 2022 EPA GHG Reporter. NAICS 221210. Pre-qualified high-energy solar candidate."
"Land And Lakes Co","Dolton","IL","epa_ghgrp","epa-1008115","","","","","","","","600","904032","99444","1.8","1615812","","Industrial facility — 2022 EPA GHG Reporter. NAICS 562212. Pre-qualified high-energy solar candidate."
"Milam Recycling And Disposal Facility","East Saint Louis","IL","epa_ghgrp","epa-1008269","","","","","","","","600","904032","99444","1.8","1615812","","Industrial facility — 2022 EPA GHG Reporter. NAICS 562212. Pre-qualified high-energy solar candidate."
"Viper Mine","Elkhart","IL","epa_ghgrp","epa-1008388","","","","","","","","600","904032","99444","1.8","1615812","","Industrial facility — 2022 EPA GHG Reporter. NAICS 212115. Pre-qualified high-energy solar candidate."
"Nicor Gas Lake Bloomington","Gridley","IL","epa_ghgrp","epa-1008445","","","","","","","","600","904032","99444","1.8","1615812","","Power generation — 2022 EPA GHG Reporter. NAICS 221210. Pre-qualified high-energy solar candidate."
"Nicor Gas Lexington","Lexington","IL","epa_ghgrp","epa-1008446","","","","","","","","600","904032","99444","1.8","1615812","","Power generation — 2022 EPA GHG Reporter. NAICS 221210. Pre-qualified high-energy solar candidate."
"Nicor Gas Troy Grove","Mendota","IL","epa_ghgrp","epa-1008652","","","","","","","","600","904032","99444","1.8","1615812","","Power generation — 2022 EPA GHG Reporter. NAICS 221210. Pre-qualified high-energy solar candidate."
"Nicor Gas Hudson","Hudson","IL","epa_ghgrp","epa-1008653","","","","","","","","600","904032","99444","1.8","1615812","","Power generation — 2022 EPA GHG Reporter. NAICS 221210. Pre-qualified high-energy solar candidate."
"Nicor Gas Pontiac","Pontiac","IL","epa_ghgrp","epa-1008667","","","","","","","","600","904032","99444","1.8","1615812","","Power generation — 2022 EPA GHG Reporter. NAICS 221210. Pre-qualified high-energy solar candidate."
"Village Of Morton","Morton","IL","epa_ghgrp","epa-1008773","","","","","","","","600","904032","99444","1.8","1615812","","Power generation — 2022 EPA GHG Reporter. NAICS 221210. Pre-qualified high-energy solar candidate."
"Fiberteq, Llc","Danville","IL","epa_ghgrp","epa-1009616","","","","","","","","600","904032","99444","1.8","1615812","","Cement / glass — 2022 EPA GHG Reporter. NAICS 327993. Pre-qualified high-energy solar candidate."
"Comed","Oakbrook Terrace","IL","epa_ghgrp","epa-1010027","","","","","","","","600","904032","99444","1.8","1615812","","Power generation — 2022 EPA GHG Reporter. NAICS 221122. Pre-qualified high-energy solar candidate."
"White County Coal, Llc","Carmi","IL","epa_ghgrp","epa-1010051","","","","","","","","600","904032","99444","1.8","1615812","","Industrial facility — 2022 EPA GHG Reporter. NAICS 212112. Pre-qualified high-energy solar candidate."
"New Era Mine","Galatia","IL","epa_ghgrp","epa-1010108","","","","","","","","600","904032","99444","1.8","1615812","","Industrial facility — 2022 EPA GHG Reporter. NAICS 212112. Pre-qualified high-energy solar candidate."
"Pond Creek No. 1 Mine","Marion","IL","epa_ghgrp","epa-1010198","","","","","","","","600","904032","99444","1.8","1615812","","Industrial facility — 2022 EPA GHG Reporter. NAICS 212115. Pre-qualified high-energy solar candidate."
"Sugar Camp Energy, Llc","Macedonia","IL","epa_ghgrp","epa-1010263","","","","","","","","600","904032","99444","1.8","1615812","","Industrial facility — 2022 EPA GHG Reporter. NAICS 212114. Pre-qualified high-energy solar candidate."
"Shay #1 Mine","Carlinville","IL","epa_ghgrp","epa-1010362","","","","","","","","600","904032","99444","1.8","1615812","","Industrial facility — 2022 EPA GHG Reporter. NAICS 212112. Pre-qualified high-energy solar candidate."
"Bp Products North America","Chicago","IL","epa_ghgrp","epa-1010418","","","","","","","","600","904032","99444","1.8","1615812","","Industrial facility — 2022 EPA GHG Reporter. NAICS 425120. Pre-qualified high-energy solar candidate."
"James Hardie Building Products, Inc. (Peru)","Peru","IL","epa_ghgrp","epa-1010611","","","","","","","","600","904032","99444","1.8","1615812","","Cement / glass — 2022 EPA GHG Reporter. NAICS 327390. Pre-qualified high-energy solar candidate."
"Ameren Illinois Electric","Peoria","IL","epa_ghgrp","epa-1010811","","","","","","","","600","904032","99444","1.8","1615812","","Power generation — 2022 EPA GHG Reporter. NAICS 221122. Pre-qualified high-energy solar candidate."
"Lenz Sales & Dist., Inc.","New Berlin","IL","epa_ghgrp","epa-1010835","","","","","","","","600","904032","99444","1.8","1615812","","Industrial facility — 2022 EPA GHG Reporter. NAICS 424690. Pre-qualified high-energy solar candidate."
"Ahlstrom Filtration, Llc.","Taylorville","IL","epa_ghgrp","epa-1011038","","","","","","","","600","904032","99444","1.8","1615812","","Pulp & paper — 2022 EPA GHG Reporter. NAICS 322120. Pre-qualified high-energy solar candidate."
"New Future Mine","Galatia","IL","epa_ghgrp","epa-1011101","","","","","","","","600","904032","99444","1.8","1615812","","Industrial facility — 2022 EPA GHG Reporter. NAICS 212112. Pre-qualified high-energy solar candidate."
"Anr Pipeline Woodstock Cs","Woodstock","IL","epa_ghgrp","epa-1011137","","","","","","","","600","904032","99444","1.8","1615812","","Industrial facility — 2022 EPA GHG Reporter. NAICS 486210. Pre-qualified high-energy solar candidate."
"Esg Watts Taylor Ridge Landfill","Taylor Ridge","IL","epa_ghgrp","epa-1011179","","","","","","","","600","904032","99444","1.8","1615812","","Industrial facility — 2022 EPA GHG Reporter. NAICS 237130. Pre-qualified high-energy solar candidate."
"Prairie Eagle Mine","Cutler","IL","epa_ghgrp","epa-1011220","","","","","","","","600","904032","99444","1.8","1615812","","Industrial facility — 2022 EPA GHG Reporter. NAICS 212115. Pre-qualified high-energy solar candidate."
"White Oak Resources Mine No. 1/Hamilton County Coal","Dahlgren","IL","epa_ghgrp","epa-1011237","","","","","","","","600","904032","99444","1.8","1615812","","Industrial facility — 2022 EPA GHG Reporter. NAICS 212115. Pre-qualified high-energy solar candidate."
"Cairo Public Utility","Cairo","IL","epa_ghgrp","epa-1011331","","","","","","","","600","904032","99444","1.8","1615812","","Power generation — 2022 EPA GHG Reporter. NAICS 221210. Pre-qualified high-energy solar candidate."
"Deer Run Mine","Hillsboro","IL","epa_ghgrp","epa-1011516","","","","","","","","600","904032","99444","1.8","1615812","","Industrial facility — 2022 EPA GHG Reporter. NAICS 212115. Pre-qualified high-energy solar candidate."
"Gold Bond - Wak Plant","Waukegan","IL","epa_ghgrp","epa-1011580","","","","","","","","600","904032","99444","1.8","1615812","","Cement / glass — 2022 EPA GHG Reporter. NAICS 327420. Pre-qualified high-energy solar candidate."
"Tier 5 Labs, Llc","Naperville","IL","epa_ghgrp","epa-1011741","","","","","","","","600","904032","99444","1.8","1615812","","Industrial facility — 2022 EPA GHG Reporter. NAICS 424690. Pre-qualified high-energy solar candidate."
"Gateway North Mine","Coulterville","IL","epa_ghgrp","epa-1011886","","","","","","","","600","904032","99444","1.8","1615812","","Industrial facility — 2022 EPA GHG Reporter. NAICS 212115. Pre-qualified high-energy solar candidate."
"Old World Industries, Llc","Northbrook","IL","epa_ghgrp","epa-1012246","","","","","","","","600","904032","99444","1.8","1615812","","Industrial facility — 2022 EPA GHG Reporter. NAICS 424690. Pre-qualified high-energy solar candidate."
"Ngpl Station 312 Cropsey, Il","Cropsey","IL","epa_ghgrp","epa-1013009","","","","","","","","600","904032","99444","1.8","1615812","","Industrial facility — 2022 EPA GHG Reporter. NAICS 486210. Pre-qualified high-energy solar candidate."
"Mek Chemical Corporation","Warrenville","IL","epa_ghgrp","epa-1014076","","","","","","","","600","904032","99444","1.8","1615812","","Industrial facility — 2022 EPA GHG Reporter. NAICS 424690. Pre-qualified high-energy solar candidate."
"Eco Hill Landfill","Atkinson","IL","epa_ghgrp","epa-1014391","","","","","","","","600","904032","99444","1.8","1615812","","Industrial facility — 2022 EPA GHG Reporter. NAICS 562212. Pre-qualified high-energy solar candidate."
"Jackson Generation","Elwood","IL","epa_ghgrp","epa-1014443","","","","","","","","600","904032","99444","1.8","1615812","","Power generation — 2022 EPA GHG Reporter. NAICS 221112. Pre-qualified high-energy solar candidate."
"Three Rivers Energy Center","Morris","IL","epa_ghgrp","epa-1014605","","","","","","","","600","904032","99444","1.8","1615812","","Power generation — 2022 EPA GHG Reporter. NAICS 221112. Pre-qualified high-energy solar candidate."
"Public Storage","Niles","IL","osm_industrial","osm-24860731","","","","","","","","600","904032","99444","1.8","1615812","","Industrial building. Roof-suitable for rooftop PV. Verify ownership + contact before outreach."
"Wilson Hall","Chicago","IL","osm_industrial","osm-25473315","","","","","","","","600","904032","99444","1.8","1615812","","Industrial building. Roof-suitable for rooftop PV. Verify ownership + contact before outreach."
"Technical Division Building 3","Chicago","IL","osm_industrial","osm-25473510","","","","","","","","600","904032","99444","1.8","1615812","","Industrial building. Roof-suitable for rooftop PV. Verify ownership + contact before outreach."
"Technical Division Building 4","Chicago","IL","osm_industrial","osm-25473514","","","","","","","","600","904032","99444","1.8","1615812","","Industrial building. Roof-suitable for rooftop PV. Verify ownership + contact before outreach."
"Technical Division Building 2","Chicago","IL","osm_industrial","osm-25473515","","","","","","","","600","904032","99444","1.8","1615812","","Industrial building. Roof-suitable for rooftop PV. Verify ownership + contact before outreach."
"Technical Division Icb","Chicago","IL","osm_industrial","osm-25473518","","","","","","","","600","904032","99444","1.8","1615812","","Industrial building. Roof-suitable for rooftop PV. Verify ownership + contact before outreach."
"Technical Division Building 1","Chicago","IL","osm_industrial","osm-25473531","","","","","","","","600","904032","99444","1.8","1615812","","Industrial building. Roof-suitable for rooftop PV. Verify ownership + contact before outreach."
"Partycity.Com Corporate Headquarters","Naperville","IL","osm_industrial","osm-25484598","","","","","","","","600","904032","99444","1.8","1615812","","Industrial building. Roof-suitable for rooftop PV. Verify ownership + contact before outreach."
"Former Maywood Park Race Track","Chicago","IL","osm_industrial","osm-26161424","","","","","","","","600","904032","99444","1.8","1615812","","Industrial building. Roof-suitable for rooftop PV. Verify ownership + contact before outreach."
"Fareva","Morton Grove","IL","osm_industrial","osm-27029262","","","","","","","","600","904032","99444","1.8","1615812","","Industrial building. Roof-suitable for rooftop PV. Verify ownership + contact before outreach."
"Chicago Transit Authority","Forest Park","IL","osm_industrial","osm-31043865","","","","","","","","600","904032","99444","1.8","1615812","","Industrial building. Roof-suitable for rooftop PV. Verify ownership + contact before outreach."
"Exelon","Chicago","IL","osm_industrial","osm-31449653","","","","","","","","600","904032","99444","1.8","1615812","","Industrial building. Roof-suitable for rooftop PV. Verify ownership + contact before outreach."
"Jewel-Osco","Chicago","IL","osm_industrial","osm-32488562","","","","","","","","600","904032","99444","1.8","1615812","","Industrial building. Roof-suitable for rooftop PV. Verify ownership + contact before outreach."
"Pace Bus","Evanston","IL","osm_industrial","osm-36381964","","","","","","","","600","904032","99444","1.8","1615812","","Depot building. Roof-suitable for rooftop PV. Verify ownership + contact before outreach."
"Fedex","Chicago","IL","osm_industrial","osm-47093778","","","","","","","","600","904032","99444","1.8","1615812","","Industrial building. Roof-suitable for rooftop PV. Verify ownership + contact before outreach."
"City Of Chicago","Chicago","IL","osm_industrial","osm-47093790","","","","","","","","600","904032","99444","1.8","1615812","","Industrial building. Roof-suitable for rooftop PV. Verify ownership + contact before outreach."
"Azero Service Building","Chicago","IL","osm_industrial","osm-51755119","","","","","","","","600","904032","99444","1.8","1615812","","Industrial building. Roof-suitable for rooftop PV. Verify ownership + contact before outreach."
"Tevatron Service Building","Chicago","IL","osm_industrial","osm-51755120","","","","","","","","600","904032","99444","1.8","1615812","","Industrial building. Roof-suitable for rooftop PV. Verify ownership + contact before outreach."
"Amtrak","Chicago","IL","osm_industrial","osm-56235733","","","","","","","","600","904032","99444","1.8","1615812","","Industrial building. Roof-suitable for rooftop PV. Verify ownership + contact before outreach."
"Amtrak","Chicago","IL","osm_industrial","osm-56383501","","","","","","","","600","904032","99444","1.8","1615812","","Industrial building. Roof-suitable for rooftop PV. Verify ownership + contact before outreach."
"Amtrak","Chicago","IL","osm_industrial","osm-56383508","","","","","","","","600","904032","99444","1.8","1615812","","Industrial building. Roof-suitable for rooftop PV. Verify ownership + contact before outreach."
"Amtrak","Chicago","IL","osm_industrial","osm-56383509","","","","","","","","600","904032","99444","1.8","1615812","","Industrial building. Roof-suitable for rooftop PV. Verify ownership + contact before outreach."
"Amtrak","Chicago","IL","osm_industrial","osm-56384680","","","","","","","","600","904032","99444","1.8","1615812","","Industrial building. Roof-suitable for rooftop PV. Verify ownership + contact before outreach."
"Metra Car Shop","Chicago","IL","osm_industrial","osm-56393192","","","","","","","","600","904032","99444","1.8","1615812","","Industrial building. Roof-suitable for rooftop PV. Verify ownership + contact before outreach."
"Ozinga","Naperville","IL","osm_industrial","osm-66789382","","","","","","","","600","904032","99444","1.8","1615812","","Industrial building. Roof-suitable for rooftop PV. Verify ownership + contact before outreach."
"Paul Davis Restoration","Naperville","IL","osm_industrial","osm-66789384","","","","","","","","600","904032","99444","1.8","1615812","","Industrial building. Roof-suitable for rooftop PV. Verify ownership + contact before outreach."
"Istha Maintenance Facilty","Chicago","IL","osm_industrial","osm-71493503","","","","","","","","600","904032","99444","1.8","1615812","","Industrial building. Roof-suitable for rooftop PV. Verify ownership + contact before outreach."
"Lisle Public Works Administration","Lisle","IL","osm_industrial","osm-75902529","","","","","","","","600","904032","99444","1.8","1615812","","Industrial building. Roof-suitable for rooftop PV. Verify ownership + contact before outreach."
"Lisle Public Works Operations","Chicago","IL","osm_industrial","osm-75904792","","","","","","","","600","904032","99444","1.8","1615812","","Industrial building. Roof-suitable for rooftop PV. Verify ownership + contact before outreach."
"Wheatland Industrial Park","Chicago","IL","osm_industrial","osm-92258446","","","","","","","","600","904032","99444","1.8","1615812","","Industrial building. Roof-suitable for rooftop PV. Verify ownership + contact before outreach."
"Clow Creek Industrial Park","Chicago","IL","osm_industrial","osm-92258466","","","","","","","","600","904032","99444","1.8","1615812","","Industrial building. Roof-suitable for rooftop PV. Verify ownership + contact before outreach."
"Stonehill Industrial Park","Chicago","IL","osm_industrial","osm-92289846","","","","","","","","600","904032","99444","1.8","1615812","","Industrial building. Roof-suitable for rooftop PV. Verify ownership + contact before outreach."
"Kirie Water Reclamation Plant","Des Plaines","IL","osm_industrial","osm-93279240","","","","","","","","600","904032","99444","1.8","1615812","","Industrial building. Roof-suitable for rooftop PV. Verify ownership + contact before outreach."
"Ozinga Illinois","Chicago","IL","osm_industrial","osm-109972885","","","","","","","","600","904032","99444","1.8","1615812","","Industrial building. Roof-suitable for rooftop PV. Verify ownership + contact before outreach."
"Marathon","Mount Prospect","IL","osm_industrial","osm-110447979","","","","","","","","600","904032","99444","1.8","1615812","","Oil building. Roof-suitable for rooftop PV. Verify ownership + contact before outreach."
"United Parcel Service - Chicago Area Consolidation Hub","Chicago","IL","osm_industrial","osm-114309688","","","","","","","","600","904032","99444","1.8","1615812","","Logistics building. Roof-suitable for rooftop PV. Verify ownership + contact before outreach."
"Ups","Hodgkins","IL","osm_industrial","osm-114309689","","","","","","","","600","904032","99444","1.8","1615812","","Industrial building. Roof-suitable for rooftop PV. Verify ownership + contact before outreach."
"Ait Worldwide Logistics","Chicago","IL","osm_industrial","osm-115947115","","","","","","","","600","904032","99444","1.8","1615812","","Industrial building. Roof-suitable for rooftop PV. Verify ownership + contact before outreach."
"File Mart","Chicago","IL","osm_industrial","osm-115947121","","","","","","","","600","904032","99444","1.8","1615812","","Industrial building. Roof-suitable for rooftop PV. Verify ownership + contact before outreach."
"United States Postal Service","Chicago","IL","osm_industrial","osm-116032542","","","","","","","","600","904032","99444","1.8","1615812","","Industrial building. Roof-suitable for rooftop PV. Verify ownership + contact before outreach."
"United States Postal Service","Palatine","IL","osm_industrial","osm-117893787","","","","","","","","600","904032","99444","1.8","1615812","","Industrial building. Roof-suitable for rooftop PV. Verify ownership + contact before outreach."
"City Of Geneva- (Il)","Chicago","IL","osm_industrial","osm-118941477","","","","","","","","600","904032","99444","1.8","1615812","","Industrial building. Roof-suitable for rooftop PV. Verify ownership + contact before outreach."
"Nabisco Division Of Mondelez International","Naperville","IL","osm_industrial","osm-125546890","","","","","","","","600","904032","99444","1.8","1615812","","Industrial building. Roof-suitable for rooftop PV. Verify ownership + contact before outreach."
"Neill Cartage Warehouse","Berkeley","IL","osm_industrial","osm-127953323","","","","","","","","600","904032","99444","1.8","1615812","","Industrial building. Roof-suitable for rooftop PV. Verify ownership + contact before outreach."
"Odw Logistics","Melrose Park","IL","osm_industrial","osm-127953349","","","","","","","","600","904032","99444","1.8","1615812","","Industrial building. Roof-suitable for rooftop PV. Verify ownership + contact before outreach."
"Cta 103rd Street Garage","Chicago","IL","osm_industrial","osm-128013178","","","","","","","","600","904032","99444","1.8","1615812","","Industrial building. Roof-suitable for rooftop PV. Verify ownership + contact before outreach."
"Uop","Des Plaines","IL","osm_industrial","osm-128460725","","","","","","","","600","904032","99444","1.8","1615812","","Industrial building. Roof-suitable for rooftop PV. Verify ownership + contact before outreach."
"Uop","Des Plaines","IL","osm_industrial","osm-138067926","","","","","","","","600","904032","99444","1.8","1615812","","Industrial building. Roof-suitable for rooftop PV. Verify ownership + contact before outreach."
"Uop","Chicago","IL","osm_industrial","osm-138067938","","","","","","","","600","904032","99444","1.8","1615812","","Industrial building. Roof-suitable for rooftop PV. Verify ownership + contact before outreach."
"University Of Chicago Steam Plant","Chicago","IL","osm_industrial","osm-144636085","","","","","","","","600","904032","99444","1.8","1615812","","Industrial building. Roof-suitable for rooftop PV. Verify ownership + contact before outreach."
"Steam Plant Auxiliary Building","Chicago","IL","osm_industrial","osm-144636088","","","","","","","","600","904032","99444","1.8","1615812","","Industrial building. Roof-suitable for rooftop PV. Verify ownership + contact before outreach."
"West Campus Combined Utility Plant","Chicago","IL","osm_industrial","osm-145400410","","","","","","","","600","904032","99444","1.8","1615812","","Industrial building. Roof-suitable for rooftop PV. Verify ownership + contact before outreach."
"University Of Chicago Auto Service Facility","Chicago","IL","osm_industrial","osm-145401953","","","","","","","","600","904032","99444","1.8","1615812","","Industrial building. Roof-suitable for rooftop PV. Verify ownership + contact before outreach."
"Safeguard Self Storage","Chicago","IL","osm_industrial","osm-146431539","","","","","","","","600","904032","99444","1.8","1615812","","Industrial building. Roof-suitable for rooftop PV. Verify ownership + contact before outreach."
"Arlington Heights Public Works Department","Chicago","IL","osm_industrial","osm-147060607","","","","","","","","600","904032","99444","1.8","1615812","","Industrial building. Roof-suitable for rooftop PV. Verify ownership + contact before outreach."
"Thermal Chicago District Cooling Plant #2","Chicago","IL","osm_industrial","osm-148788179","","","","","","","","600","904032","99444","1.8","1615812","","Industrial building. Roof-suitable for rooftop PV. Verify ownership + contact before outreach."
"Blommer Chocolate Factory","Chicago","IL","osm_industrial","osm-149372365","","","","","","","","600","904032","99444","1.8","1615812","","Industrial building. Roof-suitable for rooftop PV. Verify ownership + contact before outreach."
"Eli'S Cheesecake Factory","Chicago","IL","osm_industrial","osm-151319602","","","","","","","","600","904032","99444","1.8","1615812","","Industrial building. Roof-suitable for rooftop PV. Verify ownership + contact before outreach."
"United States Postal Service","Chicago","IL","osm_industrial","osm-151571142","","","","","","","","600","904032","99444","1.8","1615812","","Depot building. Roof-suitable for rooftop PV. Verify ownership + contact before outreach."
"Skokie South-East Industrial District","Chicago","IL","osm_industrial","osm-155085267","","","","","","","","600","904032","99444","1.8","1615812","","Industrial building. Roof-suitable for rooftop PV. Verify ownership + contact before outreach."
"Public Storage","Lincolnwood","IL","osm_industrial","osm-155162791","","","","","","","","600","904032","99444","1.8","1615812","","Industrial building. Roof-suitable for rooftop PV. Verify ownership + contact before outreach."
"Union Station Power Plant","Chicago","IL","osm_industrial","osm-155559109","","","","","","","","600","904032","99444","1.8","1615812","","Industrial building. Roof-suitable for rooftop PV. Verify ownership + contact before outreach."
"Materials Technology Building","Chicago","IL","osm_industrial","osm-157657424","","","","","","","","600","904032","99444","1.8","1615812","","Industrial building. Roof-suitable for rooftop PV. Verify ownership + contact before outreach."
"Midwest Generations Eme Llc","Chicago","IL","osm_industrial","osm-157657590","","","","","","","","600","904032","99444","1.8","1615812","","Industrial building. Roof-suitable for rooftop PV. Verify ownership + contact before outreach."
"Lab 7","Chicago","IL","osm_industrial","osm-161686169","","","","","","","","600","904032","99444","1.8","1615812","","Industrial building. Roof-suitable for rooftop PV. Verify ownership + contact before outreach."
"United States Postal Service","Chicago","IL","osm_industrial","osm-162237088","","","","","","","","600","904032","99444","1.8","1615812","","Industrial building. Roof-suitable for rooftop PV. Verify ownership + contact before outreach."
"Modern Process Equipment Corp.","Chicago","IL","osm_industrial","osm-162293724","","","","","","","","600","904032","99444","1.8","1615812","","Industrial building. Roof-suitable for rooftop PV. Verify ownership + contact before outreach."
"Able Electropolishing","Chicago","IL","osm_industrial","osm-162295820","","","","","","","","600","904032","99444","1.8","1615812","","Industrial building. Roof-suitable for rooftop PV. Verify ownership + contact before outreach."
"American Envelope Co.","Chicago","IL","osm_industrial","osm-162335323","","","","","","","","600","904032","99444","1.8","1615812","","Industrial building. Roof-suitable for rooftop PV. Verify ownership + contact before outreach."
"The Coca-Cola Company","Chicago","IL","osm_industrial","osm-162335772","","","","","","","","600","904032","99444","1.8","1615812","","Industrial building. Roof-suitable for rooftop PV. Verify ownership + contact before outreach."
"Stuart Hale Corp.","Chicago","IL","osm_industrial","osm-162338391","","","","","","","","600","904032","99444","1.8","1615812","","Industrial building. Roof-suitable for rooftop PV. Verify ownership + contact before outreach."
"Cta Chicago Avenue Garage","Chicago","IL","osm_industrial","osm-162338398","","","","","","","","600","904032","99444","1.8","1615812","","Industrial building. Roof-suitable for rooftop PV. Verify ownership + contact before outreach."
"Kroh-Wagner","Chicago","IL","osm_industrial","osm-162390590","","","","","","","","600","904032","99444","1.8","1615812","","Industrial building. Roof-suitable for rooftop PV. Verify ownership + contact before outreach."
"Mauritzon","Chicago","IL","osm_industrial","osm-162390730","","","","","","","","600","904032","99444","1.8","1615812","","Industrial building. Roof-suitable for rooftop PV. Verify ownership + contact before outreach."
"Dock 6 Collective","Chicago","IL","osm_industrial","osm-162437099","","","","","","","","600","904032","99444","1.8","1615812","","Industrial building. Roof-suitable for rooftop PV. Verify ownership + contact before outreach."
"Moulding Brick Company","Chicago","IL","osm_industrial","osm-162439471","","","","","","","","600","904032","99444","1.8","1615812","","Industrial building. Roof-suitable for rooftop PV. Verify ownership + contact before outreach."
"Extra Space Storage","Chicago","IL","osm_industrial","osm-162452327","","","","","","","","600","904032","99444","1.8","1615812","","Industrial building. Roof-suitable for rooftop PV. Verify ownership + contact before outreach."
"Dudek & Bock Spring Manufacturing","Chicago","IL","osm_industrial","osm-162512794","","","","","","","","600","904032","99444","1.8","1615812","","Industrial building. Roof-suitable for rooftop PV. Verify ownership + contact before outreach."
"Dudek & Bock Spring Manufacturing","Chicago","IL","osm_industrial","osm-162512837","","","","","","","","600","904032","99444","1.8","1615812","","Industrial building. Roof-suitable for rooftop PV. Verify ownership + contact before outreach."
"Elwood Packaging, Inc.","Chicago","IL","osm_industrial","osm-162512840","","","","","","","","600","904032","99444","1.8","1615812","","Industrial building. Roof-suitable for rooftop PV. Verify ownership + contact before outreach."
"Pca Packaging Corporation Of America","Chicago","IL","osm_industrial","osm-162512869","","","","","","","","600","904032","99444","1.8","1615812","","Industrial building. Roof-suitable for rooftop PV. Verify ownership + contact before outreach."
"Sungate Park","Chicago","IL","osm_industrial","osm-162513514","","","","","","","","600","904032","99444","1.8","1615812","","Industrial building. Roof-suitable for rooftop PV. Verify ownership + contact before outreach."
"Streets And Sanitation Yard","Chicago","IL","osm_industrial","osm-162553346","","","","","","","","600","904032","99444","1.8","1615812","","Industrial building. Roof-suitable for rooftop PV. Verify ownership + contact before outreach."
"City Of Chicago Water Management Yard","Chicago","IL","osm_industrial","osm-162702298","","","","","","","","600","904032","99444","1.8","1615812","","Industrial building. Roof-suitable for rooftop PV. Verify ownership + contact before outreach."
"Cta Forest Glen Shop","Chicago","IL","osm_industrial","osm-162805910","","","","","","","","600","904032","99444","1.8","1615812","","Industrial building. Roof-suitable for rooftop PV. Verify ownership + contact before outreach."
"Cubesmart","Chicago","IL","osm_industrial","osm-163044798","","","","","","","","600","904032","99444","1.8","1615812","","Industrial building. Roof-suitable for rooftop PV. Verify ownership + contact before outreach."
"Radio Flyer","Chicago","IL","osm_industrial","osm-163046170","","","","","","","","600","904032","99444","1.8","1615812","","Industrial building. Roof-suitable for rooftop PV. Verify ownership + contact before outreach."
"Department Of Streets & Sanitation Yard Office","Chicago","IL","osm_industrial","osm-163293152","","","","","","","","600","904032","99444","1.8","1615812","","Industrial building. Roof-suitable for rooftop PV. Verify ownership + contact before outreach."
"Idot","Chicago","IL","osm_industrial","osm-163306623","","","","","","","","600","904032","99444","1.8","1615812","","Industrial building. Roof-suitable for rooftop PV. Verify ownership + contact before outreach."
"Idot","Chicago","IL","osm_industrial","osm-163306626","","","","","","","","600","904032","99444","1.8","1615812","","Industrial building. Roof-suitable for rooftop PV. Verify ownership + contact before outreach."
"Ats Maintenance & Storage Building/ Fac Power Substation 7","Chicago","IL","osm_industrial","osm-163490872","","","","","","","","600","904032","99444","1.8","1615812","","Industrial building. Roof-suitable for rooftop PV. Verify ownership + contact before outreach."
"Avis Car Rental Adminstration & Maintenance","Chicago","IL","osm_industrial","osm-163490873","","","","","","","","600","904032","99444","1.8","1615812","","Industrial building. Roof-suitable for rooftop PV. Verify ownership + contact before outreach."
"Commonwealth Edison Switchyard","Chicago","IL","osm_industrial","osm-163490889","","","","","","","","600","904032","99444","1.8","1615812","","Industrial building. Roof-suitable for rooftop PV. Verify ownership + contact before outreach."
"Northwest Suburban Municipal Joint Action Water Agency","Chicago","IL","osm_industrial","osm-163490899","","","","","","","","600","904032","99444","1.8","1615812","","Industrial building. Roof-suitable for rooftop PV. Verify ownership + contact before outreach."
"Hurtz Maintenance","Chicago","IL","osm_industrial","osm-163490909","","","","","","","","600","904032","99444","1.8","1615812","","Industrial building. Roof-suitable for rooftop PV. Verify ownership + contact before outreach."
"Terminal 5 Pumping Station","Chicago","IL","osm_industrial","osm-163490928","","","","","","","","600","904032","99444","1.8","1615812","","Industrial building. Roof-suitable for rooftop PV. Verify ownership + contact before outreach."
"Chicago Department Of Aviation","Chicago","IL","osm_industrial","osm-163500117","","","","","","","","600","904032","99444","1.8","1615812","","Industrial building. Roof-suitable for rooftop PV. Verify ownership + contact before outreach."
"Chicago Department Of Aviation","Chicago","IL","osm_industrial","osm-163500120","","","","","","","","600","904032","99444","1.8","1615812","","Industrial building. Roof-suitable for rooftop PV. Verify ownership + contact before outreach."
"Chicago Department Of Aviation","Chicago","IL","osm_industrial","osm-163500125","","","","","","","","600","904032","99444","1.8","1615812","","Industrial building. Roof-suitable for rooftop PV. Verify ownership + contact before outreach."
"Chicago Department Of Aviation","Chicago","IL","osm_industrial","osm-163500135","","","","","","","","600","904032","99444","1.8","1615812","","Industrial building. Roof-suitable for rooftop PV. Verify ownership + contact before outreach."
"Chicago Department Of Aviation","Chicago","IL","osm_industrial","osm-163500136","","","","","","","","600","904032","99444","1.8","1615812","","Industrial building. Roof-suitable for rooftop PV. Verify ownership + contact before outreach."
"Agi Building (Lockheed Building)","Chicago","IL","osm_industrial","osm-163500859","","","","","","","","600","904032","99444","1.8","1615812","","Industrial building. Roof-suitable for rooftop PV. Verify ownership + contact before outreach."
"Chicago Department Of Water Management","Chicago","IL","osm_industrial","osm-163523293","","","","","","","","600","904032","99444","1.8","1615812","","Industrial building. Roof-suitable for rooftop PV. Verify ownership + contact before outreach."
"Lincoln Business Center","Chicago","IL","osm_industrial","osm-163529616","","","","","","","","600","904032","99444","1.8","1615812","","Industrial building. Roof-suitable for rooftop PV. Verify ownership + contact before outreach."
"Crosfield Cataylsts Co Building","Chicago","IL","osm_industrial","osm-163568317","","","","","","","","600","904032","99444","1.8","1615812","","Industrial building. Roof-suitable for rooftop PV. Verify ownership + contact before outreach."
"World'S Finest Chocolate","Chicago","IL","osm_industrial","osm-163668911","","","","","","","","600","904032","99444","1.8","1615812","","Industrial building. Roof-suitable for rooftop PV. Verify ownership + contact before outreach."
"Chicago Department Of Transportation","Chicago","IL","osm_industrial","osm-163703921","","","","","","","","600","904032","99444","1.8","1615812","","Industrial building. Roof-suitable for rooftop PV. Verify ownership + contact before outreach."
"Former Sears Administation Building","Chicago","IL","osm_industrial","osm-163775181","","","","","","","","600","904032","99444","1.8","1615812","","Industrial building. Roof-suitable for rooftop PV. Verify ownership + contact before outreach."
"The Roscoe Company","Chicago","IL","osm_industrial","osm-163776959","","","","","","","","600","904032","99444","1.8","1615812","","Industrial building. Roof-suitable for rooftop PV. Verify ownership + contact before outreach."
"Chicago Transit Authority","Chicago","IL","osm_industrial","osm-163779432","","","","","","","","600","904032","99444","1.8","1615812","","Industrial building. Roof-suitable for rooftop PV. Verify ownership + contact before outreach."
"Cta Kedzie Garage","Chicago","IL","osm_industrial","osm-163780646","","","","","","","","600","904032","99444","1.8","1615812","","Industrial building. Roof-suitable for rooftop PV. Verify ownership + contact before outreach."
"Chicago Wire Design Co.","Chicago","IL","osm_industrial","osm-163883105","","","","","","","","600","904032","99444","1.8","1615812","","Industrial building. Roof-suitable for rooftop PV. Verify ownership + contact before outreach."
"W.L. Kercher Co","Chicago","IL","osm_industrial","osm-163897260","","","","","","","","600","904032","99444","1.8","1615812","","Industrial building. Roof-suitable for rooftop PV. Verify ownership + contact before outreach."
"Revolution Brewing","Chicago","IL","osm_industrial","osm-163906039","","","","","","","","600","904032","99444","1.8","1615812","","Industrial building. Roof-suitable for rooftop PV. Verify ownership + contact before outreach."
"Pumping Station: One","Chicago","IL","osm_industrial","osm-163906604","","","","","","","","600","904032","99444","1.8","1615812","","Industrial building. Roof-suitable for rooftop PV. Verify ownership + contact before outreach."
"Structural Iron Works","Chicago","IL","osm_industrial","osm-163911250","","","","","","","","600","904032","99444","1.8","1615812","","Industrial building. Roof-suitable for rooftop PV. Verify ownership + contact before outreach."
"Cta North Park Garage","Chicago","IL","osm_industrial","osm-164018982","","","","","","","","600","904032","99444","1.8","1615812","","Industrial building. Roof-suitable for rooftop PV. Verify ownership + contact before outreach."
"Boiler Plant","Chicago","IL","osm_industrial","osm-164021886","","","","","","","","600","904032","99444","1.8","1615812","","Industrial building. Roof-suitable for rooftop PV. Verify ownership + contact before outreach."
"Ewc Shop","Chicago","IL","osm_industrial","osm-164021889","","","","","","","","600","904032","99444","1.8","1615812","","Industrial building. Roof-suitable for rooftop PV. Verify ownership + contact before outreach."
"Garage Shops","Chicago","IL","osm_industrial","osm-164021890","","","","","","","","600","904032","99444","1.8","1615812","","Industrial building. Roof-suitable for rooftop PV. Verify ownership + contact before outreach."
"Nrg Energy","Aurora","IL","osm_industrial","osm-164422336","","","","","","","","600","904032","99444","1.8","1615812","","Industrial building. Roof-suitable for rooftop PV. Verify ownership + contact before outreach."
"The Peoples Gas Light & Coke Co.","Chicago","IL","osm_industrial","osm-165037957","","","","","","","","600","904032","99444","1.8","1615812","","Industrial building. Roof-suitable for rooftop PV. Verify ownership + contact before outreach."
"Central Steel & Wire Co.","Chicago","IL","osm_industrial","osm-165142443","","","","","","","","600","904032","99444","1.8","1615812","","Industrial building. Roof-suitable for rooftop PV. Verify ownership + contact before outreach."
"Chicago Fleet Management Storage Yard","Chicago","IL","osm_industrial","osm-165231855","","","","","","","","600","904032","99444","1.8","1615812","","Industrial building. Roof-suitable for rooftop PV. Verify ownership + contact before outreach."
"Chefs Warehouse","Chicago","IL","osm_industrial","osm-165232436","","","","","","","","600","904032","99444","1.8","1615812","","Industrial building. Roof-suitable for rooftop PV. Verify ownership + contact before outreach."
"Kellogg'S","Chicago","IL","osm_industrial","osm-165232505","","","","","","","","600","904032","99444","1.8","1615812","","Industrial building. Roof-suitable for rooftop PV. Verify ownership + contact before outreach."
"Chicago Fleet Management Repair Shop","Chicago","IL","osm_industrial","osm-165232527","","","","","","","","600","904032","99444","1.8","1615812","","Industrial building. Roof-suitable for rooftop PV. Verify ownership + contact before outreach."
"Lakeshore Recycling Systems","Chicago","IL","osm_industrial","osm-165232549","","","","","","","","600","904032","99444","1.8","1615812","","Industrial building. Roof-suitable for rooftop PV. Verify ownership + contact before outreach."
"Chicago Fleet Management Ambulance Repair Shop","Chicago","IL","osm_industrial","osm-165232607","","","","","","","","600","904032","99444","1.8","1615812","","Industrial building. Roof-suitable for rooftop PV. Verify ownership + contact before outreach."
"Cinespace Main South Studio Building","Chicago","IL","osm_industrial","osm-165241088","","","","","","","","600","904032","99444","1.8","1615812","","Industrial building. Roof-suitable for rooftop PV. Verify ownership + contact before outreach."
"Stinky Chicken Place","Chicago","IL","osm_industrial","osm-165241367","","","","","","","","600","904032","99444","1.8","1615812","","Slaughterhouse building. Roof-suitable for rooftop PV. Verify ownership + contact before outreach."
"Illinois Central School Bus","Chicago","IL","osm_industrial","osm-165243569","","","","","","","","600","904032","99444","1.8","1615812","","Industrial building. Roof-suitable for rooftop PV. Verify ownership + contact before outreach."
"Frozen Assets","Chicago","IL","osm_industrial","osm-165244166","","","","","","","","600","904032","99444","1.8","1615812","","Industrial building. Roof-suitable for rooftop PV. Verify ownership + contact before outreach."
"Chicago Animal Control","Chicago","IL","osm_industrial","osm-165245011","","","","","","","","600","904032","99444","1.8","1615812","","Industrial building. Roof-suitable for rooftop PV. Verify ownership + contact before outreach."
"Ferguson","Addison","IL","osm_industrial","osm-172841621","","","","","","","","600","904032","99444","1.8","1615812","","Industrial building. Roof-suitable for rooftop PV. Verify ownership + contact before outreach."
"Bp Whiting Refinery","Chicago","IL","osm_industrial","osm-173165652","","","","","","","","600","904032","99444","1.8","1615812","","Industrial building. Roof-suitable for rooftop PV. Verify ownership + contact before outreach."
"Bp Whiting Refinery","Chicago","IL","osm_industrial","osm-173165653","","","","","","","","600","904032","99444","1.8","1615812","","Industrial building. Roof-suitable for rooftop PV. Verify ownership + contact before outreach."
"Bp Whiting Refinery","Chicago","IL","osm_industrial","osm-176177876","","","","","","","","600","904032","99444","1.8","1615812","","Industrial building. Roof-suitable for rooftop PV. Verify ownership + contact before outreach."
"Weber Packaging Solutions","Arlington Heights","IL","osm_industrial","osm-176193935","","","","","","","","600","904032","99444","1.8","1615812","","Industrial building. Roof-suitable for rooftop PV. Verify ownership + contact before outreach."
"Cerestar","Chicago","IL","osm_industrial","osm-177388588","","","","","","","","600","904032","99444","1.8","1615812","","Industrial building. Roof-suitable for rooftop PV. Verify ownership + contact before outreach."
"Bradyplus","Chicago","IL","osm_industrial","osm-181225921","","","","","","","","600","904032","99444","1.8","1615812","","Industrial building. Roof-suitable for rooftop PV. Verify ownership + contact before outreach."
"Forest Preserve District Of Cook County","Chicago","IL","osm_industrial","osm-181684136","","","","","","","","600","904032","99444","1.8","1615812","","Depot building. Roof-suitable for rooftop PV. Verify ownership + contact before outreach."
"United States Postal Service","Forest Park","IL","osm_industrial","osm-181690502","","","","","","","","600","904032","99444","1.8","1615812","","Industrial building. Roof-suitable for rooftop PV. Verify ownership + contact before outreach."
"Damage Control Auto Body","Mccook","IL","osm_industrial","osm-181986845","","","","","","","","600","904032","99444","1.8","1615812","","Industrial building. Roof-suitable for rooftop PV. Verify ownership + contact before outreach."
"Fitness Factory","Forest Park","IL","osm_industrial","osm-182227847","","","","","","","","600","904032","99444","1.8","1615812","","Industrial building. Roof-suitable for rooftop PV. Verify ownership + contact before outreach."
"Evanston Water Department","Evanston","IL","osm_industrial","osm-182672514","","","","","","","","600","904032","99444","1.8","1615812","","Industrial building. Roof-suitable for rooftop PV. Verify ownership + contact before outreach."
"Perlow Steel","Chicago","IL","osm_industrial","osm-191653325","","","","","","","","600","904032","99444","1.8","1615812","","Industrial building. Roof-suitable for rooftop PV. Verify ownership + contact before outreach."
"Graymills Corporation","Broadview","IL","osm_industrial","osm-191655765","","","","","","","","600","904032","99444","1.8","1615812","","Industrial building. Roof-suitable for rooftop PV. Verify ownership + contact before outreach."
"Chicago Transit Authority","Chicago","IL","osm_industrial","osm-194705858","","","","","","","","600","904032","99444","1.8","1615812","","Depot building. Roof-suitable for rooftop PV. Verify ownership + contact before outreach."
"Cyrusone","Aurora","IL","osm_industrial","osm-199252950","","","","","","","","600","904032","99444","1.8","1615812","","Industrial building. Roof-suitable for rooftop PV. Verify ownership + contact before outreach."
"Fifth & Mill Business Center","Chicago","IL","osm_industrial","osm-199365751","","","","","","","","600","904032","99444","1.8","1615812","","Industrial building. Roof-suitable for rooftop PV. Verify ownership + contact before outreach."
"The Coca-Cola Company","Niles","IL","osm_industrial","osm-201512179","","","","","","","","600","904032","99444","1.8","1615812","","Industrial building. Roof-suitable for rooftop PV. Verify ownership + contact before outreach."
"The Coca-Cola Company","Niles","IL","osm_industrial","osm-201512188","","","","","","","","600","904032","99444","1.8","1615812","","Industrial building. Roof-suitable for rooftop PV. Verify ownership + contact before outreach."
"Niles Public Works","Niles","IL","osm_industrial","osm-201512943","","","","","","","","600","904032","99444","1.8","1615812","","Industrial building. Roof-suitable for rooftop PV. Verify ownership + contact before outreach."
"Niles Maintenance Garage","Chicago","IL","osm_industrial","osm-201512965","","","","","","","","600","904032","99444","1.8","1615812","","Industrial building. Roof-suitable for rooftop PV. Verify ownership + contact before outreach."
"The Plant","Chicago","IL","osm_industrial","osm-202236120","","","","","","","","600","904032","99444","1.8","1615812","","Industrial building. Roof-suitable for rooftop PV. Verify ownership + contact before outreach."
"United States Steel Corporation","Chicago","IL","osm_industrial","osm-203238798","","","","","","","","600","904032","99444","1.8","1615812","","Metal_processing building. Roof-suitable for rooftop PV. Verify ownership + contact before outreach."
"John Crane, Inc.","Morton Grove","IL","osm_industrial","osm-203535137","","","","","","","","600","904032","99444","1.8","1615812","","Industrial building. Roof-suitable for rooftop PV. Verify ownership + contact before outreach."
"Grainger","Morton Grove","IL","osm_industrial","osm-203536050","","","","","","","","600","904032","99444","1.8","1615812","","Industrial building. Roof-suitable for rooftop PV. Verify ownership + contact before outreach."
"Morton Grove Corporate Park","Chicago","IL","osm_industrial","osm-203536673","","","","","","","","600","904032","99444","1.8","1615812","","Industrial building. Roof-suitable for rooftop PV. Verify ownership + contact before outreach."
"D219 Transportation Center","Skokie","IL","osm_industrial","osm-203683230","","","","","","","","600","904032","99444","1.8","1615812","","Industrial building. Roof-suitable for rooftop PV. Verify ownership + contact before outreach."
"Caliber Collision","Skokie","IL","osm_industrial","osm-203683260","","","","","","","","600","904032","99444","1.8","1615812","","Industrial building. Roof-suitable for rooftop PV. Verify ownership + contact before outreach."
"Georgia Nut Company","Skokie","IL","osm_industrial","osm-203684326","","","","","","","","600","904032","99444","1.8","1615812","","Industrial building. Roof-suitable for rooftop PV. Verify ownership + contact before outreach."
"Johnson & Quin, Inc.","Niles","IL","osm_industrial","osm-203688511","","","","","","","","600","904032","99444","1.8","1615812","","Industrial building. Roof-suitable for rooftop PV. Verify ownership + contact before outreach."
"Aetna Screw Products Company","Niles","IL","osm_industrial","osm-203688625","","","","","","","","600","904032","99444","1.8","1615812","","Industrial building. Roof-suitable for rooftop PV. Verify ownership + contact before outreach."
"Extra Space Storage","Morton Grove","IL","osm_industrial","osm-203711960","","","","","","","","600","904032","99444","1.8","1615812","","Industrial building. Roof-suitable for rooftop PV. Verify ownership + contact before outreach."
"Luminii","Niles","IL","osm_industrial","osm-203711965","","","","","","","","600","904032","99444","1.8","1615812","","Industrial building. Roof-suitable for rooftop PV. Verify ownership + contact before outreach."
"Sciaky, Inc.","Bedford Park","IL","osm_industrial","osm-204685959","","","","","","","","600","904032","99444","1.8","1615812","","Industrial building. Roof-suitable for rooftop PV. Verify ownership + contact before outreach."
"Kurtzon Lighting","Chicago","IL","osm_industrial","osm-209357724","","","","","","","","600","904032","99444","1.8","1615812","","Industrial building. Roof-suitable for rooftop PV. Verify ownership + contact before outreach."
"Cinespace Main North Studio Building","Chicago","IL","osm_industrial","osm-209357733","","","","","","","","600","904032","99444","1.8","1615812","","Industrial building. Roof-suitable for rooftop PV. Verify ownership + contact before outreach."
"Cinespace Main Center Studio Building","Chicago","IL","osm_industrial","osm-209358412","","","","","","","","600","904032","99444","1.8","1615812","","Industrial building. Roof-suitable for rooftop PV. Verify ownership + contact before outreach."
"Grand Oakley Car Wash","Chicago","IL","osm_industrial","osm-209389474","","","","","","","","600","904032","99444","1.8","1615812","","Industrial building. Roof-suitable for rooftop PV. Verify ownership + contact before outreach."
"Metra Maintenance","Chicago","IL","osm_industrial","osm-209391752","","","","","","","","600","904032","99444","1.8","1615812","","Industrial building. Roof-suitable for rooftop PV. Verify ownership + contact before outreach."
"Delta Screw Company","Chicago","IL","osm_industrial","osm-209403829","","","","","","","","600","904032","99444","1.8","1615812","","Industrial building. Roof-suitable for rooftop PV. Verify ownership + contact before outreach."
"Clock Tower Lofts (Kling Bros & Co)","Chicago","IL","osm_industrial","osm-209404955","","","","","","","","600","904032","99444","1.8","1615812","","Industrial building. Roof-suitable for rooftop PV. Verify ownership + contact before outreach."
"Sign Markz","Chicago","IL","osm_industrial","osm-209454018","","","","","","","","600","904032","99444","1.8","1615812","","Industrial building. Roof-suitable for rooftop PV. Verify ownership + contact before outreach."
"Aabbitt Adhesives","Chicago","IL","osm_industrial","osm-209454059","","","","","","","","600","904032","99444","1.8","1615812","","Industrial building. Roof-suitable for rooftop PV. Verify ownership + contact before outreach."
"Whole Photo Supplies","Chicago","IL","osm_industrial","osm-209639470","","","","","","","","600","904032","99444","1.8","1615812","","Industrial building. Roof-suitable for rooftop PV. Verify ownership + contact before outreach."
"Water Management Chlorine Room","Chicago","IL","osm_industrial","osm-209700473","","","","","","","","600","904032","99444","1.8","1615812","","Industrial building. Roof-suitable for rooftop PV. Verify ownership + contact before outreach."
"Osi Chicago – Ashland","Chicago","IL","osm_industrial","osm-209708819","","","","","","","","600","904032","99444","1.8","1615812","","Industrial building. Roof-suitable for rooftop PV. Verify ownership + contact before outreach."
"Pepsi","Chicago","IL","osm_industrial","osm-209711093","","","","","","","","600","904032","99444","1.8","1615812","","Industrial building. Roof-suitable for rooftop PV. Verify ownership + contact before outreach."
"Domino Food","Chicago","IL","osm_industrial","osm-209711671","","","","","","","","600","904032","99444","1.8","1615812","","Industrial building. Roof-suitable for rooftop PV. Verify ownership + contact before outreach."
"Swift Intermodal","Chicago","IL","osm_industrial","osm-209711672","","","","","","","","600","904032","99444","1.8","1615812","","Industrial building. Roof-suitable for rooftop PV. Verify ownership + contact before outreach."
"Chicago Bureau Of Electricity","Chicago","IL","osm_industrial","osm-209782343","","","","","","","","600","904032","99444","1.8","1615812","","Industrial building. Roof-suitable for rooftop PV. Verify ownership + contact before outreach."
"City Water Pipe Extension Department","Chicago","IL","osm_industrial","osm-209782344","","","","","","","","600","904032","99444","1.8","1615812","","Industrial building. Roof-suitable for rooftop PV. Verify ownership + contact before outreach."
"Czarnowski","Chicago","IL","osm_industrial","osm-209786215","","","","","","","","600","904032","99444","1.8","1615812","","Industrial building. Roof-suitable for rooftop PV. Verify ownership + contact before outreach."
"Autowares","Chicago","IL","osm_industrial","osm-209786232","","","","","","","","600","904032","99444","1.8","1615812","","Industrial building. Roof-suitable for rooftop PV. Verify ownership + contact before outreach."
"Sims Metal Management","Chicago","IL","osm_industrial","osm-209786235","","","","","","","","600","904032","99444","1.8","1615812","","Industrial building. Roof-suitable for rooftop PV. Verify ownership + contact before outreach."
"Republic Services","Chicago","IL","osm_industrial","osm-209786453","","","","","","","","600","904032","99444","1.8","1615812","","Industrial building. Roof-suitable for rooftop PV. Verify ownership + contact before outreach."
"Mccann Industries Inc","Chicago","IL","osm_industrial","osm-209786503","","","","","","","","600","904032","99444","1.8","1615812","","Industrial building. Roof-suitable for rooftop PV. Verify ownership + contact before outreach."
"Grainger","Chicago","IL","osm_industrial","osm-209786512","","","","","","","","600","904032","99444","1.8","1615812","","Industrial building. Roof-suitable for rooftop PV. Verify ownership + contact before outreach."
"Republic Loop Paper Recyling","Chicago","IL","osm_industrial","osm-209786543","","","","","","","","600","904032","99444","1.8","1615812","","Industrial building. Roof-suitable for rooftop PV. Verify ownership + contact before outreach."
"Sims Metal Management","Chicago","IL","osm_industrial","osm-209786567","","","","","","","","600","904032","99444","1.8","1615812","","Industrial building. Roof-suitable for rooftop PV. Verify ownership + contact before outreach."
"Produce Facility","Chicago","IL","osm_industrial","osm-209786581","","","","","","","","600","904032","99444","1.8","1615812","","Industrial building. Roof-suitable for rooftop PV. Verify ownership + contact before outreach."
"Prairie Material","Chicago","IL","osm_industrial","osm-209786594","","","","","","","","600","904032","99444","1.8","1615812","","Industrial building. Roof-suitable for rooftop PV. Verify ownership + contact before outreach."
"Preferred Freezer Services","Chicago","IL","osm_industrial","osm-209786608","","","","","","","","600","904032","99444","1.8","1615812","","Industrial building. Roof-suitable for rooftop PV. Verify ownership + contact before outreach."
"Kehoe Design","Chicago","IL","osm_industrial","osm-209786619","","","","","","","","600","904032","99444","1.8","1615812","","Industrial building. Roof-suitable for rooftop PV. Verify ownership + contact before outreach."
"Sims","Chicago","IL","osm_industrial","osm-209786621","","","","","","","","600","904032","99444","1.8","1615812","","Industrial building. Roof-suitable for rooftop PV. Verify ownership + contact before outreach."
"Sims","Chicago","IL","osm_industrial","osm-209786622","","","","","","","","600","904032","99444","1.8","1615812","","Industrial building. Roof-suitable for rooftop PV. Verify ownership + contact before outreach."
"Yeyas Candy","Chicago","IL","osm_industrial","osm-209786624","","","","","","","","600","904032","99444","1.8","1615812","","Industrial building. Roof-suitable for rooftop PV. Verify ownership + contact before outreach."
"Pacella Trucking Express","Chicago","IL","osm_industrial","osm-209786626","","","","","","","","600","904032","99444","1.8","1615812","","Industrial building. Roof-suitable for rooftop PV. Verify ownership + contact before outreach."
"Heidler Hardwood Lumber Co","Chicago","IL","osm_industrial","osm-209786627","","","","","","","","600","904032","99444","1.8","1615812","","Industrial building. Roof-suitable for rooftop PV. Verify ownership + contact before outreach."
"Republic Services","Chicago","IL","osm_industrial","osm-209786629","","","","","","","","600","904032","99444","1.8","1615812","","Industrial building. Roof-suitable for rooftop PV. Verify ownership + contact before outreach."
"Alsco","Chicago","IL","osm_industrial","osm-209786631","","","","","","","","600","904032","99444","1.8","1615812","","Industrial building. Roof-suitable for rooftop PV. Verify ownership + contact before outreach."
"Quality Technology Services","Chicago","IL","osm_industrial","osm-209786637","","","","","","","","600","904032","99444","1.8","1615812","","Industrial building. Roof-suitable for rooftop PV. Verify ownership + contact before outreach."
"Chicago Yacht Works","Chicago","IL","osm_industrial","osm-209786645","","","","","","","","600","904032","99444","1.8","1615812","","Industrial building. Roof-suitable for rooftop PV. Verify ownership + contact before outreach."
"Le Petit Sucre","Chicago","IL","osm_industrial","osm-209829264","","","","","","","","600","904032","99444","1.8","1615812","","Industrial building. Roof-suitable for rooftop PV. Verify ownership + contact before outreach."
"Gateway Auto Service & Repair","Chicago","IL","osm_industrial","osm-209842247","","","","","","","","600","904032","99444","1.8","1615812","","Industrial building. Roof-suitable for rooftop PV. Verify ownership + contact before outreach."
"Orlando Auto Glass & Trim","Chicago","IL","osm_industrial","osm-209842291","","","","","","","","600","904032","99444","1.8","1615812","","Industrial building. Roof-suitable for rooftop PV. Verify ownership + contact before outreach."
"Bear Stewart Corporation","Chicago","IL","osm_industrial","osm-209846231","","","","","","","","600","904032","99444","1.8","1615812","","Industrial building. Roof-suitable for rooftop PV. Verify ownership + contact before outreach."
"Augusta & Paulina Auto Repair","Chicago","IL","osm_industrial","osm-209848025","","","","","","","","600","904032","99444","1.8","1615812","","Industrial building. Roof-suitable for rooftop PV. Verify ownership + contact before outreach."
"Mccathay Timber, Inc","Chicago","IL","osm_industrial","osm-209869990","","","","","","","","600","904032","99444","1.8","1615812","","Industrial building. Roof-suitable for rooftop PV. Verify ownership + contact before outreach."
"Deagan Building","Chicago","IL","osm_industrial","osm-209926797","","","","","","","","600","904032","99444","1.8","1615812","","Industrial building. Roof-suitable for rooftop PV. Verify ownership + contact before outreach."
"Koval Distillery","Chicago","IL","osm_industrial","osm-209927015","","","","","","","","600","904032","99444","1.8","1615812","","Industrial building. Roof-suitable for rooftop PV. Verify ownership + contact before outreach."
"Accurate Products, Incorporated","Chicago","IL","osm_industrial","osm-209939120","","","","","","","","600","904032","99444","1.8","1615812","","Industrial building. Roof-suitable for rooftop PV. Verify ownership + contact before outreach."
"Tempel Steel","Chicago","IL","osm_industrial","osm-209946502","","","","","","","","600","904032","99444","1.8","1615812","","Industrial building. Roof-suitable for rooftop PV. Verify ownership + contact before outreach."
"Chicago Water Management Storage Yard","Chicago","IL","osm_industrial","osm-210047230","","","","","","","","600","904032","99444","1.8","1615812","","Industrial building. Roof-suitable for rooftop PV. Verify ownership + contact before outreach."
"Cta Racine Shop","Chicago","IL","osm_industrial","osm-210132424","","","","","","","","600","904032","99444","1.8","1615812","","Industrial building. Roof-suitable for rooftop PV. Verify ownership + contact before outreach."
"Illinois Packing Co.","Chicago","IL","osm_industrial","osm-210162326","","","","","","","","600","904032","99444","1.8","1615812","","Industrial building. Roof-suitable for rooftop PV. Verify ownership + contact before outreach."
"Chicago Deptartment Of Streets & Sanitation Garage","Chicago","IL","osm_industrial","osm-210164390","","","","","","","","600","904032","99444","1.8","1615812","","Industrial building. Roof-suitable for rooftop PV. Verify ownership + contact before outreach."
"Ardagh Group Chicago Plant","Chicago","IL","osm_industrial","osm-210164403","","","","","","","","600","904032","99444","1.8","1615812","","Industrial building. Roof-suitable for rooftop PV. Verify ownership + contact before outreach."
"Luster Products","Chicago","IL","osm_industrial","osm-210164404","","","","","","","","600","904032","99444","1.8","1615812","","Industrial building. Roof-suitable for rooftop PV. Verify ownership + contact before outreach."
"Vienna Beef","Chicago","IL","osm_industrial","osm-210164488","","","","","","","","600","904032","99444","1.8","1615812","","Industrial building. Roof-suitable for rooftop PV. Verify ownership + contact before outreach."
"Metropolitan Water Reclamation District Of Greater Chicago","Chicago","IL","osm_industrial","osm-210164548","","","","","","","","600","904032","99444","1.8","1615812","","Industrial building. Roof-suitable for rooftop PV. Verify ownership + contact before outreach."
"National Safety Apparel","Chicago","IL","osm_industrial","osm-210164581","","","","","","","","600","904032","99444","1.8","1615812","","Industrial building. Roof-suitable for rooftop PV. Verify ownership + contact before outreach."
"Osi Chicago – Racine","Chicago","IL","osm_industrial","osm-210164902","","","","","","","","600","904032","99444","1.8","1615812","","Industrial building. Roof-suitable for rooftop PV. Verify ownership + contact before outreach."
"Extra Space Storage","Chicago","IL","osm_industrial","osm-210165117","","","","","","","","600","904032","99444","1.8","1615812","","Industrial building. Roof-suitable for rooftop PV. Verify ownership + contact before outreach."
"Chicago Department Of Water Management","Chicago","IL","osm_industrial","osm-210165300","","","","","","","","600","904032","99444","1.8","1615812","","Industrial building. Roof-suitable for rooftop PV. Verify ownership + contact before outreach."
"Lakeshore Recycling Systems","Chicago","IL","osm_industrial","osm-210165307","","","","","","","","600","904032","99444","1.8","1615812","","Industrial building. Roof-suitable for rooftop PV. Verify ownership + contact before outreach."
"Schulze & Burch Biscuit Company","Chicago","IL","osm_industrial","osm-210167569","","","","","","","","600","904032","99444","1.8","1615812","","Bakery building. Roof-suitable for rooftop PV. Verify ownership + contact before outreach."
"Car One Complete Auto Repair","Chicago","IL","osm_industrial","osm-210169105","","","","","","","","600","904032","99444","1.8","1615812","","Industrial building. Roof-suitable for rooftop PV. Verify ownership + contact before outreach."
"Iron Café","Chicago","IL","osm_industrial","osm-210171211","","","","","","","","600","904032","99444","1.8","1615812","","Industrial building. Roof-suitable for rooftop PV. Verify ownership + contact before outreach."
"Alex & A Auto Repair","Chicago","IL","osm_industrial","osm-210171868","","","","","","","","600","904032","99444","1.8","1615812","","Industrial building. Roof-suitable for rooftop PV. Verify ownership + contact before outreach."
"S&C Electric Company","Chicago","IL","osm_industrial","osm-210186989","","","","","","","","600","904032","99444","1.8","1615812","","Industrial building. Roof-suitable for rooftop PV. Verify ownership + contact before outreach."
"Greif Bros. Cooperage Corp.","Chicago","IL","osm_industrial","osm-210221628","","","","","","","","600","904032","99444","1.8","1615812","","Industrial building. Roof-suitable for rooftop PV. Verify ownership + contact before outreach."
"H. Kramer And Company","Chicago","IL","osm_industrial","osm-210222232","","","","","","","","600","904032","99444","1.8","1615812","","Industrial building. Roof-suitable for rooftop PV. Verify ownership + contact before outreach."
"United Brotherhood Of Carpenters And Joiners Of America","Chicago","IL","osm_industrial","osm-210222925","","","","","","","","600","904032","99444","1.8","1615812","","Industrial building. Roof-suitable for rooftop PV. Verify ownership + contact before outreach."
"Carimichael Truck Repair","Chicago","IL","osm_industrial","osm-210222930","","","","","","","","600","904032","99444","1.8","1615812","","Industrial building. Roof-suitable for rooftop PV. Verify ownership + contact before outreach."
"Ozinga","Chicago","IL","osm_industrial","osm-210222931","","","","","","","","600","904032","99444","1.8","1615812","","Industrial building. Roof-suitable for rooftop PV. Verify ownership + contact before outreach."
"Illinois Brick Company","Chicago","IL","osm_industrial","osm-210222933","","","","","","","","600","904032","99444","1.8","1615812","","Industrial building. Roof-suitable for rooftop PV. Verify ownership + contact before outreach."
"Ozinga","Chicago","IL","osm_industrial","osm-210222947","","","","","","","","600","904032","99444","1.8","1615812","","Industrial building. Roof-suitable for rooftop PV. Verify ownership + contact before outreach."
"Food Truck Facility","Chicago","IL","osm_industrial","osm-210222948","","","","","","","","600","904032","99444","1.8","1615812","","Industrial building. Roof-suitable for rooftop PV. Verify ownership + contact before outreach."
"Sofive","Chicago","IL","osm_industrial","osm-210222949","","","","","","","","600","904032","99444","1.8","1615812","","Industrial building. Roof-suitable for rooftop PV. Verify ownership + contact before outreach."
"Bus Storage","Chicago","IL","osm_industrial","osm-210222953","","","","","","","","600","904032","99444","1.8","1615812","","Depot building. Roof-suitable for rooftop PV. Verify ownership + contact before outreach."
"Iron Mountain","Chicago","IL","osm_industrial","osm-210222970","","","","","","","","600","904032","99444","1.8","1615812","","Industrial building. Roof-suitable for rooftop PV. Verify ownership + contact before outreach."
"U-Haul","Chicago","IL","osm_industrial","osm-210224149","","","","","","","","600","904032","99444","1.8","1615812","","Industrial building. Roof-suitable for rooftop PV. Verify ownership + contact before outreach."
"United Brotherhood Of Carpenters And Joiners Of America","Chicago","IL","osm_industrial","osm-210224191","","","","","","","","600","904032","99444","1.8","1615812","","Industrial building. Roof-suitable for rooftop PV. Verify ownership + contact before outreach."
"At&T","Chicago","IL","osm_industrial","osm-210224350","","","","","","","","600","904032","99444","1.8","1615812","","Industrial building. Roof-suitable for rooftop PV. Verify ownership + contact before outreach."
"Meade Construction","Chicago","IL","osm_industrial","osm-210224407","","","","","","","","600","904032","99444","1.8","1615812","","Industrial building. Roof-suitable for rooftop PV. Verify ownership + contact before outreach."
"Fisk Generating Station","Chicago","IL","osm_industrial","osm-210224418","","","","","","","","600","904032","99444","1.8","1615812","","Industrial building. Roof-suitable for rooftop PV. Verify ownership + contact before outreach."
"Illinois Brick Company","Chicago","IL","osm_industrial","osm-210224518","","","","","","","","600","904032","99444","1.8","1615812","","Industrial building. Roof-suitable for rooftop PV. Verify ownership + contact before outreach."
"Brenntag Mid-South","East St. Louis","IL","osm_industrial","osm-28749689","","","","","","","","600","904032","99444","1.8","1615812","","Industrial building. Roof-suitable for rooftop PV. Verify ownership + contact before outreach."
"Maintenace Building","Edwardsville","IL","osm_industrial","osm-264337068","","","","","","","","600","904032","99444","1.8","1615812","","Industrial building. Roof-suitable for rooftop PV. Verify ownership + contact before outreach."
"Goshen Coffee","Edwardsville","IL","osm_industrial","osm-443486858","","","","","","","","600","904032","99444","1.8","1615812","","Industrial building. Roof-suitable for rooftop PV. Verify ownership + contact before outreach."
"Kuna Food Services","Dupo","IL","osm_industrial","osm-547784339","","","","","","","","600","904032","99444","1.8","1615812","","Industrial building. Roof-suitable for rooftop PV. Verify ownership + contact before outreach."
"Progressive Recovery Inc","Dupo","IL","osm_industrial","osm-547784340","","","","","","","","600","904032","99444","1.8","1615812","","Industrial building. Roof-suitable for rooftop PV. Verify ownership + contact before outreach."
"Baily International","National City","IL","osm_industrial","osm-656375130","","","","","","","","600","904032","99444","1.8","1615812","","Industrial building. Roof-suitable for rooftop PV. Verify ownership + contact before outreach."
"Packers By-Products","National Stock Yards","IL","osm_industrial","osm-656375131","","","","","","","","600","904032","99444","1.8","1615812","","Industrial building. Roof-suitable for rooftop PV. Verify ownership + contact before outreach."
"B. Garcia Trucking","Fairmont City","IL","osm_industrial","osm-656386069","","","","","","","","600","904032","99444","1.8","1615812","","Industrial building. Roof-suitable for rooftop PV. Verify ownership + contact before outreach."
"Jd Distributing","Fairmont City","IL","osm_industrial","osm-656386070","","","","","","","","600","904032","99444","1.8","1615812","","Industrial building. Roof-suitable for rooftop PV. Verify ownership + contact before outreach."
"Columbia Quarry Company.","Granite City","IL","osm_industrial","osm-1441708128","","","","","","","","600","904032","99444","1.8","1615812","","Industrial building. Roof-suitable for rooftop PV. Verify ownership + contact before outreach."
"US Foods — Streator","Streator","IL","auto_seed","solar-dist-010","","","","","","","","600","904032","99444","1.8","1615812","","Illinois Shines REC contract on top of NEM"
"Rivian — Normal Plant","Normal","IL","auto_seed","solar-cln-001","","","","","","","","600","904032","99444","1.8","1615812","","IRA 45X advanced-mfg credit stacks with ITC"
"Midwest Food Processing","Aurora","IL","auto_seed","solar-028","","","","","","","","600","904032","99444","1.8","1615812","","150,000 sqft processing facility"