company,city,state,source,source_id,provenance_url,naics_code,naics_sector,solar_fit_score,energy_intensity,tax_appetite,recommended_ownership,load_profile,est_system_kw,est_annual_kwh,est_annual_savings_usd,est_net_payback_yrs,est_25yr_npv_p50_usd,sales_script,script_cfo,script_facilities,script_sustainability,pitch_angle
"Americold Logistics — Atlanta","Atlanta","GA","auto_seed","solar-cs-002","","493120","Warehousing / Cold Storage","96","very_high","corporate","direct_purchase","flat_24_7","2000","3013440","391747","5.1","5069746","We help cold-storage facilities offset up to 40% of their peak refrigeration energy costs without changing operations. Worth a 15-minute call?","Your refrigeration is your single largest opex line item. A rooftop solar system locks in 40% of that cost at a fixed rate for 25 years — with full ITC + MACRS depreciation hitting your balance sheet in year one. Worth 15 minutes to see the model?","We specialize in cold-storage rooftop solar that installs without disrupting your temperature zones. Your roof membrane stays intact, and peak demand charges drop immediately. Can I walk you through how it works on a facility like yours?","Cold storage is one of the highest-emitting commercial verticals — but also one of the easiest to decarbonize with rooftop solar. We can help you cut Scope 2 emissions 30-50% without changing operations. Worth a quick conversation?","320,000 sqft refrigerated distribution — Georgia Power commercial demand"
"Bosch","Atlanta","GA","osm_industrial","osm-89503352","https://www.openstreetmap.org/way/osm-89503352","493110","Warehousing / Cold Storage","84","moderate","corporate","direct_purchase","daytime_peak","2000","3013440","391747","5.1","5069746","Distribution centers are the easiest commercial solar installs we do — large clear flat roofs, ground-level interconnect.","Large flat-roof warehouses have the lowest $/W install cost in commercial solar — we typically see 4-year payback after ITC + MACRS. Worth a quick site-specific estimate?","Your roof is the ideal solar substrate — large, flat, unobstructed. We install without disrupting warehouse operations and connect at ground-level switchgear. Quick call to walk through the layout?","Warehouse Scope 2 emissions are an easy win — your flat-roof footprint generates enough solar to offset 60-80% of your grid consumption with zero operational changes.","Warehouse building. Roof-suitable for rooftop PV. Verify ownership + contact before outreach."
"Marshalls Distribution","Atlanta","GA","osm_industrial","osm-96601005","https://www.openstreetmap.org/way/osm-96601005","493110","Warehousing / Cold Storage","84","moderate","corporate","direct_purchase","daytime_peak","2000","3013440","391747","5.1","5069746","Distribution centers are the easiest commercial solar installs we do — large clear flat roofs, ground-level interconnect.","Large flat-roof warehouses have the lowest $/W install cost in commercial solar — we typically see 4-year payback after ITC + MACRS. Worth a quick site-specific estimate?","Your roof is the ideal solar substrate — large, flat, unobstructed. We install without disrupting warehouse operations and connect at ground-level switchgear. Quick call to walk through the layout?","Warehouse Scope 2 emissions are an easy win — your flat-roof footprint generates enough solar to offset 60-80% of your grid consumption with zero operational changes.","Warehouse building. Roof-suitable for rooftop PV. Verify ownership + contact before outreach."
"Space Shop Self Storage","Atlanta","GA","osm_industrial","osm-128304233","https://www.openstreetmap.org/way/osm-128304233","493110","Warehousing / Cold Storage","84","moderate","corporate","direct_purchase","daytime_peak","2000","3013440","391747","5.1","5069746","Distribution centers are the easiest commercial solar installs we do — large clear flat roofs, ground-level interconnect.","Large flat-roof warehouses have the lowest $/W install cost in commercial solar — we typically see 4-year payback after ITC + MACRS. Worth a quick site-specific estimate?","Your roof is the ideal solar substrate — large, flat, unobstructed. We install without disrupting warehouse operations and connect at ground-level switchgear. Quick call to walk through the layout?","Warehouse Scope 2 emissions are an easy win — your flat-roof footprint generates enough solar to offset 60-80% of your grid consumption with zero operational changes.","Warehouse building. Roof-suitable for rooftop PV. Verify ownership + contact before outreach."
"Georgia International Convention Center","Atlanta","GA","osm_industrial","osm-198558215","https://www.openstreetmap.org/way/osm-198558215","493110","Warehousing / Cold Storage","84","moderate","corporate","direct_purchase","daytime_peak","2000","3013440","391747","5.1","5069746","Distribution centers are the easiest commercial solar installs we do — large clear flat roofs, ground-level interconnect.","Large flat-roof warehouses have the lowest $/W install cost in commercial solar — we typically see 4-year payback after ITC + MACRS. Worth a quick site-specific estimate?","Your roof is the ideal solar substrate — large, flat, unobstructed. We install without disrupting warehouse operations and connect at ground-level switchgear. Quick call to walk through the layout?","Warehouse Scope 2 emissions are an easy win — your flat-roof footprint generates enough solar to offset 60-80% of your grid consumption with zero operational changes.","Warehouse building. Roof-suitable for rooftop PV. Verify ownership + contact before outreach."
"Unfi","Atlanta","GA","osm_industrial","osm-201433269","https://www.openstreetmap.org/way/osm-201433269","493110","Warehousing / Cold Storage","84","moderate","corporate","direct_purchase","daytime_peak","2000","3013440","391747","5.1","5069746","Distribution centers are the easiest commercial solar installs we do — large clear flat roofs, ground-level interconnect.","Large flat-roof warehouses have the lowest $/W install cost in commercial solar — we typically see 4-year payback after ITC + MACRS. Worth a quick site-specific estimate?","Your roof is the ideal solar substrate — large, flat, unobstructed. We install without disrupting warehouse operations and connect at ground-level switchgear. Quick call to walk through the layout?","Warehouse Scope 2 emissions are an easy win — your flat-roof footprint generates enough solar to offset 60-80% of your grid consumption with zero operational changes.","Warehouse building. Roof-suitable for rooftop PV. Verify ownership + contact before outreach."
"Bosch","Atlanta","GA","osm_industrial","osm-201436385","https://www.openstreetmap.org/way/osm-201436385","493110","Warehousing / Cold Storage","84","moderate","corporate","direct_purchase","daytime_peak","2000","3013440","391747","5.1","5069746","Distribution centers are the easiest commercial solar installs we do — large clear flat roofs, ground-level interconnect.","Large flat-roof warehouses have the lowest $/W install cost in commercial solar — we typically see 4-year payback after ITC + MACRS. Worth a quick site-specific estimate?","Your roof is the ideal solar substrate — large, flat, unobstructed. We install without disrupting warehouse operations and connect at ground-level switchgear. Quick call to walk through the layout?","Warehouse Scope 2 emissions are an easy win — your flat-roof footprint generates enough solar to offset 60-80% of your grid consumption with zero operational changes.","Warehouse building. Roof-suitable for rooftop PV. Verify ownership + contact before outreach."
"Batory Foods / Subaru","Lithia Springs","GA","osm_industrial","osm-201436878","https://www.openstreetmap.org/way/osm-201436878","493110","Warehousing / Cold Storage","84","moderate","corporate","direct_purchase","daytime_peak","2000","3013440","391747","5.1","5069746","Distribution centers are the easiest commercial solar installs we do — large clear flat roofs, ground-level interconnect.","Large flat-roof warehouses have the lowest $/W install cost in commercial solar — we typically see 4-year payback after ITC + MACRS. Worth a quick site-specific estimate?","Your roof is the ideal solar substrate — large, flat, unobstructed. We install without disrupting warehouse operations and connect at ground-level switchgear. Quick call to walk through the layout?","Warehouse Scope 2 emissions are an easy win — your flat-roof footprint generates enough solar to offset 60-80% of your grid consumption with zero operational changes.","Warehouse building. Roof-suitable for rooftop PV. Verify ownership + contact before outreach."
"Medline","Atlanta","GA","osm_industrial","osm-201436879","https://www.openstreetmap.org/way/osm-201436879","493110","Warehousing / Cold Storage","84","moderate","corporate","direct_purchase","daytime_peak","2000","3013440","391747","5.1","5069746","Distribution centers are the easiest commercial solar installs we do — large clear flat roofs, ground-level interconnect.","Large flat-roof warehouses have the lowest $/W install cost in commercial solar — we typically see 4-year payback after ITC + MACRS. Worth a quick site-specific estimate?","Your roof is the ideal solar substrate — large, flat, unobstructed. We install without disrupting warehouse operations and connect at ground-level switchgear. Quick call to walk through the layout?","Warehouse Scope 2 emissions are an easy win — your flat-roof footprint generates enough solar to offset 60-80% of your grid consumption with zero operational changes.","Warehouse building. Roof-suitable for rooftop PV. Verify ownership + contact before outreach."
"Medline","Atlanta","GA","osm_industrial","osm-201436880","https://www.openstreetmap.org/way/osm-201436880","493110","Warehousing / Cold Storage","84","moderate","corporate","direct_purchase","daytime_peak","2000","3013440","391747","5.1","5069746","Distribution centers are the easiest commercial solar installs we do — large clear flat roofs, ground-level interconnect.","Large flat-roof warehouses have the lowest $/W install cost in commercial solar — we typically see 4-year payback after ITC + MACRS. Worth a quick site-specific estimate?","Your roof is the ideal solar substrate — large, flat, unobstructed. We install without disrupting warehouse operations and connect at ground-level switchgear. Quick call to walk through the layout?","Warehouse Scope 2 emissions are an easy win — your flat-roof footprint generates enough solar to offset 60-80% of your grid consumption with zero operational changes.","Warehouse building. Roof-suitable for rooftop PV. Verify ownership + contact before outreach."
"Apl Logistics","Atlanta","GA","osm_industrial","osm-201437146","https://www.openstreetmap.org/way/osm-201437146","493110","Warehousing / Cold Storage","84","moderate","corporate","direct_purchase","daytime_peak","2000","3013440","391747","5.1","5069746","Distribution centers are the easiest commercial solar installs we do — large clear flat roofs, ground-level interconnect.","Large flat-roof warehouses have the lowest $/W install cost in commercial solar — we typically see 4-year payback after ITC + MACRS. Worth a quick site-specific estimate?","Your roof is the ideal solar substrate — large, flat, unobstructed. We install without disrupting warehouse operations and connect at ground-level switchgear. Quick call to walk through the layout?","Warehouse Scope 2 emissions are an easy win — your flat-roof footprint generates enough solar to offset 60-80% of your grid consumption with zero operational changes.","Warehouse building. Roof-suitable for rooftop PV. Verify ownership + contact before outreach."
"Johnson Controls","Atlanta","GA","osm_industrial","osm-201437147","https://www.openstreetmap.org/way/osm-201437147","493110","Warehousing / Cold Storage","84","moderate","corporate","direct_purchase","daytime_peak","2000","3013440","391747","5.1","5069746","Distribution centers are the easiest commercial solar installs we do — large clear flat roofs, ground-level interconnect.","Large flat-roof warehouses have the lowest $/W install cost in commercial solar — we typically see 4-year payback after ITC + MACRS. Worth a quick site-specific estimate?","Your roof is the ideal solar substrate — large, flat, unobstructed. We install without disrupting warehouse operations and connect at ground-level switchgear. Quick call to walk through the layout?","Warehouse Scope 2 emissions are an easy win — your flat-roof footprint generates enough solar to offset 60-80% of your grid consumption with zero operational changes.","Warehouse building. Roof-suitable for rooftop PV. Verify ownership + contact before outreach."
"Jit Packaging","Atlanta","GA","osm_industrial","osm-201437467","https://www.openstreetmap.org/way/osm-201437467","493110","Warehousing / Cold Storage","84","moderate","corporate","direct_purchase","daytime_peak","2000","3013440","391747","5.1","5069746","Distribution centers are the easiest commercial solar installs we do — large clear flat roofs, ground-level interconnect.","Large flat-roof warehouses have the lowest $/W install cost in commercial solar — we typically see 4-year payback after ITC + MACRS. Worth a quick site-specific estimate?","Your roof is the ideal solar substrate — large, flat, unobstructed. We install without disrupting warehouse operations and connect at ground-level switchgear. Quick call to walk through the layout?","Warehouse Scope 2 emissions are an easy win — your flat-roof footprint generates enough solar to offset 60-80% of your grid consumption with zero operational changes.","Warehouse building. Roof-suitable for rooftop PV. Verify ownership + contact before outreach."
"Maxwell Chase","Atlanta","GA","osm_industrial","osm-201437468","https://www.openstreetmap.org/way/osm-201437468","493110","Warehousing / Cold Storage","84","moderate","corporate","direct_purchase","daytime_peak","2000","3013440","391747","5.1","5069746","Distribution centers are the easiest commercial solar installs we do — large clear flat roofs, ground-level interconnect.","Large flat-roof warehouses have the lowest $/W install cost in commercial solar — we typically see 4-year payback after ITC + MACRS. Worth a quick site-specific estimate?","Your roof is the ideal solar substrate — large, flat, unobstructed. We install without disrupting warehouse operations and connect at ground-level switchgear. Quick call to walk through the layout?","Warehouse Scope 2 emissions are an easy win — your flat-roof footprint generates enough solar to offset 60-80% of your grid consumption with zero operational changes.","Warehouse building. Roof-suitable for rooftop PV. Verify ownership + contact before outreach."
"Uniform Advantage Warehouse","Lithia Springs","GA","osm_industrial","osm-201438134","https://www.openstreetmap.org/way/osm-201438134","493110","Warehousing / Cold Storage","84","moderate","corporate","direct_purchase","daytime_peak","2000","3013440","391747","5.1","5069746","Distribution centers are the easiest commercial solar installs we do — large clear flat roofs, ground-level interconnect.","Large flat-roof warehouses have the lowest $/W install cost in commercial solar — we typically see 4-year payback after ITC + MACRS. Worth a quick site-specific estimate?","Your roof is the ideal solar substrate — large, flat, unobstructed. We install without disrupting warehouse operations and connect at ground-level switchgear. Quick call to walk through the layout?","Warehouse Scope 2 emissions are an easy win — your flat-roof footprint generates enough solar to offset 60-80% of your grid consumption with zero operational changes.","Warehouse building. Roof-suitable for rooftop PV. Verify ownership + contact before outreach."
"Star Mart","Atlanta","GA","osm_industrial","osm-201438135","https://www.openstreetmap.org/way/osm-201438135","493110","Warehousing / Cold Storage","84","moderate","corporate","direct_purchase","daytime_peak","2000","3013440","391747","5.1","5069746","Distribution centers are the easiest commercial solar installs we do — large clear flat roofs, ground-level interconnect.","Large flat-roof warehouses have the lowest $/W install cost in commercial solar — we typically see 4-year payback after ITC + MACRS. Worth a quick site-specific estimate?","Your roof is the ideal solar substrate — large, flat, unobstructed. We install without disrupting warehouse operations and connect at ground-level switchgear. Quick call to walk through the layout?","Warehouse Scope 2 emissions are an easy win — your flat-roof footprint generates enough solar to offset 60-80% of your grid consumption with zero operational changes.","Warehouse building. Roof-suitable for rooftop PV. Verify ownership + contact before outreach."
"Apl Logistics","Atlanta","GA","osm_industrial","osm-201438136","https://www.openstreetmap.org/way/osm-201438136","493110","Warehousing / Cold Storage","84","moderate","corporate","direct_purchase","daytime_peak","2000","3013440","391747","5.1","5069746","Distribution centers are the easiest commercial solar installs we do — large clear flat roofs, ground-level interconnect.","Large flat-roof warehouses have the lowest $/W install cost in commercial solar — we typically see 4-year payback after ITC + MACRS. Worth a quick site-specific estimate?","Your roof is the ideal solar substrate — large, flat, unobstructed. We install without disrupting warehouse operations and connect at ground-level switchgear. Quick call to walk through the layout?","Warehouse Scope 2 emissions are an easy win — your flat-roof footprint generates enough solar to offset 60-80% of your grid consumption with zero operational changes.","Warehouse building. Roof-suitable for rooftop PV. Verify ownership + contact before outreach."
"Dawn Food Products","Atlanta","GA","osm_industrial","osm-201438411","https://www.openstreetmap.org/way/osm-201438411","493110","Warehousing / Cold Storage","84","moderate","corporate","direct_purchase","daytime_peak","2000","3013440","391747","5.1","5069746","Distribution centers are the easiest commercial solar installs we do — large clear flat roofs, ground-level interconnect.","Large flat-roof warehouses have the lowest $/W install cost in commercial solar — we typically see 4-year payback after ITC + MACRS. Worth a quick site-specific estimate?","Your roof is the ideal solar substrate — large, flat, unobstructed. We install without disrupting warehouse operations and connect at ground-level switchgear. Quick call to walk through the layout?","Warehouse Scope 2 emissions are an easy win — your flat-roof footprint generates enough solar to offset 60-80% of your grid consumption with zero operational changes.","Warehouse building. Roof-suitable for rooftop PV. Verify ownership + contact before outreach."
"Mac Papers","Atlanta","GA","osm_industrial","osm-201438869","https://www.openstreetmap.org/way/osm-201438869","493110","Warehousing / Cold Storage","84","moderate","corporate","direct_purchase","daytime_peak","2000","3013440","391747","5.1","5069746","Distribution centers are the easiest commercial solar installs we do — large clear flat roofs, ground-level interconnect.","Large flat-roof warehouses have the lowest $/W install cost in commercial solar — we typically see 4-year payback after ITC + MACRS. Worth a quick site-specific estimate?","Your roof is the ideal solar substrate — large, flat, unobstructed. We install without disrupting warehouse operations and connect at ground-level switchgear. Quick call to walk through the layout?","Warehouse Scope 2 emissions are an easy win — your flat-roof footprint generates enough solar to offset 60-80% of your grid consumption with zero operational changes.","Warehouse building. Roof-suitable for rooftop PV. Verify ownership + contact before outreach."
"Del Monte Foods","Atlanta","GA","osm_industrial","osm-235522678","https://www.openstreetmap.org/way/osm-235522678","493110","Warehousing / Cold Storage","84","moderate","corporate","direct_purchase","daytime_peak","2000","3013440","391747","5.1","5069746","Distribution centers are the easiest commercial solar installs we do — large clear flat roofs, ground-level interconnect.","Large flat-roof warehouses have the lowest $/W install cost in commercial solar — we typically see 4-year payback after ITC + MACRS. Worth a quick site-specific estimate?","Your roof is the ideal solar substrate — large, flat, unobstructed. We install without disrupting warehouse operations and connect at ground-level switchgear. Quick call to walk through the layout?","Warehouse Scope 2 emissions are an easy win — your flat-roof footprint generates enough solar to offset 60-80% of your grid consumption with zero operational changes.","Warehouse building. Roof-suitable for rooftop PV. Verify ownership + contact before outreach."
"Ups","Atlanta","GA","osm_industrial","osm-236152512","https://www.openstreetmap.org/way/osm-236152512","493110","Warehousing / Cold Storage","84","moderate","corporate","direct_purchase","daytime_peak","2000","3013440","391747","5.1","5069746","Distribution centers are the easiest commercial solar installs we do — large clear flat roofs, ground-level interconnect.","Large flat-roof warehouses have the lowest $/W install cost in commercial solar — we typically see 4-year payback after ITC + MACRS. Worth a quick site-specific estimate?","Your roof is the ideal solar substrate — large, flat, unobstructed. We install without disrupting warehouse operations and connect at ground-level switchgear. Quick call to walk through the layout?","Warehouse Scope 2 emissions are an easy win — your flat-roof footprint generates enough solar to offset 60-80% of your grid consumption with zero operational changes.","Warehouse building. Roof-suitable for rooftop PV. Verify ownership + contact before outreach."
"Staples Warehouse","Atlanta","GA","osm_industrial","osm-245558873","https://www.openstreetmap.org/way/osm-245558873","493110","Warehousing / Cold Storage","84","moderate","corporate","direct_purchase","daytime_peak","2000","3013440","391747","5.1","5069746","Distribution centers are the easiest commercial solar installs we do — large clear flat roofs, ground-level interconnect.","Large flat-roof warehouses have the lowest $/W install cost in commercial solar — we typically see 4-year payback after ITC + MACRS. Worth a quick site-specific estimate?","Your roof is the ideal solar substrate — large, flat, unobstructed. We install without disrupting warehouse operations and connect at ground-level switchgear. Quick call to walk through the layout?","Warehouse Scope 2 emissions are an easy win — your flat-roof footprint generates enough solar to offset 60-80% of your grid consumption with zero operational changes.","Warehouse building. Roof-suitable for rooftop PV. Verify ownership + contact before outreach."
"Keurig","Atlanta","GA","osm_industrial","osm-260697263","https://www.openstreetmap.org/way/osm-260697263","493110","Warehousing / Cold Storage","84","moderate","corporate","direct_purchase","daytime_peak","2000","3013440","391747","5.1","5069746","Distribution centers are the easiest commercial solar installs we do — large clear flat roofs, ground-level interconnect.","Large flat-roof warehouses have the lowest $/W install cost in commercial solar — we typically see 4-year payback after ITC + MACRS. Worth a quick site-specific estimate?","Your roof is the ideal solar substrate — large, flat, unobstructed. We install without disrupting warehouse operations and connect at ground-level switchgear. Quick call to walk through the layout?","Warehouse Scope 2 emissions are an easy win — your flat-roof footprint generates enough solar to offset 60-80% of your grid consumption with zero operational changes.","Warehouse building. Roof-suitable for rooftop PV. Verify ownership + contact before outreach."
"O'Reilly Auto Parts (Ozark Automotive Distributors)","Forest Park","GA","osm_industrial","osm-262715385","https://www.openstreetmap.org/way/osm-262715385","493110","Warehousing / Cold Storage","84","moderate","corporate","direct_purchase","daytime_peak","2000","3013440","391747","5.1","5069746","Distribution centers are the easiest commercial solar installs we do — large clear flat roofs, ground-level interconnect.","Large flat-roof warehouses have the lowest $/W install cost in commercial solar — we typically see 4-year payback after ITC + MACRS. Worth a quick site-specific estimate?","Your roof is the ideal solar substrate — large, flat, unobstructed. We install without disrupting warehouse operations and connect at ground-level switchgear. Quick call to walk through the layout?","Warehouse Scope 2 emissions are an easy win — your flat-roof footprint generates enough solar to offset 60-80% of your grid consumption with zero operational changes.","Warehouse building. Roof-suitable for rooftop PV. Verify ownership + contact before outreach."
"American Tire Distributors","Atlanta","GA","osm_industrial","osm-267602398","https://www.openstreetmap.org/way/osm-267602398","493110","Warehousing / Cold Storage","84","moderate","corporate","direct_purchase","daytime_peak","2000","3013440","391747","5.1","5069746","Distribution centers are the easiest commercial solar installs we do — large clear flat roofs, ground-level interconnect.","Large flat-roof warehouses have the lowest $/W install cost in commercial solar — we typically see 4-year payback after ITC + MACRS. Worth a quick site-specific estimate?","Your roof is the ideal solar substrate — large, flat, unobstructed. We install without disrupting warehouse operations and connect at ground-level switchgear. Quick call to walk through the layout?","Warehouse Scope 2 emissions are an easy win — your flat-roof footprint generates enough solar to offset 60-80% of your grid consumption with zero operational changes.","Warehouse building. Roof-suitable for rooftop PV. Verify ownership + contact before outreach."
"Home Depot","Atlanta","GA","osm_industrial","osm-269376305","https://www.openstreetmap.org/way/osm-269376305","493110","Warehousing / Cold Storage","84","moderate","corporate","direct_purchase","daytime_peak","2000","3013440","391747","5.1","5069746","Distribution centers are the easiest commercial solar installs we do — large clear flat roofs, ground-level interconnect.","Large flat-roof warehouses have the lowest $/W install cost in commercial solar — we typically see 4-year payback after ITC + MACRS. Worth a quick site-specific estimate?","Your roof is the ideal solar substrate — large, flat, unobstructed. We install without disrupting warehouse operations and connect at ground-level switchgear. Quick call to walk through the layout?","Warehouse Scope 2 emissions are an easy win — your flat-roof footprint generates enough solar to offset 60-80% of your grid consumption with zero operational changes.","Warehouse building. Roof-suitable for rooftop PV. Verify ownership + contact before outreach."
"Graham Packaging","Atlanta","GA","osm_industrial","osm-269376306","https://www.openstreetmap.org/way/osm-269376306","493110","Warehousing / Cold Storage","84","moderate","corporate","direct_purchase","daytime_peak","2000","3013440","391747","5.1","5069746","Distribution centers are the easiest commercial solar installs we do — large clear flat roofs, ground-level interconnect.","Large flat-roof warehouses have the lowest $/W install cost in commercial solar — we typically see 4-year payback after ITC + MACRS. Worth a quick site-specific estimate?","Your roof is the ideal solar substrate — large, flat, unobstructed. We install without disrupting warehouse operations and connect at ground-level switchgear. Quick call to walk through the layout?","Warehouse Scope 2 emissions are an easy win — your flat-roof footprint generates enough solar to offset 60-80% of your grid consumption with zero operational changes.","Warehouse building. Roof-suitable for rooftop PV. Verify ownership + contact before outreach."
"Mueller Lofts","Atlanta","GA","osm_industrial","osm-270883893","https://www.openstreetmap.org/way/osm-270883893","493110","Warehousing / Cold Storage","84","moderate","corporate","direct_purchase","daytime_peak","2000","3013440","391747","5.1","5069746","Distribution centers are the easiest commercial solar installs we do — large clear flat roofs, ground-level interconnect.","Large flat-roof warehouses have the lowest $/W install cost in commercial solar — we typically see 4-year payback after ITC + MACRS. Worth a quick site-specific estimate?","Your roof is the ideal solar substrate — large, flat, unobstructed. We install without disrupting warehouse operations and connect at ground-level switchgear. Quick call to walk through the layout?","Warehouse Scope 2 emissions are an easy win — your flat-roof footprint generates enough solar to offset 60-80% of your grid consumption with zero operational changes.","Warehouse building. Roof-suitable for rooftop PV. Verify ownership + contact before outreach."
"Russell Center X Ups Logistics Launchpad","Atlanta","GA","osm_industrial","osm-270883923","https://www.openstreetmap.org/way/osm-270883923","493110","Warehousing / Cold Storage","84","moderate","corporate","direct_purchase","daytime_peak","2000","3013440","391747","5.1","5069746","Distribution centers are the easiest commercial solar installs we do — large clear flat roofs, ground-level interconnect.","Large flat-roof warehouses have the lowest $/W install cost in commercial solar — we typically see 4-year payback after ITC + MACRS. Worth a quick site-specific estimate?","Your roof is the ideal solar substrate — large, flat, unobstructed. We install without disrupting warehouse operations and connect at ground-level switchgear. Quick call to walk through the layout?","Warehouse Scope 2 emissions are an easy win — your flat-roof footprint generates enough solar to offset 60-80% of your grid consumption with zero operational changes.","Warehouse building. Roof-suitable for rooftop PV. Verify ownership + contact before outreach."
"U-Haul Moving & Storage At Peters St","Atlanta","GA","osm_industrial","osm-271168820","https://www.openstreetmap.org/way/osm-271168820","493110","Warehousing / Cold Storage","84","moderate","corporate","direct_purchase","daytime_peak","2000","3013440","391747","5.1","5069746","Distribution centers are the easiest commercial solar installs we do — large clear flat roofs, ground-level interconnect.","Large flat-roof warehouses have the lowest $/W install cost in commercial solar — we typically see 4-year payback after ITC + MACRS. Worth a quick site-specific estimate?","Your roof is the ideal solar substrate — large, flat, unobstructed. We install without disrupting warehouse operations and connect at ground-level switchgear. Quick call to walk through the layout?","Warehouse Scope 2 emissions are an easy win — your flat-roof footprint generates enough solar to offset 60-80% of your grid consumption with zero operational changes.","Warehouse building. Roof-suitable for rooftop PV. Verify ownership + contact before outreach."
"Packaging Corporation Of America","East Point","GA","osm_industrial","osm-274025220","https://www.openstreetmap.org/way/osm-274025220","493110","Warehousing / Cold Storage","84","moderate","corporate","direct_purchase","daytime_peak","2000","3013440","391747","5.1","5069746","Distribution centers are the easiest commercial solar installs we do — large clear flat roofs, ground-level interconnect.","Large flat-roof warehouses have the lowest $/W install cost in commercial solar — we typically see 4-year payback after ITC + MACRS. Worth a quick site-specific estimate?","Your roof is the ideal solar substrate — large, flat, unobstructed. We install without disrupting warehouse operations and connect at ground-level switchgear. Quick call to walk through the layout?","Warehouse Scope 2 emissions are an easy win — your flat-roof footprint generates enough solar to offset 60-80% of your grid consumption with zero operational changes.","Warehouse building. Roof-suitable for rooftop PV. Verify ownership + contact before outreach."
"Americold","Atlanta","GA","osm_industrial","osm-274055596","https://www.openstreetmap.org/way/osm-274055596","493110","Warehousing / Cold Storage","84","moderate","corporate","direct_purchase","daytime_peak","2000","3013440","391747","5.1","5069746","Distribution centers are the easiest commercial solar installs we do — large clear flat roofs, ground-level interconnect.","Large flat-roof warehouses have the lowest $/W install cost in commercial solar — we typically see 4-year payback after ITC + MACRS. Worth a quick site-specific estimate?","Your roof is the ideal solar substrate — large, flat, unobstructed. We install without disrupting warehouse operations and connect at ground-level switchgear. Quick call to walk through the layout?","Warehouse Scope 2 emissions are an easy win — your flat-roof footprint generates enough solar to offset 60-80% of your grid consumption with zero operational changes.","Warehouse building. Roof-suitable for rooftop PV. Verify ownership + contact before outreach."
"Central Atlanta Props And Sets (Caps Ga)","East Point","GA","osm_industrial","osm-275559745","https://www.openstreetmap.org/way/osm-275559745","493110","Warehousing / Cold Storage","84","moderate","corporate","direct_purchase","daytime_peak","2000","3013440","391747","5.1","5069746","Distribution centers are the easiest commercial solar installs we do — large clear flat roofs, ground-level interconnect.","Large flat-roof warehouses have the lowest $/W install cost in commercial solar — we typically see 4-year payback after ITC + MACRS. Worth a quick site-specific estimate?","Your roof is the ideal solar substrate — large, flat, unobstructed. We install without disrupting warehouse operations and connect at ground-level switchgear. Quick call to walk through the layout?","Warehouse Scope 2 emissions are an easy win — your flat-roof footprint generates enough solar to offset 60-80% of your grid consumption with zero operational changes.","Warehouse building. Roof-suitable for rooftop PV. Verify ownership + contact before outreach."
"Dick'S Sporting Goods","Atlanta","GA","osm_industrial","osm-277546484","https://www.openstreetmap.org/way/osm-277546484","493110","Warehousing / Cold Storage","84","moderate","corporate","direct_purchase","daytime_peak","2000","3013440","391747","5.1","5069746","Distribution centers are the easiest commercial solar installs we do — large clear flat roofs, ground-level interconnect.","Large flat-roof warehouses have the lowest $/W install cost in commercial solar — we typically see 4-year payback after ITC + MACRS. Worth a quick site-specific estimate?","Your roof is the ideal solar substrate — large, flat, unobstructed. We install without disrupting warehouse operations and connect at ground-level switchgear. Quick call to walk through the layout?","Warehouse Scope 2 emissions are an easy win — your flat-roof footprint generates enough solar to offset 60-80% of your grid consumption with zero operational changes.","Warehouse building. Roof-suitable for rooftop PV. Verify ownership + contact before outreach."
"General Paper","Atlanta","GA","osm_industrial","osm-278556969","https://www.openstreetmap.org/way/osm-278556969","493110","Warehousing / Cold Storage","84","moderate","corporate","direct_purchase","daytime_peak","2000","3013440","391747","5.1","5069746","Distribution centers are the easiest commercial solar installs we do — large clear flat roofs, ground-level interconnect.","Large flat-roof warehouses have the lowest $/W install cost in commercial solar — we typically see 4-year payback after ITC + MACRS. Worth a quick site-specific estimate?","Your roof is the ideal solar substrate — large, flat, unobstructed. We install without disrupting warehouse operations and connect at ground-level switchgear. Quick call to walk through the layout?","Warehouse Scope 2 emissions are an easy win — your flat-roof footprint generates enough solar to offset 60-80% of your grid consumption with zero operational changes.","Warehouse building. Roof-suitable for rooftop PV. Verify ownership + contact before outreach."
"Huddle House Distribution","Atlanta","GA","osm_industrial","osm-278557063","https://www.openstreetmap.org/way/osm-278557063","493110","Warehousing / Cold Storage","84","moderate","corporate","direct_purchase","daytime_peak","2000","3013440","391747","5.1","5069746","Distribution centers are the easiest commercial solar installs we do — large clear flat roofs, ground-level interconnect.","Large flat-roof warehouses have the lowest $/W install cost in commercial solar — we typically see 4-year payback after ITC + MACRS. Worth a quick site-specific estimate?","Your roof is the ideal solar substrate — large, flat, unobstructed. We install without disrupting warehouse operations and connect at ground-level switchgear. Quick call to walk through the layout?","Warehouse Scope 2 emissions are an easy win — your flat-roof footprint generates enough solar to offset 60-80% of your grid consumption with zero operational changes.","Warehouse building. Roof-suitable for rooftop PV. Verify ownership + contact before outreach."
"Delta Material Services","Atlanta","GA","osm_industrial","osm-279198754","https://www.openstreetmap.org/way/osm-279198754","493110","Warehousing / Cold Storage","84","moderate","corporate","direct_purchase","daytime_peak","2000","3013440","391747","5.1","5069746","Distribution centers are the easiest commercial solar installs we do — large clear flat roofs, ground-level interconnect.","Large flat-roof warehouses have the lowest $/W install cost in commercial solar — we typically see 4-year payback after ITC + MACRS. Worth a quick site-specific estimate?","Your roof is the ideal solar substrate — large, flat, unobstructed. We install without disrupting warehouse operations and connect at ground-level switchgear. Quick call to walk through the layout?","Warehouse Scope 2 emissions are an easy win — your flat-roof footprint generates enough solar to offset 60-80% of your grid consumption with zero operational changes.","Warehouse building. Roof-suitable for rooftop PV. Verify ownership + contact before outreach."
"Elite Logistics","Atlanta","GA","osm_industrial","osm-279198891","https://www.openstreetmap.org/way/osm-279198891","493110","Warehousing / Cold Storage","84","moderate","corporate","direct_purchase","daytime_peak","2000","3013440","391747","5.1","5069746","Distribution centers are the easiest commercial solar installs we do — large clear flat roofs, ground-level interconnect.","Large flat-roof warehouses have the lowest $/W install cost in commercial solar — we typically see 4-year payback after ITC + MACRS. Worth a quick site-specific estimate?","Your roof is the ideal solar substrate — large, flat, unobstructed. We install without disrupting warehouse operations and connect at ground-level switchgear. Quick call to walk through the layout?","Warehouse Scope 2 emissions are an easy win — your flat-roof footprint generates enough solar to offset 60-80% of your grid consumption with zero operational changes.","Warehouse building. Roof-suitable for rooftop PV. Verify ownership + contact before outreach."
"United States Postal Service","Atlanta","GA","osm_industrial","osm-279198931","https://www.openstreetmap.org/way/osm-279198931","493110","Warehousing / Cold Storage","84","moderate","corporate","direct_purchase","daytime_peak","2000","3013440","391747","5.1","5069746","Distribution centers are the easiest commercial solar installs we do — large clear flat roofs, ground-level interconnect.","Large flat-roof warehouses have the lowest $/W install cost in commercial solar — we typically see 4-year payback after ITC + MACRS. Worth a quick site-specific estimate?","Your roof is the ideal solar substrate — large, flat, unobstructed. We install without disrupting warehouse operations and connect at ground-level switchgear. Quick call to walk through the layout?","Warehouse Scope 2 emissions are an easy win — your flat-roof footprint generates enough solar to offset 60-80% of your grid consumption with zero operational changes.","Warehouse building. Roof-suitable for rooftop PV. Verify ownership + contact before outreach."
"Dow Agrosciences","Atlanta","GA","osm_industrial","osm-279404066","https://www.openstreetmap.org/way/osm-279404066","493110","Warehousing / Cold Storage","84","moderate","corporate","direct_purchase","daytime_peak","2000","3013440","391747","5.1","5069746","Distribution centers are the easiest commercial solar installs we do — large clear flat roofs, ground-level interconnect.","Large flat-roof warehouses have the lowest $/W install cost in commercial solar — we typically see 4-year payback after ITC + MACRS. Worth a quick site-specific estimate?","Your roof is the ideal solar substrate — large, flat, unobstructed. We install without disrupting warehouse operations and connect at ground-level switchgear. Quick call to walk through the layout?","Warehouse Scope 2 emissions are an easy win — your flat-roof footprint generates enough solar to offset 60-80% of your grid consumption with zero operational changes.","Warehouse building. Roof-suitable for rooftop PV. Verify ownership + contact before outreach."
"Loomis","Atlanta","GA","osm_industrial","osm-279404102","https://www.openstreetmap.org/way/osm-279404102","493110","Warehousing / Cold Storage","84","moderate","corporate","direct_purchase","daytime_peak","2000","3013440","391747","5.1","5069746","Distribution centers are the easiest commercial solar installs we do — large clear flat roofs, ground-level interconnect.","Large flat-roof warehouses have the lowest $/W install cost in commercial solar — we typically see 4-year payback after ITC + MACRS. Worth a quick site-specific estimate?","Your roof is the ideal solar substrate — large, flat, unobstructed. We install without disrupting warehouse operations and connect at ground-level switchgear. Quick call to walk through the layout?","Warehouse Scope 2 emissions are an easy win — your flat-roof footprint generates enough solar to offset 60-80% of your grid consumption with zero operational changes.","Warehouse building. Roof-suitable for rooftop PV. Verify ownership + contact before outreach."
"Fulton County School Supply Warehouse","Atlanta","GA","osm_industrial","osm-279788024","https://www.openstreetmap.org/way/osm-279788024","493110","Warehousing / Cold Storage","84","moderate","corporate","direct_purchase","daytime_peak","2000","3013440","391747","5.1","5069746","Distribution centers are the easiest commercial solar installs we do — large clear flat roofs, ground-level interconnect.","Large flat-roof warehouses have the lowest $/W install cost in commercial solar — we typically see 4-year payback after ITC + MACRS. Worth a quick site-specific estimate?","Your roof is the ideal solar substrate — large, flat, unobstructed. We install without disrupting warehouse operations and connect at ground-level switchgear. Quick call to walk through the layout?","Warehouse Scope 2 emissions are an easy win — your flat-roof footprint generates enough solar to offset 60-80% of your grid consumption with zero operational changes.","Warehouse building. Roof-suitable for rooftop PV. Verify ownership + contact before outreach."
"Sysco","College Park","GA","osm_industrial","osm-279788033","https://www.openstreetmap.org/way/osm-279788033","493110","Warehousing / Cold Storage","84","moderate","corporate","direct_purchase","daytime_peak","2000","3013440","391747","5.1","5069746","Distribution centers are the easiest commercial solar installs we do — large clear flat roofs, ground-level interconnect.","Large flat-roof warehouses have the lowest $/W install cost in commercial solar — we typically see 4-year payback after ITC + MACRS. Worth a quick site-specific estimate?","Your roof is the ideal solar substrate — large, flat, unobstructed. We install without disrupting warehouse operations and connect at ground-level switchgear. Quick call to walk through the layout?","Warehouse Scope 2 emissions are an easy win — your flat-roof footprint generates enough solar to offset 60-80% of your grid consumption with zero operational changes.","Warehouse building. Roof-suitable for rooftop PV. Verify ownership + contact before outreach."
"Ryder","Atlanta","GA","osm_industrial","osm-281367549","https://www.openstreetmap.org/way/osm-281367549","493110","Warehousing / Cold Storage","84","moderate","corporate","direct_purchase","daytime_peak","2000","3013440","391747","5.1","5069746","Distribution centers are the easiest commercial solar installs we do — large clear flat roofs, ground-level interconnect.","Large flat-roof warehouses have the lowest $/W install cost in commercial solar — we typically see 4-year payback after ITC + MACRS. Worth a quick site-specific estimate?","Your roof is the ideal solar substrate — large, flat, unobstructed. We install without disrupting warehouse operations and connect at ground-level switchgear. Quick call to walk through the layout?","Warehouse Scope 2 emissions are an easy win — your flat-roof footprint generates enough solar to offset 60-80% of your grid consumption with zero operational changes.","Warehouse building. Roof-suitable for rooftop PV. Verify ownership + contact before outreach."
"Dhl Logistics","Atlanta","GA","osm_industrial","osm-281367668","https://www.openstreetmap.org/way/osm-281367668","493110","Warehousing / Cold Storage","84","moderate","corporate","direct_purchase","daytime_peak","2000","3013440","391747","5.1","5069746","Distribution centers are the easiest commercial solar installs we do — large clear flat roofs, ground-level interconnect.","Large flat-roof warehouses have the lowest $/W install cost in commercial solar — we typically see 4-year payback after ITC + MACRS. Worth a quick site-specific estimate?","Your roof is the ideal solar substrate — large, flat, unobstructed. We install without disrupting warehouse operations and connect at ground-level switchgear. Quick call to walk through the layout?","Warehouse Scope 2 emissions are an easy win — your flat-roof footprint generates enough solar to offset 60-80% of your grid consumption with zero operational changes.","Warehouse building. Roof-suitable for rooftop PV. Verify ownership + contact before outreach."
"Titan Importer","Atlanta","GA","osm_industrial","osm-284126771","https://www.openstreetmap.org/way/osm-284126771","493110","Warehousing / Cold Storage","84","moderate","corporate","direct_purchase","daytime_peak","2000","3013440","391747","5.1","5069746","Distribution centers are the easiest commercial solar installs we do — large clear flat roofs, ground-level interconnect.","Large flat-roof warehouses have the lowest $/W install cost in commercial solar — we typically see 4-year payback after ITC + MACRS. Worth a quick site-specific estimate?","Your roof is the ideal solar substrate — large, flat, unobstructed. We install without disrupting warehouse operations and connect at ground-level switchgear. Quick call to walk through the layout?","Warehouse Scope 2 emissions are an easy win — your flat-roof footprint generates enough solar to offset 60-80% of your grid consumption with zero operational changes.","Warehouse building. Roof-suitable for rooftop PV. Verify ownership + contact before outreach."
"Liberty Furniture","Atlanta","GA","osm_industrial","osm-284126772","https://www.openstreetmap.org/way/osm-284126772","493110","Warehousing / Cold Storage","84","moderate","corporate","direct_purchase","daytime_peak","2000","3013440","391747","5.1","5069746","Distribution centers are the easiest commercial solar installs we do — large clear flat roofs, ground-level interconnect.","Large flat-roof warehouses have the lowest $/W install cost in commercial solar — we typically see 4-year payback after ITC + MACRS. Worth a quick site-specific estimate?","Your roof is the ideal solar substrate — large, flat, unobstructed. We install without disrupting warehouse operations and connect at ground-level switchgear. Quick call to walk through the layout?","Warehouse Scope 2 emissions are an easy win — your flat-roof footprint generates enough solar to offset 60-80% of your grid consumption with zero operational changes.","Warehouse building. Roof-suitable for rooftop PV. Verify ownership + contact before outreach."
"Inmar","Atlanta","GA","osm_industrial","osm-284126773","https://www.openstreetmap.org/way/osm-284126773","493110","Warehousing / Cold Storage","84","moderate","corporate","direct_purchase","daytime_peak","2000","3013440","391747","5.1","5069746","Distribution centers are the easiest commercial solar installs we do — large clear flat roofs, ground-level interconnect.","Large flat-roof warehouses have the lowest $/W install cost in commercial solar — we typically see 4-year payback after ITC + MACRS. Worth a quick site-specific estimate?","Your roof is the ideal solar substrate — large, flat, unobstructed. We install without disrupting warehouse operations and connect at ground-level switchgear. Quick call to walk through the layout?","Warehouse Scope 2 emissions are an easy win — your flat-roof footprint generates enough solar to offset 60-80% of your grid consumption with zero operational changes.","Warehouse building. Roof-suitable for rooftop PV. Verify ownership + contact before outreach."
"Container Components","Atlanta","GA","osm_industrial","osm-284126774","https://www.openstreetmap.org/way/osm-284126774","493110","Warehousing / Cold Storage","84","moderate","corporate","direct_purchase","daytime_peak","2000","3013440","391747","5.1","5069746","Distribution centers are the easiest commercial solar installs we do — large clear flat roofs, ground-level interconnect.","Large flat-roof warehouses have the lowest $/W install cost in commercial solar — we typically see 4-year payback after ITC + MACRS. Worth a quick site-specific estimate?","Your roof is the ideal solar substrate — large, flat, unobstructed. We install without disrupting warehouse operations and connect at ground-level switchgear. Quick call to walk through the layout?","Warehouse Scope 2 emissions are an easy win — your flat-roof footprint generates enough solar to offset 60-80% of your grid consumption with zero operational changes.","Warehouse building. Roof-suitable for rooftop PV. Verify ownership + contact before outreach."
"Phoenix","Atlanta","GA","osm_industrial","osm-284126775","https://www.openstreetmap.org/way/osm-284126775","493110","Warehousing / Cold Storage","84","moderate","corporate","direct_purchase","daytime_peak","2000","3013440","391747","5.1","5069746","Distribution centers are the easiest commercial solar installs we do — large clear flat roofs, ground-level interconnect.","Large flat-roof warehouses have the lowest $/W install cost in commercial solar — we typically see 4-year payback after ITC + MACRS. Worth a quick site-specific estimate?","Your roof is the ideal solar substrate — large, flat, unobstructed. We install without disrupting warehouse operations and connect at ground-level switchgear. Quick call to walk through the layout?","Warehouse Scope 2 emissions are an easy win — your flat-roof footprint generates enough solar to offset 60-80% of your grid consumption with zero operational changes.","Warehouse building. Roof-suitable for rooftop PV. Verify ownership + contact before outreach."
"Bonded Service Warehouse","Atlanta","GA","osm_industrial","osm-284126776","https://www.openstreetmap.org/way/osm-284126776","493110","Warehousing / Cold Storage","84","moderate","corporate","direct_purchase","daytime_peak","2000","3013440","391747","5.1","5069746","Distribution centers are the easiest commercial solar installs we do — large clear flat roofs, ground-level interconnect.","Large flat-roof warehouses have the lowest $/W install cost in commercial solar — we typically see 4-year payback after ITC + MACRS. Worth a quick site-specific estimate?","Your roof is the ideal solar substrate — large, flat, unobstructed. We install without disrupting warehouse operations and connect at ground-level switchgear. Quick call to walk through the layout?","Warehouse Scope 2 emissions are an easy win — your flat-roof footprint generates enough solar to offset 60-80% of your grid consumption with zero operational changes.","Warehouse building. Roof-suitable for rooftop PV. Verify ownership + contact before outreach."
"Carboline","Atlanta","GA","osm_industrial","osm-284126777","https://www.openstreetmap.org/way/osm-284126777","493110","Warehousing / Cold Storage","84","moderate","corporate","direct_purchase","daytime_peak","2000","3013440","391747","5.1","5069746","Distribution centers are the easiest commercial solar installs we do — large clear flat roofs, ground-level interconnect.","Large flat-roof warehouses have the lowest $/W install cost in commercial solar — we typically see 4-year payback after ITC + MACRS. Worth a quick site-specific estimate?","Your roof is the ideal solar substrate — large, flat, unobstructed. We install without disrupting warehouse operations and connect at ground-level switchgear. Quick call to walk through the layout?","Warehouse Scope 2 emissions are an easy win — your flat-roof footprint generates enough solar to offset 60-80% of your grid consumption with zero operational changes.","Warehouse building. Roof-suitable for rooftop PV. Verify ownership + contact before outreach."
"Crc","Atlanta","GA","osm_industrial","osm-284126779","https://www.openstreetmap.org/way/osm-284126779","493110","Warehousing / Cold Storage","84","moderate","corporate","direct_purchase","daytime_peak","2000","3013440","391747","5.1","5069746","Distribution centers are the easiest commercial solar installs we do — large clear flat roofs, ground-level interconnect.","Large flat-roof warehouses have the lowest $/W install cost in commercial solar — we typically see 4-year payback after ITC + MACRS. Worth a quick site-specific estimate?","Your roof is the ideal solar substrate — large, flat, unobstructed. We install without disrupting warehouse operations and connect at ground-level switchgear. Quick call to walk through the layout?","Warehouse Scope 2 emissions are an easy win — your flat-roof footprint generates enough solar to offset 60-80% of your grid consumption with zero operational changes.","Warehouse building. Roof-suitable for rooftop PV. Verify ownership + contact before outreach."
"Rj Schinner","Atlanta","GA","osm_industrial","osm-284126781","https://www.openstreetmap.org/way/osm-284126781","493110","Warehousing / Cold Storage","84","moderate","corporate","direct_purchase","daytime_peak","2000","3013440","391747","5.1","5069746","Distribution centers are the easiest commercial solar installs we do — large clear flat roofs, ground-level interconnect.","Large flat-roof warehouses have the lowest $/W install cost in commercial solar — we typically see 4-year payback after ITC + MACRS. Worth a quick site-specific estimate?","Your roof is the ideal solar substrate — large, flat, unobstructed. We install without disrupting warehouse operations and connect at ground-level switchgear. Quick call to walk through the layout?","Warehouse Scope 2 emissions are an easy win — your flat-roof footprint generates enough solar to offset 60-80% of your grid consumption with zero operational changes.","Warehouse building. Roof-suitable for rooftop PV. Verify ownership + contact before outreach."
"Alogix","Atlanta","GA","osm_industrial","osm-284126785","https://www.openstreetmap.org/way/osm-284126785","493110","Warehousing / Cold Storage","84","moderate","corporate","direct_purchase","daytime_peak","2000","3013440","391747","5.1","5069746","Distribution centers are the easiest commercial solar installs we do — large clear flat roofs, ground-level interconnect.","Large flat-roof warehouses have the lowest $/W install cost in commercial solar — we typically see 4-year payback after ITC + MACRS. Worth a quick site-specific estimate?","Your roof is the ideal solar substrate — large, flat, unobstructed. We install without disrupting warehouse operations and connect at ground-level switchgear. Quick call to walk through the layout?","Warehouse Scope 2 emissions are an easy win — your flat-roof footprint generates enough solar to offset 60-80% of your grid consumption with zero operational changes.","Warehouse building. Roof-suitable for rooftop PV. Verify ownership + contact before outreach."
"Steelcase","Atlanta","GA","osm_industrial","osm-284126786","https://www.openstreetmap.org/way/osm-284126786","493110","Warehousing / Cold Storage","84","moderate","corporate","direct_purchase","daytime_peak","2000","3013440","391747","5.1","5069746","Distribution centers are the easiest commercial solar installs we do — large clear flat roofs, ground-level interconnect.","Large flat-roof warehouses have the lowest $/W install cost in commercial solar — we typically see 4-year payback after ITC + MACRS. Worth a quick site-specific estimate?","Your roof is the ideal solar substrate — large, flat, unobstructed. We install without disrupting warehouse operations and connect at ground-level switchgear. Quick call to walk through the layout?","Warehouse Scope 2 emissions are an easy win — your flat-roof footprint generates enough solar to offset 60-80% of your grid consumption with zero operational changes.","Warehouse building. Roof-suitable for rooftop PV. Verify ownership + contact before outreach."
"Amerisink","Atlanta","GA","osm_industrial","osm-284126793","https://www.openstreetmap.org/way/osm-284126793","493110","Warehousing / Cold Storage","84","moderate","corporate","direct_purchase","daytime_peak","2000","3013440","391747","5.1","5069746","Distribution centers are the easiest commercial solar installs we do — large clear flat roofs, ground-level interconnect.","Large flat-roof warehouses have the lowest $/W install cost in commercial solar — we typically see 4-year payback after ITC + MACRS. Worth a quick site-specific estimate?","Your roof is the ideal solar substrate — large, flat, unobstructed. We install without disrupting warehouse operations and connect at ground-level switchgear. Quick call to walk through the layout?","Warehouse Scope 2 emissions are an easy win — your flat-roof footprint generates enough solar to offset 60-80% of your grid consumption with zero operational changes.","Warehouse building. Roof-suitable for rooftop PV. Verify ownership + contact before outreach."
"Allied Fitting Group","Atlanta","GA","osm_industrial","osm-284126794","https://www.openstreetmap.org/way/osm-284126794","493110","Warehousing / Cold Storage","84","moderate","corporate","direct_purchase","daytime_peak","2000","3013440","391747","5.1","5069746","Distribution centers are the easiest commercial solar installs we do — large clear flat roofs, ground-level interconnect.","Large flat-roof warehouses have the lowest $/W install cost in commercial solar — we typically see 4-year payback after ITC + MACRS. Worth a quick site-specific estimate?","Your roof is the ideal solar substrate — large, flat, unobstructed. We install without disrupting warehouse operations and connect at ground-level switchgear. Quick call to walk through the layout?","Warehouse Scope 2 emissions are an easy win — your flat-roof footprint generates enough solar to offset 60-80% of your grid consumption with zero operational changes.","Warehouse building. Roof-suitable for rooftop PV. Verify ownership + contact before outreach."
"Braddock Metalurgical","Atlanta","GA","osm_industrial","osm-284126800","https://www.openstreetmap.org/way/osm-284126800","493110","Warehousing / Cold Storage","84","moderate","corporate","direct_purchase","daytime_peak","2000","3013440","391747","5.1","5069746","Distribution centers are the easiest commercial solar installs we do — large clear flat roofs, ground-level interconnect.","Large flat-roof warehouses have the lowest $/W install cost in commercial solar — we typically see 4-year payback after ITC + MACRS. Worth a quick site-specific estimate?","Your roof is the ideal solar substrate — large, flat, unobstructed. We install without disrupting warehouse operations and connect at ground-level switchgear. Quick call to walk through the layout?","Warehouse Scope 2 emissions are an easy win — your flat-roof footprint generates enough solar to offset 60-80% of your grid consumption with zero operational changes.","Warehouse building. Roof-suitable for rooftop PV. Verify ownership + contact before outreach."
"Gulf Atlantic Packaging","Atlanta","GA","osm_industrial","osm-284245377","https://www.openstreetmap.org/way/osm-284245377","493110","Warehousing / Cold Storage","84","moderate","corporate","direct_purchase","daytime_peak","2000","3013440","391747","5.1","5069746","Distribution centers are the easiest commercial solar installs we do — large clear flat roofs, ground-level interconnect.","Large flat-roof warehouses have the lowest $/W install cost in commercial solar — we typically see 4-year payback after ITC + MACRS. Worth a quick site-specific estimate?","Your roof is the ideal solar substrate — large, flat, unobstructed. We install without disrupting warehouse operations and connect at ground-level switchgear. Quick call to walk through the layout?","Warehouse Scope 2 emissions are an easy win — your flat-roof footprint generates enough solar to offset 60-80% of your grid consumption with zero operational changes.","Warehouse building. Roof-suitable for rooftop PV. Verify ownership + contact before outreach."
"Geiger","Atlanta","GA","osm_industrial","osm-284245378","https://www.openstreetmap.org/way/osm-284245378","493110","Warehousing / Cold Storage","84","moderate","corporate","direct_purchase","daytime_peak","2000","3013440","391747","5.1","5069746","Distribution centers are the easiest commercial solar installs we do — large clear flat roofs, ground-level interconnect.","Large flat-roof warehouses have the lowest $/W install cost in commercial solar — we typically see 4-year payback after ITC + MACRS. Worth a quick site-specific estimate?","Your roof is the ideal solar substrate — large, flat, unobstructed. We install without disrupting warehouse operations and connect at ground-level switchgear. Quick call to walk through the layout?","Warehouse Scope 2 emissions are an easy win — your flat-roof footprint generates enough solar to offset 60-80% of your grid consumption with zero operational changes.","Warehouse building. Roof-suitable for rooftop PV. Verify ownership + contact before outreach."
"Sunny Delight","Atlanta","GA","osm_industrial","osm-284245380","https://www.openstreetmap.org/way/osm-284245380","493110","Warehousing / Cold Storage","84","moderate","corporate","direct_purchase","daytime_peak","2000","3013440","391747","5.1","5069746","Distribution centers are the easiest commercial solar installs we do — large clear flat roofs, ground-level interconnect.","Large flat-roof warehouses have the lowest $/W install cost in commercial solar — we typically see 4-year payback after ITC + MACRS. Worth a quick site-specific estimate?","Your roof is the ideal solar substrate — large, flat, unobstructed. We install without disrupting warehouse operations and connect at ground-level switchgear. Quick call to walk through the layout?","Warehouse Scope 2 emissions are an easy win — your flat-roof footprint generates enough solar to offset 60-80% of your grid consumption with zero operational changes.","Warehouse building. Roof-suitable for rooftop PV. Verify ownership + contact before outreach."
"Apl","Atlanta","GA","osm_industrial","osm-284245396","https://www.openstreetmap.org/way/osm-284245396","493110","Warehousing / Cold Storage","84","moderate","corporate","direct_purchase","daytime_peak","2000","3013440","391747","5.1","5069746","Distribution centers are the easiest commercial solar installs we do — large clear flat roofs, ground-level interconnect.","Large flat-roof warehouses have the lowest $/W install cost in commercial solar — we typically see 4-year payback after ITC + MACRS. Worth a quick site-specific estimate?","Your roof is the ideal solar substrate — large, flat, unobstructed. We install without disrupting warehouse operations and connect at ground-level switchgear. Quick call to walk through the layout?","Warehouse Scope 2 emissions are an easy win — your flat-roof footprint generates enough solar to offset 60-80% of your grid consumption with zero operational changes.","Warehouse building. Roof-suitable for rooftop PV. Verify ownership + contact before outreach."
"Pepsico","Atlanta","GA","osm_industrial","osm-284292989","https://www.openstreetmap.org/way/osm-284292989","493110","Warehousing / Cold Storage","84","moderate","corporate","direct_purchase","daytime_peak","2000","3013440","391747","5.1","5069746","Distribution centers are the easiest commercial solar installs we do — large clear flat roofs, ground-level interconnect.","Large flat-roof warehouses have the lowest $/W install cost in commercial solar — we typically see 4-year payback after ITC + MACRS. Worth a quick site-specific estimate?","Your roof is the ideal solar substrate — large, flat, unobstructed. We install without disrupting warehouse operations and connect at ground-level switchgear. Quick call to walk through the layout?","Warehouse Scope 2 emissions are an easy win — your flat-roof footprint generates enough solar to offset 60-80% of your grid consumption with zero operational changes.","Warehouse building. Roof-suitable for rooftop PV. Verify ownership + contact before outreach."
"Bonded Service Warehouse","Atlanta","GA","osm_industrial","osm-284292990","https://www.openstreetmap.org/way/osm-284292990","493110","Warehousing / Cold Storage","84","moderate","corporate","direct_purchase","daytime_peak","2000","3013440","391747","5.1","5069746","Distribution centers are the easiest commercial solar installs we do — large clear flat roofs, ground-level interconnect.","Large flat-roof warehouses have the lowest $/W install cost in commercial solar — we typically see 4-year payback after ITC + MACRS. Worth a quick site-specific estimate?","Your roof is the ideal solar substrate — large, flat, unobstructed. We install without disrupting warehouse operations and connect at ground-level switchgear. Quick call to walk through the layout?","Warehouse Scope 2 emissions are an easy win — your flat-roof footprint generates enough solar to offset 60-80% of your grid consumption with zero operational changes.","Warehouse building. Roof-suitable for rooftop PV. Verify ownership + contact before outreach."
"Estes","Atlanta","GA","osm_industrial","osm-284292998","https://www.openstreetmap.org/way/osm-284292998","493110","Warehousing / Cold Storage","84","moderate","corporate","direct_purchase","daytime_peak","2000","3013440","391747","5.1","5069746","Distribution centers are the easiest commercial solar installs we do — large clear flat roofs, ground-level interconnect.","Large flat-roof warehouses have the lowest $/W install cost in commercial solar — we typically see 4-year payback after ITC + MACRS. Worth a quick site-specific estimate?","Your roof is the ideal solar substrate — large, flat, unobstructed. We install without disrupting warehouse operations and connect at ground-level switchgear. Quick call to walk through the layout?","Warehouse Scope 2 emissions are an easy win — your flat-roof footprint generates enough solar to offset 60-80% of your grid consumption with zero operational changes.","Warehouse building. Roof-suitable for rooftop PV. Verify ownership + contact before outreach."
"Fastenal","Atlanta","GA","osm_industrial","osm-284292999","https://www.openstreetmap.org/way/osm-284292999","493110","Warehousing / Cold Storage","84","moderate","corporate","direct_purchase","daytime_peak","2000","3013440","391747","5.1","5069746","Distribution centers are the easiest commercial solar installs we do — large clear flat roofs, ground-level interconnect.","Large flat-roof warehouses have the lowest $/W install cost in commercial solar — we typically see 4-year payback after ITC + MACRS. Worth a quick site-specific estimate?","Your roof is the ideal solar substrate — large, flat, unobstructed. We install without disrupting warehouse operations and connect at ground-level switchgear. Quick call to walk through the layout?","Warehouse Scope 2 emissions are an easy win — your flat-roof footprint generates enough solar to offset 60-80% of your grid consumption with zero operational changes.","Warehouse building. Roof-suitable for rooftop PV. Verify ownership + contact before outreach."
"Crl Us Aluminium","Atlanta","GA","osm_industrial","osm-284293001","https://www.openstreetmap.org/way/osm-284293001","493110","Warehousing / Cold Storage","84","moderate","corporate","direct_purchase","daytime_peak","2000","3013440","391747","5.1","5069746","Distribution centers are the easiest commercial solar installs we do — large clear flat roofs, ground-level interconnect.","Large flat-roof warehouses have the lowest $/W install cost in commercial solar — we typically see 4-year payback after ITC + MACRS. Worth a quick site-specific estimate?","Your roof is the ideal solar substrate — large, flat, unobstructed. We install without disrupting warehouse operations and connect at ground-level switchgear. Quick call to walk through the layout?","Warehouse Scope 2 emissions are an easy win — your flat-roof footprint generates enough solar to offset 60-80% of your grid consumption with zero operational changes.","Warehouse building. Roof-suitable for rooftop PV. Verify ownership + contact before outreach."
"Lkq","Atlanta","GA","osm_industrial","osm-284293003","https://www.openstreetmap.org/way/osm-284293003","493110","Warehousing / Cold Storage","84","moderate","corporate","direct_purchase","daytime_peak","2000","3013440","391747","5.1","5069746","Distribution centers are the easiest commercial solar installs we do — large clear flat roofs, ground-level interconnect.","Large flat-roof warehouses have the lowest $/W install cost in commercial solar — we typically see 4-year payback after ITC + MACRS. Worth a quick site-specific estimate?","Your roof is the ideal solar substrate — large, flat, unobstructed. We install without disrupting warehouse operations and connect at ground-level switchgear. Quick call to walk through the layout?","Warehouse Scope 2 emissions are an easy win — your flat-roof footprint generates enough solar to offset 60-80% of your grid consumption with zero operational changes.","Warehouse building. Roof-suitable for rooftop PV. Verify ownership + contact before outreach."
"Westrock","Atlanta","GA","osm_industrial","osm-284293011","https://www.openstreetmap.org/way/osm-284293011","493110","Warehousing / Cold Storage","84","moderate","corporate","direct_purchase","daytime_peak","2000","3013440","391747","5.1","5069746","Distribution centers are the easiest commercial solar installs we do — large clear flat roofs, ground-level interconnect.","Large flat-roof warehouses have the lowest $/W install cost in commercial solar — we typically see 4-year payback after ITC + MACRS. Worth a quick site-specific estimate?","Your roof is the ideal solar substrate — large, flat, unobstructed. We install without disrupting warehouse operations and connect at ground-level switchgear. Quick call to walk through the layout?","Warehouse Scope 2 emissions are an easy win — your flat-roof footprint generates enough solar to offset 60-80% of your grid consumption with zero operational changes.","Warehouse building. Roof-suitable for rooftop PV. Verify ownership + contact before outreach."
"Kane Logistics","Atlanta","GA","osm_industrial","osm-284293012","https://www.openstreetmap.org/way/osm-284293012","493110","Warehousing / Cold Storage","84","moderate","corporate","direct_purchase","daytime_peak","2000","3013440","391747","5.1","5069746","Distribution centers are the easiest commercial solar installs we do — large clear flat roofs, ground-level interconnect.","Large flat-roof warehouses have the lowest $/W install cost in commercial solar — we typically see 4-year payback after ITC + MACRS. Worth a quick site-specific estimate?","Your roof is the ideal solar substrate — large, flat, unobstructed. We install without disrupting warehouse operations and connect at ground-level switchgear. Quick call to walk through the layout?","Warehouse Scope 2 emissions are an easy win — your flat-roof footprint generates enough solar to offset 60-80% of your grid consumption with zero operational changes.","Warehouse building. Roof-suitable for rooftop PV. Verify ownership + contact before outreach."
"Psp","Atlanta","GA","osm_industrial","osm-284293014","https://www.openstreetmap.org/way/osm-284293014","493110","Warehousing / Cold Storage","84","moderate","corporate","direct_purchase","daytime_peak","2000","3013440","391747","5.1","5069746","Distribution centers are the easiest commercial solar installs we do — large clear flat roofs, ground-level interconnect.","Large flat-roof warehouses have the lowest $/W install cost in commercial solar — we typically see 4-year payback after ITC + MACRS. Worth a quick site-specific estimate?","Your roof is the ideal solar substrate — large, flat, unobstructed. We install without disrupting warehouse operations and connect at ground-level switchgear. Quick call to walk through the layout?","Warehouse Scope 2 emissions are an easy win — your flat-roof footprint generates enough solar to offset 60-80% of your grid consumption with zero operational changes.","Warehouse building. Roof-suitable for rooftop PV. Verify ownership + contact before outreach."
"Bonded Service Warehouse","Atlanta","GA","osm_industrial","osm-284293017","https://www.openstreetmap.org/way/osm-284293017","493110","Warehousing / Cold Storage","84","moderate","corporate","direct_purchase","daytime_peak","2000","3013440","391747","5.1","5069746","Distribution centers are the easiest commercial solar installs we do — large clear flat roofs, ground-level interconnect.","Large flat-roof warehouses have the lowest $/W install cost in commercial solar — we typically see 4-year payback after ITC + MACRS. Worth a quick site-specific estimate?","Your roof is the ideal solar substrate — large, flat, unobstructed. We install without disrupting warehouse operations and connect at ground-level switchgear. Quick call to walk through the layout?","Warehouse Scope 2 emissions are an easy win — your flat-roof footprint generates enough solar to offset 60-80% of your grid consumption with zero operational changes.","Warehouse building. Roof-suitable for rooftop PV. Verify ownership + contact before outreach."
"Cmc Foods","Atlanta","GA","osm_industrial","osm-284293018","https://www.openstreetmap.org/way/osm-284293018","493110","Warehousing / Cold Storage","84","moderate","corporate","direct_purchase","daytime_peak","2000","3013440","391747","5.1","5069746","Distribution centers are the easiest commercial solar installs we do — large clear flat roofs, ground-level interconnect.","Large flat-roof warehouses have the lowest $/W install cost in commercial solar — we typically see 4-year payback after ITC + MACRS. Worth a quick site-specific estimate?","Your roof is the ideal solar substrate — large, flat, unobstructed. We install without disrupting warehouse operations and connect at ground-level switchgear. Quick call to walk through the layout?","Warehouse Scope 2 emissions are an easy win — your flat-roof footprint generates enough solar to offset 60-80% of your grid consumption with zero operational changes.","Warehouse building. Roof-suitable for rooftop PV. Verify ownership + contact before outreach."
"Empire Marketing Group","Atlanta","GA","osm_industrial","osm-284293023","https://www.openstreetmap.org/way/osm-284293023","493110","Warehousing / Cold Storage","84","moderate","corporate","direct_purchase","daytime_peak","2000","3013440","391747","5.1","5069746","Distribution centers are the easiest commercial solar installs we do — large clear flat roofs, ground-level interconnect.","Large flat-roof warehouses have the lowest $/W install cost in commercial solar — we typically see 4-year payback after ITC + MACRS. Worth a quick site-specific estimate?","Your roof is the ideal solar substrate — large, flat, unobstructed. We install without disrupting warehouse operations and connect at ground-level switchgear. Quick call to walk through the layout?","Warehouse Scope 2 emissions are an easy win — your flat-roof footprint generates enough solar to offset 60-80% of your grid consumption with zero operational changes.","Warehouse building. Roof-suitable for rooftop PV. Verify ownership + contact before outreach."
"Wepackit","Atlanta","GA","osm_industrial","osm-284293027","https://www.openstreetmap.org/way/osm-284293027","493110","Warehousing / Cold Storage","84","moderate","corporate","direct_purchase","daytime_peak","2000","3013440","391747","5.1","5069746","Distribution centers are the easiest commercial solar installs we do — large clear flat roofs, ground-level interconnect.","Large flat-roof warehouses have the lowest $/W install cost in commercial solar — we typically see 4-year payback after ITC + MACRS. Worth a quick site-specific estimate?","Your roof is the ideal solar substrate — large, flat, unobstructed. We install without disrupting warehouse operations and connect at ground-level switchgear. Quick call to walk through the layout?","Warehouse Scope 2 emissions are an easy win — your flat-roof footprint generates enough solar to offset 60-80% of your grid consumption with zero operational changes.","Warehouse building. Roof-suitable for rooftop PV. Verify ownership + contact before outreach."
"Atlanta Core Supply","Atlanta","GA","osm_industrial","osm-284293033","https://www.openstreetmap.org/way/osm-284293033","493110","Warehousing / Cold Storage","84","moderate","corporate","direct_purchase","daytime_peak","2000","3013440","391747","5.1","5069746","Distribution centers are the easiest commercial solar installs we do — large clear flat roofs, ground-level interconnect.","Large flat-roof warehouses have the lowest $/W install cost in commercial solar — we typically see 4-year payback after ITC + MACRS. Worth a quick site-specific estimate?","Your roof is the ideal solar substrate — large, flat, unobstructed. We install without disrupting warehouse operations and connect at ground-level switchgear. Quick call to walk through the layout?","Warehouse Scope 2 emissions are an easy win — your flat-roof footprint generates enough solar to offset 60-80% of your grid consumption with zero operational changes.","Warehouse building. Roof-suitable for rooftop PV. Verify ownership + contact before outreach."
"Inside Track","Atlanta","GA","osm_industrial","osm-284346378","https://www.openstreetmap.org/way/osm-284346378","493110","Warehousing / Cold Storage","84","moderate","corporate","direct_purchase","daytime_peak","2000","3013440","391747","5.1","5069746","Distribution centers are the easiest commercial solar installs we do — large clear flat roofs, ground-level interconnect.","Large flat-roof warehouses have the lowest $/W install cost in commercial solar — we typically see 4-year payback after ITC + MACRS. Worth a quick site-specific estimate?","Your roof is the ideal solar substrate — large, flat, unobstructed. We install without disrupting warehouse operations and connect at ground-level switchgear. Quick call to walk through the layout?","Warehouse Scope 2 emissions are an easy win — your flat-roof footprint generates enough solar to offset 60-80% of your grid consumption with zero operational changes.","Warehouse building. Roof-suitable for rooftop PV. Verify ownership + contact before outreach."
"Spectra","Atlanta","GA","osm_industrial","osm-284346381","https://www.openstreetmap.org/way/osm-284346381","493110","Warehousing / Cold Storage","84","moderate","corporate","direct_purchase","daytime_peak","2000","3013440","391747","5.1","5069746","Distribution centers are the easiest commercial solar installs we do — large clear flat roofs, ground-level interconnect.","Large flat-roof warehouses have the lowest $/W install cost in commercial solar — we typically see 4-year payback after ITC + MACRS. Worth a quick site-specific estimate?","Your roof is the ideal solar substrate — large, flat, unobstructed. We install without disrupting warehouse operations and connect at ground-level switchgear. Quick call to walk through the layout?","Warehouse Scope 2 emissions are an easy win — your flat-roof footprint generates enough solar to offset 60-80% of your grid consumption with zero operational changes.","Warehouse building. Roof-suitable for rooftop PV. Verify ownership + contact before outreach."
"Dynamic Modifiers","Atlanta","GA","osm_industrial","osm-284346383","https://www.openstreetmap.org/way/osm-284346383","493110","Warehousing / Cold Storage","84","moderate","corporate","direct_purchase","daytime_peak","2000","3013440","391747","5.1","5069746","Distribution centers are the easiest commercial solar installs we do — large clear flat roofs, ground-level interconnect.","Large flat-roof warehouses have the lowest $/W install cost in commercial solar — we typically see 4-year payback after ITC + MACRS. Worth a quick site-specific estimate?","Your roof is the ideal solar substrate — large, flat, unobstructed. We install without disrupting warehouse operations and connect at ground-level switchgear. Quick call to walk through the layout?","Warehouse Scope 2 emissions are an easy win — your flat-roof footprint generates enough solar to offset 60-80% of your grid consumption with zero operational changes.","Warehouse building. Roof-suitable for rooftop PV. Verify ownership + contact before outreach."
"Hennecold Storage","Atlanta","GA","osm_industrial","osm-284346392","https://www.openstreetmap.org/way/osm-284346392","493110","Warehousing / Cold Storage","84","moderate","corporate","direct_purchase","daytime_peak","2000","3013440","391747","5.1","5069746","Distribution centers are the easiest commercial solar installs we do — large clear flat roofs, ground-level interconnect.","Large flat-roof warehouses have the lowest $/W install cost in commercial solar — we typically see 4-year payback after ITC + MACRS. Worth a quick site-specific estimate?","Your roof is the ideal solar substrate — large, flat, unobstructed. We install without disrupting warehouse operations and connect at ground-level switchgear. Quick call to walk through the layout?","Warehouse Scope 2 emissions are an easy win — your flat-roof footprint generates enough solar to offset 60-80% of your grid consumption with zero operational changes.","Warehouse building. Roof-suitable for rooftop PV. Verify ownership + contact before outreach."
"Hartybake","Atlanta","GA","osm_industrial","osm-284346396","https://www.openstreetmap.org/way/osm-284346396","493110","Warehousing / Cold Storage","84","moderate","corporate","direct_purchase","daytime_peak","2000","3013440","391747","5.1","5069746","Distribution centers are the easiest commercial solar installs we do — large clear flat roofs, ground-level interconnect.","Large flat-roof warehouses have the lowest $/W install cost in commercial solar — we typically see 4-year payback after ITC + MACRS. Worth a quick site-specific estimate?","Your roof is the ideal solar substrate — large, flat, unobstructed. We install without disrupting warehouse operations and connect at ground-level switchgear. Quick call to walk through the layout?","Warehouse Scope 2 emissions are an easy win — your flat-roof footprint generates enough solar to offset 60-80% of your grid consumption with zero operational changes.","Warehouse building. Roof-suitable for rooftop PV. Verify ownership + contact before outreach."
"Bonded Services Warehouse","Atlanta","GA","osm_industrial","osm-284346397","https://www.openstreetmap.org/way/osm-284346397","493110","Warehousing / Cold Storage","84","moderate","corporate","direct_purchase","daytime_peak","2000","3013440","391747","5.1","5069746","Distribution centers are the easiest commercial solar installs we do — large clear flat roofs, ground-level interconnect.","Large flat-roof warehouses have the lowest $/W install cost in commercial solar — we typically see 4-year payback after ITC + MACRS. Worth a quick site-specific estimate?","Your roof is the ideal solar substrate — large, flat, unobstructed. We install without disrupting warehouse operations and connect at ground-level switchgear. Quick call to walk through the layout?","Warehouse Scope 2 emissions are an easy win — your flat-roof footprint generates enough solar to offset 60-80% of your grid consumption with zero operational changes.","Warehouse building. Roof-suitable for rooftop PV. Verify ownership + contact before outreach."
"Cks Packaging","Atlanta","GA","osm_industrial","osm-284346401","https://www.openstreetmap.org/way/osm-284346401","493110","Warehousing / Cold Storage","84","moderate","corporate","direct_purchase","daytime_peak","2000","3013440","391747","5.1","5069746","Distribution centers are the easiest commercial solar installs we do — large clear flat roofs, ground-level interconnect.","Large flat-roof warehouses have the lowest $/W install cost in commercial solar — we typically see 4-year payback after ITC + MACRS. Worth a quick site-specific estimate?","Your roof is the ideal solar substrate — large, flat, unobstructed. We install without disrupting warehouse operations and connect at ground-level switchgear. Quick call to walk through the layout?","Warehouse Scope 2 emissions are an easy win — your flat-roof footprint generates enough solar to offset 60-80% of your grid consumption with zero operational changes.","Warehouse building. Roof-suitable for rooftop PV. Verify ownership + contact before outreach."
"Techniweldusa","Atlanta","GA","osm_industrial","osm-284346406","https://www.openstreetmap.org/way/osm-284346406","493110","Warehousing / Cold Storage","84","moderate","corporate","direct_purchase","daytime_peak","2000","3013440","391747","5.1","5069746","Distribution centers are the easiest commercial solar installs we do — large clear flat roofs, ground-level interconnect.","Large flat-roof warehouses have the lowest $/W install cost in commercial solar — we typically see 4-year payback after ITC + MACRS. Worth a quick site-specific estimate?","Your roof is the ideal solar substrate — large, flat, unobstructed. We install without disrupting warehouse operations and connect at ground-level switchgear. Quick call to walk through the layout?","Warehouse Scope 2 emissions are an easy win — your flat-roof footprint generates enough solar to offset 60-80% of your grid consumption with zero operational changes.","Warehouse building. Roof-suitable for rooftop PV. Verify ownership + contact before outreach."
"Consolidated Container","Atlanta","GA","osm_industrial","osm-284346408","https://www.openstreetmap.org/way/osm-284346408","493110","Warehousing / Cold Storage","84","moderate","corporate","direct_purchase","daytime_peak","2000","3013440","391747","5.1","5069746","Distribution centers are the easiest commercial solar installs we do — large clear flat roofs, ground-level interconnect.","Large flat-roof warehouses have the lowest $/W install cost in commercial solar — we typically see 4-year payback after ITC + MACRS. Worth a quick site-specific estimate?","Your roof is the ideal solar substrate — large, flat, unobstructed. We install without disrupting warehouse operations and connect at ground-level switchgear. Quick call to walk through the layout?","Warehouse Scope 2 emissions are an easy win — your flat-roof footprint generates enough solar to offset 60-80% of your grid consumption with zero operational changes.","Warehouse building. Roof-suitable for rooftop PV. Verify ownership + contact before outreach."
"Tsw","Atlanta","GA","osm_industrial","osm-284346416","https://www.openstreetmap.org/way/osm-284346416","493110","Warehousing / Cold Storage","84","moderate","corporate","direct_purchase","daytime_peak","2000","3013440","391747","5.1","5069746","Distribution centers are the easiest commercial solar installs we do — large clear flat roofs, ground-level interconnect.","Large flat-roof warehouses have the lowest $/W install cost in commercial solar — we typically see 4-year payback after ITC + MACRS. Worth a quick site-specific estimate?","Your roof is the ideal solar substrate — large, flat, unobstructed. We install without disrupting warehouse operations and connect at ground-level switchgear. Quick call to walk through the layout?","Warehouse Scope 2 emissions are an easy win — your flat-roof footprint generates enough solar to offset 60-80% of your grid consumption with zero operational changes.","Warehouse building. Roof-suitable for rooftop PV. Verify ownership + contact before outreach."
"Spectra","Atlanta","GA","osm_industrial","osm-284346419","https://www.openstreetmap.org/way/osm-284346419","493110","Warehousing / Cold Storage","84","moderate","corporate","direct_purchase","daytime_peak","2000","3013440","391747","5.1","5069746","Distribution centers are the easiest commercial solar installs we do — large clear flat roofs, ground-level interconnect.","Large flat-roof warehouses have the lowest $/W install cost in commercial solar — we typically see 4-year payback after ITC + MACRS. Worth a quick site-specific estimate?","Your roof is the ideal solar substrate — large, flat, unobstructed. We install without disrupting warehouse operations and connect at ground-level switchgear. Quick call to walk through the layout?","Warehouse Scope 2 emissions are an easy win — your flat-roof footprint generates enough solar to offset 60-80% of your grid consumption with zero operational changes.","Warehouse building. Roof-suitable for rooftop PV. Verify ownership + contact before outreach."
"Cintas","Atlanta","GA","osm_industrial","osm-284346421","https://www.openstreetmap.org/way/osm-284346421","493110","Warehousing / Cold Storage","84","moderate","corporate","direct_purchase","daytime_peak","2000","3013440","391747","5.1","5069746","Distribution centers are the easiest commercial solar installs we do — large clear flat roofs, ground-level interconnect.","Large flat-roof warehouses have the lowest $/W install cost in commercial solar — we typically see 4-year payback after ITC + MACRS. Worth a quick site-specific estimate?","Your roof is the ideal solar substrate — large, flat, unobstructed. We install without disrupting warehouse operations and connect at ground-level switchgear. Quick call to walk through the layout?","Warehouse Scope 2 emissions are an easy win — your flat-roof footprint generates enough solar to offset 60-80% of your grid consumption with zero operational changes.","Warehouse building. Roof-suitable for rooftop PV. Verify ownership + contact before outreach."
"Polyair Packaging","Atlanta","GA","osm_industrial","osm-284346425","https://www.openstreetmap.org/way/osm-284346425","493110","Warehousing / Cold Storage","84","moderate","corporate","direct_purchase","daytime_peak","2000","3013440","391747","5.1","5069746","Distribution centers are the easiest commercial solar installs we do — large clear flat roofs, ground-level interconnect.","Large flat-roof warehouses have the lowest $/W install cost in commercial solar — we typically see 4-year payback after ITC + MACRS. Worth a quick site-specific estimate?","Your roof is the ideal solar substrate — large, flat, unobstructed. We install without disrupting warehouse operations and connect at ground-level switchgear. Quick call to walk through the layout?","Warehouse Scope 2 emissions are an easy win — your flat-roof footprint generates enough solar to offset 60-80% of your grid consumption with zero operational changes.","Warehouse building. Roof-suitable for rooftop PV. Verify ownership + contact before outreach."
"Go Home","Atlanta","GA","osm_industrial","osm-284346430","https://www.openstreetmap.org/way/osm-284346430","493110","Warehousing / Cold Storage","84","moderate","corporate","direct_purchase","daytime_peak","2000","3013440","391747","5.1","5069746","Distribution centers are the easiest commercial solar installs we do — large clear flat roofs, ground-level interconnect.","Large flat-roof warehouses have the lowest $/W install cost in commercial solar — we typically see 4-year payback after ITC + MACRS. Worth a quick site-specific estimate?","Your roof is the ideal solar substrate — large, flat, unobstructed. We install without disrupting warehouse operations and connect at ground-level switchgear. Quick call to walk through the layout?","Warehouse Scope 2 emissions are an easy win — your flat-roof footprint generates enough solar to offset 60-80% of your grid consumption with zero operational changes.","Warehouse building. Roof-suitable for rooftop PV. Verify ownership + contact before outreach."
"Us Foods","Fairburn","GA","osm_industrial","osm-299472546","https://www.openstreetmap.org/way/osm-299472546","493110","Warehousing / Cold Storage","84","moderate","corporate","direct_purchase","daytime_peak","2000","3013440","391747","5.1","5069746","Distribution centers are the easiest commercial solar installs we do — large clear flat roofs, ground-level interconnect.","Large flat-roof warehouses have the lowest $/W install cost in commercial solar — we typically see 4-year payback after ITC + MACRS. Worth a quick site-specific estimate?","Your roof is the ideal solar substrate — large, flat, unobstructed. We install without disrupting warehouse operations and connect at ground-level switchgear. Quick call to walk through the layout?","Warehouse Scope 2 emissions are an easy win — your flat-roof footprint generates enough solar to offset 60-80% of your grid consumption with zero operational changes.","Warehouse building. Roof-suitable for rooftop PV. Verify ownership + contact before outreach."
"All-Pro Pest Services","Atlanta","GA","osm_industrial","osm-312713356","https://www.openstreetmap.org/way/osm-312713356","493110","Warehousing / Cold Storage","84","moderate","corporate","direct_purchase","daytime_peak","2000","3013440","391747","5.1","5069746","Distribution centers are the easiest commercial solar installs we do — large clear flat roofs, ground-level interconnect.","Large flat-roof warehouses have the lowest $/W install cost in commercial solar — we typically see 4-year payback after ITC + MACRS. Worth a quick site-specific estimate?","Your roof is the ideal solar substrate — large, flat, unobstructed. We install without disrupting warehouse operations and connect at ground-level switchgear. Quick call to walk through the layout?","Warehouse Scope 2 emissions are an easy win — your flat-roof footprint generates enough solar to offset 60-80% of your grid consumption with zero operational changes.","Warehouse building. Roof-suitable for rooftop PV. Verify ownership + contact before outreach."
"Ykk Corporation","Atlanta","GA","osm_industrial","osm-312713379","https://www.openstreetmap.org/way/osm-312713379","493110","Warehousing / Cold Storage","84","moderate","corporate","direct_purchase","daytime_peak","2000","3013440","391747","5.1","5069746","Distribution centers are the easiest commercial solar installs we do — large clear flat roofs, ground-level interconnect.","Large flat-roof warehouses have the lowest $/W install cost in commercial solar — we typically see 4-year payback after ITC + MACRS. Worth a quick site-specific estimate?","Your roof is the ideal solar substrate — large, flat, unobstructed. We install without disrupting warehouse operations and connect at ground-level switchgear. Quick call to walk through the layout?","Warehouse Scope 2 emissions are an easy win — your flat-roof footprint generates enough solar to offset 60-80% of your grid consumption with zero operational changes.","Warehouse building. Roof-suitable for rooftop PV. Verify ownership + contact before outreach."
"Tri-State Utility Products","Atlanta","GA","osm_industrial","osm-312713734","https://www.openstreetmap.org/way/osm-312713734","493110","Warehousing / Cold Storage","84","moderate","corporate","direct_purchase","daytime_peak","2000","3013440","391747","5.1","5069746","Distribution centers are the easiest commercial solar installs we do — large clear flat roofs, ground-level interconnect.","Large flat-roof warehouses have the lowest $/W install cost in commercial solar — we typically see 4-year payback after ITC + MACRS. Worth a quick site-specific estimate?","Your roof is the ideal solar substrate — large, flat, unobstructed. We install without disrupting warehouse operations and connect at ground-level switchgear. Quick call to walk through the layout?","Warehouse Scope 2 emissions are an easy win — your flat-roof footprint generates enough solar to offset 60-80% of your grid consumption with zero operational changes.","Warehouse building. Roof-suitable for rooftop PV. Verify ownership + contact before outreach."
"Douglasville Stor-All","Atlanta","GA","osm_industrial","osm-321396214","https://www.openstreetmap.org/way/osm-321396214","493110","Warehousing / Cold Storage","84","moderate","corporate","direct_purchase","daytime_peak","2000","3013440","391747","5.1","5069746","Distribution centers are the easiest commercial solar installs we do — large clear flat roofs, ground-level interconnect.","Large flat-roof warehouses have the lowest $/W install cost in commercial solar — we typically see 4-year payback after ITC + MACRS. Worth a quick site-specific estimate?","Your roof is the ideal solar substrate — large, flat, unobstructed. We install without disrupting warehouse operations and connect at ground-level switchgear. Quick call to walk through the layout?","Warehouse Scope 2 emissions are an easy win — your flat-roof footprint generates enough solar to offset 60-80% of your grid consumption with zero operational changes.","Warehouse building. Roof-suitable for rooftop PV. Verify ownership + contact before outreach."
"Keystone Automotive","Atlanta","GA","osm_industrial","osm-349634978","https://www.openstreetmap.org/way/osm-349634978","493110","Warehousing / Cold Storage","84","moderate","corporate","direct_purchase","daytime_peak","2000","3013440","391747","5.1","5069746","Distribution centers are the easiest commercial solar installs we do — large clear flat roofs, ground-level interconnect.","Large flat-roof warehouses have the lowest $/W install cost in commercial solar — we typically see 4-year payback after ITC + MACRS. Worth a quick site-specific estimate?","Your roof is the ideal solar substrate — large, flat, unobstructed. We install without disrupting warehouse operations and connect at ground-level switchgear. Quick call to walk through the layout?","Warehouse Scope 2 emissions are an easy win — your flat-roof footprint generates enough solar to offset 60-80% of your grid consumption with zero operational changes.","Warehouse building. Roof-suitable for rooftop PV. Verify ownership + contact before outreach."
"Czarnowski","Atlanta","GA","osm_industrial","osm-349641430","https://www.openstreetmap.org/way/osm-349641430","493110","Warehousing / Cold Storage","84","moderate","corporate","direct_purchase","daytime_peak","2000","3013440","391747","5.1","5069746","Distribution centers are the easiest commercial solar installs we do — large clear flat roofs, ground-level interconnect.","Large flat-roof warehouses have the lowest $/W install cost in commercial solar — we typically see 4-year payback after ITC + MACRS. Worth a quick site-specific estimate?","Your roof is the ideal solar substrate — large, flat, unobstructed. We install without disrupting warehouse operations and connect at ground-level switchgear. Quick call to walk through the layout?","Warehouse Scope 2 emissions are an easy win — your flat-roof footprint generates enough solar to offset 60-80% of your grid consumption with zero operational changes.","Warehouse building. Roof-suitable for rooftop PV. Verify ownership + contact before outreach."
"Mattress Firm","Roswell","GA","osm_industrial","osm-369142362","https://www.openstreetmap.org/way/osm-369142362","493110","Warehousing / Cold Storage","84","moderate","corporate","direct_purchase","daytime_peak","2000","3013440","391747","5.1","5069746","Distribution centers are the easiest commercial solar installs we do — large clear flat roofs, ground-level interconnect.","Large flat-roof warehouses have the lowest $/W install cost in commercial solar — we typically see 4-year payback after ITC + MACRS. Worth a quick site-specific estimate?","Your roof is the ideal solar substrate — large, flat, unobstructed. We install without disrupting warehouse operations and connect at ground-level switchgear. Quick call to walk through the layout?","Warehouse Scope 2 emissions are an easy win — your flat-roof footprint generates enough solar to offset 60-80% of your grid consumption with zero operational changes.","Warehouse building. Roof-suitable for rooftop PV. Verify ownership + contact before outreach."
"Gordon Foods","Atlanta","GA","osm_industrial","osm-370808458","https://www.openstreetmap.org/way/osm-370808458","493110","Warehousing / Cold Storage","84","moderate","corporate","direct_purchase","daytime_peak","2000","3013440","391747","5.1","5069746","Distribution centers are the easiest commercial solar installs we do — large clear flat roofs, ground-level interconnect.","Large flat-roof warehouses have the lowest $/W install cost in commercial solar — we typically see 4-year payback after ITC + MACRS. Worth a quick site-specific estimate?","Your roof is the ideal solar substrate — large, flat, unobstructed. We install without disrupting warehouse operations and connect at ground-level switchgear. Quick call to walk through the layout?","Warehouse Scope 2 emissions are an easy win — your flat-roof footprint generates enough solar to offset 60-80% of your grid consumption with zero operational changes.","Warehouse building. Roof-suitable for rooftop PV. Verify ownership + contact before outreach."
"Fiserv Shipping And Receiving","Atlanta","GA","osm_industrial","osm-372761287","https://www.openstreetmap.org/way/osm-372761287","493110","Warehousing / Cold Storage","84","moderate","corporate","direct_purchase","daytime_peak","2000","3013440","391747","5.1","5069746","Distribution centers are the easiest commercial solar installs we do — large clear flat roofs, ground-level interconnect.","Large flat-roof warehouses have the lowest $/W install cost in commercial solar — we typically see 4-year payback after ITC + MACRS. Worth a quick site-specific estimate?","Your roof is the ideal solar substrate — large, flat, unobstructed. We install without disrupting warehouse operations and connect at ground-level switchgear. Quick call to walk through the layout?","Warehouse Scope 2 emissions are an easy win — your flat-roof footprint generates enough solar to offset 60-80% of your grid consumption with zero operational changes.","Warehouse building. Roof-suitable for rooftop PV. Verify ownership + contact before outreach."
"Mcmaster-Carr","Douglasville","GA","osm_industrial","osm-387625460","https://www.openstreetmap.org/way/osm-387625460","493110","Warehousing / Cold Storage","84","moderate","corporate","direct_purchase","daytime_peak","2000","3013440","391747","5.1","5069746","Distribution centers are the easiest commercial solar installs we do — large clear flat roofs, ground-level interconnect.","Large flat-roof warehouses have the lowest $/W install cost in commercial solar — we typically see 4-year payback after ITC + MACRS. Worth a quick site-specific estimate?","Your roof is the ideal solar substrate — large, flat, unobstructed. We install without disrupting warehouse operations and connect at ground-level switchgear. Quick call to walk through the layout?","Warehouse Scope 2 emissions are an easy win — your flat-roof footprint generates enough solar to offset 60-80% of your grid consumption with zero operational changes.","Warehouse building. Roof-suitable for rooftop PV. Verify ownership + contact before outreach."
"Americold","Atlanta","GA","osm_industrial","osm-387626199","https://www.openstreetmap.org/way/osm-387626199","493110","Warehousing / Cold Storage","84","moderate","corporate","direct_purchase","daytime_peak","2000","3013440","391747","5.1","5069746","Distribution centers are the easiest commercial solar installs we do — large clear flat roofs, ground-level interconnect.","Large flat-roof warehouses have the lowest $/W install cost in commercial solar — we typically see 4-year payback after ITC + MACRS. Worth a quick site-specific estimate?","Your roof is the ideal solar substrate — large, flat, unobstructed. We install without disrupting warehouse operations and connect at ground-level switchgear. Quick call to walk through the layout?","Warehouse Scope 2 emissions are an easy win — your flat-roof footprint generates enough solar to offset 60-80% of your grid consumption with zero operational changes.","Warehouse building. Roof-suitable for rooftop PV. Verify ownership + contact before outreach."
"Gatorade","Atlanta","GA","osm_industrial","osm-387626200","https://www.openstreetmap.org/way/osm-387626200","493110","Warehousing / Cold Storage","84","moderate","corporate","direct_purchase","daytime_peak","2000","3013440","391747","5.1","5069746","Distribution centers are the easiest commercial solar installs we do — large clear flat roofs, ground-level interconnect.","Large flat-roof warehouses have the lowest $/W install cost in commercial solar — we typically see 4-year payback after ITC + MACRS. Worth a quick site-specific estimate?","Your roof is the ideal solar substrate — large, flat, unobstructed. We install without disrupting warehouse operations and connect at ground-level switchgear. Quick call to walk through the layout?","Warehouse Scope 2 emissions are an easy win — your flat-roof footprint generates enough solar to offset 60-80% of your grid consumption with zero operational changes.","Warehouse building. Roof-suitable for rooftop PV. Verify ownership + contact before outreach."
"Uci Kitchens And Baths","Atlanta","GA","osm_industrial","osm-388689018","https://www.openstreetmap.org/way/osm-388689018","493110","Warehousing / Cold Storage","84","moderate","corporate","direct_purchase","daytime_peak","2000","3013440","391747","5.1","5069746","Distribution centers are the easiest commercial solar installs we do — large clear flat roofs, ground-level interconnect.","Large flat-roof warehouses have the lowest $/W install cost in commercial solar — we typically see 4-year payback after ITC + MACRS. Worth a quick site-specific estimate?","Your roof is the ideal solar substrate — large, flat, unobstructed. We install without disrupting warehouse operations and connect at ground-level switchgear. Quick call to walk through the layout?","Warehouse Scope 2 emissions are an easy win — your flat-roof footprint generates enough solar to offset 60-80% of your grid consumption with zero operational changes.","Warehouse building. Roof-suitable for rooftop PV. Verify ownership + contact before outreach."
"Maxzone Auto Parts","Atlanta","GA","osm_industrial","osm-388689022","https://www.openstreetmap.org/way/osm-388689022","493110","Warehousing / Cold Storage","84","moderate","corporate","direct_purchase","daytime_peak","2000","3013440","391747","5.1","5069746","Distribution centers are the easiest commercial solar installs we do — large clear flat roofs, ground-level interconnect.","Large flat-roof warehouses have the lowest $/W install cost in commercial solar — we typically see 4-year payback after ITC + MACRS. Worth a quick site-specific estimate?","Your roof is the ideal solar substrate — large, flat, unobstructed. We install without disrupting warehouse operations and connect at ground-level switchgear. Quick call to walk through the layout?","Warehouse Scope 2 emissions are an easy win — your flat-roof footprint generates enough solar to offset 60-80% of your grid consumption with zero operational changes.","Warehouse building. Roof-suitable for rooftop PV. Verify ownership + contact before outreach."
"Amazon Hub","Atlanta","GA","osm_industrial","osm-389808773","https://www.openstreetmap.org/way/osm-389808773","493110","Warehousing / Cold Storage","84","moderate","corporate","direct_purchase","daytime_peak","2000","3013440","391747","5.1","5069746","Distribution centers are the easiest commercial solar installs we do — large clear flat roofs, ground-level interconnect.","Large flat-roof warehouses have the lowest $/W install cost in commercial solar — we typically see 4-year payback after ITC + MACRS. Worth a quick site-specific estimate?","Your roof is the ideal solar substrate — large, flat, unobstructed. We install without disrupting warehouse operations and connect at ground-level switchgear. Quick call to walk through the layout?","Warehouse Scope 2 emissions are an easy win — your flat-roof footprint generates enough solar to offset 60-80% of your grid consumption with zero operational changes.","Warehouse building. Roof-suitable for rooftop PV. Verify ownership + contact before outreach."
"Extra Space Storage","Atlanta","GA","osm_industrial","osm-390307734","https://www.openstreetmap.org/way/osm-390307734","493110","Warehousing / Cold Storage","84","moderate","corporate","direct_purchase","daytime_peak","2000","3013440","391747","5.1","5069746","Distribution centers are the easiest commercial solar installs we do — large clear flat roofs, ground-level interconnect.","Large flat-roof warehouses have the lowest $/W install cost in commercial solar — we typically see 4-year payback after ITC + MACRS. Worth a quick site-specific estimate?","Your roof is the ideal solar substrate — large, flat, unobstructed. We install without disrupting warehouse operations and connect at ground-level switchgear. Quick call to walk through the layout?","Warehouse Scope 2 emissions are an easy win — your flat-roof footprint generates enough solar to offset 60-80% of your grid consumption with zero operational changes.","Warehouse building. Roof-suitable for rooftop PV. Verify ownership + contact before outreach."
"Alsco","Atlanta","GA","osm_industrial","osm-422944951","https://www.openstreetmap.org/way/osm-422944951","493110","Warehousing / Cold Storage","84","moderate","corporate","direct_purchase","daytime_peak","2000","3013440","391747","5.1","5069746","Distribution centers are the easiest commercial solar installs we do — large clear flat roofs, ground-level interconnect.","Large flat-roof warehouses have the lowest $/W install cost in commercial solar — we typically see 4-year payback after ITC + MACRS. Worth a quick site-specific estimate?","Your roof is the ideal solar substrate — large, flat, unobstructed. We install without disrupting warehouse operations and connect at ground-level switchgear. Quick call to walk through the layout?","Warehouse Scope 2 emissions are an easy win — your flat-roof footprint generates enough solar to offset 60-80% of your grid consumption with zero operational changes.","Warehouse building. Roof-suitable for rooftop PV. Verify ownership + contact before outreach."
"The Packaging Wholesalers","Atlanta","GA","osm_industrial","osm-624053067","https://www.openstreetmap.org/way/osm-624053067","493110","Warehousing / Cold Storage","84","moderate","corporate","direct_purchase","daytime_peak","2000","3013440","391747","5.1","5069746","Distribution centers are the easiest commercial solar installs we do — large clear flat roofs, ground-level interconnect.","Large flat-roof warehouses have the lowest $/W install cost in commercial solar — we typically see 4-year payback after ITC + MACRS. Worth a quick site-specific estimate?","Your roof is the ideal solar substrate — large, flat, unobstructed. We install without disrupting warehouse operations and connect at ground-level switchgear. Quick call to walk through the layout?","Warehouse Scope 2 emissions are an easy win — your flat-roof footprint generates enough solar to offset 60-80% of your grid consumption with zero operational changes.","Warehouse building. Roof-suitable for rooftop PV. Verify ownership + contact before outreach."
"Ups Logistic Center","Atlanta","GA","osm_industrial","osm-688059737","https://www.openstreetmap.org/way/osm-688059737","493110","Warehousing / Cold Storage","84","moderate","corporate","direct_purchase","daytime_peak","2000","3013440","391747","5.1","5069746","Distribution centers are the easiest commercial solar installs we do — large clear flat roofs, ground-level interconnect.","Large flat-roof warehouses have the lowest $/W install cost in commercial solar — we typically see 4-year payback after ITC + MACRS. Worth a quick site-specific estimate?","Your roof is the ideal solar substrate — large, flat, unobstructed. We install without disrupting warehouse operations and connect at ground-level switchgear. Quick call to walk through the layout?","Warehouse Scope 2 emissions are an easy win — your flat-roof footprint generates enough solar to offset 60-80% of your grid consumption with zero operational changes.","Warehouse building. Roof-suitable for rooftop PV. Verify ownership + contact before outreach."
"Southern Pipe And Supply","Atlanta","GA","osm_industrial","osm-809266177","https://www.openstreetmap.org/way/osm-809266177","493110","Warehousing / Cold Storage","84","moderate","corporate","direct_purchase","daytime_peak","2000","3013440","391747","5.1","5069746","Distribution centers are the easiest commercial solar installs we do — large clear flat roofs, ground-level interconnect.","Large flat-roof warehouses have the lowest $/W install cost in commercial solar — we typically see 4-year payback after ITC + MACRS. Worth a quick site-specific estimate?","Your roof is the ideal solar substrate — large, flat, unobstructed. We install without disrupting warehouse operations and connect at ground-level switchgear. Quick call to walk through the layout?","Warehouse Scope 2 emissions are an easy win — your flat-roof footprint generates enough solar to offset 60-80% of your grid consumption with zero operational changes.","Warehouse building. Roof-suitable for rooftop PV. Verify ownership + contact before outreach."
"Bal Group","Atlanta","GA","osm_industrial","osm-847329115","https://www.openstreetmap.org/way/osm-847329115","493110","Warehousing / Cold Storage","84","moderate","corporate","direct_purchase","daytime_peak","2000","3013440","391747","5.1","5069746","Distribution centers are the easiest commercial solar installs we do — large clear flat roofs, ground-level interconnect.","Large flat-roof warehouses have the lowest $/W install cost in commercial solar — we typically see 4-year payback after ITC + MACRS. Worth a quick site-specific estimate?","Your roof is the ideal solar substrate — large, flat, unobstructed. We install without disrupting warehouse operations and connect at ground-level switchgear. Quick call to walk through the layout?","Warehouse Scope 2 emissions are an easy win — your flat-roof footprint generates enough solar to offset 60-80% of your grid consumption with zero operational changes.","Warehouse building. Roof-suitable for rooftop PV. Verify ownership + contact before outreach."
"Tensar","Atlanta","GA","osm_industrial","osm-847330113","https://www.openstreetmap.org/way/osm-847330113","493110","Warehousing / Cold Storage","84","moderate","corporate","direct_purchase","daytime_peak","2000","3013440","391747","5.1","5069746","Distribution centers are the easiest commercial solar installs we do — large clear flat roofs, ground-level interconnect.","Large flat-roof warehouses have the lowest $/W install cost in commercial solar — we typically see 4-year payback after ITC + MACRS. Worth a quick site-specific estimate?","Your roof is the ideal solar substrate — large, flat, unobstructed. We install without disrupting warehouse operations and connect at ground-level switchgear. Quick call to walk through the layout?","Warehouse Scope 2 emissions are an easy win — your flat-roof footprint generates enough solar to offset 60-80% of your grid consumption with zero operational changes.","Warehouse building. Roof-suitable for rooftop PV. Verify ownership + contact before outreach."
"Boeing","Atlanta","GA","osm_industrial","osm-847340761","https://www.openstreetmap.org/way/osm-847340761","493110","Warehousing / Cold Storage","84","moderate","corporate","direct_purchase","daytime_peak","2000","3013440","391747","5.1","5069746","Distribution centers are the easiest commercial solar installs we do — large clear flat roofs, ground-level interconnect.","Large flat-roof warehouses have the lowest $/W install cost in commercial solar — we typically see 4-year payback after ITC + MACRS. Worth a quick site-specific estimate?","Your roof is the ideal solar substrate — large, flat, unobstructed. We install without disrupting warehouse operations and connect at ground-level switchgear. Quick call to walk through the layout?","Warehouse Scope 2 emissions are an easy win — your flat-roof footprint generates enough solar to offset 60-80% of your grid consumption with zero operational changes.","Warehouse building. Roof-suitable for rooftop PV. Verify ownership + contact before outreach."
"Tricor Brown","Atlanta","GA","osm_industrial","osm-847340764","https://www.openstreetmap.org/way/osm-847340764","493110","Warehousing / Cold Storage","84","moderate","corporate","direct_purchase","daytime_peak","2000","3013440","391747","5.1","5069746","Distribution centers are the easiest commercial solar installs we do — large clear flat roofs, ground-level interconnect.","Large flat-roof warehouses have the lowest $/W install cost in commercial solar — we typically see 4-year payback after ITC + MACRS. Worth a quick site-specific estimate?","Your roof is the ideal solar substrate — large, flat, unobstructed. We install without disrupting warehouse operations and connect at ground-level switchgear. Quick call to walk through the layout?","Warehouse Scope 2 emissions are an easy win — your flat-roof footprint generates enough solar to offset 60-80% of your grid consumption with zero operational changes.","Warehouse building. Roof-suitable for rooftop PV. Verify ownership + contact before outreach."
"Lanter Distributing","Atlanta","GA","osm_industrial","osm-847341309","https://www.openstreetmap.org/way/osm-847341309","493110","Warehousing / Cold Storage","84","moderate","corporate","direct_purchase","daytime_peak","2000","3013440","391747","5.1","5069746","Distribution centers are the easiest commercial solar installs we do — large clear flat roofs, ground-level interconnect.","Large flat-roof warehouses have the lowest $/W install cost in commercial solar — we typically see 4-year payback after ITC + MACRS. Worth a quick site-specific estimate?","Your roof is the ideal solar substrate — large, flat, unobstructed. We install without disrupting warehouse operations and connect at ground-level switchgear. Quick call to walk through the layout?","Warehouse Scope 2 emissions are an easy win — your flat-roof footprint generates enough solar to offset 60-80% of your grid consumption with zero operational changes.","Warehouse building. Roof-suitable for rooftop PV. Verify ownership + contact before outreach."
"Thompson Lifttruck","Atlanta","GA","osm_industrial","osm-847341316","https://www.openstreetmap.org/way/osm-847341316","493110","Warehousing / Cold Storage","84","moderate","corporate","direct_purchase","daytime_peak","2000","3013440","391747","5.1","5069746","Distribution centers are the easiest commercial solar installs we do — large clear flat roofs, ground-level interconnect.","Large flat-roof warehouses have the lowest $/W install cost in commercial solar — we typically see 4-year payback after ITC + MACRS. Worth a quick site-specific estimate?","Your roof is the ideal solar substrate — large, flat, unobstructed. We install without disrupting warehouse operations and connect at ground-level switchgear. Quick call to walk through the layout?","Warehouse Scope 2 emissions are an easy win — your flat-roof footprint generates enough solar to offset 60-80% of your grid consumption with zero operational changes.","Warehouse building. Roof-suitable for rooftop PV. Verify ownership + contact before outreach."
"Seko Logistics","Atlanta","GA","osm_industrial","osm-847341318","https://www.openstreetmap.org/way/osm-847341318","493110","Warehousing / Cold Storage","84","moderate","corporate","direct_purchase","daytime_peak","2000","3013440","391747","5.1","5069746","Distribution centers are the easiest commercial solar installs we do — large clear flat roofs, ground-level interconnect.","Large flat-roof warehouses have the lowest $/W install cost in commercial solar — we typically see 4-year payback after ITC + MACRS. Worth a quick site-specific estimate?","Your roof is the ideal solar substrate — large, flat, unobstructed. We install without disrupting warehouse operations and connect at ground-level switchgear. Quick call to walk through the layout?","Warehouse Scope 2 emissions are an easy win — your flat-roof footprint generates enough solar to offset 60-80% of your grid consumption with zero operational changes.","Warehouse building. Roof-suitable for rooftop PV. Verify ownership + contact before outreach."
"J&H Hall Express","Atlanta","GA","osm_industrial","osm-847341324","https://www.openstreetmap.org/way/osm-847341324","493110","Warehousing / Cold Storage","84","moderate","corporate","direct_purchase","daytime_peak","2000","3013440","391747","5.1","5069746","Distribution centers are the easiest commercial solar installs we do — large clear flat roofs, ground-level interconnect.","Large flat-roof warehouses have the lowest $/W install cost in commercial solar — we typically see 4-year payback after ITC + MACRS. Worth a quick site-specific estimate?","Your roof is the ideal solar substrate — large, flat, unobstructed. We install without disrupting warehouse operations and connect at ground-level switchgear. Quick call to walk through the layout?","Warehouse Scope 2 emissions are an easy win — your flat-roof footprint generates enough solar to offset 60-80% of your grid consumption with zero operational changes.","Warehouse building. Roof-suitable for rooftop PV. Verify ownership + contact before outreach."
"Lanter","Atlanta","GA","osm_industrial","osm-847341326","https://www.openstreetmap.org/way/osm-847341326","493110","Warehousing / Cold Storage","84","moderate","corporate","direct_purchase","daytime_peak","2000","3013440","391747","5.1","5069746","Distribution centers are the easiest commercial solar installs we do — large clear flat roofs, ground-level interconnect.","Large flat-roof warehouses have the lowest $/W install cost in commercial solar — we typically see 4-year payback after ITC + MACRS. Worth a quick site-specific estimate?","Your roof is the ideal solar substrate — large, flat, unobstructed. We install without disrupting warehouse operations and connect at ground-level switchgear. Quick call to walk through the layout?","Warehouse Scope 2 emissions are an easy win — your flat-roof footprint generates enough solar to offset 60-80% of your grid consumption with zero operational changes.","Warehouse building. Roof-suitable for rooftop PV. Verify ownership + contact before outreach."
"Nhc Food","Atlanta","GA","osm_industrial","osm-847341329","https://www.openstreetmap.org/way/osm-847341329","493110","Warehousing / Cold Storage","84","moderate","corporate","direct_purchase","daytime_peak","2000","3013440","391747","5.1","5069746","Distribution centers are the easiest commercial solar installs we do — large clear flat roofs, ground-level interconnect.","Large flat-roof warehouses have the lowest $/W install cost in commercial solar — we typically see 4-year payback after ITC + MACRS. Worth a quick site-specific estimate?","Your roof is the ideal solar substrate — large, flat, unobstructed. We install without disrupting warehouse operations and connect at ground-level switchgear. Quick call to walk through the layout?","Warehouse Scope 2 emissions are an easy win — your flat-roof footprint generates enough solar to offset 60-80% of your grid consumption with zero operational changes.","Warehouse building. Roof-suitable for rooftop PV. Verify ownership + contact before outreach."
"Scp Distributors","Atlanta","GA","osm_industrial","osm-847341330","https://www.openstreetmap.org/way/osm-847341330","493110","Warehousing / Cold Storage","84","moderate","corporate","direct_purchase","daytime_peak","2000","3013440","391747","5.1","5069746","Distribution centers are the easiest commercial solar installs we do — large clear flat roofs, ground-level interconnect.","Large flat-roof warehouses have the lowest $/W install cost in commercial solar — we typically see 4-year payback after ITC + MACRS. Worth a quick site-specific estimate?","Your roof is the ideal solar substrate — large, flat, unobstructed. We install without disrupting warehouse operations and connect at ground-level switchgear. Quick call to walk through the layout?","Warehouse Scope 2 emissions are an easy win — your flat-roof footprint generates enough solar to offset 60-80% of your grid consumption with zero operational changes.","Warehouse building. Roof-suitable for rooftop PV. Verify ownership + contact before outreach."
"Certifit","Atlanta","GA","osm_industrial","osm-847341558","https://www.openstreetmap.org/way/osm-847341558","493110","Warehousing / Cold Storage","84","moderate","corporate","direct_purchase","daytime_peak","2000","3013440","391747","5.1","5069746","Distribution centers are the easiest commercial solar installs we do — large clear flat roofs, ground-level interconnect.","Large flat-roof warehouses have the lowest $/W install cost in commercial solar — we typically see 4-year payback after ITC + MACRS. Worth a quick site-specific estimate?","Your roof is the ideal solar substrate — large, flat, unobstructed. We install without disrupting warehouse operations and connect at ground-level switchgear. Quick call to walk through the layout?","Warehouse Scope 2 emissions are an easy win — your flat-roof footprint generates enough solar to offset 60-80% of your grid consumption with zero operational changes.","Warehouse building. Roof-suitable for rooftop PV. Verify ownership + contact before outreach."
"International Paper","Atlanta","GA","osm_industrial","osm-847341573","https://www.openstreetmap.org/way/osm-847341573","493110","Warehousing / Cold Storage","84","moderate","corporate","direct_purchase","daytime_peak","2000","3013440","391747","5.1","5069746","Distribution centers are the easiest commercial solar installs we do — large clear flat roofs, ground-level interconnect.","Large flat-roof warehouses have the lowest $/W install cost in commercial solar — we typically see 4-year payback after ITC + MACRS. Worth a quick site-specific estimate?","Your roof is the ideal solar substrate — large, flat, unobstructed. We install without disrupting warehouse operations and connect at ground-level switchgear. Quick call to walk through the layout?","Warehouse Scope 2 emissions are an easy win — your flat-roof footprint generates enough solar to offset 60-80% of your grid consumption with zero operational changes.","Warehouse building. Roof-suitable for rooftop PV. Verify ownership + contact before outreach."
"All South Warehouse","Atlanta","GA","osm_industrial","osm-847341585","https://www.openstreetmap.org/way/osm-847341585","493110","Warehousing / Cold Storage","84","moderate","corporate","direct_purchase","daytime_peak","2000","3013440","391747","5.1","5069746","Distribution centers are the easiest commercial solar installs we do — large clear flat roofs, ground-level interconnect.","Large flat-roof warehouses have the lowest $/W install cost in commercial solar — we typically see 4-year payback after ITC + MACRS. Worth a quick site-specific estimate?","Your roof is the ideal solar substrate — large, flat, unobstructed. We install without disrupting warehouse operations and connect at ground-level switchgear. Quick call to walk through the layout?","Warehouse Scope 2 emissions are an easy win — your flat-roof footprint generates enough solar to offset 60-80% of your grid consumption with zero operational changes.","Warehouse building. Roof-suitable for rooftop PV. Verify ownership + contact before outreach."
"Xpo Logistics","Atlanta","GA","osm_industrial","osm-847342332","https://www.openstreetmap.org/way/osm-847342332","493110","Warehousing / Cold Storage","84","moderate","corporate","direct_purchase","daytime_peak","2000","3013440","391747","5.1","5069746","Distribution centers are the easiest commercial solar installs we do — large clear flat roofs, ground-level interconnect.","Large flat-roof warehouses have the lowest $/W install cost in commercial solar — we typically see 4-year payback after ITC + MACRS. Worth a quick site-specific estimate?","Your roof is the ideal solar substrate — large, flat, unobstructed. We install without disrupting warehouse operations and connect at ground-level switchgear. Quick call to walk through the layout?","Warehouse Scope 2 emissions are an easy win — your flat-roof footprint generates enough solar to offset 60-80% of your grid consumption with zero operational changes.","Warehouse building. Roof-suitable for rooftop PV. Verify ownership + contact before outreach."
"Hwc Logistics","Atlanta","GA","osm_industrial","osm-847342335","https://www.openstreetmap.org/way/osm-847342335","493110","Warehousing / Cold Storage","84","moderate","corporate","direct_purchase","daytime_peak","2000","3013440","391747","5.1","5069746","Distribution centers are the easiest commercial solar installs we do — large clear flat roofs, ground-level interconnect.","Large flat-roof warehouses have the lowest $/W install cost in commercial solar — we typically see 4-year payback after ITC + MACRS. Worth a quick site-specific estimate?","Your roof is the ideal solar substrate — large, flat, unobstructed. We install without disrupting warehouse operations and connect at ground-level switchgear. Quick call to walk through the layout?","Warehouse Scope 2 emissions are an easy win — your flat-roof footprint generates enough solar to offset 60-80% of your grid consumption with zero operational changes.","Warehouse building. Roof-suitable for rooftop PV. Verify ownership + contact before outreach."
"Dealer'S Supply Company","Atlanta","GA","osm_industrial","osm-847342339","https://www.openstreetmap.org/way/osm-847342339","493110","Warehousing / Cold Storage","84","moderate","corporate","direct_purchase","daytime_peak","2000","3013440","391747","5.1","5069746","Distribution centers are the easiest commercial solar installs we do — large clear flat roofs, ground-level interconnect.","Large flat-roof warehouses have the lowest $/W install cost in commercial solar — we typically see 4-year payback after ITC + MACRS. Worth a quick site-specific estimate?","Your roof is the ideal solar substrate — large, flat, unobstructed. We install without disrupting warehouse operations and connect at ground-level switchgear. Quick call to walk through the layout?","Warehouse Scope 2 emissions are an easy win — your flat-roof footprint generates enough solar to offset 60-80% of your grid consumption with zero operational changes.","Warehouse building. Roof-suitable for rooftop PV. Verify ownership + contact before outreach."
"Jcpenny Logistics","Atlanta","GA","osm_industrial","osm-847342342","https://www.openstreetmap.org/way/osm-847342342","493110","Warehousing / Cold Storage","84","moderate","corporate","direct_purchase","daytime_peak","2000","3013440","391747","5.1","5069746","Distribution centers are the easiest commercial solar installs we do — large clear flat roofs, ground-level interconnect.","Large flat-roof warehouses have the lowest $/W install cost in commercial solar — we typically see 4-year payback after ITC + MACRS. Worth a quick site-specific estimate?","Your roof is the ideal solar substrate — large, flat, unobstructed. We install without disrupting warehouse operations and connect at ground-level switchgear. Quick call to walk through the layout?","Warehouse Scope 2 emissions are an easy win — your flat-roof footprint generates enough solar to offset 60-80% of your grid consumption with zero operational changes.","Warehouse building. Roof-suitable for rooftop PV. Verify ownership + contact before outreach."
"Ps Products","Atlanta","GA","osm_industrial","osm-847342346","https://www.openstreetmap.org/way/osm-847342346","493110","Warehousing / Cold Storage","84","moderate","corporate","direct_purchase","daytime_peak","2000","3013440","391747","5.1","5069746","Distribution centers are the easiest commercial solar installs we do — large clear flat roofs, ground-level interconnect.","Large flat-roof warehouses have the lowest $/W install cost in commercial solar — we typically see 4-year payback after ITC + MACRS. Worth a quick site-specific estimate?","Your roof is the ideal solar substrate — large, flat, unobstructed. We install without disrupting warehouse operations and connect at ground-level switchgear. Quick call to walk through the layout?","Warehouse Scope 2 emissions are an easy win — your flat-roof footprint generates enough solar to offset 60-80% of your grid consumption with zero operational changes.","Warehouse building. Roof-suitable for rooftop PV. Verify ownership + contact before outreach."
"Perishable Transport Solutions","Atlanta","GA","osm_industrial","osm-847342347","https://www.openstreetmap.org/way/osm-847342347","493110","Warehousing / Cold Storage","84","moderate","corporate","direct_purchase","daytime_peak","2000","3013440","391747","5.1","5069746","Distribution centers are the easiest commercial solar installs we do — large clear flat roofs, ground-level interconnect.","Large flat-roof warehouses have the lowest $/W install cost in commercial solar — we typically see 4-year payback after ITC + MACRS. Worth a quick site-specific estimate?","Your roof is the ideal solar substrate — large, flat, unobstructed. We install without disrupting warehouse operations and connect at ground-level switchgear. Quick call to walk through the layout?","Warehouse Scope 2 emissions are an easy win — your flat-roof footprint generates enough solar to offset 60-80% of your grid consumption with zero operational changes.","Warehouse building. Roof-suitable for rooftop PV. Verify ownership + contact before outreach."
"Southern Melon Distributors","Atlanta","GA","osm_industrial","osm-847342348","https://www.openstreetmap.org/way/osm-847342348","493110","Warehousing / Cold Storage","84","moderate","corporate","direct_purchase","daytime_peak","2000","3013440","391747","5.1","5069746","Distribution centers are the easiest commercial solar installs we do — large clear flat roofs, ground-level interconnect.","Large flat-roof warehouses have the lowest $/W install cost in commercial solar — we typically see 4-year payback after ITC + MACRS. Worth a quick site-specific estimate?","Your roof is the ideal solar substrate — large, flat, unobstructed. We install without disrupting warehouse operations and connect at ground-level switchgear. Quick call to walk through the layout?","Warehouse Scope 2 emissions are an easy win — your flat-roof footprint generates enough solar to offset 60-80% of your grid consumption with zero operational changes.","Warehouse building. Roof-suitable for rooftop PV. Verify ownership + contact before outreach."
"Timber Town","Atlanta","GA","osm_industrial","osm-864696795","https://www.openstreetmap.org/way/osm-864696795","493110","Warehousing / Cold Storage","84","moderate","corporate","direct_purchase","daytime_peak","2000","3013440","391747","5.1","5069746","Distribution centers are the easiest commercial solar installs we do — large clear flat roofs, ground-level interconnect.","Large flat-roof warehouses have the lowest $/W install cost in commercial solar — we typically see 4-year payback after ITC + MACRS. Worth a quick site-specific estimate?","Your roof is the ideal solar substrate — large, flat, unobstructed. We install without disrupting warehouse operations and connect at ground-level switchgear. Quick call to walk through the layout?","Warehouse Scope 2 emissions are an easy win — your flat-roof footprint generates enough solar to offset 60-80% of your grid consumption with zero operational changes.","Warehouse building. Roof-suitable for rooftop PV. Verify ownership + contact before outreach."
"Mclane Atlanta","Forest Park","GA","osm_industrial","osm-950215624","https://www.openstreetmap.org/way/osm-950215624","493110","Warehousing / Cold Storage","84","moderate","corporate","direct_purchase","daytime_peak","2000","3013440","391747","5.1","5069746","Distribution centers are the easiest commercial solar installs we do — large clear flat roofs, ground-level interconnect.","Large flat-roof warehouses have the lowest $/W install cost in commercial solar — we typically see 4-year payback after ITC + MACRS. Worth a quick site-specific estimate?","Your roof is the ideal solar substrate — large, flat, unobstructed. We install without disrupting warehouse operations and connect at ground-level switchgear. Quick call to walk through the layout?","Warehouse Scope 2 emissions are an easy win — your flat-roof footprint generates enough solar to offset 60-80% of your grid consumption with zero operational changes.","Warehouse building. Roof-suitable for rooftop PV. Verify ownership + contact before outreach."
"Prologis","Atlanta","GA","osm_industrial","osm-950216056","https://www.openstreetmap.org/way/osm-950216056","493110","Warehousing / Cold Storage","84","moderate","corporate","direct_purchase","daytime_peak","2000","3013440","391747","5.1","5069746","Distribution centers are the easiest commercial solar installs we do — large clear flat roofs, ground-level interconnect.","Large flat-roof warehouses have the lowest $/W install cost in commercial solar — we typically see 4-year payback after ITC + MACRS. Worth a quick site-specific estimate?","Your roof is the ideal solar substrate — large, flat, unobstructed. We install without disrupting warehouse operations and connect at ground-level switchgear. Quick call to walk through the layout?","Warehouse Scope 2 emissions are an easy win — your flat-roof footprint generates enough solar to offset 60-80% of your grid consumption with zero operational changes.","Warehouse building. Roof-suitable for rooftop PV. Verify ownership + contact before outreach."
"Xpo Logistics","Atlanta","GA","osm_industrial","osm-968161901","https://www.openstreetmap.org/way/osm-968161901","493110","Warehousing / Cold Storage","84","moderate","corporate","direct_purchase","daytime_peak","2000","3013440","391747","5.1","5069746","Distribution centers are the easiest commercial solar installs we do — large clear flat roofs, ground-level interconnect.","Large flat-roof warehouses have the lowest $/W install cost in commercial solar — we typically see 4-year payback after ITC + MACRS. Worth a quick site-specific estimate?","Your roof is the ideal solar substrate — large, flat, unobstructed. We install without disrupting warehouse operations and connect at ground-level switchgear. Quick call to walk through the layout?","Warehouse Scope 2 emissions are an easy win — your flat-roof footprint generates enough solar to offset 60-80% of your grid consumption with zero operational changes.","Warehouse building. Roof-suitable for rooftop PV. Verify ownership + contact before outreach."
"Truevalue","Atlanta","GA","osm_industrial","osm-968164555","https://www.openstreetmap.org/way/osm-968164555","493110","Warehousing / Cold Storage","84","moderate","corporate","direct_purchase","daytime_peak","2000","3013440","391747","5.1","5069746","Distribution centers are the easiest commercial solar installs we do — large clear flat roofs, ground-level interconnect.","Large flat-roof warehouses have the lowest $/W install cost in commercial solar — we typically see 4-year payback after ITC + MACRS. Worth a quick site-specific estimate?","Your roof is the ideal solar substrate — large, flat, unobstructed. We install without disrupting warehouse operations and connect at ground-level switchgear. Quick call to walk through the layout?","Warehouse Scope 2 emissions are an easy win — your flat-roof footprint generates enough solar to offset 60-80% of your grid consumption with zero operational changes.","Warehouse building. Roof-suitable for rooftop PV. Verify ownership + contact before outreach."
"Lti","Atlanta","GA","osm_industrial","osm-968230346","https://www.openstreetmap.org/way/osm-968230346","493110","Warehousing / Cold Storage","84","moderate","corporate","direct_purchase","daytime_peak","2000","3013440","391747","5.1","5069746","Distribution centers are the easiest commercial solar installs we do — large clear flat roofs, ground-level interconnect.","Large flat-roof warehouses have the lowest $/W install cost in commercial solar — we typically see 4-year payback after ITC + MACRS. Worth a quick site-specific estimate?","Your roof is the ideal solar substrate — large, flat, unobstructed. We install without disrupting warehouse operations and connect at ground-level switchgear. Quick call to walk through the layout?","Warehouse Scope 2 emissions are an easy win — your flat-roof footprint generates enough solar to offset 60-80% of your grid consumption with zero operational changes.","Warehouse building. Roof-suitable for rooftop PV. Verify ownership + contact before outreach."
"Hd Supply","Atlanta","GA","osm_industrial","osm-968728519","https://www.openstreetmap.org/way/osm-968728519","493110","Warehousing / Cold Storage","84","moderate","corporate","direct_purchase","daytime_peak","2000","3013440","391747","5.1","5069746","Distribution centers are the easiest commercial solar installs we do — large clear flat roofs, ground-level interconnect.","Large flat-roof warehouses have the lowest $/W install cost in commercial solar — we typically see 4-year payback after ITC + MACRS. Worth a quick site-specific estimate?","Your roof is the ideal solar substrate — large, flat, unobstructed. We install without disrupting warehouse operations and connect at ground-level switchgear. Quick call to walk through the layout?","Warehouse Scope 2 emissions are an easy win — your flat-roof footprint generates enough solar to offset 60-80% of your grid consumption with zero operational changes.","Warehouse building. Roof-suitable for rooftop PV. Verify ownership + contact before outreach."
"Americal Cargo Service","Atlanta","GA","osm_industrial","osm-968824024","https://www.openstreetmap.org/way/osm-968824024","493110","Warehousing / Cold Storage","84","moderate","corporate","direct_purchase","daytime_peak","2000","3013440","391747","5.1","5069746","Distribution centers are the easiest commercial solar installs we do — large clear flat roofs, ground-level interconnect.","Large flat-roof warehouses have the lowest $/W install cost in commercial solar — we typically see 4-year payback after ITC + MACRS. Worth a quick site-specific estimate?","Your roof is the ideal solar substrate — large, flat, unobstructed. We install without disrupting warehouse operations and connect at ground-level switchgear. Quick call to walk through the layout?","Warehouse Scope 2 emissions are an easy win — your flat-roof footprint generates enough solar to offset 60-80% of your grid consumption with zero operational changes.","Warehouse building. Roof-suitable for rooftop PV. Verify ownership + contact before outreach."
"Spices Usa","Atlanta","GA","osm_industrial","osm-968835911","https://www.openstreetmap.org/way/osm-968835911","493110","Warehousing / Cold Storage","84","moderate","corporate","direct_purchase","daytime_peak","2000","3013440","391747","5.1","5069746","Distribution centers are the easiest commercial solar installs we do — large clear flat roofs, ground-level interconnect.","Large flat-roof warehouses have the lowest $/W install cost in commercial solar — we typically see 4-year payback after ITC + MACRS. Worth a quick site-specific estimate?","Your roof is the ideal solar substrate — large, flat, unobstructed. We install without disrupting warehouse operations and connect at ground-level switchgear. Quick call to walk through the layout?","Warehouse Scope 2 emissions are an easy win — your flat-roof footprint generates enough solar to offset 60-80% of your grid consumption with zero operational changes.","Warehouse building. Roof-suitable for rooftop PV. Verify ownership + contact before outreach."
"Southeastern Paper","Atlanta","GA","osm_industrial","osm-969454177","https://www.openstreetmap.org/way/osm-969454177","493110","Warehousing / Cold Storage","84","moderate","corporate","direct_purchase","daytime_peak","2000","3013440","391747","5.1","5069746","Distribution centers are the easiest commercial solar installs we do — large clear flat roofs, ground-level interconnect.","Large flat-roof warehouses have the lowest $/W install cost in commercial solar — we typically see 4-year payback after ITC + MACRS. Worth a quick site-specific estimate?","Your roof is the ideal solar substrate — large, flat, unobstructed. We install without disrupting warehouse operations and connect at ground-level switchgear. Quick call to walk through the layout?","Warehouse Scope 2 emissions are an easy win — your flat-roof footprint generates enough solar to offset 60-80% of your grid consumption with zero operational changes.","Warehouse building. Roof-suitable for rooftop PV. Verify ownership + contact before outreach."
"Feeding Georgia","Atlanta","GA","osm_industrial","osm-969933758","https://www.openstreetmap.org/way/osm-969933758","493110","Warehousing / Cold Storage","84","moderate","corporate","direct_purchase","daytime_peak","2000","3013440","391747","5.1","5069746","Distribution centers are the easiest commercial solar installs we do — large clear flat roofs, ground-level interconnect.","Large flat-roof warehouses have the lowest $/W install cost in commercial solar — we typically see 4-year payback after ITC + MACRS. Worth a quick site-specific estimate?","Your roof is the ideal solar substrate — large, flat, unobstructed. We install without disrupting warehouse operations and connect at ground-level switchgear. Quick call to walk through the layout?","Warehouse Scope 2 emissions are an easy win — your flat-roof footprint generates enough solar to offset 60-80% of your grid consumption with zero operational changes.","Warehouse building. Roof-suitable for rooftop PV. Verify ownership + contact before outreach."
"Star Importers","Atlanta","GA","osm_industrial","osm-972517538","https://www.openstreetmap.org/way/osm-972517538","493110","Warehousing / Cold Storage","84","moderate","corporate","direct_purchase","daytime_peak","2000","3013440","391747","5.1","5069746","Distribution centers are the easiest commercial solar installs we do — large clear flat roofs, ground-level interconnect.","Large flat-roof warehouses have the lowest $/W install cost in commercial solar — we typically see 4-year payback after ITC + MACRS. Worth a quick site-specific estimate?","Your roof is the ideal solar substrate — large, flat, unobstructed. We install without disrupting warehouse operations and connect at ground-level switchgear. Quick call to walk through the layout?","Warehouse Scope 2 emissions are an easy win — your flat-roof footprint generates enough solar to offset 60-80% of your grid consumption with zero operational changes.","Warehouse building. Roof-suitable for rooftop PV. Verify ownership + contact before outreach."
"M&W","Atlanta","GA","osm_industrial","osm-974975255","https://www.openstreetmap.org/way/osm-974975255","493110","Warehousing / Cold Storage","84","moderate","corporate","direct_purchase","daytime_peak","2000","3013440","391747","5.1","5069746","Distribution centers are the easiest commercial solar installs we do — large clear flat roofs, ground-level interconnect.","Large flat-roof warehouses have the lowest $/W install cost in commercial solar — we typically see 4-year payback after ITC + MACRS. Worth a quick site-specific estimate?","Your roof is the ideal solar substrate — large, flat, unobstructed. We install without disrupting warehouse operations and connect at ground-level switchgear. Quick call to walk through the layout?","Warehouse Scope 2 emissions are an easy win — your flat-roof footprint generates enough solar to offset 60-80% of your grid consumption with zero operational changes.","Warehouse building. Roof-suitable for rooftop PV. Verify ownership + contact before outreach."
"M&W","Atlanta","GA","osm_industrial","osm-974975256","https://www.openstreetmap.org/way/osm-974975256","493110","Warehousing / Cold Storage","84","moderate","corporate","direct_purchase","daytime_peak","2000","3013440","391747","5.1","5069746","Distribution centers are the easiest commercial solar installs we do — large clear flat roofs, ground-level interconnect.","Large flat-roof warehouses have the lowest $/W install cost in commercial solar — we typically see 4-year payback after ITC + MACRS. Worth a quick site-specific estimate?","Your roof is the ideal solar substrate — large, flat, unobstructed. We install without disrupting warehouse operations and connect at ground-level switchgear. Quick call to walk through the layout?","Warehouse Scope 2 emissions are an easy win — your flat-roof footprint generates enough solar to offset 60-80% of your grid consumption with zero operational changes.","Warehouse building. Roof-suitable for rooftop PV. Verify ownership + contact before outreach."
"Americold","Atlanta","GA","osm_industrial","osm-975012615","https://www.openstreetmap.org/way/osm-975012615","493110","Warehousing / Cold Storage","84","moderate","corporate","direct_purchase","daytime_peak","2000","3013440","391747","5.1","5069746","Distribution centers are the easiest commercial solar installs we do — large clear flat roofs, ground-level interconnect.","Large flat-roof warehouses have the lowest $/W install cost in commercial solar — we typically see 4-year payback after ITC + MACRS. Worth a quick site-specific estimate?","Your roof is the ideal solar substrate — large, flat, unobstructed. We install without disrupting warehouse operations and connect at ground-level switchgear. Quick call to walk through the layout?","Warehouse Scope 2 emissions are an easy win — your flat-roof footprint generates enough solar to offset 60-80% of your grid consumption with zero operational changes.","Warehouse building. Roof-suitable for rooftop PV. Verify ownership + contact before outreach."
"Americold","Atlanta","GA","osm_industrial","osm-975012616","https://www.openstreetmap.org/way/osm-975012616","493110","Warehousing / Cold Storage","84","moderate","corporate","direct_purchase","daytime_peak","2000","3013440","391747","5.1","5069746","Distribution centers are the easiest commercial solar installs we do — large clear flat roofs, ground-level interconnect.","Large flat-roof warehouses have the lowest $/W install cost in commercial solar — we typically see 4-year payback after ITC + MACRS. Worth a quick site-specific estimate?","Your roof is the ideal solar substrate — large, flat, unobstructed. We install without disrupting warehouse operations and connect at ground-level switchgear. Quick call to walk through the layout?","Warehouse Scope 2 emissions are an easy win — your flat-roof footprint generates enough solar to offset 60-80% of your grid consumption with zero operational changes.","Warehouse building. Roof-suitable for rooftop PV. Verify ownership + contact before outreach."
"Quaker","Atlanta","GA","osm_industrial","osm-975012629","https://www.openstreetmap.org/way/osm-975012629","493110","Warehousing / Cold Storage","84","moderate","corporate","direct_purchase","daytime_peak","2000","3013440","391747","5.1","5069746","Distribution centers are the easiest commercial solar installs we do — large clear flat roofs, ground-level interconnect.","Large flat-roof warehouses have the lowest $/W install cost in commercial solar — we typically see 4-year payback after ITC + MACRS. Worth a quick site-specific estimate?","Your roof is the ideal solar substrate — large, flat, unobstructed. We install without disrupting warehouse operations and connect at ground-level switchgear. Quick call to walk through the layout?","Warehouse Scope 2 emissions are an easy win — your flat-roof footprint generates enough solar to offset 60-80% of your grid consumption with zero operational changes.","Warehouse building. Roof-suitable for rooftop PV. Verify ownership + contact before outreach."
"Miller Zell","Atlanta","GA","osm_industrial","osm-975012630","https://www.openstreetmap.org/way/osm-975012630","493110","Warehousing / Cold Storage","84","moderate","corporate","direct_purchase","daytime_peak","2000","3013440","391747","5.1","5069746","Distribution centers are the easiest commercial solar installs we do — large clear flat roofs, ground-level interconnect.","Large flat-roof warehouses have the lowest $/W install cost in commercial solar — we typically see 4-year payback after ITC + MACRS. Worth a quick site-specific estimate?","Your roof is the ideal solar substrate — large, flat, unobstructed. We install without disrupting warehouse operations and connect at ground-level switchgear. Quick call to walk through the layout?","Warehouse Scope 2 emissions are an easy win — your flat-roof footprint generates enough solar to offset 60-80% of your grid consumption with zero operational changes.","Warehouse building. Roof-suitable for rooftop PV. Verify ownership + contact before outreach."
"Total Warehousing","Atlanta","GA","osm_industrial","osm-975012632","https://www.openstreetmap.org/way/osm-975012632","493110","Warehousing / Cold Storage","84","moderate","corporate","direct_purchase","daytime_peak","2000","3013440","391747","5.1","5069746","Distribution centers are the easiest commercial solar installs we do — large clear flat roofs, ground-level interconnect.","Large flat-roof warehouses have the lowest $/W install cost in commercial solar — we typically see 4-year payback after ITC + MACRS. Worth a quick site-specific estimate?","Your roof is the ideal solar substrate — large, flat, unobstructed. We install without disrupting warehouse operations and connect at ground-level switchgear. Quick call to walk through the layout?","Warehouse Scope 2 emissions are an easy win — your flat-roof footprint generates enough solar to offset 60-80% of your grid consumption with zero operational changes.","Warehouse building. Roof-suitable for rooftop PV. Verify ownership + contact before outreach."
"Pca","Atlanta","GA","osm_industrial","osm-975012636","https://www.openstreetmap.org/way/osm-975012636","493110","Warehousing / Cold Storage","84","moderate","corporate","direct_purchase","daytime_peak","2000","3013440","391747","5.1","5069746","Distribution centers are the easiest commercial solar installs we do — large clear flat roofs, ground-level interconnect.","Large flat-roof warehouses have the lowest $/W install cost in commercial solar — we typically see 4-year payback after ITC + MACRS. Worth a quick site-specific estimate?","Your roof is the ideal solar substrate — large, flat, unobstructed. We install without disrupting warehouse operations and connect at ground-level switchgear. Quick call to walk through the layout?","Warehouse Scope 2 emissions are an easy win — your flat-roof footprint generates enough solar to offset 60-80% of your grid consumption with zero operational changes.","Warehouse building. Roof-suitable for rooftop PV. Verify ownership + contact before outreach."
"American Dawn","Atlanta","GA","osm_industrial","osm-975012637","https://www.openstreetmap.org/way/osm-975012637","493110","Warehousing / Cold Storage","84","moderate","corporate","direct_purchase","daytime_peak","2000","3013440","391747","5.1","5069746","Distribution centers are the easiest commercial solar installs we do — large clear flat roofs, ground-level interconnect.","Large flat-roof warehouses have the lowest $/W install cost in commercial solar — we typically see 4-year payback after ITC + MACRS. Worth a quick site-specific estimate?","Your roof is the ideal solar substrate — large, flat, unobstructed. We install without disrupting warehouse operations and connect at ground-level switchgear. Quick call to walk through the layout?","Warehouse Scope 2 emissions are an easy win — your flat-roof footprint generates enough solar to offset 60-80% of your grid consumption with zero operational changes.","Warehouse building. Roof-suitable for rooftop PV. Verify ownership + contact before outreach."
"Madras Packaging","Atlanta","GA","osm_industrial","osm-975012638","https://www.openstreetmap.org/way/osm-975012638","493110","Warehousing / Cold Storage","84","moderate","corporate","direct_purchase","daytime_peak","2000","3013440","391747","5.1","5069746","Distribution centers are the easiest commercial solar installs we do — large clear flat roofs, ground-level interconnect.","Large flat-roof warehouses have the lowest $/W install cost in commercial solar — we typically see 4-year payback after ITC + MACRS. Worth a quick site-specific estimate?","Your roof is the ideal solar substrate — large, flat, unobstructed. We install without disrupting warehouse operations and connect at ground-level switchgear. Quick call to walk through the layout?","Warehouse Scope 2 emissions are an easy win — your flat-roof footprint generates enough solar to offset 60-80% of your grid consumption with zero operational changes.","Warehouse building. Roof-suitable for rooftop PV. Verify ownership + contact before outreach."
"Cintas","Atlanta","GA","osm_industrial","osm-975012639","https://www.openstreetmap.org/way/osm-975012639","493110","Warehousing / Cold Storage","84","moderate","corporate","direct_purchase","daytime_peak","2000","3013440","391747","5.1","5069746","Distribution centers are the easiest commercial solar installs we do — large clear flat roofs, ground-level interconnect.","Large flat-roof warehouses have the lowest $/W install cost in commercial solar — we typically see 4-year payback after ITC + MACRS. Worth a quick site-specific estimate?","Your roof is the ideal solar substrate — large, flat, unobstructed. We install without disrupting warehouse operations and connect at ground-level switchgear. Quick call to walk through the layout?","Warehouse Scope 2 emissions are an easy win — your flat-roof footprint generates enough solar to offset 60-80% of your grid consumption with zero operational changes.","Warehouse building. Roof-suitable for rooftop PV. Verify ownership + contact before outreach."
"Liberty Furniture","Atlanta","GA","osm_industrial","osm-975012640","https://www.openstreetmap.org/way/osm-975012640","493110","Warehousing / Cold Storage","84","moderate","corporate","direct_purchase","daytime_peak","2000","3013440","391747","5.1","5069746","Distribution centers are the easiest commercial solar installs we do — large clear flat roofs, ground-level interconnect.","Large flat-roof warehouses have the lowest $/W install cost in commercial solar — we typically see 4-year payback after ITC + MACRS. Worth a quick site-specific estimate?","Your roof is the ideal solar substrate — large, flat, unobstructed. We install without disrupting warehouse operations and connect at ground-level switchgear. Quick call to walk through the layout?","Warehouse Scope 2 emissions are an easy win — your flat-roof footprint generates enough solar to offset 60-80% of your grid consumption with zero operational changes.","Warehouse building. Roof-suitable for rooftop PV. Verify ownership + contact before outreach."
"Milltown Paper","Atlanta","GA","osm_industrial","osm-975012641","https://www.openstreetmap.org/way/osm-975012641","493110","Warehousing / Cold Storage","84","moderate","corporate","direct_purchase","daytime_peak","2000","3013440","391747","5.1","5069746","Distribution centers are the easiest commercial solar installs we do — large clear flat roofs, ground-level interconnect.","Large flat-roof warehouses have the lowest $/W install cost in commercial solar — we typically see 4-year payback after ITC + MACRS. Worth a quick site-specific estimate?","Your roof is the ideal solar substrate — large, flat, unobstructed. We install without disrupting warehouse operations and connect at ground-level switchgear. Quick call to walk through the layout?","Warehouse Scope 2 emissions are an easy win — your flat-roof footprint generates enough solar to offset 60-80% of your grid consumption with zero operational changes.","Warehouse building. Roof-suitable for rooftop PV. Verify ownership + contact before outreach."
"Dixie Pulp & Paper","Atlanta","GA","osm_industrial","osm-975012642","https://www.openstreetmap.org/way/osm-975012642","493110","Warehousing / Cold Storage","84","moderate","corporate","direct_purchase","daytime_peak","2000","3013440","391747","5.1","5069746","Distribution centers are the easiest commercial solar installs we do — large clear flat roofs, ground-level interconnect.","Large flat-roof warehouses have the lowest $/W install cost in commercial solar — we typically see 4-year payback after ITC + MACRS. Worth a quick site-specific estimate?","Your roof is the ideal solar substrate — large, flat, unobstructed. We install without disrupting warehouse operations and connect at ground-level switchgear. Quick call to walk through the layout?","Warehouse Scope 2 emissions are an easy win — your flat-roof footprint generates enough solar to offset 60-80% of your grid consumption with zero operational changes.","Warehouse building. Roof-suitable for rooftop PV. Verify ownership + contact before outreach."
"Wepackit","Atlanta","GA","osm_industrial","osm-975012643","https://www.openstreetmap.org/way/osm-975012643","493110","Warehousing / Cold Storage","84","moderate","corporate","direct_purchase","daytime_peak","2000","3013440","391747","5.1","5069746","Distribution centers are the easiest commercial solar installs we do — large clear flat roofs, ground-level interconnect.","Large flat-roof warehouses have the lowest $/W install cost in commercial solar — we typically see 4-year payback after ITC + MACRS. Worth a quick site-specific estimate?","Your roof is the ideal solar substrate — large, flat, unobstructed. We install without disrupting warehouse operations and connect at ground-level switchgear. Quick call to walk through the layout?","Warehouse Scope 2 emissions are an easy win — your flat-roof footprint generates enough solar to offset 60-80% of your grid consumption with zero operational changes.","Warehouse building. Roof-suitable for rooftop PV. Verify ownership + contact before outreach."
"Kehe","Atlanta","GA","osm_industrial","osm-975063950","https://www.openstreetmap.org/way/osm-975063950","493110","Warehousing / Cold Storage","84","moderate","corporate","direct_purchase","daytime_peak","2000","3013440","391747","5.1","5069746","Distribution centers are the easiest commercial solar installs we do — large clear flat roofs, ground-level interconnect.","Large flat-roof warehouses have the lowest $/W install cost in commercial solar — we typically see 4-year payback after ITC + MACRS. Worth a quick site-specific estimate?","Your roof is the ideal solar substrate — large, flat, unobstructed. We install without disrupting warehouse operations and connect at ground-level switchgear. Quick call to walk through the layout?","Warehouse Scope 2 emissions are an easy win — your flat-roof footprint generates enough solar to offset 60-80% of your grid consumption with zero operational changes.","Warehouse building. Roof-suitable for rooftop PV. Verify ownership + contact before outreach."
"Jw Pepper","Atlanta","GA","osm_industrial","osm-975063974","https://www.openstreetmap.org/way/osm-975063974","493110","Warehousing / Cold Storage","84","moderate","corporate","direct_purchase","daytime_peak","2000","3013440","391747","5.1","5069746","Distribution centers are the easiest commercial solar installs we do — large clear flat roofs, ground-level interconnect.","Large flat-roof warehouses have the lowest $/W install cost in commercial solar — we typically see 4-year payback after ITC + MACRS. Worth a quick site-specific estimate?","Your roof is the ideal solar substrate — large, flat, unobstructed. We install without disrupting warehouse operations and connect at ground-level switchgear. Quick call to walk through the layout?","Warehouse Scope 2 emissions are an easy win — your flat-roof footprint generates enough solar to offset 60-80% of your grid consumption with zero operational changes.","Warehouse building. Roof-suitable for rooftop PV. Verify ownership + contact before outreach."
"Resmed / Westrock","Atlanta","GA","osm_industrial","osm-975063976","https://www.openstreetmap.org/way/osm-975063976","493110","Warehousing / Cold Storage","84","moderate","corporate","direct_purchase","daytime_peak","2000","3013440","391747","5.1","5069746","Distribution centers are the easiest commercial solar installs we do — large clear flat roofs, ground-level interconnect.","Large flat-roof warehouses have the lowest $/W install cost in commercial solar — we typically see 4-year payback after ITC + MACRS. Worth a quick site-specific estimate?","Your roof is the ideal solar substrate — large, flat, unobstructed. We install without disrupting warehouse operations and connect at ground-level switchgear. Quick call to walk through the layout?","Warehouse Scope 2 emissions are an easy win — your flat-roof footprint generates enough solar to offset 60-80% of your grid consumption with zero operational changes.","Warehouse building. Roof-suitable for rooftop PV. Verify ownership + contact before outreach."
"Coloplast","Atlanta","GA","osm_industrial","osm-975063977","https://www.openstreetmap.org/way/osm-975063977","493110","Warehousing / Cold Storage","84","moderate","corporate","direct_purchase","daytime_peak","2000","3013440","391747","5.1","5069746","Distribution centers are the easiest commercial solar installs we do — large clear flat roofs, ground-level interconnect.","Large flat-roof warehouses have the lowest $/W install cost in commercial solar — we typically see 4-year payback after ITC + MACRS. Worth a quick site-specific estimate?","Your roof is the ideal solar substrate — large, flat, unobstructed. We install without disrupting warehouse operations and connect at ground-level switchgear. Quick call to walk through the layout?","Warehouse Scope 2 emissions are an easy win — your flat-roof footprint generates enough solar to offset 60-80% of your grid consumption with zero operational changes.","Warehouse building. Roof-suitable for rooftop PV. Verify ownership + contact before outreach."
"Essendant","Atlanta","GA","osm_industrial","osm-975063982","https://www.openstreetmap.org/way/osm-975063982","493110","Warehousing / Cold Storage","84","moderate","corporate","direct_purchase","daytime_peak","2000","3013440","391747","5.1","5069746","Distribution centers are the easiest commercial solar installs we do — large clear flat roofs, ground-level interconnect.","Large flat-roof warehouses have the lowest $/W install cost in commercial solar — we typically see 4-year payback after ITC + MACRS. Worth a quick site-specific estimate?","Your roof is the ideal solar substrate — large, flat, unobstructed. We install without disrupting warehouse operations and connect at ground-level switchgear. Quick call to walk through the layout?","Warehouse Scope 2 emissions are an easy win — your flat-roof footprint generates enough solar to offset 60-80% of your grid consumption with zero operational changes.","Warehouse building. Roof-suitable for rooftop PV. Verify ownership + contact before outreach."
"Kem Krest","Atlanta","GA","osm_industrial","osm-975063988","https://www.openstreetmap.org/way/osm-975063988","493110","Warehousing / Cold Storage","84","moderate","corporate","direct_purchase","daytime_peak","2000","3013440","391747","5.1","5069746","Distribution centers are the easiest commercial solar installs we do — large clear flat roofs, ground-level interconnect.","Large flat-roof warehouses have the lowest $/W install cost in commercial solar — we typically see 4-year payback after ITC + MACRS. Worth a quick site-specific estimate?","Your roof is the ideal solar substrate — large, flat, unobstructed. We install without disrupting warehouse operations and connect at ground-level switchgear. Quick call to walk through the layout?","Warehouse Scope 2 emissions are an easy win — your flat-roof footprint generates enough solar to offset 60-80% of your grid consumption with zero operational changes.","Warehouse building. Roof-suitable for rooftop PV. Verify ownership + contact before outreach."
"Batory Foods","Atlanta","GA","osm_industrial","osm-975063989","https://www.openstreetmap.org/way/osm-975063989","493110","Warehousing / Cold Storage","84","moderate","corporate","direct_purchase","daytime_peak","2000","3013440","391747","5.1","5069746","Distribution centers are the easiest commercial solar installs we do — large clear flat roofs, ground-level interconnect.","Large flat-roof warehouses have the lowest $/W install cost in commercial solar — we typically see 4-year payback after ITC + MACRS. Worth a quick site-specific estimate?","Your roof is the ideal solar substrate — large, flat, unobstructed. We install without disrupting warehouse operations and connect at ground-level switchgear. Quick call to walk through the layout?","Warehouse Scope 2 emissions are an easy win — your flat-roof footprint generates enough solar to offset 60-80% of your grid consumption with zero operational changes.","Warehouse building. Roof-suitable for rooftop PV. Verify ownership + contact before outreach."
"Tyler Union","Atlanta","GA","osm_industrial","osm-975063991","https://www.openstreetmap.org/way/osm-975063991","493110","Warehousing / Cold Storage","84","moderate","corporate","direct_purchase","daytime_peak","2000","3013440","391747","5.1","5069746","Distribution centers are the easiest commercial solar installs we do — large clear flat roofs, ground-level interconnect.","Large flat-roof warehouses have the lowest $/W install cost in commercial solar — we typically see 4-year payback after ITC + MACRS. Worth a quick site-specific estimate?","Your roof is the ideal solar substrate — large, flat, unobstructed. We install without disrupting warehouse operations and connect at ground-level switchgear. Quick call to walk through the layout?","Warehouse Scope 2 emissions are an easy win — your flat-roof footprint generates enough solar to offset 60-80% of your grid consumption with zero operational changes.","Warehouse building. Roof-suitable for rooftop PV. Verify ownership + contact before outreach."
"Victory Packaging","Atlanta","GA","osm_industrial","osm-975063992","https://www.openstreetmap.org/way/osm-975063992","493110","Warehousing / Cold Storage","84","moderate","corporate","direct_purchase","daytime_peak","2000","3013440","391747","5.1","5069746","Distribution centers are the easiest commercial solar installs we do — large clear flat roofs, ground-level interconnect.","Large flat-roof warehouses have the lowest $/W install cost in commercial solar — we typically see 4-year payback after ITC + MACRS. Worth a quick site-specific estimate?","Your roof is the ideal solar substrate — large, flat, unobstructed. We install without disrupting warehouse operations and connect at ground-level switchgear. Quick call to walk through the layout?","Warehouse Scope 2 emissions are an easy win — your flat-roof footprint generates enough solar to offset 60-80% of your grid consumption with zero operational changes.","Warehouse building. Roof-suitable for rooftop PV. Verify ownership + contact before outreach."
"Lineage Logistics","Lithia Springs","GA","osm_industrial","osm-975063993","https://www.openstreetmap.org/way/osm-975063993","493110","Warehousing / Cold Storage","84","moderate","corporate","direct_purchase","daytime_peak","2000","3013440","391747","5.1","5069746","Distribution centers are the easiest commercial solar installs we do — large clear flat roofs, ground-level interconnect.","Large flat-roof warehouses have the lowest $/W install cost in commercial solar — we typically see 4-year payback after ITC + MACRS. Worth a quick site-specific estimate?","Your roof is the ideal solar substrate — large, flat, unobstructed. We install without disrupting warehouse operations and connect at ground-level switchgear. Quick call to walk through the layout?","Warehouse Scope 2 emissions are an easy win — your flat-roof footprint generates enough solar to offset 60-80% of your grid consumption with zero operational changes.","Warehouse building. Roof-suitable for rooftop PV. Verify ownership + contact before outreach."
"Stitch Fix","Atlanta","GA","osm_industrial","osm-975063996","https://www.openstreetmap.org/way/osm-975063996","493110","Warehousing / Cold Storage","84","moderate","corporate","direct_purchase","daytime_peak","2000","3013440","391747","5.1","5069746","Distribution centers are the easiest commercial solar installs we do — large clear flat roofs, ground-level interconnect.","Large flat-roof warehouses have the lowest $/W install cost in commercial solar — we typically see 4-year payback after ITC + MACRS. Worth a quick site-specific estimate?","Your roof is the ideal solar substrate — large, flat, unobstructed. We install without disrupting warehouse operations and connect at ground-level switchgear. Quick call to walk through the layout?","Warehouse Scope 2 emissions are an easy win — your flat-roof footprint generates enough solar to offset 60-80% of your grid consumption with zero operational changes.","Warehouse building. Roof-suitable for rooftop PV. Verify ownership + contact before outreach."
"Berlin Packaging","Atlanta","GA","osm_industrial","osm-975063997","https://www.openstreetmap.org/way/osm-975063997","493110","Warehousing / Cold Storage","84","moderate","corporate","direct_purchase","daytime_peak","2000","3013440","391747","5.1","5069746","Distribution centers are the easiest commercial solar installs we do — large clear flat roofs, ground-level interconnect.","Large flat-roof warehouses have the lowest $/W install cost in commercial solar — we typically see 4-year payback after ITC + MACRS. Worth a quick site-specific estimate?","Your roof is the ideal solar substrate — large, flat, unobstructed. We install without disrupting warehouse operations and connect at ground-level switchgear. Quick call to walk through the layout?","Warehouse Scope 2 emissions are an easy win — your flat-roof footprint generates enough solar to offset 60-80% of your grid consumption with zero operational changes.","Warehouse building. Roof-suitable for rooftop PV. Verify ownership + contact before outreach."
"Tropical Foods","Atlanta","GA","osm_industrial","osm-975063999","https://www.openstreetmap.org/way/osm-975063999","493110","Warehousing / Cold Storage","84","moderate","corporate","direct_purchase","daytime_peak","2000","3013440","391747","5.1","5069746","Distribution centers are the easiest commercial solar installs we do — large clear flat roofs, ground-level interconnect.","Large flat-roof warehouses have the lowest $/W install cost in commercial solar — we typically see 4-year payback after ITC + MACRS. Worth a quick site-specific estimate?","Your roof is the ideal solar substrate — large, flat, unobstructed. We install without disrupting warehouse operations and connect at ground-level switchgear. Quick call to walk through the layout?","Warehouse Scope 2 emissions are an easy win — your flat-roof footprint generates enough solar to offset 60-80% of your grid consumption with zero operational changes.","Warehouse building. Roof-suitable for rooftop PV. Verify ownership + contact before outreach."
"Empire Distribution","Atlanta","GA","osm_industrial","osm-975070767","https://www.openstreetmap.org/way/osm-975070767","493110","Warehousing / Cold Storage","84","moderate","corporate","direct_purchase","daytime_peak","2000","3013440","391747","5.1","5069746","Distribution centers are the easiest commercial solar installs we do — large clear flat roofs, ground-level interconnect.","Large flat-roof warehouses have the lowest $/W install cost in commercial solar — we typically see 4-year payback after ITC + MACRS. Worth a quick site-specific estimate?","Your roof is the ideal solar substrate — large, flat, unobstructed. We install without disrupting warehouse operations and connect at ground-level switchgear. Quick call to walk through the layout?","Warehouse Scope 2 emissions are an easy win — your flat-roof footprint generates enough solar to offset 60-80% of your grid consumption with zero operational changes.","Warehouse building. Roof-suitable for rooftop PV. Verify ownership + contact before outreach."
"Atlanta Bonded","Atlanta","GA","osm_industrial","osm-975070768","https://www.openstreetmap.org/way/osm-975070768","493110","Warehousing / Cold Storage","84","moderate","corporate","direct_purchase","daytime_peak","2000","3013440","391747","5.1","5069746","Distribution centers are the easiest commercial solar installs we do — large clear flat roofs, ground-level interconnect.","Large flat-roof warehouses have the lowest $/W install cost in commercial solar — we typically see 4-year payback after ITC + MACRS. Worth a quick site-specific estimate?","Your roof is the ideal solar substrate — large, flat, unobstructed. We install without disrupting warehouse operations and connect at ground-level switchgear. Quick call to walk through the layout?","Warehouse Scope 2 emissions are an easy win — your flat-roof footprint generates enough solar to offset 60-80% of your grid consumption with zero operational changes.","Warehouse building. Roof-suitable for rooftop PV. Verify ownership + contact before outreach."
"Igsp Logistics","Atlanta","GA","osm_industrial","osm-975070769","https://www.openstreetmap.org/way/osm-975070769","493110","Warehousing / Cold Storage","84","moderate","corporate","direct_purchase","daytime_peak","2000","3013440","391747","5.1","5069746","Distribution centers are the easiest commercial solar installs we do — large clear flat roofs, ground-level interconnect.","Large flat-roof warehouses have the lowest $/W install cost in commercial solar — we typically see 4-year payback after ITC + MACRS. Worth a quick site-specific estimate?","Your roof is the ideal solar substrate — large, flat, unobstructed. We install without disrupting warehouse operations and connect at ground-level switchgear. Quick call to walk through the layout?","Warehouse Scope 2 emissions are an easy win — your flat-roof footprint generates enough solar to offset 60-80% of your grid consumption with zero operational changes.","Warehouse building. Roof-suitable for rooftop PV. Verify ownership + contact before outreach."
"Asp","Atlanta","GA","osm_industrial","osm-975070770","https://www.openstreetmap.org/way/osm-975070770","493110","Warehousing / Cold Storage","84","moderate","corporate","direct_purchase","daytime_peak","2000","3013440","391747","5.1","5069746","Distribution centers are the easiest commercial solar installs we do — large clear flat roofs, ground-level interconnect.","Large flat-roof warehouses have the lowest $/W install cost in commercial solar — we typically see 4-year payback after ITC + MACRS. Worth a quick site-specific estimate?","Your roof is the ideal solar substrate — large, flat, unobstructed. We install without disrupting warehouse operations and connect at ground-level switchgear. Quick call to walk through the layout?","Warehouse Scope 2 emissions are an easy win — your flat-roof footprint generates enough solar to offset 60-80% of your grid consumption with zero operational changes.","Warehouse building. Roof-suitable for rooftop PV. Verify ownership + contact before outreach."
"The Shippers Group","Atlanta","GA","osm_industrial","osm-975070771","https://www.openstreetmap.org/way/osm-975070771","493110","Warehousing / Cold Storage","84","moderate","corporate","direct_purchase","daytime_peak","2000","3013440","391747","5.1","5069746","Distribution centers are the easiest commercial solar installs we do — large clear flat roofs, ground-level interconnect.","Large flat-roof warehouses have the lowest $/W install cost in commercial solar — we typically see 4-year payback after ITC + MACRS. Worth a quick site-specific estimate?","Your roof is the ideal solar substrate — large, flat, unobstructed. We install without disrupting warehouse operations and connect at ground-level switchgear. Quick call to walk through the layout?","Warehouse Scope 2 emissions are an easy win — your flat-roof footprint generates enough solar to offset 60-80% of your grid consumption with zero operational changes.","Warehouse building. Roof-suitable for rooftop PV. Verify ownership + contact before outreach."
"Inmark","Atlanta","GA","osm_industrial","osm-975070774","https://www.openstreetmap.org/way/osm-975070774","493110","Warehousing / Cold Storage","84","moderate","corporate","direct_purchase","daytime_peak","2000","3013440","391747","5.1","5069746","Distribution centers are the easiest commercial solar installs we do — large clear flat roofs, ground-level interconnect.","Large flat-roof warehouses have the lowest $/W install cost in commercial solar — we typically see 4-year payback after ITC + MACRS. Worth a quick site-specific estimate?","Your roof is the ideal solar substrate — large, flat, unobstructed. We install without disrupting warehouse operations and connect at ground-level switchgear. Quick call to walk through the layout?","Warehouse Scope 2 emissions are an easy win — your flat-roof footprint generates enough solar to offset 60-80% of your grid consumption with zero operational changes.","Warehouse building. Roof-suitable for rooftop PV. Verify ownership + contact before outreach."
"S.P. Richards","Atlanta","GA","osm_industrial","osm-975070775","https://www.openstreetmap.org/way/osm-975070775","493110","Warehousing / Cold Storage","84","moderate","corporate","direct_purchase","daytime_peak","2000","3013440","391747","5.1","5069746","Distribution centers are the easiest commercial solar installs we do — large clear flat roofs, ground-level interconnect.","Large flat-roof warehouses have the lowest $/W install cost in commercial solar — we typically see 4-year payback after ITC + MACRS. Worth a quick site-specific estimate?","Your roof is the ideal solar substrate — large, flat, unobstructed. We install without disrupting warehouse operations and connect at ground-level switchgear. Quick call to walk through the layout?","Warehouse Scope 2 emissions are an easy win — your flat-roof footprint generates enough solar to offset 60-80% of your grid consumption with zero operational changes.","Warehouse building. Roof-suitable for rooftop PV. Verify ownership + contact before outreach."
"Atlanta Distribution Center","Forest Park","GA","auto_seed","solar-029","","493110","Warehousing / Cold Storage","84","moderate","corporate","direct_purchase","daytime_peak","2000","3013440","391747","5.1","5069746","Distribution centers are the easiest commercial solar installs we do — large clear flat roofs, ground-level interconnect.","Large flat-roof warehouses have the lowest $/W install cost in commercial solar — we typically see 4-year payback after ITC + MACRS. Worth a quick site-specific estimate?","Your roof is the ideal solar substrate — large, flat, unobstructed. We install without disrupting warehouse operations and connect at ground-level switchgear. Quick call to walk through the layout?","Warehouse Scope 2 emissions are an easy win — your flat-roof footprint generates enough solar to offset 60-80% of your grid consumption with zero operational changes.","275,000 sqft warehouse"
"Rheem Manufacturing Company","Atlanta","GA","epa_ghgrp","epa-1000894","https://ghgdata.epa.gov/ghgp/main.do#/facilityDetail?facilityId=epa-1000894","333","Heavy Manufacturing","80","high","corporate","direct_purchase","industrial_shift","1140","1717661","223296","5.1","2889759","","","","","Heavy manufacturing — 2022 EPA GHG Reporter. NAICS 333415. Pre-qualified high-energy solar candidate."
"Gerdau Ameristeel Cartersville Steel Mill","Cartersville","GA","epa_ghgrp","epa-1001103","https://ghgdata.epa.gov/ghgp/main.do#/facilityDetail?facilityId=epa-1001103","333","Heavy Manufacturing","80","high","corporate","direct_purchase","industrial_shift","1140","1717661","223296","5.1","2889759","","","","","Heavy manufacturing — 2022 EPA GHG Reporter. NAICS 331110. Pre-qualified high-energy solar candidate."
"The Nutrasweet Company","Augusta","GA","epa_ghgrp","epa-1001740","https://ghgdata.epa.gov/ghgp/main.do#/facilityDetail?facilityId=epa-1001740","333","Heavy Manufacturing","80","high","corporate","direct_purchase","industrial_shift","1140","1717661","223296","5.1","2889759","","","","","Chemical manufacturing — 2022 EPA GHG Reporter. NAICS 325199. Pre-qualified high-energy solar candidate."
"Solvay Specialty Polymers Usa, Llc","Augusta","GA","epa_ghgrp","epa-1001748","https://ghgdata.epa.gov/ghgp/main.do#/facilityDetail?facilityId=epa-1001748","333","Heavy Manufacturing","80","high","corporate","direct_purchase","industrial_shift","1140","1717661","223296","5.1","2889759","","","","","Chemical manufacturing — 2022 EPA GHG Reporter. NAICS 325211. Pre-qualified high-energy solar candidate."
"Savannah Sugar Refinery","Port Wentworth","GA","epa_ghgrp","epa-1001882","https://ghgdata.epa.gov/ghgp/main.do#/facilityDetail?facilityId=epa-1001882","333","Heavy Manufacturing","80","high","corporate","direct_purchase","industrial_shift","1140","1717661","223296","5.1","2889759","","","","","Food manufacturing — 2022 EPA GHG Reporter. NAICS 311314. Pre-qualified high-energy solar candidate."
"Kraton Chemical, Llc","Savannah","GA","epa_ghgrp","epa-1002542","https://ghgdata.epa.gov/ghgp/main.do#/facilityDetail?facilityId=epa-1002542","333","Heavy Manufacturing","80","high","corporate","direct_purchase","industrial_shift","1140","1717661","223296","5.1","2889759","","","","","Chemical manufacturing — 2022 EPA GHG Reporter. NAICS 325194. Pre-qualified high-energy solar candidate."
"U.S. Air Force Plant 6 Lockheed Martin Aeronautics Co","Marietta","GA","epa_ghgrp","epa-1002775","https://ghgdata.epa.gov/ghgp/main.do#/facilityDetail?facilityId=epa-1002775","333","Heavy Manufacturing","80","high","corporate","direct_purchase","industrial_shift","1140","1717661","223296","5.1","2889759","","","","","Heavy manufacturing — 2022 EPA GHG Reporter. NAICS 336411. Pre-qualified high-energy solar candidate."
"Snf Holding Company","Riceboro","GA","epa_ghgrp","epa-1003157","https://ghgdata.epa.gov/ghgp/main.do#/facilityDetail?facilityId=epa-1003157","333","Heavy Manufacturing","80","high","corporate","direct_purchase","industrial_shift","1140","1717661","223296","5.1","2889759","","","","","Chemical manufacturing — 2022 EPA GHG Reporter. NAICS 325998. Pre-qualified high-energy solar candidate."
"Southwire Company","Carrollton","GA","epa_ghgrp","epa-1003338","https://ghgdata.epa.gov/ghgp/main.do#/facilityDetail?facilityId=epa-1003338","333","Heavy Manufacturing","80","high","corporate","direct_purchase","industrial_shift","1140","1717661","223296","5.1","2889759","","","","","Heavy manufacturing — 2022 EPA GHG Reporter. NAICS 335929. Pre-qualified high-energy solar candidate."
"Novelis Corp - Greensboro","Greensboro","GA","epa_ghgrp","epa-1003434","https://ghgdata.epa.gov/ghgp/main.do#/facilityDetail?facilityId=epa-1003434","333","Heavy Manufacturing","80","high","corporate","direct_purchase","industrial_shift","1140","1717661","223296","5.1","2889759","","","","","Heavy manufacturing — 2022 EPA GHG Reporter. NAICS 331314. Pre-qualified high-energy solar candidate."
"Nitrous Oxide Corp","Lawrenceville","GA","epa_ghgrp","epa-1003868","https://ghgdata.epa.gov/ghgp/main.do#/facilityDetail?facilityId=epa-1003868","333","Heavy Manufacturing","80","high","corporate","direct_purchase","industrial_shift","1140","1717661","223296","5.1","2889759","","","","","Chemical manufacturing — 2022 EPA GHG Reporter. NAICS 325120. Pre-qualified high-energy solar candidate."
"Pcs Nitrogen Fertilizer, L.P.","Augusta","GA","epa_ghgrp","epa-1004340","https://ghgdata.epa.gov/ghgp/main.do#/facilityDetail?facilityId=epa-1004340","333","Heavy Manufacturing","80","high","corporate","direct_purchase","industrial_shift","1140","1717661","223296","5.1","2889759","","","","","Chemical manufacturing — 2022 EPA GHG Reporter. NAICS 325311. Pre-qualified high-energy solar candidate."
"General Mills Inc.","Covington","GA","epa_ghgrp","epa-1004366","https://ghgdata.epa.gov/ghgp/main.do#/facilityDetail?facilityId=epa-1004366","333","Heavy Manufacturing","80","high","corporate","direct_purchase","industrial_shift","1140","1717661","223296","5.1","2889759","","","","","Food manufacturing — 2022 EPA GHG Reporter. NAICS 311230. Pre-qualified high-energy solar candidate."
"Symrise","Brunswick","GA","epa_ghgrp","epa-1004393","https://ghgdata.epa.gov/ghgp/main.do#/facilityDetail?facilityId=epa-1004393","333","Heavy Manufacturing","80","high","corporate","direct_purchase","industrial_shift","1140","1717661","223296","5.1","2889759","","","","","Chemical manufacturing — 2022 EPA GHG Reporter. NAICS 325199. Pre-qualified high-energy solar candidate."
"Frito-Lay, Inc. - Perry Plant","Kathleen","GA","epa_ghgrp","epa-1004898","https://ghgdata.epa.gov/ghgp/main.do#/facilityDetail?facilityId=epa-1004898","333","Heavy Manufacturing","80","high","corporate","direct_purchase","industrial_shift","1140","1717661","223296","5.1","2889759","","","","","Food manufacturing — 2022 EPA GHG Reporter. NAICS 311919. Pre-qualified high-energy solar candidate."
"Tyson Farms, Inc/ Cuthbert Plant","Cuthbert","GA","epa_ghgrp","epa-1004987","https://ghgdata.epa.gov/ghgp/main.do#/facilityDetail?facilityId=epa-1004987","333","Heavy Manufacturing","80","high","corporate","direct_purchase","industrial_shift","1140","1717661","223296","5.1","2889759","","","","","Food manufacturing — 2022 EPA GHG Reporter. NAICS 311613. Pre-qualified high-energy solar candidate."
"Pq Corporation - Augusta, Ga","Augusta","GA","epa_ghgrp","epa-1005224","https://ghgdata.epa.gov/ghgp/main.do#/facilityDetail?facilityId=epa-1005224","333","Heavy Manufacturing","80","high","corporate","direct_purchase","industrial_shift","1140","1717661","223296","5.1","2889759","","","","","Chemical manufacturing — 2022 EPA GHG Reporter. NAICS 325188. Pre-qualified high-energy solar candidate."
"Cargill","Gainesville","GA","epa_ghgrp","epa-1005813","https://ghgdata.epa.gov/ghgp/main.do#/facilityDetail?facilityId=epa-1005813","333","Heavy Manufacturing","80","high","corporate","direct_purchase","industrial_shift","1140","1717661","223296","5.1","2889759","","","","","Food manufacturing — 2022 EPA GHG Reporter. NAICS 311224. Pre-qualified high-energy solar candidate."
"Dsm Chemicals North America Incorporated","Augusta","GA","epa_ghgrp","epa-1006428","https://ghgdata.epa.gov/ghgp/main.do#/facilityDetail?facilityId=epa-1006428","333","Heavy Manufacturing","80","high","corporate","direct_purchase","industrial_shift","1140","1717661","223296","5.1","2889759","","","","","Chemical manufacturing — 2022 EPA GHG Reporter. NAICS 325199. Pre-qualified high-energy solar candidate."
"Flint Hills Resources Camilla, Llc","Pelham","GA","epa_ghgrp","epa-1006863","https://ghgdata.epa.gov/ghgp/main.do#/facilityDetail?facilityId=epa-1006863","333","Heavy Manufacturing","80","high","corporate","direct_purchase","industrial_shift","1140","1717661","223296","5.1","2889759","","","","","Chemical manufacturing — 2022 EPA GHG Reporter. NAICS 325193. Pre-qualified high-energy solar candidate."
"Armstrong World Industries Inc","Macon","GA","epa_ghgrp","epa-1006883","https://ghgdata.epa.gov/ghgp/main.do#/facilityDetail?facilityId=epa-1006883","333","Heavy Manufacturing","80","high","corporate","direct_purchase","industrial_shift","1140","1717661","223296","5.1","2889759","","","","","Heavy manufacturing — 2022 EPA GHG Reporter. NAICS 339999. Pre-qualified high-energy solar candidate."
"Tyson Poultry, Inc., Cumming Api","Cumming","GA","epa_ghgrp","epa-1007915","https://ghgdata.epa.gov/ghgp/main.do#/facilityDetail?facilityId=epa-1007915","333","Heavy Manufacturing","80","high","corporate","direct_purchase","industrial_shift","1140","1717661","223296","5.1","2889759","","","","","Food manufacturing — 2022 EPA GHG Reporter. NAICS 311613. Pre-qualified high-energy solar candidate."
"American Proteins - Ball Ground","Ball Ground","GA","epa_ghgrp","epa-1010126","https://ghgdata.epa.gov/ghgp/main.do#/facilityDetail?facilityId=epa-1010126","333","Heavy Manufacturing","80","high","corporate","direct_purchase","industrial_shift","1140","1717661","223296","5.1","2889759","","","","","Food manufacturing — 2022 EPA GHG Reporter. NAICS 311613. Pre-qualified high-energy solar candidate."
"Hillphoenix Inc.","Conyers","GA","epa_ghgrp","epa-1010156","https://ghgdata.epa.gov/ghgp/main.do#/facilityDetail?facilityId=epa-1010156","333","Heavy Manufacturing","80","high","corporate","direct_purchase","industrial_shift","1140","1717661","223296","5.1","2889759","","","","","Heavy manufacturing — 2022 EPA GHG Reporter. NAICS 333415. Pre-qualified high-energy solar candidate."
"Kia Georgia, Inc.","West Point","GA","epa_ghgrp","epa-1011199","https://ghgdata.epa.gov/ghgp/main.do#/facilityDetail?facilityId=epa-1011199","333","Heavy Manufacturing","80","high","corporate","direct_purchase","industrial_shift","1140","1717661","223296","5.1","2889759","","","","","Heavy manufacturing — 2022 EPA GHG Reporter. NAICS 336110. Pre-qualified high-energy solar candidate."
"Tyson Farms, Inc./Alma Plant","Alma","GA","epa_ghgrp","epa-1011723","https://ghgdata.epa.gov/ghgp/main.do#/facilityDetail?facilityId=epa-1011723","333","Heavy Manufacturing","80","high","corporate","direct_purchase","industrial_shift","1140","1717661","223296","5.1","2889759","","","","","Food manufacturing — 2022 EPA GHG Reporter. NAICS 311613. Pre-qualified high-energy solar candidate."
"Koch Foods Of Pine Mountain Valley","Pine Mountain Valley","GA","epa_ghgrp","epa-1011785","https://ghgdata.epa.gov/ghgp/main.do#/facilityDetail?facilityId=epa-1011785","333","Heavy Manufacturing","80","high","corporate","direct_purchase","industrial_shift","1140","1717661","223296","5.1","2889759","","","","","Food manufacturing — 2022 EPA GHG Reporter. NAICS 311615. Pre-qualified high-energy solar candidate."
"Toyota Industries Compressor Parts America, Co.","Pendergrass","GA","epa_ghgrp","epa-1011849","https://ghgdata.epa.gov/ghgp/main.do#/facilityDetail?facilityId=epa-1011849","333","Heavy Manufacturing","80","high","corporate","direct_purchase","industrial_shift","1140","1717661","223296","5.1","2889759","","","","","Heavy manufacturing — 2022 EPA GHG Reporter. NAICS 336391. Pre-qualified high-energy solar candidate."
"Adm Valdosta","Valdosta","GA","epa_ghgrp","epa-1011961","https://ghgdata.epa.gov/ghgp/main.do#/facilityDetail?facilityId=epa-1011961","333","Heavy Manufacturing","80","high","corporate","direct_purchase","industrial_shift","1140","1717661","223296","5.1","2889759","","","","","Food manufacturing — 2022 EPA GHG Reporter. NAICS 311224. Pre-qualified high-energy solar candidate."
"Rms Of Georgia, Llc","Alpharetta","GA","epa_ghgrp","epa-1013013","https://ghgdata.epa.gov/ghgp/main.do#/facilityDetail?facilityId=epa-1013013","333","Heavy Manufacturing","80","high","corporate","direct_purchase","industrial_shift","1140","1717661","223296","5.1","2889759","","","","","Chemical manufacturing — 2022 EPA GHG Reporter. NAICS 325120. Pre-qualified high-energy solar candidate."
"Darling Ingredients Inc.","East Dublin","GA","epa_ghgrp","epa-1013117","https://ghgdata.epa.gov/ghgp/main.do#/facilityDetail?facilityId=epa-1013117","333","Heavy Manufacturing","80","high","corporate","direct_purchase","industrial_shift","1140","1717661","223296","5.1","2889759","","","","","Food manufacturing — 2022 EPA GHG Reporter. NAICS 311613. Pre-qualified high-energy solar candidate."
"Bonnell Aluminum, Inc.","Newnan","GA","epa_ghgrp","epa-1013336","https://ghgdata.epa.gov/ghgp/main.do#/facilityDetail?facilityId=epa-1013336","333","Heavy Manufacturing","80","high","corporate","direct_purchase","industrial_shift","1140","1717661","223296","5.1","2889759","","","","","Heavy manufacturing — 2022 EPA GHG Reporter. NAICS 331318. Pre-qualified high-energy solar candidate."
"Pinova Inc.","Brunswick","GA","epa_ghgrp","epa-1014400","https://ghgdata.epa.gov/ghgp/main.do#/facilityDetail?facilityId=epa-1014400","333","Heavy Manufacturing","80","high","corporate","direct_purchase","industrial_shift","1140","1717661","223296","5.1","2889759","","","","","Chemical manufacturing — 2022 EPA GHG Reporter. NAICS 325194. Pre-qualified high-energy solar candidate."
"Sk Battery America","Commerce","GA","epa_ghgrp","epa-1014548","https://ghgdata.epa.gov/ghgp/main.do#/facilityDetail?facilityId=epa-1014548","333","Heavy Manufacturing","80","high","corporate","direct_purchase","industrial_shift","1140","1717661","223296","5.1","2889759","","","","","Heavy manufacturing — 2022 EPA GHG Reporter. NAICS 335910. Pre-qualified high-energy solar candidate."
"Vmc Specialty Alloys Llc","Adairsville","GA","epa_ghgrp","epa-1015119","https://ghgdata.epa.gov/ghgp/main.do#/facilityDetail?facilityId=epa-1015119","333","Heavy Manufacturing","80","high","corporate","direct_purchase","industrial_shift","1140","1717661","223296","5.1","2889759","","","","","Heavy manufacturing — 2022 EPA GHG Reporter. NAICS 331314. Pre-qualified high-energy solar candidate."
"Concretesouth","Palmetto","GA","osm_industrial","osm-34770692","https://www.openstreetmap.org/way/osm-34770692","333","Heavy Manufacturing","80","high","corporate","direct_purchase","industrial_shift","1140","1717661","223296","5.1","2889759","","","","","Concrete_plant building. Roof-suitable for rooftop PV. Verify ownership + contact before outreach."
"Argos Usa Llc","Atlanta","GA","osm_industrial","osm-34770716","https://www.openstreetmap.org/way/osm-34770716","333","Heavy Manufacturing","80","high","corporate","direct_purchase","industrial_shift","1140","1717661","223296","5.1","2889759","","","","","Cement_plant building. Roof-suitable for rooftop PV. Verify ownership + contact before outreach."
"Argos Usa","Atlanta","GA","osm_industrial","osm-812586216","https://www.openstreetmap.org/way/osm-812586216","333","Heavy Manufacturing","80","high","corporate","direct_purchase","industrial_shift","1140","1717661","223296","5.1","2889759","","","","","Concrete_plant building. Roof-suitable for rooftop PV. Verify ownership + contact before outreach."
"Hartwell Energy Facility","Hartwell","GA","epa_ghgrp","epa-1000085","https://ghgdata.epa.gov/ghgp/main.do#/facilityDetail?facilityId=epa-1000085","","","","","","","","600","904032","117524","5.6","1458342","","","","","Power generation — 2022 EPA GHG Reporter. NAICS 221112. Pre-qualified high-energy solar candidate."
"Al Sandersville","Warthen","GA","epa_ghgrp","epa-1000129","https://ghgdata.epa.gov/ghgp/main.do#/facilityDetail?facilityId=epa-1000129","","","","","","","","600","904032","117524","5.6","1458342","","","","","Power generation — 2022 EPA GHG Reporter. NAICS 221112. Pre-qualified high-energy solar candidate."
"Sp Fiber Technologies Southeast, Llc","Dublin","GA","epa_ghgrp","epa-1000240","https://ghgdata.epa.gov/ghgp/main.do#/facilityDetail?facilityId=epa-1000240","","","","","","","","600","904032","117524","5.6","1458342","","","","","Pulp & paper — 2022 EPA GHG Reporter. NAICS 322120. Pre-qualified high-energy solar candidate."
"City Of Douglas","Douglas","GA","epa_ghgrp","epa-1000381","https://ghgdata.epa.gov/ghgp/main.do#/facilityDetail?facilityId=epa-1000381","","","","","","","","600","904032","117524","5.6","1458342","","","","","Power generation — 2022 EPA GHG Reporter. NAICS 221210. Pre-qualified high-energy solar candidate."
"Mcintosh Combined Cycle Facility","Rincon","GA","epa_ghgrp","epa-1000460","https://ghgdata.epa.gov/ghgp/main.do#/facilityDetail?facilityId=epa-1000460","","","","","","","","600","904032","117524","5.6","1458342","","","","","Power generation — 2022 EPA GHG Reporter. NAICS 221112. Pre-qualified high-energy solar candidate."
"Washington County Power, Llc","Sandersville","GA","epa_ghgrp","epa-1000791","https://ghgdata.epa.gov/ghgp/main.do#/facilityDetail?facilityId=epa-1000791","","","","","","","","600","904032","117524","5.6","1458342","","","","","Power generation — 2022 EPA GHG Reporter. NAICS 221112. Pre-qualified high-energy solar candidate."
"Thomas A. Smith Energy Facility","Dalton","GA","epa_ghgrp","epa-1000801","https://ghgdata.epa.gov/ghgp/main.do#/facilityDetail?facilityId=epa-1000801","","","","","","","","600","904032","117524","5.6","1458342","","","","","Power generation — 2022 EPA GHG Reporter. NAICS 221112. Pre-qualified high-energy solar candidate."
"Bobby C. Smith Jr. Energy Facility","Rincon","GA","epa_ghgrp","epa-1000811","https://ghgdata.epa.gov/ghgp/main.do#/facilityDetail?facilityId=epa-1000811","","","","","","","","600","904032","117524","5.6","1458342","","","","","Power generation — 2022 EPA GHG Reporter. NAICS 221112. Pre-qualified high-energy solar candidate."
"Wansley (6052)","Franklin","GA","epa_ghgrp","epa-1001015","https://ghgdata.epa.gov/ghgp/main.do#/facilityDetail?facilityId=epa-1001015","","","","","","","","600","904032","117524","5.6","1458342","","","","","Power generation — 2022 EPA GHG Reporter. NAICS 221112. Pre-qualified high-energy solar candidate."
"Mcintosh (6124)","Rincon","GA","epa_ghgrp","epa-1001031","https://ghgdata.epa.gov/ghgp/main.do#/facilityDetail?facilityId=epa-1001031","","","","","","","","600","904032","117524","5.6","1458342","","","","","Power generation — 2022 EPA GHG Reporter. NAICS 221112. Pre-qualified high-energy solar candidate."
"Scherer","Juliette","GA","epa_ghgrp","epa-1001051","https://ghgdata.epa.gov/ghgp/main.do#/facilityDetail?facilityId=epa-1001051","","","","","","","","600","904032","117524","5.6","1458342","","","","","Power generation — 2022 EPA GHG Reporter. NAICS 221112. Pre-qualified high-energy solar candidate."
"Robins","Robins Afb","GA","epa_ghgrp","epa-1001118","https://ghgdata.epa.gov/ghgp/main.do#/facilityDetail?facilityId=epa-1001118","","","","","","","","600","904032","117524","5.6","1458342","","","","","Power generation — 2022 EPA GHG Reporter. NAICS 221112. Pre-qualified high-energy solar candidate."
"Mpc Generating, Llc","Monroe","GA","epa_ghgrp","epa-1001146","https://ghgdata.epa.gov/ghgp/main.do#/facilityDetail?facilityId=epa-1001146","","","","","","","","600","904032","117524","5.6","1458342","","","","","Power generation — 2022 EPA GHG Reporter. NAICS 221112. Pre-qualified high-energy solar candidate."
"Dahlberg (Jackson County)","Nicholson","GA","epa_ghgrp","epa-1001147","https://ghgdata.epa.gov/ghgp/main.do#/facilityDetail?facilityId=epa-1001147","","","","","","","","600","904032","117524","5.6","1458342","","","","","Power generation — 2022 EPA GHG Reporter. NAICS 221112. Pre-qualified high-energy solar candidate."
"Sewell Creek Energy","Cedartown","GA","epa_ghgrp","epa-1001151","https://ghgdata.epa.gov/ghgp/main.do#/facilityDetail?facilityId=epa-1001151","","","","","","","","600","904032","117524","5.6","1458342","","","","","Power generation — 2022 EPA GHG Reporter. NAICS 221112. Pre-qualified high-energy solar candidate."
"Smarr Energy Facility","Forsyth","GA","epa_ghgrp","epa-1001156","https://ghgdata.epa.gov/ghgp/main.do#/facilityDetail?facilityId=epa-1001156","","","","","","","","600","904032","117524","5.6","1458342","","","","","Power generation — 2022 EPA GHG Reporter. NAICS 221112. Pre-qualified high-energy solar candidate."
"Chattahoochee Energy Facility","Franklin","GA","epa_ghgrp","epa-1001178","https://ghgdata.epa.gov/ghgp/main.do#/facilityDetail?facilityId=epa-1001178","","","","","","","","600","904032","117524","5.6","1458342","","","","","Power generation — 2022 EPA GHG Reporter. NAICS 221112. Pre-qualified high-energy solar candidate."
"Tenaska Georgia Generating Station","Franklin","GA","epa_ghgrp","epa-1001302","https://ghgdata.epa.gov/ghgp/main.do#/facilityDetail?facilityId=epa-1001302","","","","","","","","600","904032","117524","5.6","1458342","","","","","Power generation — 2022 EPA GHG Reporter. NAICS 221112. Pre-qualified high-energy solar candidate."
"Walton County Power, Llc","Monroe","GA","epa_ghgrp","epa-1001328","https://ghgdata.epa.gov/ghgp/main.do#/facilityDetail?facilityId=epa-1001328","","","","","","","","600","904032","117524","5.6","1458342","","","","","Power generation — 2022 EPA GHG Reporter. NAICS 221112. Pre-qualified high-energy solar candidate."
"Liberty Utilities - Georgia","Columbus","GA","epa_ghgrp","epa-1001386","https://ghgdata.epa.gov/ghgp/main.do#/facilityDetail?facilityId=epa-1001386","","","","","","","","600","904032","117524","5.6","1458342","","","","","Power generation — 2022 EPA GHG Reporter. NAICS 221210. Pre-qualified high-energy solar candidate."
"Edward L Addison Generating Plant","Thomaston","GA","epa_ghgrp","epa-1001392","https://ghgdata.epa.gov/ghgp/main.do#/facilityDetail?facilityId=epa-1001392","","","","","","","","600","904032","117524","5.6","1458342","","","","","Power generation — 2022 EPA GHG Reporter. NAICS 221112. Pre-qualified high-energy solar candidate."
"Baconton","Baconton","GA","epa_ghgrp","epa-1001409","https://ghgdata.epa.gov/ghgp/main.do#/facilityDetail?facilityId=epa-1001409","","","","","","","","600","904032","117524","5.6","1458342","","","","","Power generation — 2022 EPA GHG Reporter. NAICS 221112. Pre-qualified high-energy solar candidate."
"Bowen","Cartersville","GA","epa_ghgrp","epa-1001505","https://ghgdata.epa.gov/ghgp/main.do#/facilityDetail?facilityId=epa-1001505","","","","","","","","600","904032","117524","5.6","1458342","","","","","Power generation — 2022 EPA GHG Reporter. NAICS 221112. Pre-qualified high-energy solar candidate."
"Hammond","Rome","GA","epa_ghgrp","epa-1001506","https://ghgdata.epa.gov/ghgp/main.do#/facilityDetail?facilityId=epa-1001506","","","","","","","","600","904032","117524","5.6","1458342","","","","","Power generation — 2022 EPA GHG Reporter. NAICS 221112. Pre-qualified high-energy solar candidate."
"Harllee Branch","Milledgeville","GA","epa_ghgrp","epa-1001507","https://ghgdata.epa.gov/ghgp/main.do#/facilityDetail?facilityId=epa-1001507","","","","","","","","600","904032","117524","5.6","1458342","","","","","Power generation — 2022 EPA GHG Reporter. NAICS 221112. Pre-qualified high-energy solar candidate."
"Jack Mcdonough","Smyrna","GA","epa_ghgrp","epa-1001508","https://ghgdata.epa.gov/ghgp/main.do#/facilityDetail?facilityId=epa-1001508","","","","","","","","600","904032","117524","5.6","1458342","","","","","Power generation — 2022 EPA GHG Reporter. NAICS 221112. Pre-qualified high-energy solar candidate."
"Mcmanus","Brunswick","GA","epa_ghgrp","epa-1001509","https://ghgdata.epa.gov/ghgp/main.do#/facilityDetail?facilityId=epa-1001509","","","","","","","","600","904032","117524","5.6","1458342","","","","","Power generation — 2022 EPA GHG Reporter. NAICS 221112. Pre-qualified high-energy solar candidate."
"Mitchell (Ga)","Albany","GA","epa_ghgrp","epa-1001510","https://ghgdata.epa.gov/ghgp/main.do#/facilityDetail?facilityId=epa-1001510","","","","","","","","600","904032","117524","5.6","1458342","","","","","Power generation — 2022 EPA GHG Reporter. NAICS 221112. Pre-qualified high-energy solar candidate."
"Yates","Newnan","GA","epa_ghgrp","epa-1001511","https://ghgdata.epa.gov/ghgp/main.do#/facilityDetail?facilityId=epa-1001511","","","","","","","","600","904032","117524","5.6","1458342","","","","","Power generation — 2022 EPA GHG Reporter. NAICS 221112. Pre-qualified high-energy solar candidate."
"Ads-Pecan Row-Evergreen Landfills","Valdosta","GA","epa_ghgrp","epa-1001636","https://ghgdata.epa.gov/ghgp/main.do#/facilityDetail?facilityId=epa-1001636","","","","","","","","600","904032","117524","5.6","1458342","","","","","Industrial facility — 2022 EPA GHG Reporter. NAICS 562212. Pre-qualified high-energy solar candidate."
"Slng Elba Island Terminal Savannah, Ga","Savannah","GA","epa_ghgrp","epa-1001657","https://ghgdata.epa.gov/ghgp/main.do#/facilityDetail?facilityId=epa-1001657","","","","","","","","600","904032","117524","5.6","1458342","","","","","Industrial facility — 2022 EPA GHG Reporter. NAICS 486210. Pre-qualified high-energy solar candidate."
"City Of Austell Natural Gas System","Austell","GA","epa_ghgrp","epa-1001679","https://ghgdata.epa.gov/ghgp/main.do#/facilityDetail?facilityId=epa-1001679","","","","","","","","600","904032","117524","5.6","1458342","","","","","Power generation — 2022 EPA GHG Reporter. NAICS 221210. Pre-qualified high-energy solar candidate."
"Mount Vernon Mills Inc Apparel Fabrics Div","Trion","GA","epa_ghgrp","epa-1001757","https://ghgdata.epa.gov/ghgp/main.do#/facilityDetail?facilityId=epa-1001757","","","","","","","","600","904032","117524","5.6","1458342","","","","","Industrial facility — 2022 EPA GHG Reporter. NAICS 313210. Pre-qualified high-energy solar candidate."
"Rayonier Performance Fibers Llc, Jesup Mill","Jesup","GA","epa_ghgrp","epa-1001807","https://ghgdata.epa.gov/ghgp/main.do#/facilityDetail?facilityId=epa-1001807","","","","","","","","600","904032","117524","5.6","1458342","","","","","Pulp & paper — 2022 EPA GHG Reporter. NAICS 322110. Pre-qualified high-energy solar candidate."
"Sng Station 5277 Ocmulgee, Ga","Macon","GA","epa_ghgrp","epa-1001926","https://ghgdata.epa.gov/ghgp/main.do#/facilityDetail?facilityId=epa-1001926","","","","","","","","600","904032","117524","5.6","1458342","","","","","Industrial facility — 2022 EPA GHG Reporter. NAICS 486210. Pre-qualified high-energy solar candidate."
"Procter & Gamble","Albany","GA","epa_ghgrp","epa-1002036","https://ghgdata.epa.gov/ghgp/main.do#/facilityDetail?facilityId=epa-1002036","","","","","","","","600","904032","117524","5.6","1458342","","","","","Pulp & paper — 2022 EPA GHG Reporter. NAICS 322291. Pre-qualified high-energy solar candidate."
"Thiele Kaolin Sandersville","Sandersville","GA","epa_ghgrp","epa-1002045","https://ghgdata.epa.gov/ghgp/main.do#/facilityDetail?facilityId=epa-1002045","","","","","","","","600","904032","117524","5.6","1458342","","","","","Industrial facility — 2022 EPA GHG Reporter. NAICS 212323. Pre-qualified high-energy solar candidate."
"Molson Coors Beverage Company Usa Llc","Albany","GA","epa_ghgrp","epa-1002057","https://ghgdata.epa.gov/ghgp/main.do#/facilityDetail?facilityId=epa-1002057","","","","","","","","600","904032","117524","5.6","1458342","","","","","Industrial facility — 2022 EPA GHG Reporter. NAICS 312120. Pre-qualified high-energy solar candidate."
"Owens-Brockway Glass Container Inc Plant #10","Atlanta","GA","epa_ghgrp","epa-1002180","https://ghgdata.epa.gov/ghgp/main.do#/facilityDetail?facilityId=epa-1002180","","","","","","","","600","904032","117524","5.6","1458342","","","","","Cement / glass — 2022 EPA GHG Reporter. NAICS 327213. Pre-qualified high-energy solar candidate."
"Owens Corning Insulating Systems, Llc - Fairburn","Fairburn","GA","epa_ghgrp","epa-1002221","https://ghgdata.epa.gov/ghgp/main.do#/facilityDetail?facilityId=epa-1002221","","","","","","","","600","904032","117524","5.6","1458342","","","","","Cement / glass — 2022 EPA GHG Reporter. NAICS 327993. Pre-qualified high-energy solar candidate."
"City Of La Grange Landfill","Lagrange","GA","epa_ghgrp","epa-1002340","https://ghgdata.epa.gov/ghgp/main.do#/facilityDetail?facilityId=epa-1002340","","","","","","","","600","904032","117524","5.6","1458342","","","","","Industrial facility — 2022 EPA GHG Reporter. NAICS 562212. Pre-qualified high-energy solar candidate."
"Oak Grove Sanitary Landfill","Winder","GA","epa_ghgrp","epa-1002477","https://ghgdata.epa.gov/ghgp/main.do#/facilityDetail?facilityId=epa-1002477","","","","","","","","600","904032","117524","5.6","1458342","","","","","Industrial facility — 2022 EPA GHG Reporter. NAICS 562212. Pre-qualified high-energy solar candidate."
"Pine Ridge Landfil","Griffin","GA","epa_ghgrp","epa-1002478","https://ghgdata.epa.gov/ghgp/main.do#/facilityDetail?facilityId=epa-1002478","","","","","","","","600","904032","117524","5.6","1458342","","","","","Industrial facility — 2022 EPA GHG Reporter. NAICS 562212. Pre-qualified high-energy solar candidate."
"Georgia Pacific Gypsum","Savannah","GA","epa_ghgrp","epa-1002516","https://ghgdata.epa.gov/ghgp/main.do#/facilityDetail?facilityId=epa-1002516","","","","","","","","600","904032","117524","5.6","1458342","","","","","Cement / glass — 2022 EPA GHG Reporter. NAICS 327420. Pre-qualified high-energy solar candidate."
"Basf Corp Savannah Operations","Savannah","GA","epa_ghgrp","epa-1002622","https://ghgdata.epa.gov/ghgp/main.do#/facilityDetail?facilityId=epa-1002622","","","","","","","","600","904032","117524","5.6","1458342","","","","","Cement / glass — 2022 EPA GHG Reporter. NAICS 327992. Pre-qualified high-energy solar candidate."
"Town Of Trion Gas Department","Trion","GA","epa_ghgrp","epa-1002704","https://ghgdata.epa.gov/ghgp/main.do#/facilityDetail?facilityId=epa-1002704","","","","","","","","600","904032","117524","5.6","1458342","","","","","Power generation — 2022 EPA GHG Reporter. NAICS 221210. Pre-qualified high-energy solar candidate."
"Brunswick Cellulose, Inc.","Brunswick","GA","epa_ghgrp","epa-1002733","https://ghgdata.epa.gov/ghgp/main.do#/facilityDetail?facilityId=epa-1002733","","","","","","","","600","904032","117524","5.6","1458342","","","","","Pulp & paper — 2022 EPA GHG Reporter. NAICS 322110. Pre-qualified high-energy solar candidate."
"C-E Minerals Plants 1/2/6","Andersonville","GA","epa_ghgrp","epa-1002748","https://ghgdata.epa.gov/ghgp/main.do#/facilityDetail?facilityId=epa-1002748","","","","","","","","600","904032","117524","5.6","1458342","","","","","Cement / glass — 2022 EPA GHG Reporter. NAICS 327992. Pre-qualified high-energy solar candidate."
"Georgia-Pacific Cedar Springs Llc","Cedar Springs","GA","epa_ghgrp","epa-1002823","https://ghgdata.epa.gov/ghgp/main.do#/facilityDetail?facilityId=epa-1002823","","","","","","","","600","904032","117524","5.6","1458342","","","","","Pulp & paper — 2022 EPA GHG Reporter. NAICS 322130. Pre-qualified high-energy solar candidate."
"Dalton Whitfield Regional Sw Management","Dalton","GA","epa_ghgrp","epa-1002863","https://ghgdata.epa.gov/ghgp/main.do#/facilityDetail?facilityId=epa-1002863","","","","","","","","600","904032","117524","5.6","1458342","","","","","Industrial facility — 2022 EPA GHG Reporter. NAICS 562212. Pre-qualified high-energy solar candidate."
"Fort Valley Utility Commission","Fort Valley","GA","epa_ghgrp","epa-1002870","https://ghgdata.epa.gov/ghgp/main.do#/facilityDetail?facilityId=epa-1002870","","","","","","","","600","904032","117524","5.6","1458342","","","","","Power generation — 2022 EPA GHG Reporter. NAICS 221210. Pre-qualified high-energy solar candidate."
"U.S. Air Force Robins Afb Ga","Robins Afb","GA","epa_ghgrp","epa-1002876","https://ghgdata.epa.gov/ghgp/main.do#/facilityDetail?facilityId=epa-1002876","","","","","","","","600","904032","117524","5.6","1458342","","","","","Industrial facility — 2022 EPA GHG Reporter. NAICS 928110. Pre-qualified high-energy solar candidate."
"Epic Midstream Savannah - North","Savannah","GA","epa_ghgrp","epa-1003006","https://ghgdata.epa.gov/ghgp/main.do#/facilityDetail?facilityId=epa-1003006","","","","","","","","600","904032","117524","5.6","1458342","","","","","Industrial facility — 2022 EPA GHG Reporter. NAICS 424710. Pre-qualified high-energy solar candidate."
"City Of Lagrange Gas Division","Lagrange","GA","epa_ghgrp","epa-1003144","https://ghgdata.epa.gov/ghgp/main.do#/facilityDetail?facilityId=epa-1003144","","","","","","","","600","904032","117524","5.6","1458342","","","","","Power generation — 2022 EPA GHG Reporter. NAICS 221210. Pre-qualified high-energy solar candidate."
"Packaging Corp. Of America","Valdosta","GA","epa_ghgrp","epa-1003280","https://ghgdata.epa.gov/ghgp/main.do#/facilityDetail?facilityId=epa-1003280","","","","","","","","600","904032","117524","5.6","1458342","","","","","Pulp & paper — 2022 EPA GHG Reporter. NAICS 322130. Pre-qualified high-energy solar candidate."
"Basf Corporation","Mcintyre","GA","epa_ghgrp","epa-1003325","https://ghgdata.epa.gov/ghgp/main.do#/facilityDetail?facilityId=epa-1003325","","","","","","","","600","904032","117524","5.6","1458342","","","","","Industrial facility — 2022 EPA GHG Reporter. NAICS 212323. Pre-qualified high-energy solar candidate."
"Gordon County (Redbone Ridges) Landfill","Ranger","GA","epa_ghgrp","epa-1003333","https://ghgdata.epa.gov/ghgp/main.do#/facilityDetail?facilityId=epa-1003333","","","","","","","","600","904032","117524","5.6","1458342","","","","","Industrial facility — 2022 EPA GHG Reporter. NAICS 562212. Pre-qualified high-energy solar candidate."
"Murray County Landfill","Chatsworth","GA","epa_ghgrp","epa-1003335","https://ghgdata.epa.gov/ghgp/main.do#/facilityDetail?facilityId=epa-1003335","","","","","","","","600","904032","117524","5.6","1458342","","","","","Industrial facility — 2022 EPA GHG Reporter. NAICS 562212. Pre-qualified high-energy solar candidate."
"City Of Thomasville Municipal Solid Waste Landfill","Thomasville","GA","epa_ghgrp","epa-1003374","https://ghgdata.epa.gov/ghgp/main.do#/facilityDetail?facilityId=epa-1003374","","","","","","","","600","904032","117524","5.6","1458342","","","","","Industrial facility — 2022 EPA GHG Reporter. NAICS 562212. Pre-qualified high-energy solar candidate."
"Kamin Llc - Wrens Main","Wrens","GA","epa_ghgrp","epa-1003420","https://ghgdata.epa.gov/ghgp/main.do#/facilityDetail?facilityId=epa-1003420","","","","","","","","600","904032","117524","5.6","1458342","","","","","Industrial facility — 2022 EPA GHG Reporter. NAICS 212323. Pre-qualified high-energy solar candidate."
"U S Army Fort Benning Maneuver Center Of Excellence","Fort Benning","GA","epa_ghgrp","epa-1003440","https://ghgdata.epa.gov/ghgp/main.do#/facilityDetail?facilityId=epa-1003440","","","","","","","","600","904032","117524","5.6","1458342","","","","","Industrial facility — 2022 EPA GHG Reporter. NAICS 928110. Pre-qualified high-energy solar candidate."
"City Of Camilla","Camilla","GA","epa_ghgrp","epa-1003445","https://ghgdata.epa.gov/ghgp/main.do#/facilityDetail?facilityId=epa-1003445","","","","","","","","600","904032","117524","5.6","1458342","","","","","Power generation — 2022 EPA GHG Reporter. NAICS 221210. Pre-qualified high-energy solar candidate."
"Kamin Llc-Macon","Macon","GA","epa_ghgrp","epa-1003449","https://ghgdata.epa.gov/ghgp/main.do#/facilityDetail?facilityId=epa-1003449","","","","","","","","600","904032","117524","5.6","1458342","","","","","Industrial facility — 2022 EPA GHG Reporter. NAICS 212323. Pre-qualified high-energy solar candidate."
"Atkinson County - S.R. 50 Msw Landfill","Willachoochee","GA","epa_ghgrp","epa-1003450","https://ghgdata.epa.gov/ghgp/main.do#/facilityDetail?facilityId=epa-1003450","","","","","","","","600","904032","117524","5.6","1458342","","","","","Industrial facility — 2022 EPA GHG Reporter. NAICS 562212. Pre-qualified high-energy solar candidate."
"Graphic Packaging International","Macon","GA","epa_ghgrp","epa-1003470","https://ghgdata.epa.gov/ghgp/main.do#/facilityDetail?facilityId=epa-1003470","","","","","","","","600","904032","117524","5.6","1458342","","","","","Pulp & paper — 2022 EPA GHG Reporter. NAICS 322130. Pre-qualified high-energy solar candidate."
"Button Gwinnett Landfill","Lawrenceville","GA","epa_ghgrp","epa-1003504","https://ghgdata.epa.gov/ghgp/main.do#/facilityDetail?facilityId=epa-1003504","","","","","","","","600","904032","117524","5.6","1458342","","","","","Industrial facility — 2022 EPA GHG Reporter. NAICS 562212. Pre-qualified high-energy solar candidate."
"City Of Summerville","Summerville","GA","epa_ghgrp","epa-1003524","https://ghgdata.epa.gov/ghgp/main.do#/facilityDetail?facilityId=epa-1003524","","","","","","","","600","904032","117524","5.6","1458342","","","","","Power generation — 2022 EPA GHG Reporter. NAICS 221210. Pre-qualified high-energy solar candidate."
"Kamin Llc-Sandersville Plant","Sandersville","GA","epa_ghgrp","epa-1003527","https://ghgdata.epa.gov/ghgp/main.do#/facilityDetail?facilityId=epa-1003527","","","","","","","","600","904032","117524","5.6","1458342","","","","","Industrial facility — 2022 EPA GHG Reporter. NAICS 212324. Pre-qualified high-energy solar candidate."
"Superior Landfill & Recycling Center","Savannah","GA","epa_ghgrp","epa-1003569","https://ghgdata.epa.gov/ghgp/main.do#/facilityDetail?facilityId=epa-1003569","","","","","","","","600","904032","117524","5.6","1458342","","","","","Industrial facility — 2022 EPA GHG Reporter. NAICS 562212. Pre-qualified high-energy solar candidate."
"Eagle Point Landfill, Llc","Ball Ground","GA","epa_ghgrp","epa-1003710","https://ghgdata.epa.gov/ghgp/main.do#/facilityDetail?facilityId=epa-1003710","","","","","","","","600","904032","117524","5.6","1458342","","","","","Industrial facility — 2022 EPA GHG Reporter. NAICS 562212. Pre-qualified high-energy solar candidate."
"Wolf Creek Landfill, Llc","Dry Branch","GA","epa_ghgrp","epa-1003711","https://ghgdata.epa.gov/ghgp/main.do#/facilityDetail?facilityId=epa-1003711","","","","","","","","600","904032","117524","5.6","1458342","","","","","Industrial facility — 2022 EPA GHG Reporter. NAICS 562212. Pre-qualified high-energy solar candidate."
"Deans Bridge Rd Msw Landfill","Blythe","GA","epa_ghgrp","epa-1003740","https://ghgdata.epa.gov/ghgp/main.do#/facilityDetail?facilityId=epa-1003740","","","","","","","","600","904032","117524","5.6","1458342","","","","","Industrial facility — 2022 EPA GHG Reporter. NAICS 562212. Pre-qualified high-energy solar candidate."
"Rolling Hills Landfill","College Park","GA","epa_ghgrp","epa-1003795","https://ghgdata.epa.gov/ghgp/main.do#/facilityDetail?facilityId=epa-1003795","","","","","","","","600","904032","117524","5.6","1458342","","","","","Industrial facility — 2022 EPA GHG Reporter. NAICS 562212. Pre-qualified high-energy solar candidate."
"Clayton County Sr 3 Lovejoy Landfill","Lovejoy","GA","epa_ghgrp","epa-1003854","https://ghgdata.epa.gov/ghgp/main.do#/facilityDetail?facilityId=epa-1003854","","","","","","","","600","904032","117524","5.6","1458342","","","","","Industrial facility — 2022 EPA GHG Reporter. NAICS 562212. Pre-qualified high-energy solar candidate."
"Columbus Pine Grove Mswlf","Columbus","GA","epa_ghgrp","epa-1003863","https://ghgdata.epa.gov/ghgp/main.do#/facilityDetail?facilityId=epa-1003863","","","","","","","","600","904032","117524","5.6","1458342","","","","","Industrial facility — 2022 EPA GHG Reporter. NAICS 562212. Pre-qualified high-energy solar candidate."
"Dougherty County - Fleming/Gaissert Rd Landfill","Albany","GA","epa_ghgrp","epa-1003887","https://ghgdata.epa.gov/ghgp/main.do#/facilityDetail?facilityId=epa-1003887","","","","","","","","600","904032","117524","5.6","1458342","","","","","Industrial facility — 2022 EPA GHG Reporter. NAICS 562212. Pre-qualified high-energy solar candidate."
"Camden County Sr 110 Msw Landfill","Woodbine","GA","epa_ghgrp","epa-1003933","https://ghgdata.epa.gov/ghgp/main.do#/facilityDetail?facilityId=epa-1003933","","","","","","","","600","904032","117524","5.6","1458342","","","","","Industrial facility — 2022 EPA GHG Reporter. NAICS 562212. Pre-qualified high-energy solar candidate."
"Hudson Technologies Company","Atlanta","GA","epa_ghgrp","epa-1003934","https://ghgdata.epa.gov/ghgp/main.do#/facilityDetail?facilityId=epa-1003934","","","","","","","","600","904032","117524","5.6","1458342","","","","","Industrial facility — 2022 EPA GHG Reporter. NAICS 424690. Pre-qualified high-energy solar candidate."
"Columbus Schatulga Road Sanitary Lf","Columbus","GA","epa_ghgrp","epa-1003959","https://ghgdata.epa.gov/ghgp/main.do#/facilityDetail?facilityId=epa-1003959","","","","","","","","600","904032","117524","5.6","1458342","","","","","Industrial facility — 2022 EPA GHG Reporter. NAICS 562212. Pre-qualified high-energy solar candidate."
"Hall County Candler Road Mswlf","Gainesville","GA","epa_ghgrp","epa-1003972","https://ghgdata.epa.gov/ghgp/main.do#/facilityDetail?facilityId=epa-1003972","","","","","","","","600","904032","117524","5.6","1458342","","","","","Industrial facility — 2022 EPA GHG Reporter. NAICS 562212. Pre-qualified high-energy solar candidate."
"Houston County Public Works Department","Kathleen","GA","epa_ghgrp","epa-1003983","https://ghgdata.epa.gov/ghgp/main.do#/facilityDetail?facilityId=epa-1003983","","","","","","","","600","904032","117524","5.6","1458342","","","","","Industrial facility — 2022 EPA GHG Reporter. NAICS 562212. Pre-qualified high-energy solar candidate."
"Carbo Ceramics Inc. - Mcintyre Plant","Mcintyre","GA","epa_ghgrp","epa-1004075","https://ghgdata.epa.gov/ghgp/main.do#/facilityDetail?facilityId=epa-1004075","","","","","","","","600","904032","117524","5.6","1458342","","","","","Cement / glass — 2022 EPA GHG Reporter. NAICS 327999. Pre-qualified high-energy solar candidate."
"City Of Covington","Covington","GA","epa_ghgrp","epa-1004077","https://ghgdata.epa.gov/ghgp/main.do#/facilityDetail?facilityId=epa-1004077","","","","","","","","600","904032","117524","5.6","1458342","","","","","Power generation — 2022 EPA GHG Reporter. NAICS 221210. Pre-qualified high-energy solar candidate."
"Cedar Grove Landfill","Barnesville","GA","epa_ghgrp","epa-1004128","https://ghgdata.epa.gov/ghgp/main.do#/facilityDetail?facilityId=epa-1004128","","","","","","","","600","904032","117524","5.6","1458342","","","","","Industrial facility — 2022 EPA GHG Reporter. NAICS 562212. Pre-qualified high-energy solar candidate."
"Hall County Allen Creek Landfill","Gainesville","GA","epa_ghgrp","epa-1004156","https://ghgdata.epa.gov/ghgp/main.do#/facilityDetail?facilityId=epa-1004156","","","","","","","","600","904032","117524","5.6","1458342","","","","","Industrial facility — 2022 EPA GHG Reporter. NAICS 562212. Pre-qualified high-energy solar candidate."
"Carbo Ceramics Inc. - Toomsboro Plant","Toomsboro","GA","epa_ghgrp","epa-1004181","https://ghgdata.epa.gov/ghgp/main.do#/facilityDetail?facilityId=epa-1004181","","","","","","","","600","904032","117524","5.6","1458342","","","","","Cement / glass — 2022 EPA GHG Reporter. NAICS 327999. Pre-qualified high-energy solar candidate."
"Etc Of Georgia, Llc - Grady Road Landfill","Rockmart","GA","epa_ghgrp","epa-1004256","https://ghgdata.epa.gov/ghgp/main.do#/facilityDetail?facilityId=epa-1004256","","","","","","","","600","904032","117524","5.6","1458342","","","","","Industrial facility — 2022 EPA GHG Reporter. NAICS 562212. Pre-qualified high-energy solar candidate."
"City Of Sugar Hill","Sugar Hill","GA","epa_ghgrp","epa-1004387","https://ghgdata.epa.gov/ghgp/main.do#/facilityDetail?facilityId=epa-1004387","","","","","","","","600","904032","117524","5.6","1458342","","","","","Power generation — 2022 EPA GHG Reporter. NAICS 221210. Pre-qualified high-energy solar candidate."
"Georgia Institute Of Technology","Atlanta","GA","epa_ghgrp","epa-1004388","https://ghgdata.epa.gov/ghgp/main.do#/facilityDetail?facilityId=epa-1004388","","","","","","","","600","904032","117524","5.6","1458342","","","","","Industrial facility — 2022 EPA GHG Reporter. NAICS 611310. Pre-qualified high-energy solar candidate."
"City Of Warner Robins","Warner Robins","GA","epa_ghgrp","epa-1004391","https://ghgdata.epa.gov/ghgp/main.do#/facilityDetail?facilityId=epa-1004391","","","","","","","","600","904032","117524","5.6","1458342","","","","","Power generation — 2022 EPA GHG Reporter. NAICS 221210. Pre-qualified high-energy solar candidate."
"Richland Creek Road Landfill","Buford","GA","epa_ghgrp","epa-1004487","https://ghgdata.epa.gov/ghgp/main.do#/facilityDetail?facilityId=epa-1004487","","","","","","","","600","904032","117524","5.6","1458342","","","","","Industrial facility — 2022 EPA GHG Reporter. NAICS 562212. Pre-qualified high-energy solar candidate."
"City Of Winder","Winder","GA","epa_ghgrp","epa-1004523","https://ghgdata.epa.gov/ghgp/main.do#/facilityDetail?facilityId=epa-1004523","","","","","","","","600","904032","117524","5.6","1458342","","","","","Power generation — 2022 EPA GHG Reporter. NAICS 221210. Pre-qualified high-energy solar candidate."
"Caraustar Mill Group Inc Austell Boxboard Mills","Austell","GA","epa_ghgrp","epa-1004554","https://ghgdata.epa.gov/ghgp/main.do#/facilityDetail?facilityId=epa-1004554","","","","","","","","600","904032","117524","5.6","1458342","","","","","Pulp & paper — 2022 EPA GHG Reporter. NAICS 322130. Pre-qualified high-energy solar candidate."
"Hickory Ridge Landfill","Conley","GA","epa_ghgrp","epa-1004559","https://ghgdata.epa.gov/ghgp/main.do#/facilityDetail?facilityId=epa-1004559","","","","","","","","600","904032","117524","5.6","1458342","","","","","Industrial facility — 2022 EPA GHG Reporter. NAICS 562212. Pre-qualified high-energy solar candidate."
"City Of Toccoa","Toccoa","GA","epa_ghgrp","epa-1004566","https://ghgdata.epa.gov/ghgp/main.do#/facilityDetail?facilityId=epa-1004566","","","","","","","","600","904032","117524","5.6","1458342","","","","","Power generation — 2022 EPA GHG Reporter. NAICS 221210. Pre-qualified high-energy solar candidate."
"City Of Thomson","Thomson","GA","epa_ghgrp","epa-1004573","https://ghgdata.epa.gov/ghgp/main.do#/facilityDetail?facilityId=epa-1004573","","","","","","","","600","904032","117524","5.6","1458342","","","","","Power generation — 2022 EPA GHG Reporter. NAICS 221210. Pre-qualified high-energy solar candidate."
"Fitzgerald Utilities","Fitzgerald","GA","epa_ghgrp","epa-1004574","https://ghgdata.epa.gov/ghgp/main.do#/facilityDetail?facilityId=epa-1004574","","","","","","","","600","904032","117524","5.6","1458342","","","","","Power generation — 2022 EPA GHG Reporter. NAICS 221210. Pre-qualified high-energy solar candidate."
"City Of Buford","Buford","GA","epa_ghgrp","epa-1004582","https://ghgdata.epa.gov/ghgp/main.do#/facilityDetail?facilityId=epa-1004582","","","","","","","","600","904032","117524","5.6","1458342","","","","","Power generation — 2022 EPA GHG Reporter. NAICS 221210. Pre-qualified high-energy solar candidate."
"Fort Stewart Hqs 3rd Infantry Division (Mechanized)","Fort Stewart","GA","epa_ghgrp","epa-1004667","https://ghgdata.epa.gov/ghgp/main.do#/facilityDetail?facilityId=epa-1004667","","","","","","","","600","904032","117524","5.6","1458342","","","","","Industrial facility — 2022 EPA GHG Reporter. NAICS 928110. Pre-qualified high-energy solar candidate."
"Thiele Kaolin Company Deepstep Road Plant","Sandersville","GA","epa_ghgrp","epa-1004747","https://ghgdata.epa.gov/ghgp/main.do#/facilityDetail?facilityId=epa-1004747","","","","","","","","600","904032","117524","5.6","1458342","","","","","Industrial facility — 2022 EPA GHG Reporter. NAICS 212323. Pre-qualified high-energy solar candidate."
"Imerys Sandersville Calcine Plant","Sandersville","GA","epa_ghgrp","epa-1004870","https://ghgdata.epa.gov/ghgp/main.do#/facilityDetail?facilityId=epa-1004870","","","","","","","","600","904032","117524","5.6","1458342","","","","","Cement / glass — 2022 EPA GHG Reporter. NAICS 327992. Pre-qualified high-energy solar candidate."
"Interstate Paper Llc Dba Dssmith Riceboro","Riceboro","GA","epa_ghgrp","epa-1004886","https://ghgdata.epa.gov/ghgp/main.do#/facilityDetail?facilityId=epa-1004886","","","","","","","","600","904032","117524","5.6","1458342","","","","","Pulp & paper — 2022 EPA GHG Reporter. NAICS 322130. Pre-qualified high-energy solar candidate."
"International Paper-Port Wentworth","Port Wentworth","GA","epa_ghgrp","epa-1004901","https://ghgdata.epa.gov/ghgp/main.do#/facilityDetail?facilityId=epa-1004901","","","","","","","","600","904032","117524","5.6","1458342","","","","","Pulp & paper — 2022 EPA GHG Reporter. NAICS 322110. Pre-qualified high-energy solar candidate."
"City Of Statesboro","Statesboro","GA","epa_ghgrp","epa-1004910","https://ghgdata.epa.gov/ghgp/main.do#/facilityDetail?facilityId=epa-1004910","","","","","","","","600","904032","117524","5.6","1458342","","","","","Power generation — 2022 EPA GHG Reporter. NAICS 221210. Pre-qualified high-energy solar candidate."
"Anchor Glass Container Corporation - Plant 14","Warner Robins","GA","epa_ghgrp","epa-1004943","https://ghgdata.epa.gov/ghgp/main.do#/facilityDetail?facilityId=epa-1004943","","","","","","","","600","904032","117524","5.6","1458342","","","","","Cement / glass — 2022 EPA GHG Reporter. NAICS 327213. Pre-qualified high-energy solar candidate."
"Tri-County Natural Gas","Union Point","GA","epa_ghgrp","epa-1005007","https://ghgdata.epa.gov/ghgp/main.do#/facilityDetail?facilityId=epa-1005007","","","","","","","","600","904032","117524","5.6","1458342","","","","","Power generation — 2022 EPA GHG Reporter. NAICS 221210. Pre-qualified high-energy solar candidate."
"City Of Lawrenceville","Lawrenceville","GA","epa_ghgrp","epa-1005201","https://ghgdata.epa.gov/ghgp/main.do#/facilityDetail?facilityId=epa-1005201","","","","","","","","600","904032","117524","5.6","1458342","","","","","Power generation — 2022 EPA GHG Reporter. NAICS 221210. Pre-qualified high-energy solar candidate."
"Delta Air Lines Inc.- Atlanta Operations","Atlanta","GA","epa_ghgrp","epa-1005211","https://ghgdata.epa.gov/ghgp/main.do#/facilityDetail?facilityId=epa-1005211","","","","","","","","600","904032","117524","5.6","1458342","","","","","Industrial facility — 2022 EPA GHG Reporter. NAICS 481111. Pre-qualified high-energy solar candidate."
"Savannah-Dean Forest Road Landfill","Savannah","GA","epa_ghgrp","epa-1005314","https://ghgdata.epa.gov/ghgp/main.do#/facilityDetail?facilityId=epa-1005314","","","","","","","","600","904032","117524","5.6","1458342","","","","","Industrial facility — 2022 EPA GHG Reporter. NAICS 924110. Pre-qualified high-energy solar candidate."
"Cemex Southeast Llc","Clinchfield","GA","epa_ghgrp","epa-1005331","https://ghgdata.epa.gov/ghgp/main.do#/facilityDetail?facilityId=epa-1005331","","","","","","","","600","904032","117524","5.6","1458342","","","","","Cement / glass — 2022 EPA GHG Reporter. NAICS 327310. Pre-qualified high-energy solar candidate."
"City Of Wrens","Wrens","GA","epa_ghgrp","epa-1005436","https://ghgdata.epa.gov/ghgp/main.do#/facilityDetail?facilityId=epa-1005436","","","","","","","","600","904032","117524","5.6","1458342","","","","","Power generation — 2022 EPA GHG Reporter. NAICS 221210. Pre-qualified high-energy solar candidate."
"Beaulieu Group, Llc Plant 830","Dalton","GA","epa_ghgrp","epa-1005505","https://ghgdata.epa.gov/ghgp/main.do#/facilityDetail?facilityId=epa-1005505","","","","","","","","600","904032","117524","5.6","1458342","","","","","Industrial facility — 2022 EPA GHG Reporter. NAICS 314110. Pre-qualified high-energy solar candidate."
"City Of Sylvania","Sylvania","GA","epa_ghgrp","epa-1005514","https://ghgdata.epa.gov/ghgp/main.do#/facilityDetail?facilityId=epa-1005514","","","","","","","","600","904032","117524","5.6","1458342","","","","","Power generation — 2022 EPA GHG Reporter. NAICS 221210. Pre-qualified high-energy solar candidate."
"Shaw Industries Group Inc Plant 4","Dalton","GA","epa_ghgrp","epa-1005580","https://ghgdata.epa.gov/ghgp/main.do#/facilityDetail?facilityId=epa-1005580","","","","","","","","600","904032","117524","5.6","1458342","","","","","Industrial facility — 2022 EPA GHG Reporter. NAICS 314110. Pre-qualified high-energy solar candidate."
"City Of Thomasville","Thomasville","GA","epa_ghgrp","epa-1005634","https://ghgdata.epa.gov/ghgp/main.do#/facilityDetail?facilityId=epa-1005634","","","","","","","","600","904032","117524","5.6","1458342","","","","","Power generation — 2022 EPA GHG Reporter. NAICS 221210. Pre-qualified high-energy solar candidate."
"Seminole Road Msw Landfill","Ellenwood","GA","epa_ghgrp","epa-1005638","https://ghgdata.epa.gov/ghgp/main.do#/facilityDetail?facilityId=epa-1005638","","","","","","","","600","904032","117524","5.6","1458342","","","","","Industrial facility — 2022 EPA GHG Reporter. NAICS 562212. Pre-qualified high-energy solar candidate."
"Doyle Energy Facility","Monroe","GA","epa_ghgrp","epa-1005702","https://ghgdata.epa.gov/ghgp/main.do#/facilityDetail?facilityId=epa-1005702","","","","","","","","600","904032","117524","5.6","1458342","","","","","Power generation — 2022 EPA GHG Reporter. NAICS 221112. Pre-qualified high-energy solar candidate."
"Mid-Georgia Cogeneration","Kathleen","GA","epa_ghgrp","epa-1005799","https://ghgdata.epa.gov/ghgp/main.do#/facilityDetail?facilityId=epa-1005799","","","","","","","","600","904032","117524","5.6","1458342","","","","","Power generation — 2022 EPA GHG Reporter. NAICS 221112. Pre-qualified high-energy solar candidate."
"Talbot Energy Facility","Box Springs","GA","epa_ghgrp","epa-1005807","https://ghgdata.epa.gov/ghgp/main.do#/facilityDetail?facilityId=epa-1005807","","","","","","","","600","904032","117524","5.6","1458342","","","","","Power generation — 2022 EPA GHG Reporter. NAICS 221112. Pre-qualified high-energy solar candidate."
"Broadhurst Environmental Landfill","Screven","GA","epa_ghgrp","epa-1005892","https://ghgdata.epa.gov/ghgp/main.do#/facilityDetail?facilityId=epa-1005892","","","","","","","","600","904032","117524","5.6","1458342","","","","","Industrial facility — 2022 EPA GHG Reporter. NAICS 562212. Pre-qualified high-energy solar candidate."
"Roberts Road Landfill","Fayetteville","GA","epa_ghgrp","epa-1005901","https://ghgdata.epa.gov/ghgp/main.do#/facilityDetail?facilityId=epa-1005901","","","","","","","","600","904032","117524","5.6","1458342","","","","","Industrial facility — 2022 EPA GHG Reporter. NAICS 562212. Pre-qualified high-energy solar candidate."
"Hawk Road Energy Facility","Franklin","GA","epa_ghgrp","epa-1005921","https://ghgdata.epa.gov/ghgp/main.do#/facilityDetail?facilityId=epa-1005921","","","","","","","","600","904032","117524","5.6","1458342","","","","","Power generation — 2022 EPA GHG Reporter. NAICS 221112. Pre-qualified high-energy solar candidate."
"Oil-Dri Corp Of Georgia","Ochlocknee","GA","epa_ghgrp","epa-1005981","https://ghgdata.epa.gov/ghgp/main.do#/facilityDetail?facilityId=epa-1005981","","","","","","","","600","904032","117524","5.6","1458342","","","","","Industrial facility — 2022 EPA GHG Reporter. NAICS 212325. Pre-qualified high-energy solar candidate."
"Walker Mountain Landfill-Rome-Floyd Sw Commission","Rome","GA","epa_ghgrp","epa-1006025","https://ghgdata.epa.gov/ghgp/main.do#/facilityDetail?facilityId=epa-1006025","","","","","","","","600","904032","117524","5.6","1458342","","","","","Industrial facility — 2022 EPA GHG Reporter. NAICS 562212. Pre-qualified high-energy solar candidate."
"Athens & Clarke Counties-Dunlap Road Lf","Winterville","GA","epa_ghgrp","epa-1006056","https://ghgdata.epa.gov/ghgp/main.do#/facilityDetail?facilityId=epa-1006056","","","","","","","","600","904032","117524","5.6","1458342","","","","","Industrial facility — 2022 EPA GHG Reporter. NAICS 562212. Pre-qualified high-energy solar candidate."
"International Paper - Flint River Mill","Oglethorpe","GA","epa_ghgrp","epa-1006209","https://ghgdata.epa.gov/ghgp/main.do#/facilityDetail?facilityId=epa-1006209","","","","","","","","600","904032","117524","5.6","1458342","","","","","Pulp & paper — 2022 EPA GHG Reporter. NAICS 322110. Pre-qualified high-energy solar candidate."
"Live Oak Landfill & Recyling Center","Conley","GA","epa_ghgrp","epa-1006229","https://ghgdata.epa.gov/ghgp/main.do#/facilityDetail?facilityId=epa-1006229","","","","","","","","600","904032","117524","5.6","1458342","","","","","Industrial facility — 2022 EPA GHG Reporter. NAICS 562212. Pre-qualified high-energy solar candidate."
"Emory University","Atlanta","GA","epa_ghgrp","epa-1006236","https://ghgdata.epa.gov/ghgp/main.do#/facilityDetail?facilityId=epa-1006236","","","","","","","","600","904032","117524","5.6","1458342","","","","","Industrial facility — 2022 EPA GHG Reporter. NAICS 611310. Pre-qualified high-energy solar candidate."
"Newton County Landfill","Covington","GA","epa_ghgrp","epa-1006279","https://ghgdata.epa.gov/ghgp/main.do#/facilityDetail?facilityId=epa-1006279","","","","","","","","600","904032","117524","5.6","1458342","","","","","Industrial facility — 2022 EPA GHG Reporter. NAICS 562212. Pre-qualified high-energy solar candidate."
"City Of Dublin","Dublin","GA","epa_ghgrp","epa-1006299","https://ghgdata.epa.gov/ghgp/main.do#/facilityDetail?facilityId=epa-1006299","","","","","","","","600","904032","117524","5.6","1458342","","","","","Power generation — 2022 EPA GHG Reporter. NAICS 221210. Pre-qualified high-energy solar candidate."
"Pine Bluff Landfill","Ball Ground","GA","epa_ghgrp","epa-1006328","https://ghgdata.epa.gov/ghgp/main.do#/facilityDetail?facilityId=epa-1006328","","","","","","","","600","904032","117524","5.6","1458342","","","","","Industrial facility — 2022 EPA GHG Reporter. NAICS 562212. Pre-qualified high-energy solar candidate."
"Pratt Industries Mill Div Conyers","Conyers","GA","epa_ghgrp","epa-1006377","https://ghgdata.epa.gov/ghgp/main.do#/facilityDetail?facilityId=epa-1006377","","","","","","","","600","904032","117524","5.6","1458342","","","","","Pulp & paper — 2022 EPA GHG Reporter. NAICS 322130. Pre-qualified high-energy solar candidate."
"Kraft","Port Wentworth","GA","epa_ghgrp","epa-1006574","https://ghgdata.epa.gov/ghgp/main.do#/facilityDetail?facilityId=epa-1006574","","","","","","","","600","904032","117524","5.6","1458342","","","","","Power generation — 2022 EPA GHG Reporter. NAICS 221112. Pre-qualified high-energy solar candidate."
"Bartow County Mswl","Cartersville","GA","epa_ghgrp","epa-1006619","https://ghgdata.epa.gov/ghgp/main.do#/facilityDetail?facilityId=epa-1006619","","","","","","","","600","904032","117524","5.6","1458342","","","","","Industrial facility — 2022 EPA GHG Reporter. NAICS 562212. Pre-qualified high-energy solar candidate."
"Graphic Packaging International - Augusta","Augusta","GA","epa_ghgrp","epa-1006731","https://ghgdata.epa.gov/ghgp/main.do#/facilityDetail?facilityId=epa-1006731","","","","","","","","600","904032","117524","5.6","1458342","","","","","Pulp & paper — 2022 EPA GHG Reporter. NAICS 322120. Pre-qualified high-energy solar candidate."
"Dalton Utilities","Dalton","GA","epa_ghgrp","epa-1006739","https://ghgdata.epa.gov/ghgp/main.do#/facilityDetail?facilityId=epa-1006739","","","","","","","","600","904032","117524","5.6","1458342","","","","","Power generation — 2022 EPA GHG Reporter. NAICS 221210. Pre-qualified high-energy solar candidate."
"International Paper Rome Linerboard Mill","Rome","GA","epa_ghgrp","epa-1006760","https://ghgdata.epa.gov/ghgp/main.do#/facilityDetail?facilityId=epa-1006760","","","","","","","","600","904032","117524","5.6","1458342","","","","","Pulp & paper — 2022 EPA GHG Reporter. NAICS 322130. Pre-qualified high-energy solar candidate."
"University Of Georgia","Athens","GA","epa_ghgrp","epa-1006780","https://ghgdata.epa.gov/ghgp/main.do#/facilityDetail?facilityId=epa-1006780","","","","","","","","600","904032","117524","5.6","1458342","","","","","Industrial facility — 2022 EPA GHG Reporter. NAICS 923110. Pre-qualified high-energy solar candidate."
"International Paper Savanna Mill","Savannah","GA","epa_ghgrp","epa-1006803","https://ghgdata.epa.gov/ghgp/main.do#/facilityDetail?facilityId=epa-1006803","","","","","","","","600","904032","117524","5.6","1458342","","","","","Pulp & paper — 2022 EPA GHG Reporter. NAICS 322130. Pre-qualified high-energy solar candidate."
"Key Road Landfill","Atlanta","GA","epa_ghgrp","epa-1006807","https://ghgdata.epa.gov/ghgp/main.do#/facilityDetail?facilityId=epa-1006807","","","","","","","","600","904032","117524","5.6","1458342","","","","","Industrial facility — 2022 EPA GHG Reporter. NAICS 562212. Pre-qualified high-energy solar candidate."
"Basf Corporation","Gordon","GA","epa_ghgrp","epa-1006829","https://ghgdata.epa.gov/ghgp/main.do#/facilityDetail?facilityId=epa-1006829","","","","","","","","600","904032","117524","5.6","1458342","","","","","Industrial facility — 2022 EPA GHG Reporter. NAICS 212323. Pre-qualified high-energy solar candidate."
"Gun Club Road Landfill","Atlanta","GA","epa_ghgrp","epa-1006858","https://ghgdata.epa.gov/ghgp/main.do#/facilityDetail?facilityId=epa-1006858","","","","","","","","600","904032","117524","5.6","1458342","","","","","Industrial facility — 2022 EPA GHG Reporter. NAICS 562212. Pre-qualified high-energy solar candidate."
"Anheuser-Busch, Inc. Cartersvi Lle Brewery","Cartersville","GA","epa_ghgrp","epa-1006904","https://ghgdata.epa.gov/ghgp/main.do#/facilityDetail?facilityId=epa-1006904","","","","","","","","600","904032","117524","5.6","1458342","","","","","Industrial facility — 2022 EPA GHG Reporter. NAICS 312120. Pre-qualified high-energy solar candidate."
"Transco Station 120","Stockbridge","GA","epa_ghgrp","epa-1007004","https://ghgdata.epa.gov/ghgp/main.do#/facilityDetail?facilityId=epa-1007004","","","","","","","","600","904032","117524","5.6","1458342","","","","","Industrial facility — 2022 EPA GHG Reporter. NAICS 486210. Pre-qualified high-energy solar candidate."
"Fulton County Merk Miles Road Landfill","College Park Road","GA","epa_ghgrp","epa-1007007","https://ghgdata.epa.gov/ghgp/main.do#/facilityDetail?facilityId=epa-1007007","","","","","","","","600","904032","117524","5.6","1458342","","","","","Industrial facility — 2022 EPA GHG Reporter. NAICS 562212. Pre-qualified high-energy solar candidate."
"Wansley (7946)","Franklin","GA","epa_ghgrp","epa-1007100","https://ghgdata.epa.gov/ghgp/main.do#/facilityDetail?facilityId=epa-1007100","","","","","","","","600","904032","117524","5.6","1458342","","","","","Power generation — 2022 EPA GHG Reporter. NAICS 221112. Pre-qualified high-energy solar candidate."
"W I Taylor County Landfill Llc","Mauk","GA","epa_ghgrp","epa-1007124","https://ghgdata.epa.gov/ghgp/main.do#/facilityDetail?facilityId=epa-1007124","","","","","","","","600","904032","117524","5.6","1458342","","","","","Industrial facility — 2022 EPA GHG Reporter. NAICS 562212. Pre-qualified high-energy solar candidate."
"Aladdin Mills - Antioch Rd Pla Nt","Dalton","GA","epa_ghgrp","epa-1007272","https://ghgdata.epa.gov/ghgp/main.do#/facilityDetail?facilityId=epa-1007272","","","","","","","","600","904032","117524","5.6","1458342","","","","","Industrial facility — 2022 EPA GHG Reporter. NAICS 314110. Pre-qualified high-energy solar candidate."
"City Of Tifton / Omega / Eldorado Road Lf","Tifton","GA","epa_ghgrp","epa-1007290","https://ghgdata.epa.gov/ghgp/main.do#/facilityDetail?facilityId=epa-1007290","","","","","","","","600","904032","117524","5.6","1458342","","","","","Industrial facility — 2022 EPA GHG Reporter. NAICS 562212. Pre-qualified high-energy solar candidate."
"Sowega Power Project","Baconton","GA","epa_ghgrp","epa-1007293","https://ghgdata.epa.gov/ghgp/main.do#/facilityDetail?facilityId=epa-1007293","","","","","","","","600","904032","117524","5.6","1458342","","","","","Power generation — 2022 EPA GHG Reporter. NAICS 221112. Pre-qualified high-energy solar candidate."
"Georgia-Pacific Savannah River Llc","Rincon","GA","epa_ghgrp","epa-1007453","https://ghgdata.epa.gov/ghgp/main.do#/facilityDetail?facilityId=epa-1007453","","","","","","","","600","904032","117524","5.6","1458342","","","","","Pulp & paper — 2022 EPA GHG Reporter. NAICS 322120. Pre-qualified high-energy solar candidate."
"Catoosa County Municipal Solid Waste Landfill","Ringgold","GA","epa_ghgrp","epa-1007502","https://ghgdata.epa.gov/ghgp/main.do#/facilityDetail?facilityId=epa-1007502","","","","","","","","600","904032","117524","5.6","1458342","","","","","Industrial facility — 2022 EPA GHG Reporter. NAICS 562212. Pre-qualified high-energy solar candidate."
"Bolton Road Landfill","Atlanta","GA","epa_ghgrp","epa-1007541","https://ghgdata.epa.gov/ghgp/main.do#/facilityDetail?facilityId=epa-1007541","","","","","","","","600","904032","117524","5.6","1458342","","","","","Industrial facility — 2022 EPA GHG Reporter. NAICS 562212. Pre-qualified high-energy solar candidate."
"Thiele Kaolin Company Reedy Creek Plant","Wrens","GA","epa_ghgrp","epa-1007678","https://ghgdata.epa.gov/ghgp/main.do#/facilityDetail?facilityId=epa-1007678","","","","","","","","600","904032","117524","5.6","1458342","","","","","Industrial facility — 2022 EPA GHG Reporter. NAICS 212323. Pre-qualified high-energy solar candidate."
"R & B Landfill","Homer","GA","epa_ghgrp","epa-1007798","https://ghgdata.epa.gov/ghgp/main.do#/facilityDetail?facilityId=epa-1007798","","","","","","","","600","904032","117524","5.6","1458342","","","","","Industrial facility — 2022 EPA GHG Reporter. NAICS 562212. Pre-qualified high-energy solar candidate."
"Atlanta Gas Light Company","Atlanta","GA","epa_ghgrp","epa-1007872","https://ghgdata.epa.gov/ghgp/main.do#/facilityDetail?facilityId=epa-1007872","","","","","","","","600","904032","117524","5.6","1458342","","","","","Power generation — 2022 EPA GHG Reporter. NAICS 221210. Pre-qualified high-energy solar candidate."
"Basf Corp Attapulgus Ops","Attapulgus","GA","epa_ghgrp","epa-1007885","https://ghgdata.epa.gov/ghgp/main.do#/facilityDetail?facilityId=epa-1007885","","","","","","","","600","904032","117524","5.6","1458342","","","","","Cement / glass — 2022 EPA GHG Reporter. NAICS 327992. Pre-qualified high-energy solar candidate."
"Swift Creek Environmental Landfill","Macon","GA","epa_ghgrp","epa-1007888","https://ghgdata.epa.gov/ghgp/main.do#/facilityDetail?facilityId=epa-1007888","","","","","","","","600","904032","117524","5.6","1458342","","","","","Industrial facility — 2022 EPA GHG Reporter. NAICS 562212. Pre-qualified high-energy solar candidate."
"Chesser Island Road Landfill","Folkston","GA","epa_ghgrp","epa-1007899","https://ghgdata.epa.gov/ghgp/main.do#/facilityDetail?facilityId=epa-1007899","","","","","","","","600","904032","117524","5.6","1458342","","","","","Industrial facility — 2022 EPA GHG Reporter. NAICS 562212. Pre-qualified high-energy solar candidate."
"Bj Landfill","Norcross","GA","epa_ghgrp","epa-1007900","https://ghgdata.epa.gov/ghgp/main.do#/facilityDetail?facilityId=epa-1007900","","","","","","","","600","904032","117524","5.6","1458342","","","","","Industrial facility — 2022 EPA GHG Reporter. NAICS 562212. Pre-qualified high-energy solar candidate."
"Cartersville Gas System","Cartersville","GA","epa_ghgrp","epa-1007939","https://ghgdata.epa.gov/ghgp/main.do#/facilityDetail?facilityId=epa-1007939","","","","","","","","600","904032","117524","5.6","1458342","","","","","Power generation — 2022 EPA GHG Reporter. NAICS 221210. Pre-qualified high-energy solar candidate."
"King America Finishing, Inc.","Sylvania","GA","epa_ghgrp","epa-1007971","https://ghgdata.epa.gov/ghgp/main.do#/facilityDetail?facilityId=epa-1007971","","","","","","","","600","904032","117524","5.6","1458342","","","","","Industrial facility — 2022 EPA GHG Reporter. NAICS 313310. Pre-qualified high-energy solar candidate."
"Mohawk Industries - S. Hamilton St. Plant","Dalton","GA","epa_ghgrp","epa-1008021","https://ghgdata.epa.gov/ghgp/main.do#/facilityDetail?facilityId=epa-1008021","","","","","","","","600","904032","117524","5.6","1458342","","","","","Industrial facility — 2022 EPA GHG Reporter. NAICS 314110. Pre-qualified high-energy solar candidate."
"Transco Station 130","Comer","GA","epa_ghgrp","epa-1008043","https://ghgdata.epa.gov/ghgp/main.do#/facilityDetail?facilityId=epa-1008043","","","","","","","","600","904032","117524","5.6","1458342","","","","","Industrial facility — 2022 EPA GHG Reporter. NAICS 486210. Pre-qualified high-energy solar candidate."
"Sng Station 5283 Hall Gate, Ga","Milledgeville","GA","epa_ghgrp","epa-1008226","https://ghgdata.epa.gov/ghgp/main.do#/facilityDetail?facilityId=epa-1008226","","","","","","","","600","904032","117524","5.6","1458342","","","","","Industrial facility — 2022 EPA GHG Reporter. NAICS 486210. Pre-qualified high-energy solar candidate."
"Sng Station 5272 Thomaston, Ga","Thomaston","GA","epa_ghgrp","epa-1008250","https://ghgdata.epa.gov/ghgp/main.do#/facilityDetail?facilityId=epa-1008250","","","","","","","","600","904032","117524","5.6","1458342","","","","","Industrial facility — 2022 EPA GHG Reporter. NAICS 486210. Pre-qualified high-energy solar candidate."
"Transco Station 125","Monroe","GA","epa_ghgrp","epa-1009154","https://ghgdata.epa.gov/ghgp/main.do#/facilityDetail?facilityId=epa-1009154","","","","","","","","600","904032","117524","5.6","1458342","","","","","Industrial facility — 2022 EPA GHG Reporter. NAICS 486210. Pre-qualified high-energy solar candidate."
"Sng Station 5267 Ellerslie, Ga","Ellerslie","GA","epa_ghgrp","epa-1009206","https://ghgdata.epa.gov/ghgp/main.do#/facilityDetail?facilityId=epa-1009206","","","","","","","","600","904032","117524","5.6","1458342","","","","","Industrial facility — 2022 EPA GHG Reporter. NAICS 486210. Pre-qualified high-energy solar candidate."
"Certainteed","Athens","GA","epa_ghgrp","epa-1009491","https://ghgdata.epa.gov/ghgp/main.do#/facilityDetail?facilityId=epa-1009491","","","","","","","","600","904032","117524","5.6","1458342","","","","","Cement / glass — 2022 EPA GHG Reporter. NAICS 327993. Pre-qualified high-energy solar candidate."
"Southern Company Transmission And Distribution","Atlanta","GA","epa_ghgrp","epa-1009585","https://ghgdata.epa.gov/ghgp/main.do#/facilityDetail?facilityId=epa-1009585","","","","","","","","600","904032","117524","5.6","1458342","","","","","Power generation — 2022 EPA GHG Reporter. NAICS 221121. Pre-qualified high-energy solar candidate."
"Crisp County Landfill","Cordele","GA","epa_ghgrp","epa-1009669","https://ghgdata.epa.gov/ghgp/main.do#/facilityDetail?facilityId=epa-1009669","","","","","","","","600","904032","117524","5.6","1458342","","","","","Industrial facility — 2022 EPA GHG Reporter. NAICS 562212. Pre-qualified high-energy solar candidate."
"Georgia Transmission Corporation","Tucker","GA","epa_ghgrp","epa-1009791","https://ghgdata.epa.gov/ghgp/main.do#/facilityDetail?facilityId=epa-1009791","","","","","","","","600","904032","117524","5.6","1458342","","","","","Power generation — 2022 EPA GHG Reporter. NAICS 221121. Pre-qualified high-energy solar candidate."
"Sng Station 5288 Wrens, Ga","Wrens","GA","epa_ghgrp","epa-1009889","https://ghgdata.epa.gov/ghgp/main.do#/facilityDetail?facilityId=epa-1009889","","","","","","","","600","904032","117524","5.6","1458342","","","","","Industrial facility — 2022 EPA GHG Reporter. NAICS 486210. Pre-qualified high-energy solar candidate."
"Turkey Run Landfill","Hogansville","GA","epa_ghgrp","epa-1010392","https://ghgdata.epa.gov/ghgp/main.do#/facilityDetail?facilityId=epa-1010392","","","","","","","","600","904032","117524","5.6","1458342","","","","","Industrial facility — 2022 EPA GHG Reporter. NAICS 562212. Pre-qualified high-energy solar candidate."
"Wansley Cc","Franklin","GA","epa_ghgrp","epa-1010612","https://ghgdata.epa.gov/ghgp/main.do#/facilityDetail?facilityId=epa-1010612","","","","","","","","600","904032","117524","5.6","1458342","","","","","Power generation — 2022 EPA GHG Reporter. NAICS 221112. Pre-qualified high-energy solar candidate."
"Imerys Oilfield Minerals","Andersonville","GA","epa_ghgrp","epa-1010725","https://ghgdata.epa.gov/ghgp/main.do#/facilityDetail?facilityId=epa-1010725","","","","","","","","600","904032","117524","5.6","1458342","","","","","Cement / glass — 2022 EPA GHG Reporter. NAICS 327992. Pre-qualified high-energy solar candidate."
"Albany Water, Gas And Light Commission","Albany","GA","epa_ghgrp","epa-1010984","https://ghgdata.epa.gov/ghgp/main.do#/facilityDetail?facilityId=epa-1010984","","","","","","","","600","904032","117524","5.6","1458342","","","","","Power generation — 2022 EPA GHG Reporter. NAICS 221210. Pre-qualified high-energy solar candidate."
"Cherokee Brick & Tile Company","Macon","GA","epa_ghgrp","epa-1010990","https://ghgdata.epa.gov/ghgp/main.do#/facilityDetail?facilityId=epa-1010990","","","","","","","","600","904032","117524","5.6","1458342","","","","","Cement / glass — 2022 EPA GHG Reporter. NAICS 327120. Pre-qualified high-energy solar candidate."
"Eec Station 5412 Hartwell, Ga","Elberton","GA","epa_ghgrp","epa-1011007","https://ghgdata.epa.gov/ghgp/main.do#/facilityDetail?facilityId=epa-1011007","","","","","","","","600","904032","117524","5.6","1458342","","","","","Industrial facility — 2022 EPA GHG Reporter. NAICS 486210. Pre-qualified high-energy solar candidate."
"Habersham County - S.R.-13 Municipal Solid Waste Landfill","Mt. Airy","GA","epa_ghgrp","epa-1011008","https://ghgdata.epa.gov/ghgp/main.do#/facilityDetail?facilityId=epa-1011008","","","","","","","","600","904032","117524","5.6","1458342","","","","","Industrial facility — 2022 EPA GHG Reporter. NAICS 562212. Pre-qualified high-energy solar candidate."
"Us Ceramics Llc","Wrens","GA","epa_ghgrp","epa-1011216","https://ghgdata.epa.gov/ghgp/main.do#/facilityDetail?facilityId=epa-1011216","","","","","","","","600","904032","117524","5.6","1458342","","","","","Industrial facility — 2022 EPA GHG Reporter. NAICS 212323. Pre-qualified high-energy solar candidate."
"Us Silica Company - Millen Plant","Millen","GA","epa_ghgrp","epa-1011500","https://ghgdata.epa.gov/ghgp/main.do#/facilityDetail?facilityId=epa-1011500","","","","","","","","600","904032","117524","5.6","1458342","","","","","Cement / glass — 2022 EPA GHG Reporter. NAICS 327999. Pre-qualified high-energy solar candidate."
"Gold Bond - Sav Plant","Garden City","GA","epa_ghgrp","epa-1011579","https://ghgdata.epa.gov/ghgp/main.do#/facilityDetail?facilityId=epa-1011579","","","","","","","","600","904032","117524","5.6","1458342","","","","","Cement / glass — 2022 EPA GHG Reporter. NAICS 327420. Pre-qualified high-energy solar candidate."
"Decatur County Solid Waste Facility","Attapulgus","GA","epa_ghgrp","epa-1011663","https://ghgdata.epa.gov/ghgp/main.do#/facilityDetail?facilityId=epa-1011663","","","","","","","","600","904032","117524","5.6","1458342","","","","","Industrial facility — 2022 EPA GHG Reporter. NAICS 562212. Pre-qualified high-energy solar candidate."
"Macon Bibb Walker Road Mswl","Macon","GA","epa_ghgrp","epa-1011793","https://ghgdata.epa.gov/ghgp/main.do#/facilityDetail?facilityId=epa-1011793","","","","","","","","600","904032","117524","5.6","1458342","","","","","Industrial facility — 2022 EPA GHG Reporter. NAICS 562212. Pre-qualified high-energy solar candidate."
"Metroplex Energy Inc","Atlanta","GA","epa_ghgrp","epa-1011945","https://ghgdata.epa.gov/ghgp/main.do#/facilityDetail?facilityId=epa-1011945","","","","","","","","600","904032","117524","5.6","1458342","","","","","Industrial facility — 2022 EPA GHG Reporter. NAICS 424720. Pre-qualified high-energy solar candidate."
"City Of Commerce","Commerce","GA","epa_ghgrp","epa-1011987","https://ghgdata.epa.gov/ghgp/main.do#/facilityDetail?facilityId=epa-1011987","","","","","","","","600","904032","117524","5.6","1458342","","","","","Power generation — 2022 EPA GHG Reporter. NAICS 221210. Pre-qualified high-energy solar candidate."
"Macon Lng","Macon","GA","epa_ghgrp","epa-1012015","https://ghgdata.epa.gov/ghgp/main.do#/facilityDetail?facilityId=epa-1012015","","","","","","","","600","904032","117524","5.6","1458342","","","","","Power generation — 2022 EPA GHG Reporter. NAICS 221210. Pre-qualified high-energy solar candidate."
"City Of Monticello","Monticello","GA","epa_ghgrp","epa-1012020","https://ghgdata.epa.gov/ghgp/main.do#/facilityDetail?facilityId=epa-1012020","","","","","","","","600","904032","117524","5.6","1458342","","","","","Power generation — 2022 EPA GHG Reporter. NAICS 221210. Pre-qualified high-energy solar candidate."
"Cherokee Lng","Ballground","GA","epa_ghgrp","epa-1012033","https://ghgdata.epa.gov/ghgp/main.do#/facilityDetail?facilityId=epa-1012033","","","","","","","","600","904032","117524","5.6","1458342","","","","","Power generation — 2022 EPA GHG Reporter. NAICS 221210. Pre-qualified high-energy solar candidate."
"City Of Adairsville","Adairsville","GA","epa_ghgrp","epa-1012067","https://ghgdata.epa.gov/ghgp/main.do#/facilityDetail?facilityId=epa-1012067","","","","","","","","600","904032","117524","5.6","1458342","","","","","Power generation — 2022 EPA GHG Reporter. NAICS 221210. Pre-qualified high-energy solar candidate."
"Georgia-Pacific Wood Products, Llc - Monticello Mdf Plant","Monticello","GA","epa_ghgrp","epa-1012128","https://ghgdata.epa.gov/ghgp/main.do#/facilityDetail?facilityId=epa-1012128","","","","","","","","600","904032","117524","5.6","1458342","","","","","Industrial facility — 2022 EPA GHG Reporter. NAICS 321219. Pre-qualified high-energy solar candidate."
"Baker Pl Rd Landfill","Grovetown","GA","epa_ghgrp","epa-1012394","https://ghgdata.epa.gov/ghgp/main.do#/facilityDetail?facilityId=epa-1012394","","","","","","","","600","904032","117524","5.6","1458342","","","","","Industrial facility — 2022 EPA GHG Reporter. NAICS 562212. Pre-qualified high-energy solar candidate."
"Laurens Co - Old Macon Road Mswl","Dublin","GA","epa_ghgrp","epa-1012422","https://ghgdata.epa.gov/ghgp/main.do#/facilityDetail?facilityId=epa-1012422","","","","","","","","600","904032","117524","5.6","1458342","","","","","Industrial facility — 2022 EPA GHG Reporter. NAICS 562212. Pre-qualified high-energy solar candidate."
"Shaw Industries Group, Inc., Plant 80","Dalton","GA","epa_ghgrp","epa-1012646","https://ghgdata.epa.gov/ghgp/main.do#/facilityDetail?facilityId=epa-1012646","","","","","","","","600","904032","117524","5.6","1458342","","","","","Industrial facility — 2022 EPA GHG Reporter. NAICS 314110. Pre-qualified high-energy solar candidate."
"Albany Green Energy","Albany","GA","epa_ghgrp","epa-1012844","https://ghgdata.epa.gov/ghgp/main.do#/facilityDetail?facilityId=epa-1012844","","","","","","","","600","904032","117524","5.6","1458342","","","","","Power generation — 2022 EPA GHG Reporter. NAICS 221112. Pre-qualified high-energy solar candidate."
"Eec Station 5401 Rincon, Ga","Guyton","GA","epa_ghgrp","epa-1012929","https://ghgdata.epa.gov/ghgp/main.do#/facilityDetail?facilityId=epa-1012929","","","","","","","","600","904032","117524","5.6","1458342","","","","","Industrial facility — 2022 EPA GHG Reporter. NAICS 486210. Pre-qualified high-energy solar candidate."
"Accella Polyurethane Systems","Cartersville","GA","epa_ghgrp","epa-1013097","https://ghgdata.epa.gov/ghgp/main.do#/facilityDetail?facilityId=epa-1013097","","","","","","","","600","904032","117524","5.6","1458342","","","","","Industrial facility — 2022 EPA GHG Reporter. NAICS 326150. Pre-qualified high-energy solar candidate."
"Green Power Solutions Of Georgia, Llc","Dublin","GA","epa_ghgrp","epa-1013284","https://ghgdata.epa.gov/ghgp/main.do#/facilityDetail?facilityId=epa-1013284","","","","","","","","600","904032","117524","5.6","1458342","","","","","Power generation — 2022 EPA GHG Reporter. NAICS 221112. Pre-qualified high-energy solar candidate."
"Transco Station 116","Whitesburg","GA","epa_ghgrp","epa-1013305","https://ghgdata.epa.gov/ghgp/main.do#/facilityDetail?facilityId=epa-1013305","","","","","","","","600","904032","117524","5.6","1458342","","","","","Industrial facility — 2022 EPA GHG Reporter. NAICS 486210. Pre-qualified high-energy solar candidate."
"Hollingsworth & Vose","Hawkinsville","GA","epa_ghgrp","epa-1013333","https://ghgdata.epa.gov/ghgp/main.do#/facilityDetail?facilityId=epa-1013333","","","","","","","","600","904032","117524","5.6","1458342","","","","","Industrial facility — 2022 EPA GHG Reporter. NAICS 423990. Pre-qualified high-energy solar candidate."
"P-D Valmiera Glass Usa Corp","Dublin","GA","epa_ghgrp","epa-1013352","https://ghgdata.epa.gov/ghgp/main.do#/facilityDetail?facilityId=epa-1013352","","","","","","","","600","904032","117524","5.6","1458342","","","","","Cement / glass — 2022 EPA GHG Reporter. NAICS 327212. Pre-qualified high-energy solar candidate."
"Porsche Cars North America Inc","Atlanta","GA","epa_ghgrp","epa-1013761","https://ghgdata.epa.gov/ghgp/main.do#/facilityDetail?facilityId=epa-1013761","","","","","","","","600","904032","117524","5.6","1458342","","","","","Industrial facility — 2022 EPA GHG Reporter. NAICS 423110. Pre-qualified high-energy solar candidate."
"Irving Consumer Products Inc - Macon","Macon","GA","epa_ghgrp","epa-1013821","https://ghgdata.epa.gov/ghgp/main.do#/facilityDetail?facilityId=epa-1013821","","","","","","","","600","904032","117524","5.6","1458342","","","","","Pulp & paper — 2022 EPA GHG Reporter. NAICS 322120. Pre-qualified high-energy solar candidate."
"Albany","Dougherty","GA","epa_ghgrp","epa-1013912","https://ghgdata.epa.gov/ghgp/main.do#/facilityDetail?facilityId=epa-1013912","","","","","","","","600","904032","117524","5.6","1458342","","","","","Industrial facility — 2022 EPA GHG Reporter. NAICS 486210. Pre-qualified high-energy solar candidate."
"Georgia-Pacific Wood Products Llc Albany Lumber","Albany","GA","epa_ghgrp","epa-1014209","https://ghgdata.epa.gov/ghgp/main.do#/facilityDetail?facilityId=epa-1014209","","","","","","","","600","904032","117524","5.6","1458342","","","","","Industrial facility — 2022 EPA GHG Reporter. NAICS 321113. Pre-qualified high-energy solar candidate."
"Eec Station 5406 Jefferson County, Ga","Wrens","GA","epa_ghgrp","epa-1014305","https://ghgdata.epa.gov/ghgp/main.do#/facilityDetail?facilityId=epa-1014305","","","","","","","","600","904032","117524","5.6","1458342","","","","","Industrial facility — 2022 EPA GHG Reporter. NAICS 486210. Pre-qualified high-energy solar candidate."
"Municipal Electric Authority Of Georgia","Atlanta","GA","epa_ghgrp","epa-1014318","https://ghgdata.epa.gov/ghgp/main.do#/facilityDetail?facilityId=epa-1014318","","","","","","","","600","904032","117524","5.6","1458342","","","","","Power generation — 2022 EPA GHG Reporter. NAICS 221122. Pre-qualified high-energy solar candidate."
"Colonial Pipeline","Atlanta","GA","osm_industrial","osm-34770724","https://www.openstreetmap.org/way/osm-34770724","","","","","","","","600","904032","117524","5.6","1458342","","","","","Petroleum_terminal building. Roof-suitable for rooftop PV. Verify ownership + contact before outreach."
"Hewlett-Packard","Atlanta","GA","osm_industrial","osm-34770750","https://www.openstreetmap.org/way/osm-34770750","","","","","","","","600","904032","117524","5.6","1458342","","","","","Industrial building. Roof-suitable for rooftop PV. Verify ownership + contact before outreach."
"Ufp Construction Materials","Atlanta","GA","osm_industrial","osm-34771416","https://www.openstreetmap.org/way/osm-34771416","","","","","","","","600","904032","117524","5.6","1458342","","","","","Industrial building. Roof-suitable for rooftop PV. Verify ownership + contact before outreach."
"J.B. Hunt","Atlanta","GA","osm_industrial","osm-34772561","https://www.openstreetmap.org/way/osm-34772561","","","","","","","","600","904032","117524","5.6","1458342","","","","","Industrial building. Roof-suitable for rooftop PV. Verify ownership + contact before outreach."
"Ups Doraville","Atlanta","GA","osm_industrial","osm-34772574","https://www.openstreetmap.org/way/osm-34772574","","","","","","","","600","904032","117524","5.6","1458342","","","","","Industrial building. Roof-suitable for rooftop PV. Verify ownership + contact before outreach."
"Airport Industrial Park","Atlanta","GA","osm_industrial","osm-34772575","https://www.openstreetmap.org/way/osm-34772575","","","","","","","","600","904032","117524","5.6","1458342","","","","","Industrial building. Roof-suitable for rooftop PV. Verify ownership + contact before outreach."
"Northwest Business Center","Marietta","GA","osm_industrial","osm-34772580","https://www.openstreetmap.org/way/osm-34772580","","","","","","","","600","904032","117524","5.6","1458342","","","","","Industrial building. Roof-suitable for rooftop PV. Verify ownership + contact before outreach."
"Atlanta Gas & Light","Atlanta","GA","osm_industrial","osm-34823086","https://www.openstreetmap.org/way/osm-34823086","","","","","","","","600","904032","117524","5.6","1458342","","","","","Gas building. Roof-suitable for rooftop PV. Verify ownership + contact before outreach."
"Intelsat","Atlanta","GA","osm_industrial","osm-34847678","https://www.openstreetmap.org/way/osm-34847678","","","","","","","","600","904032","117524","5.6","1458342","","","","","Industrial building. Roof-suitable for rooftop PV. Verify ownership + contact before outreach."
"Flexential","Alpharetta","GA","osm_industrial","osm-39083797","https://www.openstreetmap.org/way/osm-39083797","","","","","","","","600","904032","117524","5.6","1458342","","","","","Industrial building. Roof-suitable for rooftop PV. Verify ownership + contact before outreach."
"Student Competition Center","Atlanta","GA","osm_industrial","osm-43329453","https://www.openstreetmap.org/way/osm-43329453","","","","","","","","600","904032","117524","5.6","1458342","","","","","Industrial building. Roof-suitable for rooftop PV. Verify ownership + contact before outreach."
"Metropolitan Atlanta Rapid Transit Authority","Atlanta","GA","osm_industrial","osm-51301681","https://www.openstreetmap.org/way/osm-51301681","","","","","","","","600","904032","117524","5.6","1458342","","","","","Industrial building. Roof-suitable for rooftop PV. Verify ownership + contact before outreach."
"Garnett Station Place","Atlanta","GA","osm_industrial","osm-55464785","https://www.openstreetmap.org/way/osm-55464785","","","","","","","","600","904032","117524","5.6","1458342","","","","","Industrial building. Roof-suitable for rooftop PV. Verify ownership + contact before outreach."
"Ponce City Market","Atlanta","GA","osm_industrial","osm-184803195","https://www.openstreetmap.org/way/osm-184803195","","","","","","","","600","904032","117524","5.6","1458342","","","","","Industrial building. Roof-suitable for rooftop PV. Verify ownership + contact before outreach."
"Georgia Power","Atlanta","GA","osm_industrial","osm-186847078","https://www.openstreetmap.org/way/osm-186847078","","","","","","","","600","904032","117524","5.6","1458342","","","","","Industrial building. Roof-suitable for rooftop PV. Verify ownership + contact before outreach."
"Diaz Foods Wholesale","Atlanta","GA","osm_industrial","osm-201142375","https://www.openstreetmap.org/way/osm-201142375","","","","","","","","600","904032","117524","5.6","1458342","","","","","Industrial building. Roof-suitable for rooftop PV. Verify ownership + contact before outreach."
"Laddawn","Atlanta","GA","osm_industrial","osm-201424817","https://www.openstreetmap.org/way/osm-201424817","","","","","","","","600","904032","117524","5.6","1458342","","","","","Industrial building. Roof-suitable for rooftop PV. Verify ownership + contact before outreach."
"Transcontinental Gas Pipe Line Company, Llc","Atlanta","GA","osm_industrial","osm-256583286","https://www.openstreetmap.org/way/osm-256583286","","","","","","","","600","904032","117524","5.6","1458342","","","","","Industrial building. Roof-suitable for rooftop PV. Verify ownership + contact before outreach."
"Atlanta Airport Tank Farm","Atlanta","GA","osm_industrial","osm-256882763","https://www.openstreetmap.org/way/osm-256882763","","","","","","","","600","904032","117524","5.6","1458342","","","","","Oil_storage building. Roof-suitable for rooftop PV. Verify ownership + contact before outreach."
"Products (Se) Pipe Line Corporation","Atlanta","GA","osm_industrial","osm-256882769","https://www.openstreetmap.org/way/osm-256882769","","","","","","","","600","904032","117524","5.6","1458342","","","","","Industrial building. Roof-suitable for rooftop PV. Verify ownership + contact before outreach."
"Colonial Pipeline","Atlanta","GA","osm_industrial","osm-256901527","https://www.openstreetmap.org/way/osm-256901527","","","","","","","","600","904032","117524","5.6","1458342","","","","","Oil building. Roof-suitable for rooftop PV. Verify ownership + contact before outreach."
"Auto Xperts","Atlanta","GA","osm_industrial","osm-264238772","https://www.openstreetmap.org/way/osm-264238772","","","","","","","","600","904032","117524","5.6","1458342","","","","","Industrial building. Roof-suitable for rooftop PV. Verify ownership + contact before outreach."
"Enzo'S Automotive Service","Marietta","GA","osm_industrial","osm-264238783","https://www.openstreetmap.org/way/osm-264238783","","","","","","","","600","904032","117524","5.6","1458342","","","","","Industrial building. Roof-suitable for rooftop PV. Verify ownership + contact before outreach."
"King Roof Renovations","Atlanta","GA","osm_industrial","osm-264238945","https://www.openstreetmap.org/way/osm-264238945","","","","","","","","600","904032","117524","5.6","1458342","","","","","Industrial building. Roof-suitable for rooftop PV. Verify ownership + contact before outreach."
"Autoforte","Atlanta","GA","osm_industrial","osm-264240275","https://www.openstreetmap.org/way/osm-264240275","","","","","","","","600","904032","117524","5.6","1458342","","","","","Industrial building. Roof-suitable for rooftop PV. Verify ownership + contact before outreach."
"Classic Collision","Atlanta","GA","osm_industrial","osm-264240278","https://www.openstreetmap.org/way/osm-264240278","","","","","","","","600","904032","117524","5.6","1458342","","","","","Industrial building. Roof-suitable for rooftop PV. Verify ownership + contact before outreach."
"Asian One, Inc.","Atlanta","GA","osm_industrial","osm-264240280","https://www.openstreetmap.org/way/osm-264240280","","","","","","","","600","904032","117524","5.6","1458342","","","","","Industrial building. Roof-suitable for rooftop PV. Verify ownership + contact before outreach."
"Midas","Marietta","GA","osm_industrial","osm-264240282","https://www.openstreetmap.org/way/osm-264240282","","","","","","","","600","904032","117524","5.6","1458342","","","","","Industrial building. Roof-suitable for rooftop PV. Verify ownership + contact before outreach."
"Caliber Collision","Atlanta","GA","osm_industrial","osm-264240283","https://www.openstreetmap.org/way/osm-264240283","","","","","","","","600","904032","117524","5.6","1458342","","","","","Industrial building. Roof-suitable for rooftop PV. Verify ownership + contact before outreach."
"Abra Auto Body & Glass","Marietta","GA","osm_industrial","osm-264240294","https://www.openstreetmap.org/way/osm-264240294","","","","","","","","600","904032","117524","5.6","1458342","","","","","Industrial building. Roof-suitable for rooftop PV. Verify ownership + contact before outreach."
"Yamaha Motor Corporation, Usa - Kennesaw","Atlanta","GA","osm_industrial","osm-267604479","https://www.openstreetmap.org/way/osm-267604479","","","","","","","","600","904032","117524","5.6","1458342","","","","","Industrial building. Roof-suitable for rooftop PV. Verify ownership + contact before outreach."
"The Complex","Atlanta","GA","osm_industrial","osm-269396418","https://www.openstreetmap.org/way/osm-269396418","","","","","","","","600","904032","117524","5.6","1458342","","","","","Industrial building. Roof-suitable for rooftop PV. Verify ownership + contact before outreach."
"Williams Street Productions, Llc.","Atlanta","GA","osm_industrial","osm-269747787","https://www.openstreetmap.org/way/osm-269747787","","","","","","","","600","904032","117524","5.6","1458342","","","","","Industrial building. Roof-suitable for rooftop PV. Verify ownership + contact before outreach."
"Atlanta Belting Company","Atlanta","GA","osm_industrial","osm-270493962","https://www.openstreetmap.org/way/osm-270493962","","","","","","","","600","904032","117524","5.6","1458342","","","","","Industrial building. Roof-suitable for rooftop PV. Verify ownership + contact before outreach."
"City Wash","Atlanta","GA","osm_industrial","osm-270497361","https://www.openstreetmap.org/way/osm-270497361","","","","","","","","600","904032","117524","5.6","1458342","","","","","Industrial building. Roof-suitable for rooftop PV. Verify ownership + contact before outreach."
"Ge Lofts","Atlanta","GA","osm_industrial","osm-270884145","https://www.openstreetmap.org/way/osm-270884145","","","","","","","","600","904032","117524","5.6","1458342","","","","","Industrial building. Roof-suitable for rooftop PV. Verify ownership + contact before outreach."
"Cummin Landscape Supply","Atlanta","GA","osm_industrial","osm-271133591","https://www.openstreetmap.org/way/osm-271133591","","","","","","","","600","904032","117524","5.6","1458342","","","","","Industrial building. Roof-suitable for rooftop PV. Verify ownership + contact before outreach."
"Tbn Atlanta","Atlanta","GA","osm_industrial","osm-271133696","https://www.openstreetmap.org/way/osm-271133696","","","","","","","","600","904032","117524","5.6","1458342","","","","","Industrial building. Roof-suitable for rooftop PV. Verify ownership + contact before outreach."
"Landis Sculpture Studio","Atlanta","GA","osm_industrial","osm-271909124","https://www.openstreetmap.org/way/osm-271909124","","","","","","","","600","904032","117524","5.6","1458342","","","","","Industrial building. Roof-suitable for rooftop PV. Verify ownership + contact before outreach."
"Americold","Atlanta","GA","osm_industrial","osm-275042397","https://www.openstreetmap.org/way/osm-275042397","","","","","","","","600","904032","117524","5.6","1458342","","","","","Industrial building. Roof-suitable for rooftop PV. Verify ownership + contact before outreach."
"Pgp Industrial","East Point","GA","osm_industrial","osm-275042636","https://www.openstreetmap.org/way/osm-275042636","","","","","","","","600","904032","117524","5.6","1458342","","","","","Industrial building. Roof-suitable for rooftop PV. Verify ownership + contact before outreach."
"Woodward Bus Depot","Atlanta","GA","osm_industrial","osm-276230747","https://www.openstreetmap.org/way/osm-276230747","","","","","","","","600","904032","117524","5.6","1458342","","","","","Depot building. Roof-suitable for rooftop PV. Verify ownership + contact before outreach."
"Bare Metals","Atlanta","GA","osm_industrial","osm-279405475","https://www.openstreetmap.org/way/osm-279405475","","","","","","","","600","904032","117524","5.6","1458342","","","","","Scrap_yard building. Roof-suitable for rooftop PV. Verify ownership + contact before outreach."
"Coca-Cola","Atlanta","GA","osm_industrial","osm-279798889","https://www.openstreetmap.org/way/osm-279798889","","","","","","","","600","904032","117524","5.6","1458342","","","","","Industrial building. Roof-suitable for rooftop PV. Verify ownership + contact before outreach."
"Blackmon Automotive","Atlanta","GA","osm_industrial","osm-283028364","https://www.openstreetmap.org/way/osm-283028364","","","","","","","","600","904032","117524","5.6","1458342","","","","","Industrial building. Roof-suitable for rooftop PV. Verify ownership + contact before outreach."
"Consolidated Engineering Company","Atlanta","GA","osm_industrial","osm-283272335","https://www.openstreetmap.org/way/osm-283272335","","","","","","","","600","904032","117524","5.6","1458342","","","","","Industrial building. Roof-suitable for rooftop PV. Verify ownership + contact before outreach."
"Georgia Western","Atlanta","GA","osm_industrial","osm-283272336","https://www.openstreetmap.org/way/osm-283272336","","","","","","","","600","904032","117524","5.6","1458342","","","","","Industrial building. Roof-suitable for rooftop PV. Verify ownership + contact before outreach."
"Premium Distributors","Atlanta","GA","osm_industrial","osm-283275434","https://www.openstreetmap.org/way/osm-283275434","","","","","","","","600","904032","117524","5.6","1458342","","","","","Industrial building. Roof-suitable for rooftop PV. Verify ownership + contact before outreach."
"Christian Brothers Automotive","Marietta","GA","osm_industrial","osm-284051610","https://www.openstreetmap.org/way/osm-284051610","","","","","","","","600","904032","117524","5.6","1458342","","","","","Industrial building. Roof-suitable for rooftop PV. Verify ownership + contact before outreach."
"Owens Corning","Atlanta","GA","osm_industrial","osm-310239988","https://www.openstreetmap.org/way/osm-310239988","","","","","","","","600","904032","117524","5.6","1458342","","","","","Industrial building. Roof-suitable for rooftop PV. Verify ownership + contact before outreach."
"Trail Hand Wash","Atlanta","GA","osm_industrial","osm-311615028","https://www.openstreetmap.org/way/osm-311615028","","","","","","","","600","904032","117524","5.6","1458342","","","","","Industrial building. Roof-suitable for rooftop PV. Verify ownership + contact before outreach."
"Uncle Dave'S Automotive Repair","Atlanta","GA","osm_industrial","osm-311615030","https://www.openstreetmap.org/way/osm-311615030","","","","","","","","600","904032","117524","5.6","1458342","","","","","Industrial building. Roof-suitable for rooftop PV. Verify ownership + contact before outreach."
"S&S Auto Service","Atlanta","GA","osm_industrial","osm-311615036","https://www.openstreetmap.org/way/osm-311615036","","","","","","","","600","904032","117524","5.6","1458342","","","","","Industrial building. Roof-suitable for rooftop PV. Verify ownership + contact before outreach."
"Ultimate Tire Service","Marietta","GA","osm_industrial","osm-311615045","https://www.openstreetmap.org/way/osm-311615045","","","","","","","","600","904032","117524","5.6","1458342","","","","","Industrial building. Roof-suitable for rooftop PV. Verify ownership + contact before outreach."
"European Auto Collision","Atlanta","GA","osm_industrial","osm-311615050","https://www.openstreetmap.org/way/osm-311615050","","","","","","","","600","904032","117524","5.6","1458342","","","","","Industrial building. Roof-suitable for rooftop PV. Verify ownership + contact before outreach."
"Craft Drinkware","Marietta","GA","osm_industrial","osm-312682063","https://www.openstreetmap.org/way/osm-312682063","","","","","","","","600","904032","117524","5.6","1458342","","","","","Industrial building. Roof-suitable for rooftop PV. Verify ownership + contact before outreach."
"Owen Mumford","Marietta","GA","osm_industrial","osm-312701636","https://www.openstreetmap.org/way/osm-312701636","","","","","","","","600","904032","117524","5.6","1458342","","","","","Industrial building. Roof-suitable for rooftop PV. Verify ownership + contact before outreach."
"Ideation","Atlanta","GA","osm_industrial","osm-312713345","https://www.openstreetmap.org/way/osm-312713345","","","","","","","","600","904032","117524","5.6","1458342","","","","","Industrial building. Roof-suitable for rooftop PV. Verify ownership + contact before outreach."
"Metroquip","Atlanta","GA","osm_industrial","osm-312713382","https://www.openstreetmap.org/way/osm-312713382","","","","","","","","600","904032","117524","5.6","1458342","","","","","Industrial building. Roof-suitable for rooftop PV. Verify ownership + contact before outreach."
"Auto Parts Outlet","Atlanta","GA","osm_industrial","osm-313316127","https://www.openstreetmap.org/way/osm-313316127","","","","","","","","600","904032","117524","5.6","1458342","","","","","Industrial building. Roof-suitable for rooftop PV. Verify ownership + contact before outreach."
"Wingfoot Conley","Atlanta","GA","osm_industrial","osm-318663195","https://www.openstreetmap.org/way/osm-318663195","","","","","","","","600","904032","117524","5.6","1458342","","","","","Industrial building. Roof-suitable for rooftop PV. Verify ownership + contact before outreach."
"Collision Pro Fix","Atlanta","GA","osm_industrial","osm-326384012","https://www.openstreetmap.org/way/osm-326384012","","","","","","","","600","904032","117524","5.6","1458342","","","","","Industrial building. Roof-suitable for rooftop PV. Verify ownership + contact before outreach."
"Alpinespeed","Marietta","GA","osm_industrial","osm-330741948","https://www.openstreetmap.org/way/osm-330741948","","","","","","","","600","904032","117524","5.6","1458342","","","","","Industrial building. Roof-suitable for rooftop PV. Verify ownership + contact before outreach."
"Atlanta Army Navy","Marietta","GA","osm_industrial","osm-335840821","https://www.openstreetmap.org/way/osm-335840821","","","","","","","","600","904032","117524","5.6","1458342","","","","","Industrial building. Roof-suitable for rooftop PV. Verify ownership + contact before outreach."
"Apex Supply Company","Marietta","GA","osm_industrial","osm-336004974","https://www.openstreetmap.org/way/osm-336004974","","","","","","","","600","904032","117524","5.6","1458342","","","","","Industrial building. Roof-suitable for rooftop PV. Verify ownership + contact before outreach."
"Design Manufacturing Group","Marietta","GA","osm_industrial","osm-336083070","https://www.openstreetmap.org/way/osm-336083070","","","","","","","","600","904032","117524","5.6","1458342","","","","","Industrial building. Roof-suitable for rooftop PV. Verify ownership + contact before outreach."
"Georgia Power","Atlanta","GA","osm_industrial","osm-338791207","https://www.openstreetmap.org/way/osm-338791207","","","","","","","","600","904032","117524","5.6","1458342","","","","","Yes building. Roof-suitable for rooftop PV. Verify ownership + contact before outreach."
"Glory Haus","Atlanta","GA","osm_industrial","osm-372760141","https://www.openstreetmap.org/way/osm-372760141","","","","","","","","600","904032","117524","5.6","1458342","","","","","Industrial building. Roof-suitable for rooftop PV. Verify ownership + contact before outreach."
"Superwheels Automotive","Smyrna","GA","osm_industrial","osm-382389332","https://www.openstreetmap.org/way/osm-382389332","","","","","","","","600","904032","117524","5.6","1458342","","","","","Industrial building. Roof-suitable for rooftop PV. Verify ownership + contact before outreach."
"Advance Auto Parts","Norcross","GA","osm_industrial","osm-388270742","https://www.openstreetmap.org/way/osm-388270742","","","","","","","","600","904032","117524","5.6","1458342","","","","","Industrial building. Roof-suitable for rooftop PV. Verify ownership + contact before outreach."
"Rush Truck Center","Atlanta","GA","osm_industrial","osm-388292690","https://www.openstreetmap.org/way/osm-388292690","","","","","","","","600","904032","117524","5.6","1458342","","","","","Industrial building. Roof-suitable for rooftop PV. Verify ownership + contact before outreach."
"Fuseco","Norcross","GA","osm_industrial","osm-392677582","https://www.openstreetmap.org/way/osm-392677582","","","","","","","","600","904032","117524","5.6","1458342","","","","","Industrial building. Roof-suitable for rooftop PV. Verify ownership + contact before outreach."
"D-Bat Baseball & Softball Academy","Atlanta","GA","osm_industrial","osm-423524921","https://www.openstreetmap.org/way/osm-423524921","","","","","","","","600","904032","117524","5.6","1458342","","","","","Industrial building. Roof-suitable for rooftop PV. Verify ownership + contact before outreach."
"Joker'S Audio","Atlanta","GA","osm_industrial","osm-424184484","https://www.openstreetmap.org/way/osm-424184484","","","","","","","","600","904032","117524","5.6","1458342","","","","","Industrial building. Roof-suitable for rooftop PV. Verify ownership + contact before outreach."
"Rocco'S European Car Garage","Marietta","GA","osm_industrial","osm-427553483","https://www.openstreetmap.org/way/osm-427553483","","","","","","","","600","904032","117524","5.6","1458342","","","","","Industrial building. Roof-suitable for rooftop PV. Verify ownership + contact before outreach."
"Jordan'S Garage","Atlanta","GA","osm_industrial","osm-487499386","https://www.openstreetmap.org/way/osm-487499386","","","","","","","","600","904032","117524","5.6","1458342","","","","","Industrial building. Roof-suitable for rooftop PV. Verify ownership + contact before outreach."
"Osborne Bodyworks","Atlanta","GA","osm_industrial","osm-487499408","https://www.openstreetmap.org/way/osm-487499408","","","","","","","","600","904032","117524","5.6","1458342","","","","","Industrial building. Roof-suitable for rooftop PV. Verify ownership + contact before outreach."
"Metropolitan Atlanta Rapid Transit Authority","Atlanta","GA","osm_industrial","osm-544517783","https://www.openstreetmap.org/way/osm-544517783","","","","","","","","600","904032","117524","5.6","1458342","","","","","Industrial building. Roof-suitable for rooftop PV. Verify ownership + contact before outreach."
"Google","Atlanta","GA","osm_industrial","osm-578435601","https://www.openstreetmap.org/way/osm-578435601","","","","","","","","600","904032","117524","5.6","1458342","","","","","Industrial building. Roof-suitable for rooftop PV. Verify ownership + contact before outreach."
"Kroger","Forest Park","GA","osm_industrial","osm-624053068","https://www.openstreetmap.org/way/osm-624053068","","","","","","","","600","904032","117524","5.6","1458342","","","","","Distributor building. Roof-suitable for rooftop PV. Verify ownership + contact before outreach."
"Valvoline Express Care","Atlanta","GA","osm_industrial","osm-625374339","https://www.openstreetmap.org/way/osm-625374339","","","","","","","","600","904032","117524","5.6","1458342","","","","","Industrial building. Roof-suitable for rooftop PV. Verify ownership + contact before outreach."
"Dw Campbell Tire & Auto Service","Atlanta","GA","osm_industrial","osm-625374340","https://www.openstreetmap.org/way/osm-625374340","","","","","","","","600","904032","117524","5.6","1458342","","","","","Industrial building. Roof-suitable for rooftop PV. Verify ownership + contact before outreach."
"Ascent","Atlanta","GA","osm_industrial","osm-635022480","https://www.openstreetmap.org/way/osm-635022480","","","","","","","","600","904032","117524","5.6","1458342","","","","","Industrial building. Roof-suitable for rooftop PV. Verify ownership + contact before outreach."
"Tbs","Atlanta","GA","osm_industrial","osm-653842540","https://www.openstreetmap.org/way/osm-653842540","","","","","","","","600","904032","117524","5.6","1458342","","","","","Industrial building. Roof-suitable for rooftop PV. Verify ownership + contact before outreach."
"Pacesetter Steel Services","Atlanta","GA","osm_industrial","osm-792249587","https://www.openstreetmap.org/way/osm-792249587","","","","","","","","600","904032","117524","5.6","1458342","","","","","Industrial building. Roof-suitable for rooftop PV. Verify ownership + contact before outreach."
"Porter Steel Inc.","Atlanta","GA","osm_industrial","osm-809227222","https://www.openstreetmap.org/way/osm-809227222","","","","","","","","600","904032","117524","5.6","1458342","","","","","Industrial building. Roof-suitable for rooftop PV. Verify ownership + contact before outreach."
"D'Pedro Auto","Atlanta","GA","osm_industrial","osm-809266178","https://www.openstreetmap.org/way/osm-809266178","","","","","","","","600","904032","117524","5.6","1458342","","","","","Industrial building. Roof-suitable for rooftop PV. Verify ownership + contact before outreach."
"Ferguson Fire And Fabricatin","Atlanta","GA","osm_industrial","osm-809266180","https://www.openstreetmap.org/way/osm-809266180","","","","","","","","600","904032","117524","5.6","1458342","","","","","Industrial building. Roof-suitable for rooftop PV. Verify ownership + contact before outreach."
"Solomon Automotive","Atlanta","GA","osm_industrial","osm-809266182","https://www.openstreetmap.org/way/osm-809266182","","","","","","","","600","904032","117524","5.6","1458342","","","","","Industrial building. Roof-suitable for rooftop PV. Verify ownership + contact before outreach."
"Oakwood Apci","Atlanta","GA","osm_industrial","osm-809266183","https://www.openstreetmap.org/way/osm-809266183","","","","","","","","600","904032","117524","5.6","1458342","","","","","Industrial building. Roof-suitable for rooftop PV. Verify ownership + contact before outreach."
"Woodcraft Cabinets","Atlanta","GA","osm_industrial","osm-816358170","https://www.openstreetmap.org/way/osm-816358170","","","","","","","","600","904032","117524","5.6","1458342","","","","","Industrial building. Roof-suitable for rooftop PV. Verify ownership + contact before outreach."
"Pull-A-Part Atlanta East","Lithonia","GA","osm_industrial","osm-836252506","https://www.openstreetmap.org/way/osm-836252506","","","","","","","","600","904032","117524","5.6","1458342","","","","","Scrap_yard building. Roof-suitable for rooftop PV. Verify ownership + contact before outreach."
"The Flooring Outlet","Atlanta","GA","osm_industrial","osm-864696792","https://www.openstreetmap.org/way/osm-864696792","","","","","","","","600","904032","117524","5.6","1458342","","","","","Industrial building. Roof-suitable for rooftop PV. Verify ownership + contact before outreach."
"Metal Coaters Of Georgia","Atlanta","GA","osm_industrial","osm-864696793","https://www.openstreetmap.org/way/osm-864696793","","","","","","","","600","904032","117524","5.6","1458342","","","","","Industrial building. Roof-suitable for rooftop PV. Verify ownership + contact before outreach."
"Calibre Manufacturing","Atlanta","GA","osm_industrial","osm-864696798","https://www.openstreetmap.org/way/osm-864696798","","","","","","","","600","904032","117524","5.6","1458342","","","","","Industrial building. Roof-suitable for rooftop PV. Verify ownership + contact before outreach."
"Advance Medical Designs, Inc.","Atlanta","GA","osm_industrial","osm-864696799","https://www.openstreetmap.org/way/osm-864696799","","","","","","","","600","904032","117524","5.6","1458342","","","","","Industrial building. Roof-suitable for rooftop PV. Verify ownership + contact before outreach."
"Bellwood Quarry Pump Station","Atlanta","GA","osm_industrial","osm-886793715","https://www.openstreetmap.org/way/osm-886793715","","","","","","","","600","904032","117524","5.6","1458342","","","","","Industrial building. Roof-suitable for rooftop PV. Verify ownership + contact before outreach."
"Citgo Doraville Terminal","Atlanta","GA","osm_industrial","osm-912295981","https://www.openstreetmap.org/way/osm-912295981","","","","","","","","600","904032","117524","5.6","1458342","","","","","Petroleum_terminal building. Roof-suitable for rooftop PV. Verify ownership + contact before outreach."
"Colonial Pipeline - Doraville Delivery Terminal","Atlanta","GA","osm_industrial","osm-912295989","https://www.openstreetmap.org/way/osm-912295989","","","","","","","","600","904032","117524","5.6","1458342","","","","","Petroleum_terminal building. Roof-suitable for rooftop PV. Verify ownership + contact before outreach."
"Transmontaigne Operating Company L.P.","Atlanta","GA","osm_industrial","osm-912295990","https://www.openstreetmap.org/way/osm-912295990","","","","","","","","600","904032","117524","5.6","1458342","","","","","Petroleum_terminal building. Roof-suitable for rooftop PV. Verify ownership + contact before outreach."
"Motiva Enterprises Llc","Atlanta","GA","osm_industrial","osm-912295993","https://www.openstreetmap.org/way/osm-912295993","","","","","","","","600","904032","117524","5.6","1458342","","","","","Petroleum_terminal building. Roof-suitable for rooftop PV. Verify ownership + contact before outreach."
"Kinder Morgan Southeast Terminals Llc","Atlanta","GA","osm_industrial","osm-912295996","https://www.openstreetmap.org/way/osm-912295996","","","","","","","","600","904032","117524","5.6","1458342","","","","","Petroleum_terminal building. Roof-suitable for rooftop PV. Verify ownership + contact before outreach."
"Buckeye Doraville Terminal","Atlanta","GA","osm_industrial","osm-912295997","https://www.openstreetmap.org/way/osm-912295997","","","","","","","","600","904032","117524","5.6","1458342","","","","","Petroleum_terminal building. Roof-suitable for rooftop PV. Verify ownership + contact before outreach."
"Omega Metals","Douglasville","GA","osm_industrial","osm-921482476","https://www.openstreetmap.org/way/osm-921482476","","","","","","","","600","904032","117524","5.6","1458342","","","","","Industrial building. Roof-suitable for rooftop PV. Verify ownership + contact before outreach."
"Valvoline Chemicals","Atlanta","GA","osm_industrial","osm-922153957","https://www.openstreetmap.org/way/osm-922153957","","","","","","","","600","904032","117524","5.6","1458342","","","","","Distributor building. Roof-suitable for rooftop PV. Verify ownership + contact before outreach."
"Sysco","Atlanta","GA","osm_industrial","osm-922153962","https://www.openstreetmap.org/way/osm-922153962","","","","","","","","600","904032","117524","5.6","1458342","","","","","Industrial building. Roof-suitable for rooftop PV. Verify ownership + contact before outreach."
"Marietta Auto Sales","Atlanta","GA","osm_industrial","osm-933017962","https://www.openstreetmap.org/way/osm-933017962","","","","","","","","600","904032","117524","5.6","1458342","","","","","Industrial building. Roof-suitable for rooftop PV. Verify ownership + contact before outreach."
"Sa Recycling","Atlanta","GA","osm_industrial","osm-968505281","https://www.openstreetmap.org/way/osm-968505281","","","","","","","","600","904032","117524","5.6","1458342","","","","","Scrap_yard building. Roof-suitable for rooftop PV. Verify ownership + contact before outreach."
"Amerigo Metal Recycling","Atlanta","GA","osm_industrial","osm-968505352","https://www.openstreetmap.org/way/osm-968505352","","","","","","","","600","904032","117524","5.6","1458342","","","","","Scrap_yard building. Roof-suitable for rooftop PV. Verify ownership + contact before outreach."
"Cube District Energy","Atlanta","GA","osm_industrial","osm-969681642","https://www.openstreetmap.org/way/osm-969681642","","","","","","","","600","904032","117524","5.6","1458342","","","","","Yes building. Roof-suitable for rooftop PV. Verify ownership + contact before outreach."
"Https://Www.Metroalloysinc.Com/","East Point","GA","osm_industrial","osm-969717627","https://www.openstreetmap.org/way/osm-969717627","","","","","","","","600","904032","117524","5.6","1458342","","","","","Scrap_yard building. Roof-suitable for rooftop PV. Verify ownership + contact before outreach."
"Radius Recycling","Atlanta","GA","osm_industrial","osm-971300554","https://www.openstreetmap.org/way/osm-971300554","","","","","","","","600","904032","117524","5.6","1458342","","","","","Scrap_yard building. Roof-suitable for rooftop PV. Verify ownership + contact before outreach."
"Csx Tucker Depot","Atlanta","GA","osm_industrial","osm-972517676","https://www.openstreetmap.org/way/osm-972517676","","","","","","","","600","904032","117524","5.6","1458342","","","","","Industrial building. Roof-suitable for rooftop PV. Verify ownership + contact before outreach."
"My Vintage Home","Tucker","GA","osm_industrial","osm-972518067","https://www.openstreetmap.org/way/osm-972518067","","","","","","","","600","904032","117524","5.6","1458342","","","","","Industrial building. Roof-suitable for rooftop PV. Verify ownership + contact before outreach."
"Graphic Packaging International - Marietta Packing Facility","Atlanta","GA","osm_industrial","osm-973158049","https://www.openstreetmap.org/way/osm-973158049","","","","","","","","600","904032","117524","5.6","1458342","","","","","Industrial building. Roof-suitable for rooftop PV. Verify ownership + contact before outreach."
"Osmotica Pharmaceuticals","Atlanta","GA","osm_industrial","osm-973158057","https://www.openstreetmap.org/way/osm-973158057","","","","","","","","600","904032","117524","5.6","1458342","","","","","Industrial building. Roof-suitable for rooftop PV. Verify ownership + contact before outreach."
"Mechanical Trades Institute","Atlanta","GA","osm_industrial","osm-975012633","https://www.openstreetmap.org/way/osm-975012633","","","","","","","","600","904032","117524","5.6","1458342","","","","","Industrial building. Roof-suitable for rooftop PV. Verify ownership + contact before outreach."
"Osm Worldwide","Atlanta","GA","osm_industrial","osm-975070773","https://www.openstreetmap.org/way/osm-975070773","","","","","","","","600","904032","117524","5.6","1458342","","","","","Logistics building. Roof-suitable for rooftop PV. Verify ownership + contact before outreach."
"QTS Data Centers — Atlanta-Metro","Suwanee","GA","auto_seed","solar-dc-004","","","","","","","","","600","904032","117524","5.6","1458342","","","","","Hyperscale colo — Scope 3 audits from F500 tenants"
"Stack Infrastructure — Atlanta","Atlanta","GA","auto_seed","solar-dc-010","","","","","","","","","600","904032","117524","5.6","1458342","","","","","Georgia Power commercial + IRA Energy Community 10% adder"
"Coca-Cola Refreshments — Atlanta","Atlanta","GA","auto_seed","solar-mfg-010","","","","","","","","","600","904032","117524","5.6","1458342","","","","","Bottling facility — heavy daytime electrical load"
"StorageMart — Atlanta Metro","Atlanta","GA","auto_seed","solar-ss-005","","","","","","","","","600","904032","117524","5.6","1458342","","","","","Climate-controlled units — daytime HVAC load alignment"
"Hines — Salesforce Tower Atlanta","Atlanta","GA","auto_seed","solar-cre-001","","","","","","","","","600","904032","117524","5.6","1458342","","","","","Class A office tower — tenant pass-through PPA"