company,city,state,source,source_id,naics_code,naics_sector,solar_fit_score,energy_intensity,tax_appetite,recommended_ownership,load_profile,est_system_kw,est_annual_kwh,est_annual_savings_usd,est_net_payback_yrs,est_25yr_npv_p50_usd,sales_script,pitch_angle
"Energy Transfer Marketing & Terminals L.P. - Marcus Hook Terminal","Marcus Hook","PA","epa_ghgrp","epa-1002611","493120","Warehousing / Cold Storage","96","very_high","corporate","direct_purchase","flat_24_7","2000","3013440","391747","5.1","5069746","We help cold-storage facilities offset up to 40% of their peak refrigeration energy costs without changing operations. Worth a 15-minute call?","Refrigerated warehousing — 2022 EPA GHG Reporter. NAICS 493190. Pre-qualified high-energy solar candidate."
"Extra Space Storage","Philadelphia","PA","osm_industrial","osm-213271554","493110","Warehousing / Cold Storage","84","moderate","corporate","direct_purchase","daytime_peak","2000","3013440","391747","5.1","5069746","Distribution centers are the easiest commercial solar installs we do — large clear flat roofs, ground-level interconnect.","Warehouse building. Roof-suitable for rooftop PV. Verify ownership + contact before outreach."
"Philadelphia Housing Authority Central Warehouse","Philadelphia","PA","osm_industrial","osm-348218109","493110","Warehousing / Cold Storage","84","moderate","corporate","direct_purchase","daytime_peak","2000","3013440","391747","5.1","5069746","Distribution centers are the easiest commercial solar installs we do — large clear flat roofs, ground-level interconnect.","Warehouse building. Roof-suitable for rooftop PV. Verify ownership + contact before outreach."
"Verizon","Philadelphia","PA","osm_industrial","osm-560589120","493110","Warehousing / Cold Storage","84","moderate","corporate","direct_purchase","daytime_peak","2000","3013440","391747","5.1","5069746","Distribution centers are the easiest commercial solar installs we do — large clear flat roofs, ground-level interconnect.","Warehouse building. Roof-suitable for rooftop PV. Verify ownership + contact before outreach."
"Fedex","King Of Prussia","PA","osm_industrial","osm-592821155","493110","Warehousing / Cold Storage","84","moderate","corporate","direct_purchase","daytime_peak","2000","3013440","391747","5.1","5069746","Distribution centers are the easiest commercial solar installs we do — large clear flat roofs, ground-level interconnect.","Warehouse building. Roof-suitable for rooftop PV. Verify ownership + contact before outreach."
"Pryco Movers","Philadelphia","PA","osm_industrial","osm-601423037","493110","Warehousing / Cold Storage","84","moderate","corporate","direct_purchase","daytime_peak","2000","3013440","391747","5.1","5069746","Distribution centers are the easiest commercial solar installs we do — large clear flat roofs, ground-level interconnect.","Warehouse building. Roof-suitable for rooftop PV. Verify ownership + contact before outreach."
"Ampro Fieldhouse","Clifton Heights","PA","osm_industrial","osm-625659245","493110","Warehousing / Cold Storage","84","moderate","corporate","direct_purchase","daytime_peak","2000","3013440","391747","5.1","5069746","Distribution centers are the easiest commercial solar installs we do — large clear flat roofs, ground-level interconnect.","Warehouse building. Roof-suitable for rooftop PV. Verify ownership + contact before outreach."
"U-Haul","Philadelphia","PA","osm_industrial","osm-786019345","493110","Warehousing / Cold Storage","84","moderate","corporate","direct_purchase","daytime_peak","2000","3013440","391747","5.1","5069746","Distribution centers are the easiest commercial solar installs we do — large clear flat roofs, ground-level interconnect.","Warehouse building. Roof-suitable for rooftop PV. Verify ownership + contact before outreach."
"Amazon Distribution Center Ddp3","Philadelphia","PA","osm_industrial","osm-1158022357","493110","Warehousing / Cold Storage","84","moderate","corporate","direct_purchase","daytime_peak","2000","3013440","391747","5.1","5069746","Distribution centers are the easiest commercial solar installs we do — large clear flat roofs, ground-level interconnect.","Warehouse building. Roof-suitable for rooftop PV. Verify ownership + contact before outreach."
"Amazon","Conshohocken","PA","osm_industrial","osm-1208146721","493110","Warehousing / Cold Storage","84","moderate","corporate","direct_purchase","daytime_peak","2000","3013440","391747","5.1","5069746","Distribution centers are the easiest commercial solar installs we do — large clear flat roofs, ground-level interconnect.","Warehouse building. Roof-suitable for rooftop PV. Verify ownership + contact before outreach."
"Bimbo Bakeries Usa","Conshohocken","PA","osm_industrial","osm-1208146722","493110","Warehousing / Cold Storage","84","moderate","corporate","direct_purchase","daytime_peak","2000","3013440","391747","5.1","5069746","Distribution centers are the easiest commercial solar installs we do — large clear flat roofs, ground-level interconnect.","Warehouse building. Roof-suitable for rooftop PV. Verify ownership + contact before outreach."
"Costco","Pittsburgh","PA","osm_industrial","osm-163204237","493110","Warehousing / Cold Storage","84","moderate","corporate","direct_purchase","daytime_peak","2000","3013440","391747","5.1","5069746","Distribution centers are the easiest commercial solar installs we do — large clear flat roofs, ground-level interconnect.","Warehouse building. Roof-suitable for rooftop PV. Verify ownership + contact before outreach."
"Costco","Homestead","PA","osm_industrial","osm-168456128","493110","Warehousing / Cold Storage","84","moderate","corporate","direct_purchase","daytime_peak","2000","3013440","391747","5.1","5069746","Distribution centers are the easiest commercial solar installs we do — large clear flat roofs, ground-level interconnect.","Warehouse building. Roof-suitable for rooftop PV. Verify ownership + contact before outreach."
"Cardello Electric Supply & Lighting","Pittsburgh","PA","osm_industrial","osm-226521402","493110","Warehousing / Cold Storage","84","moderate","corporate","direct_purchase","daytime_peak","2000","3013440","391747","5.1","5069746","Distribution centers are the easiest commercial solar installs we do — large clear flat roofs, ground-level interconnect.","Warehouse building. Roof-suitable for rooftop PV. Verify ownership + contact before outreach."
"Consumer Fresh Produce","Pittsburgh","PA","osm_industrial","osm-282851316","493110","Warehousing / Cold Storage","84","moderate","corporate","direct_purchase","daytime_peak","2000","3013440","391747","5.1","5069746","Distribution centers are the easiest commercial solar installs we do — large clear flat roofs, ground-level interconnect.","Warehouse building. Roof-suitable for rooftop PV. Verify ownership + contact before outreach."
"Quality Rolls","Pittsburgh","PA","osm_industrial","osm-316634380","493110","Warehousing / Cold Storage","84","moderate","corporate","direct_purchase","daytime_peak","2000","3013440","391747","5.1","5069746","Distribution centers are the easiest commercial solar installs we do — large clear flat roofs, ground-level interconnect.","Warehouse building. Roof-suitable for rooftop PV. Verify ownership + contact before outreach."
"Cort Furniture","Pittsburgh","PA","osm_industrial","osm-361495858","493110","Warehousing / Cold Storage","84","moderate","corporate","direct_purchase","daytime_peak","2000","3013440","391747","5.1","5069746","Distribution centers are the easiest commercial solar installs we do — large clear flat roofs, ground-level interconnect.","Warehouse building. Roof-suitable for rooftop PV. Verify ownership + contact before outreach."
"Doing Better Business","Pittsburgh","PA","osm_industrial","osm-362854782","493110","Warehousing / Cold Storage","84","moderate","corporate","direct_purchase","daytime_peak","2000","3013440","391747","5.1","5069746","Distribution centers are the easiest commercial solar installs we do — large clear flat roofs, ground-level interconnect.","Warehouse building. Roof-suitable for rooftop PV. Verify ownership + contact before outreach."
"George L. Wilson & Co. Inc.","Pittsburgh","PA","osm_industrial","osm-363700766","493110","Warehousing / Cold Storage","84","moderate","corporate","direct_purchase","daytime_peak","2000","3013440","391747","5.1","5069746","Distribution centers are the easiest commercial solar installs we do — large clear flat roofs, ground-level interconnect.","Warehouse building. Roof-suitable for rooftop PV. Verify ownership + contact before outreach."
"Artists Image Resource Inc","Pittsburgh","PA","osm_industrial","osm-528927178","493110","Warehousing / Cold Storage","84","moderate","corporate","direct_purchase","daytime_peak","2000","3013440","391747","5.1","5069746","Distribution centers are the easiest commercial solar installs we do — large clear flat roofs, ground-level interconnect.","Warehouse building. Roof-suitable for rooftop PV. Verify ownership + contact before outreach."
"Ws Vending Machine Co","Pittsburgh","PA","osm_industrial","osm-528927182","493110","Warehousing / Cold Storage","84","moderate","corporate","direct_purchase","daytime_peak","2000","3013440","391747","5.1","5069746","Distribution centers are the easiest commercial solar installs we do — large clear flat roofs, ground-level interconnect.","Warehouse building. Roof-suitable for rooftop PV. Verify ownership + contact before outreach."
"Fastenal","Pittsburgh","PA","osm_industrial","osm-528928048","493110","Warehousing / Cold Storage","84","moderate","corporate","direct_purchase","daytime_peak","2000","3013440","391747","5.1","5069746","Distribution centers are the easiest commercial solar installs we do — large clear flat roofs, ground-level interconnect.","Warehouse building. Roof-suitable for rooftop PV. Verify ownership + contact before outreach."
"Ascend","Pittsburgh","PA","osm_industrial","osm-533654915","493110","Warehousing / Cold Storage","84","moderate","corporate","direct_purchase","daytime_peak","2000","3013440","391747","5.1","5069746","Distribution centers are the easiest commercial solar installs we do — large clear flat roofs, ground-level interconnect.","Warehouse building. Roof-suitable for rooftop PV. Verify ownership + contact before outreach."
"Carnegie Mellon University Warehouse","Pittsburgh","PA","osm_industrial","osm-534179491","493110","Warehousing / Cold Storage","84","moderate","corporate","direct_purchase","daytime_peak","2000","3013440","391747","5.1","5069746","Distribution centers are the easiest commercial solar installs we do — large clear flat roofs, ground-level interconnect.","Warehouse building. Roof-suitable for rooftop PV. Verify ownership + contact before outreach."
"Achieva Mailing Service","Pittsburgh","PA","osm_industrial","osm-535064127","493110","Warehousing / Cold Storage","84","moderate","corporate","direct_purchase","daytime_peak","2000","3013440","391747","5.1","5069746","Distribution centers are the easiest commercial solar installs we do — large clear flat roofs, ground-level interconnect.","Warehouse building. Roof-suitable for rooftop PV. Verify ownership + contact before outreach."
"Sunfresh Food Service, Inc","Pittsburgh","PA","osm_industrial","osm-535064137","493110","Warehousing / Cold Storage","84","moderate","corporate","direct_purchase","daytime_peak","2000","3013440","391747","5.1","5069746","Distribution centers are the easiest commercial solar installs we do — large clear flat roofs, ground-level interconnect.","Warehouse building. Roof-suitable for rooftop PV. Verify ownership + contact before outreach."
"Pittsburgh Water & Sewer Authority Central Warehouse","Pittsburgh","PA","osm_industrial","osm-535064139","493110","Warehousing / Cold Storage","84","moderate","corporate","direct_purchase","daytime_peak","2000","3013440","391747","5.1","5069746","Distribution centers are the easiest commercial solar installs we do — large clear flat roofs, ground-level interconnect.","Warehouse building. Roof-suitable for rooftop PV. Verify ownership + contact before outreach."
"Bob'S Market And Greenhouses, Inc. - Wholesale","Pittsburgh","PA","osm_industrial","osm-535064150","493110","Warehousing / Cold Storage","84","moderate","corporate","direct_purchase","daytime_peak","2000","3013440","391747","5.1","5069746","Distribution centers are the easiest commercial solar installs we do — large clear flat roofs, ground-level interconnect.","Warehouse building. Roof-suitable for rooftop PV. Verify ownership + contact before outreach."
"Noftz Sheet Metal","Pittsburgh","PA","osm_industrial","osm-535064225","493110","Warehousing / Cold Storage","84","moderate","corporate","direct_purchase","daytime_peak","2000","3013440","391747","5.1","5069746","Distribution centers are the easiest commercial solar installs we do — large clear flat roofs, ground-level interconnect.","Warehouse building. Roof-suitable for rooftop PV. Verify ownership + contact before outreach."
"Weiss Provision Company","Pittsburgh","PA","osm_industrial","osm-535064261","493110","Warehousing / Cold Storage","84","moderate","corporate","direct_purchase","daytime_peak","2000","3013440","391747","5.1","5069746","Distribution centers are the easiest commercial solar installs we do — large clear flat roofs, ground-level interconnect.","Warehouse building. Roof-suitable for rooftop PV. Verify ownership + contact before outreach."
"Bw Wholesale Florist","Pittsburgh","PA","osm_industrial","osm-535064269","493110","Warehousing / Cold Storage","84","moderate","corporate","direct_purchase","daytime_peak","2000","3013440","391747","5.1","5069746","Distribution centers are the easiest commercial solar installs we do — large clear flat roofs, ground-level interconnect.","Warehouse building. Roof-suitable for rooftop PV. Verify ownership + contact before outreach."
"Kennywood Refreshment Warehouse","Pittsburgh","PA","osm_industrial","osm-541752966","493110","Warehousing / Cold Storage","84","moderate","corporate","direct_purchase","daytime_peak","2000","3013440","391747","5.1","5069746","Distribution centers are the easiest commercial solar installs we do — large clear flat roofs, ground-level interconnect.","Warehouse building. Roof-suitable for rooftop PV. Verify ownership + contact before outreach."
"Pepper'S Sunglasses","Pittsburgh","PA","osm_industrial","osm-542969744","493110","Warehousing / Cold Storage","84","moderate","corporate","direct_purchase","daytime_peak","2000","3013440","391747","5.1","5069746","Distribution centers are the easiest commercial solar installs we do — large clear flat roofs, ground-level interconnect.","Warehouse building. Roof-suitable for rooftop PV. Verify ownership + contact before outreach."
"Hilltop Paving Inc","Presto","PA","osm_industrial","osm-554683438","493110","Warehousing / Cold Storage","84","moderate","corporate","direct_purchase","daytime_peak","2000","3013440","391747","5.1","5069746","Distribution centers are the easiest commercial solar installs we do — large clear flat roofs, ground-level interconnect.","Warehouse building. Roof-suitable for rooftop PV. Verify ownership + contact before outreach."
"Belfiore Vending","Canonsburg","PA","osm_industrial","osm-856821884","493110","Warehousing / Cold Storage","84","moderate","corporate","direct_purchase","daytime_peak","2000","3013440","391747","5.1","5069746","Distribution centers are the easiest commercial solar installs we do — large clear flat roofs, ground-level interconnect.","Warehouse building. Roof-suitable for rooftop PV. Verify ownership + contact before outreach."
"Ge'S Grid Solutions","Charleroi","PA","epa_ghgrp","epa-1000039","333","Heavy Manufacturing","80","high","corporate","direct_purchase","industrial_shift","1140","1717661","223296","5.1","2889759","","Heavy manufacturing — 2022 EPA GHG Reporter. NAICS 335313. Pre-qualified high-energy solar candidate."
"Advansix Resins & Chemicals Llc","Philadelphia","PA","epa_ghgrp","epa-1000089","333","Heavy Manufacturing","80","high","corporate","direct_purchase","industrial_shift","1140","1717661","223296","5.1","2889759","","Chemical manufacturing — 2022 EPA GHG Reporter. NAICS 325194. Pre-qualified high-energy solar candidate."
"Us Steel (Edgar Thomson)","Braddock","PA","epa_ghgrp","epa-1000233","333","Heavy Manufacturing","80","high","corporate","direct_purchase","industrial_shift","1140","1717661","223296","5.1","2889759","","Heavy manufacturing — 2022 EPA GHG Reporter. NAICS 331110. Pre-qualified high-energy solar candidate."
"Evonik Corporation","Chester","PA","epa_ghgrp","epa-1000297","333","Heavy Manufacturing","80","high","corporate","direct_purchase","industrial_shift","1140","1717661","223296","5.1","2889759","","Chemical manufacturing — 2022 EPA GHG Reporter. NAICS 325180. Pre-qualified high-energy solar candidate."
"Union Elec Harmon Creek Plt","Burgettstown","PA","epa_ghgrp","epa-1000399","333","Heavy Manufacturing","80","high","corporate","direct_purchase","industrial_shift","1140","1717661","223296","5.1","2889759","","Heavy manufacturing — 2022 EPA GHG Reporter. NAICS 331110. Pre-qualified high-energy solar candidate."
"Exide Corp Reading Smelter Div","Reading","PA","epa_ghgrp","epa-1000601","333","Heavy Manufacturing","80","high","corporate","direct_purchase","industrial_shift","1140","1717661","223296","5.1","2889759","","Heavy manufacturing — 2022 EPA GHG Reporter. NAICS 331492. Pre-qualified high-energy solar candidate."
"Boeing Helicopter Div","Ridley Park","PA","epa_ghgrp","epa-1000638","333","Heavy Manufacturing","80","high","corporate","direct_purchase","industrial_shift","1140","1717661","223296","5.1","2889759","","Heavy manufacturing — 2022 EPA GHG Reporter. NAICS 336411. Pre-qualified high-energy solar candidate."
"Us Steel - Irvin Works","West Mifflin","PA","epa_ghgrp","epa-1000802","333","Heavy Manufacturing","80","high","corporate","direct_purchase","industrial_shift","1140","1717661","223296","5.1","2889759","","Heavy manufacturing — 2022 EPA GHG Reporter. NAICS 331110. Pre-qualified high-energy solar candidate."
"Merck Sharp & Dohme Llc","West Point","PA","epa_ghgrp","epa-1001262","333","Heavy Manufacturing","80","high","corporate","direct_purchase","industrial_shift","1140","1717661","223296","5.1","2889759","","Chemical manufacturing — 2022 EPA GHG Reporter. NAICS 325414. Pre-qualified high-energy solar candidate."
"Ellwood Quality Steels","New Castle","PA","epa_ghgrp","epa-1001669","333","Heavy Manufacturing","80","high","corporate","direct_purchase","industrial_shift","1140","1717661","223296","5.1","2889759","","Heavy manufacturing — 2022 EPA GHG Reporter. NAICS 331110. Pre-qualified high-energy solar candidate."
"Ellwood Mill Products","New Castle","PA","epa_ghgrp","epa-1001672","333","Heavy Manufacturing","80","high","corporate","direct_purchase","industrial_shift","1140","1717661","223296","5.1","2889759","","Heavy manufacturing — 2022 EPA GHG Reporter. NAICS 332111. Pre-qualified high-energy solar candidate."
"Ellwood Natl Forge","Irvine","PA","epa_ghgrp","epa-1001673","333","Heavy Manufacturing","80","high","corporate","direct_purchase","industrial_shift","1140","1717661","223296","5.1","2889759","","Heavy manufacturing — 2022 EPA GHG Reporter. NAICS 332111. Pre-qualified high-energy solar candidate."
"Indspec Chemical Corporation","Petrolia","PA","epa_ghgrp","epa-1001707","333","Heavy Manufacturing","80","high","corporate","direct_purchase","industrial_shift","1140","1717661","223296","5.1","2889759","","Chemical manufacturing — 2022 EPA GHG Reporter. NAICS 325199. Pre-qualified high-energy solar candidate."
"Electronic Fluorocarbons, Llc","Hatfield","PA","epa_ghgrp","epa-1001725","333","Heavy Manufacturing","80","high","corporate","direct_purchase","industrial_shift","1140","1717661","223296","5.1","2889759","","Chemical manufacturing — 2022 EPA GHG Reporter. NAICS 325120. Pre-qualified high-energy solar candidate."
"Hydro Extrusion Usa, Llc","Cressona","PA","epa_ghgrp","epa-1001885","333","Heavy Manufacturing","80","high","corporate","direct_purchase","industrial_shift","1140","1717661","223296","5.1","2889759","","Heavy manufacturing — 2022 EPA GHG Reporter. NAICS 331318. Pre-qualified high-energy solar candidate."
"Global Tungsten & Powders","Towanda","PA","epa_ghgrp","epa-1001891","333","Heavy Manufacturing","80","high","corporate","direct_purchase","industrial_shift","1140","1717661","223296","5.1","2889759","","Heavy manufacturing — 2022 EPA GHG Reporter. NAICS 331410. Pre-qualified high-energy solar candidate."
"Synthomer Jefferson Hills Llc","West Elizabeth","PA","epa_ghgrp","epa-1001963","333","Heavy Manufacturing","80","high","corporate","direct_purchase","industrial_shift","1140","1717661","223296","5.1","2889759","","Chemical manufacturing — 2022 EPA GHG Reporter. NAICS 325211. Pre-qualified high-energy solar candidate."
"Kellogg Lancaster Cereal Plt","Lancaster","PA","epa_ghgrp","epa-1002215","333","Heavy Manufacturing","80","high","corporate","direct_purchase","industrial_shift","1140","1717661","223296","5.1","2889759","","Food manufacturing — 2022 EPA GHG Reporter. NAICS 311230. Pre-qualified high-energy solar candidate."
"Cleveland-Cliffs Steel Corporation /Butler Works","Butler","PA","epa_ghgrp","epa-1002903","333","Heavy Manufacturing","80","high","corporate","direct_purchase","industrial_shift","1140","1717661","223296","5.1","2889759","","Heavy manufacturing — 2022 EPA GHG Reporter. NAICS 331110. Pre-qualified high-energy solar candidate."
"Lehigh Heavy Forge Corp/Bethlehem","Bethlehem","PA","epa_ghgrp","epa-1002976","333","Heavy Manufacturing","80","high","corporate","direct_purchase","industrial_shift","1140","1717661","223296","5.1","2889759","","Heavy manufacturing — 2022 EPA GHG Reporter. NAICS 332111. Pre-qualified high-energy solar candidate."
"Armstrong World Ind Marietta Ceiling Plt","Marietta","PA","epa_ghgrp","epa-1003208","333","Heavy Manufacturing","80","high","corporate","direct_purchase","industrial_shift","1140","1717661","223296","5.1","2889759","","Heavy manufacturing — 2022 EPA GHG Reporter. NAICS 339999. Pre-qualified high-energy solar candidate."
"Ipsco Koppel Tubulars Corp Ambridge Plt","Ambridge","PA","epa_ghgrp","epa-1003270","333","Heavy Manufacturing","80","high","corporate","direct_purchase","industrial_shift","1140","1717661","223296","5.1","2889759","","Heavy manufacturing — 2022 EPA GHG Reporter. NAICS 331110. Pre-qualified high-energy solar candidate."
"Arconic Us Llc","Lancaster","PA","epa_ghgrp","epa-1003379","333","Heavy Manufacturing","80","high","corporate","direct_purchase","industrial_shift","1140","1717661","223296","5.1","2889759","","Heavy manufacturing — 2022 EPA GHG Reporter. NAICS 331315. Pre-qualified high-energy solar candidate."
"Cleveland-Cliffs Plate Llc/Conshohocken Plt","Conshohocken","PA","epa_ghgrp","epa-1003523","333","Heavy Manufacturing","80","high","corporate","direct_purchase","industrial_shift","1140","1717661","223296","5.1","2889759","","Heavy manufacturing — 2022 EPA GHG Reporter. NAICS 331110. Pre-qualified high-energy solar candidate."
"Land O Lakes Dry Condensed Milk Mfg","Carlisle","PA","epa_ghgrp","epa-1003593","333","Heavy Manufacturing","80","high","corporate","direct_purchase","industrial_shift","1140","1717661","223296","5.1","2889759","","Food manufacturing — 2022 EPA GHG Reporter. NAICS 311514. Pre-qualified high-energy solar candidate."
"Pennsylvania Grain Processing, Llc","Clearfield","PA","epa_ghgrp","epa-1003637","333","Heavy Manufacturing","80","high","corporate","direct_purchase","industrial_shift","1140","1717661","223296","5.1","2889759","","Chemical manufacturing — 2022 EPA GHG Reporter. NAICS 325193. Pre-qualified high-energy solar candidate."
"Cleveland-Cliffs Plate Llc-Coatesville","Coatesville","PA","epa_ghgrp","epa-1003668","333","Heavy Manufacturing","80","high","corporate","direct_purchase","industrial_shift","1140","1717661","223296","5.1","2889759","","Heavy manufacturing — 2022 EPA GHG Reporter. NAICS 331110. Pre-qualified high-energy solar candidate."
"Cargill Meat Solutions Corp","Wyalusing","PA","epa_ghgrp","epa-1003753","333","Heavy Manufacturing","80","high","corporate","direct_purchase","industrial_shift","1140","1717661","223296","5.1","2889759","","Food manufacturing — 2022 EPA GHG Reporter. NAICS 311611. Pre-qualified high-energy solar candidate."
"Matheson Tri-Gas Inc. - Donora","Donora","PA","epa_ghgrp","epa-1003862","333","Heavy Manufacturing","80","high","corporate","direct_purchase","industrial_shift","1140","1717661","223296","5.1","2889759","","Chemical manufacturing — 2022 EPA GHG Reporter. NAICS 325120. Pre-qualified high-energy solar candidate."
"Carpenter Technology","Reading","PA","epa_ghgrp","epa-1004036","333","Heavy Manufacturing","80","high","corporate","direct_purchase","industrial_shift","1140","1717661","223296","5.1","2889759","","Heavy manufacturing — 2022 EPA GHG Reporter. NAICS 331110. Pre-qualified high-energy solar candidate."
"Cherokee Pharmaceuticals Llc","Riverside","PA","epa_ghgrp","epa-1004150","333","Heavy Manufacturing","80","high","corporate","direct_purchase","industrial_shift","1140","1717661","223296","5.1","2889759","","Chemical manufacturing — 2022 EPA GHG Reporter. NAICS 325411. Pre-qualified high-energy solar candidate."
"Cleveland-Cliffs Steelton Llc","Steelton","PA","epa_ghgrp","epa-1004215","333","Heavy Manufacturing","80","high","corporate","direct_purchase","industrial_shift","1140","1717661","223296","5.1","2889759","","Heavy manufacturing — 2022 EPA GHG Reporter. NAICS 331110. Pre-qualified high-energy solar candidate."
"Jbs Souderton, Inc. - Rendering Facility","Souderton","PA","epa_ghgrp","epa-1004257","333","Heavy Manufacturing","80","high","corporate","direct_purchase","industrial_shift","1140","1717661","223296","5.1","2889759","","Food manufacturing — 2022 EPA GHG Reporter. NAICS 311613. Pre-qualified high-energy solar candidate."
"Horsehead Corp. Monaca Smelter","Monaca","PA","epa_ghgrp","epa-1004424","333","Heavy Manufacturing","80","high","corporate","direct_purchase","industrial_shift","1140","1717661","223296","5.1","2889759","","Heavy manufacturing — 2022 EPA GHG Reporter. NAICS 331492. Pre-qualified high-energy solar candidate."
"Carpenter Technology - Latrobe Operations","Latrobe","PA","epa_ghgrp","epa-1004434","333","Heavy Manufacturing","80","high","corporate","direct_purchase","industrial_shift","1140","1717661","223296","5.1","2889759","","Heavy manufacturing — 2022 EPA GHG Reporter. NAICS 331110. Pre-qualified high-energy solar candidate."
"Ge Transportation-Erie Plant","Erie","PA","epa_ghgrp","epa-1004697","333","Heavy Manufacturing","80","high","corporate","direct_purchase","industrial_shift","1140","1717661","223296","5.1","2889759","","Heavy manufacturing — 2022 EPA GHG Reporter. NAICS 336510. Pre-qualified high-energy solar candidate."
"Befesa Zinc Us Inc","Palmerton","PA","epa_ghgrp","epa-1004723","333","Heavy Manufacturing","80","high","corporate","direct_purchase","industrial_shift","1140","1717661","223296","5.1","2889759","","Heavy manufacturing — 2022 EPA GHG Reporter. NAICS 331492. Pre-qualified high-energy solar candidate."
"Airgas Therapeutics Llc - Scott Medical Products","Plumsteadville","PA","epa_ghgrp","epa-1004725","333","Heavy Manufacturing","80","high","corporate","direct_purchase","industrial_shift","1140","1717661","223296","5.1","2889759","","Chemical manufacturing — 2022 EPA GHG Reporter. NAICS 325120. Pre-qualified high-energy solar candidate."
"Allegheny & Tsingshan Stainless, Llc","Midland","PA","epa_ghgrp","epa-1004729","333","Heavy Manufacturing","80","high","corporate","direct_purchase","industrial_shift","1140","1717661","223296","5.1","2889759","","Heavy manufacturing — 2022 EPA GHG Reporter. NAICS 331110. Pre-qualified high-energy solar candidate."
"Jessop Steel, Llc Washington Facility","Washington","PA","epa_ghgrp","epa-1004730","333","Heavy Manufacturing","80","high","corporate","direct_purchase","industrial_shift","1140","1717661","223296","5.1","2889759","","Heavy manufacturing — 2022 EPA GHG Reporter. NAICS 331110. Pre-qualified high-energy solar candidate."
"Riverbend Foods, Llc","Pittsburgh","PA","epa_ghgrp","epa-1004996","333","Heavy Manufacturing","80","high","corporate","direct_purchase","industrial_shift","1140","1717661","223296","5.1","2889759","","Food manufacturing — 2022 EPA GHG Reporter. NAICS 311411. Pre-qualified high-energy solar candidate."
"Brackenridge Plant","Brackenridge","PA","epa_ghgrp","epa-1005003","333","Heavy Manufacturing","80","high","corporate","direct_purchase","industrial_shift","1140","1717661","223296","5.1","2889759","","Heavy manufacturing — 2022 EPA GHG Reporter. NAICS 331110. Pre-qualified high-energy solar candidate."
"Vandergrift Facility","Vandergrift","PA","epa_ghgrp","epa-1005005","333","Heavy Manufacturing","80","high","corporate","direct_purchase","industrial_shift","1140","1717661","223296","5.1","2889759","","Heavy manufacturing — 2022 EPA GHG Reporter. NAICS 331110. Pre-qualified high-energy solar candidate."
"Allegheny Ludlum, Bagdad Facility","Leechburg","PA","epa_ghgrp","epa-1005006","333","Heavy Manufacturing","80","high","corporate","direct_purchase","industrial_shift","1140","1717661","223296","5.1","2889759","","Heavy manufacturing — 2022 EPA GHG Reporter. NAICS 331111. Pre-qualified high-energy solar candidate."
"Ipsco Koppel Tubulars Corp Koppel Works","Koppel","PA","epa_ghgrp","epa-1005190","333","Heavy Manufacturing","80","high","corporate","direct_purchase","industrial_shift","1140","1717661","223296","5.1","2889759","","Heavy manufacturing — 2022 EPA GHG Reporter. NAICS 331110. Pre-qualified high-energy solar candidate."
"Versum Materials Us, Llc","Tamaqua","PA","epa_ghgrp","epa-1005202","333","Heavy Manufacturing","80","high","corporate","direct_purchase","industrial_shift","1140","1717661","223296","5.1","2889759","","Chemical manufacturing — 2022 EPA GHG Reporter. NAICS 325120. Pre-qualified high-energy solar candidate."
"Arkema Inc.","King Of Prussia","PA","epa_ghgrp","epa-1005320","333","Heavy Manufacturing","80","high","corporate","direct_purchase","industrial_shift","1140","1717661","223296","5.1","2889759","","Chemical manufacturing — 2022 EPA GHG Reporter. NAICS 325120. Pre-qualified high-energy solar candidate."
"Universal Stainless Bridgeville Plt","Bridgeville","PA","epa_ghgrp","epa-1005423","333","Heavy Manufacturing","80","high","corporate","direct_purchase","industrial_shift","1140","1717661","223296","5.1","2889759","","Heavy manufacturing — 2022 EPA GHG Reporter. NAICS 331110. Pre-qualified high-energy solar candidate."
"Mitsubishi Electric Power Products, Inc.","Warrendale","PA","epa_ghgrp","epa-1005459","333","Heavy Manufacturing","80","high","corporate","direct_purchase","industrial_shift","1140","1717661","223296","5.1","2889759","","Heavy manufacturing — 2022 EPA GHG Reporter. NAICS 335313. Pre-qualified high-energy solar candidate."
"Std Steel Burnham Plt","Burnham","PA","epa_ghgrp","epa-1005536","333","Heavy Manufacturing","80","high","corporate","direct_purchase","industrial_shift","1140","1717661","223296","5.1","2889759","","Heavy manufacturing — 2022 EPA GHG Reporter. NAICS 331110. Pre-qualified high-energy solar candidate."
"Inmetco","Ellwood City","PA","epa_ghgrp","epa-1005752","333","Heavy Manufacturing","80","high","corporate","direct_purchase","industrial_shift","1140","1717661","223296","5.1","2889759","","Heavy manufacturing — 2022 EPA GHG Reporter. NAICS 331492. Pre-qualified high-energy solar candidate."
"Wheatland Tube Company - Council","Wheatland","PA","epa_ghgrp","epa-1005918","333","Heavy Manufacturing","80","high","corporate","direct_purchase","industrial_shift","1140","1717661","223296","5.1","2889759","","Heavy manufacturing — 2022 EPA GHG Reporter. NAICS 331210. Pre-qualified high-energy solar candidate."
"Hitachi Energy Usa, Inc.","Mt. Pleasant","PA","epa_ghgrp","epa-1006009","333","Heavy Manufacturing","80","high","corporate","direct_purchase","industrial_shift","1140","1717661","223296","5.1","2889759","","Heavy manufacturing — 2022 EPA GHG Reporter. NAICS 335313. Pre-qualified high-energy solar candidate."
"Nlmk Pennsylvania Llc","Farrell","PA","epa_ghgrp","epa-1006013","333","Heavy Manufacturing","80","high","corporate","direct_purchase","industrial_shift","1140","1717661","223296","5.1","2889759","","Heavy manufacturing — 2022 EPA GHG Reporter. NAICS 331221. Pre-qualified high-energy solar candidate."
"Dyno Nobel Inc (Donora Plant)","Donora","PA","epa_ghgrp","epa-1006067","333","Heavy Manufacturing","80","high","corporate","direct_purchase","industrial_shift","1140","1717661","223296","5.1","2889759","","Chemical manufacturing — 2022 EPA GHG Reporter. NAICS 325311. Pre-qualified high-energy solar candidate."
"Glaxosmithkline King Of Prussia Fac","King Of Prussia","PA","epa_ghgrp","epa-1006128","333","Heavy Manufacturing","80","high","corporate","direct_purchase","industrial_shift","1140","1717661","223296","5.1","2889759","","Chemical manufacturing — 2022 EPA GHG Reporter. NAICS 325412. Pre-qualified high-energy solar candidate."
"Ward Manufacturing Llc","Blossburg","PA","epa_ghgrp","epa-1006253","333","Heavy Manufacturing","80","high","corporate","direct_purchase","industrial_shift","1140","1717661","223296","5.1","2889759","","Heavy manufacturing — 2022 EPA GHG Reporter. NAICS 331511. Pre-qualified high-energy solar candidate."
"Sanofi Pasteur","Swiftwater","PA","epa_ghgrp","epa-1006361","333","Heavy Manufacturing","80","high","corporate","direct_purchase","industrial_shift","1140","1717661","223296","5.1","2889759","","Chemical manufacturing — 2022 EPA GHG Reporter. NAICS 325414. Pre-qualified high-energy solar candidate."
"Us Steel - Fairless Hills Plant","Fairless Hills","PA","epa_ghgrp","epa-1006391","333","Heavy Manufacturing","80","high","corporate","direct_purchase","industrial_shift","1140","1717661","223296","5.1","2889759","","Heavy manufacturing — 2022 EPA GHG Reporter. NAICS 331110. Pre-qualified high-energy solar candidate."
"Tyson New Holland Chicken Proc Plt","New Holland","PA","epa_ghgrp","epa-1006541","333","Heavy Manufacturing","80","high","corporate","direct_purchase","industrial_shift","1140","1717661","223296","5.1","2889759","","Food manufacturing — 2022 EPA GHG Reporter. NAICS 311615. Pre-qualified high-energy solar candidate."
"East Penn Lyons Smelter & Battery Plt","Lyon Station","PA","epa_ghgrp","epa-1006818","333","Heavy Manufacturing","80","high","corporate","direct_purchase","industrial_shift","1140","1717661","223296","5.1","2889759","","Heavy manufacturing — 2022 EPA GHG Reporter. NAICS 331492. Pre-qualified high-energy solar candidate."
"Conagra Foods Inc.","Milton","PA","epa_ghgrp","epa-1006896","333","Heavy Manufacturing","80","high","corporate","direct_purchase","industrial_shift","1140","1717661","223296","5.1","2889759","","Food manufacturing — 2022 EPA GHG Reporter. NAICS 311422. Pre-qualified high-energy solar candidate."
"Piramal Critical Care","Bethlehem","PA","epa_ghgrp","epa-1007934","333","Heavy Manufacturing","80","high","corporate","direct_purchase","industrial_shift","1140","1717661","223296","5.1","2889759","","Chemical manufacturing — 2022 EPA GHG Reporter. NAICS 325412. Pre-qualified high-energy solar candidate."
"Pq Corp - Chester Plant","Chester","PA","epa_ghgrp","epa-1008044","333","Heavy Manufacturing","80","high","corporate","direct_purchase","industrial_shift","1140","1717661","223296","5.1","2889759","","Chemical manufacturing — 2022 EPA GHG Reporter. NAICS 325180. Pre-qualified high-energy solar candidate."
"Standard Forged Products, Llc - Mckees Rocks","Mckees Rocks","PA","epa_ghgrp","epa-1008054","333","Heavy Manufacturing","80","high","corporate","direct_purchase","industrial_shift","1140","1717661","223296","5.1","2889759","","Heavy manufacturing — 2022 EPA GHG Reporter. NAICS 332111. Pre-qualified high-energy solar candidate."
"Air Liquide Electronics U.S. Lp","Morrisville","PA","epa_ghgrp","epa-1008560","333","Heavy Manufacturing","80","high","corporate","direct_purchase","industrial_shift","1140","1717661","223296","5.1","2889759","","Chemical manufacturing — 2022 EPA GHG Reporter. NAICS 325120. Pre-qualified high-energy solar candidate."
"Fairchild Semiconductor","Mountain Top","PA","epa_ghgrp","epa-1009580","333","Heavy Manufacturing","80","high","corporate","direct_purchase","industrial_shift","1140","1717661","223296","5.1","2889759","","Heavy manufacturing — 2022 EPA GHG Reporter. NAICS 334413. Pre-qualified high-energy solar candidate."
"North American Hoganas","Hollsopple","PA","epa_ghgrp","epa-1011242","333","Heavy Manufacturing","80","high","corporate","direct_purchase","industrial_shift","1140","1717661","223296","5.1","2889759","","Heavy manufacturing — 2022 EPA GHG Reporter. NAICS 331110. Pre-qualified high-energy solar candidate."
"Bvpv Styrenics Llc","Monaca","PA","epa_ghgrp","epa-1011859","333","Heavy Manufacturing","80","high","corporate","direct_purchase","industrial_shift","1140","1717661","223296","5.1","2889759","","Chemical manufacturing — 2022 EPA GHG Reporter. NAICS 325211. Pre-qualified high-energy solar candidate."
"Cc Packaging Llc","Levittown","PA","epa_ghgrp","epa-1012173","333","Heavy Manufacturing","80","high","corporate","direct_purchase","industrial_shift","1140","1717661","223296","5.1","2889759","","Chemical manufacturing — 2022 EPA GHG Reporter. NAICS 325998. Pre-qualified high-energy solar candidate."
"Spray Products Corporation","Plymouth Meeting","PA","epa_ghgrp","epa-1012334","333","Heavy Manufacturing","80","high","corporate","direct_purchase","industrial_shift","1140","1717661","223296","5.1","2889759","","Chemical manufacturing — 2022 EPA GHG Reporter. NAICS 325998. Pre-qualified high-energy solar candidate."
"Shell Chemical Appalachia Llc","Monaca","PA","epa_ghgrp","epa-1013733","333","Heavy Manufacturing","80","high","corporate","direct_purchase","industrial_shift","1140","1717661","223296","5.1","2889759","","Chemical manufacturing — 2022 EPA GHG Reporter. NAICS 325110. Pre-qualified high-energy solar candidate."
"Crc Industries Inc","Warminster","PA","epa_ghgrp","epa-1013802","333","Heavy Manufacturing","80","high","corporate","direct_purchase","industrial_shift","1140","1717661","223296","5.1","2889759","","Chemical manufacturing — 2022 EPA GHG Reporter. NAICS 325998. Pre-qualified high-energy solar candidate."
"Dairy Farmers Of America","New Wilmington","PA","epa_ghgrp","epa-1013820","333","Heavy Manufacturing","80","high","corporate","direct_purchase","industrial_shift","1140","1717661","223296","5.1","2889759","","Food manufacturing — 2022 EPA GHG Reporter. NAICS 311513. Pre-qualified high-energy solar candidate."
"Lindy Paving - Neville Island Asphalt Plant","Pittsburgh","PA","osm_industrial","osm-656337816","333","Heavy Manufacturing","80","high","corporate","direct_purchase","industrial_shift","1140","1717661","223296","5.1","2889759","","Asphalt_plant building. Roof-suitable for rooftop PV. Verify ownership + contact before outreach."
"The Children\S Hospital Of Philadelphia","Philadelphia","PA","epa_ghgrp","epa-1000027","6221","Healthcare","78","high","mixed","cash_or_ppa","flat_24_7","2000","3013440","391747","5.1","5069746","","Hospital — 2022 EPA GHG Reporter. NAICS 622110. Pre-qualified high-energy solar candidate."
"Penn State Milton S Hershey Med Ctr","Hershey","PA","epa_ghgrp","epa-1006246","6221","Healthcare","78","high","mixed","cash_or_ppa","flat_24_7","2000","3013440","391747","5.1","5069746","","Hospital — 2022 EPA GHG Reporter. NAICS 622110. Pre-qualified high-energy solar candidate."
"Geisinger Medical Center","Danville","PA","epa_ghgrp","epa-1010663","6221","Healthcare","78","high","mixed","cash_or_ppa","flat_24_7","2000","3013440","391747","5.1","5069746","","Hospital — 2022 EPA GHG Reporter. NAICS 622110. Pre-qualified high-energy solar candidate."
"Reading Hospital","West Reading","PA","epa_ghgrp","epa-1010688","6221","Healthcare","78","high","mixed","cash_or_ppa","flat_24_7","2000","3013440","391747","5.1","5069746","","Hospital — 2022 EPA GHG Reporter. NAICS 622110. Pre-qualified high-energy solar candidate."
"Ardagh Glass Inc. (Port Allegany)","Port Allegany","PA","epa_ghgrp","epa-1000020","","","","","","","","600","904032","117524","5.6","1458342","","Cement / glass — 2022 EPA GHG Reporter. NAICS 327213. Pre-qualified high-energy solar candidate."
"Mt Jewett Complex","Kane","PA","epa_ghgrp","epa-1000062","","","","","","","","600","904032","117524","5.6","1458342","","Industrial facility — 2022 EPA GHG Reporter. NAICS 321219. Pre-qualified high-energy solar candidate."
"York Energy Center","Delta","PA","epa_ghgrp","epa-1000071","","","","","","","","600","904032","117524","5.6","1458342","","Power generation — 2022 EPA GHG Reporter. NAICS 221112. Pre-qualified high-energy solar candidate."
"Us Steel (Clairton Coke)","Clairton","PA","epa_ghgrp","epa-1000124","","","","","","","","600","904032","117524","5.6","1458342","","Petroleum refining — 2022 EPA GHG Reporter. NAICS 324199. Pre-qualified high-energy solar candidate."
"Bethlehem Power Plant","Bethlehem","PA","epa_ghgrp","epa-1000127","","","","","","","","600","904032","117524","5.6","1458342","","Power generation — 2022 EPA GHG Reporter. NAICS 221112. Pre-qualified high-energy solar candidate."
"Us Gypsum - Aliquippa Plant","Aliquippa","PA","epa_ghgrp","epa-1000134","","","","","","","","600","904032","117524","5.6","1458342","","Cement / glass — 2022 EPA GHG Reporter. NAICS 327420. Pre-qualified high-energy solar candidate."
"Sonneborn Llc/Petrolia Plt","Petrolia","PA","epa_ghgrp","epa-1000140","","","","","","","","600","904032","117524","5.6","1458342","","Petroleum refining — 2022 EPA GHG Reporter. NAICS 324199. Pre-qualified high-energy solar candidate."
"Lower Mount Bethel Energy","Bangor","PA","epa_ghgrp","epa-1000146","","","","","","","","600","904032","117524","5.6","1458342","","Power generation — 2022 EPA GHG Reporter. NAICS 221112. Pre-qualified high-energy solar candidate."
"Chambersburg Units 12,13","Chambersburg","PA","epa_ghgrp","epa-1000148","","","","","","","","600","904032","117524","5.6","1458342","","Power generation — 2022 EPA GHG Reporter. NAICS 221112. Pre-qualified high-energy solar candidate."
"Bernville Station","Robesonia","PA","epa_ghgrp","epa-1000179","","","","","","","","600","904032","117524","5.6","1458342","","Industrial facility — 2022 EPA GHG Reporter. NAICS 486210. Pre-qualified high-energy solar candidate."
"Shermans Dale Station","Shermans Dale","PA","epa_ghgrp","epa-1000180","","","","","","","","600","904032","117524","5.6","1458342","","Industrial facility — 2022 EPA GHG Reporter. NAICS 486210. Pre-qualified high-energy solar candidate."
"International Waxes Inc","Smethport","PA","epa_ghgrp","epa-1000193","","","","","","","","600","904032","117524","5.6","1458342","","Petroleum refining — 2022 EPA GHG Reporter. NAICS 324199. Pre-qualified high-energy solar candidate."
"Lehigh White Cement Co Llc","York","PA","epa_ghgrp","epa-1000198","","","","","","","","600","904032","117524","5.6","1458342","","Cement / glass — 2022 EPA GHG Reporter. NAICS 327310. Pre-qualified high-energy solar candidate."
"Dominion Energy Transmission - Harrison Station (Stor)","Harrison Valley","PA","epa_ghgrp","epa-1000204","","","","","","","","600","904032","117524","5.6","1458342","","Industrial facility — 2022 EPA GHG Reporter. NAICS 486210. Pre-qualified high-energy solar candidate."
"Shenango Incorporated","Pittsburgh","PA","epa_ghgrp","epa-1000235","","","","","","","","600","904032","117524","5.6","1458342","","Petroleum refining — 2022 EPA GHG Reporter. NAICS 324199. Pre-qualified high-energy solar candidate."
"Fayette Energy Facility","Masontown","PA","epa_ghgrp","epa-1000265","","","","","","","","600","904032","117524","5.6","1458342","","Power generation — 2022 EPA GHG Reporter. NAICS 221112. Pre-qualified high-energy solar candidate."
"Marcus Hook Energy Center - Mh750","Marcus Hook","PA","epa_ghgrp","epa-1000269","","","","","","","","600","904032","117524","5.6","1458342","","Power generation — 2022 EPA GHG Reporter. NAICS 221112. Pre-qualified high-energy solar candidate."
"Westmoreland Sanitary Ldfl","Belle Vernon","PA","epa_ghgrp","epa-1000291","","","","","","","","600","904032","117524","5.6","1458342","","Industrial facility — 2022 EPA GHG Reporter. NAICS 562212. Pre-qualified high-energy solar candidate."
"Armagh Compressor Station","New Florence","PA","epa_ghgrp","epa-1000315","","","","","","","","600","904032","117524","5.6","1458342","","Industrial facility — 2022 EPA GHG Reporter. NAICS 486210. Pre-qualified high-energy solar candidate."
"Entriken Compressor Station","James Creek","PA","epa_ghgrp","epa-1000316","","","","","","","","600","904032","117524","5.6","1458342","","Industrial facility — 2022 EPA GHG Reporter. NAICS 486210. Pre-qualified high-energy solar candidate."
"Peco Transmission And Distribution","Philadelphia","PA","epa_ghgrp","epa-1000326","","","","","","","","600","904032","117524","5.6","1458342","","Power generation — 2022 EPA GHG Reporter. NAICS 221121. Pre-qualified high-energy solar candidate."
"Hunterstown Combined Cycle","Gettysburg","PA","epa_ghgrp","epa-1000475","","","","","","","","600","904032","117524","5.6","1458342","","Power generation — 2022 EPA GHG Reporter. NAICS 221112. Pre-qualified high-energy solar candidate."
"Hunlock Unit 4","Hunlock Creek","PA","epa_ghgrp","epa-1000484","","","","","","","","600","904032","117524","5.6","1458342","","Power generation — 2022 EPA GHG Reporter. NAICS 221112. Pre-qualified high-energy solar candidate."
"Team Ten Llc Dba Amer Eagle Paper Mills","Tyrone","PA","epa_ghgrp","epa-1000523","","","","","","","","600","904032","117524","5.6","1458342","","Pulp & paper — 2022 EPA GHG Reporter. NAICS 322120. Pre-qualified high-energy solar candidate."
"Elrama","Elrama","PA","epa_ghgrp","epa-1000867","","","","","","","","600","904032","117524","5.6","1458342","","Power generation — 2022 EPA GHG Reporter. NAICS 221112. Pre-qualified high-energy solar candidate."
"Kimberly Clark Pa Llc/Chester Opr","Chester","PA","epa_ghgrp","epa-1000869","","","","","","","","600","904032","117524","5.6","1458342","","Pulp & paper — 2022 EPA GHG Reporter. NAICS 322291. Pre-qualified high-energy solar candidate."
"Portland","Portland","PA","epa_ghgrp","epa-1000873","","","","","","","","600","904032","117524","5.6","1458342","","Power generation — 2022 EPA GHG Reporter. NAICS 221112. Pre-qualified high-energy solar candidate."
"Titus","Birdsboro","PA","epa_ghgrp","epa-1000875","","","","","","","","600","904032","117524","5.6","1458342","","Power generation — 2022 EPA GHG Reporter. NAICS 221112. Pre-qualified high-energy solar candidate."
"Conemaugh","New Florence","PA","epa_ghgrp","epa-1000877","","","","","","","","600","904032","117524","5.6","1458342","","Power generation — 2022 EPA GHG Reporter. NAICS 221112. Pre-qualified high-energy solar candidate."
"Shawville Station","Shawville","PA","epa_ghgrp","epa-1000879","","","","","","","","600","904032","117524","5.6","1458342","","Power generation — 2022 EPA GHG Reporter. NAICS 221112. Pre-qualified high-energy solar candidate."
"Warren","Warren","PA","epa_ghgrp","epa-1000880","","","","","","","","600","904032","117524","5.6","1458342","","Power generation — 2022 EPA GHG Reporter. NAICS 221112. Pre-qualified high-energy solar candidate."
"Keystone","Shelocta","PA","epa_ghgrp","epa-1000883","","","","","","","","600","904032","117524","5.6","1458342","","Power generation — 2022 EPA GHG Reporter. NAICS 221112. Pre-qualified high-energy solar candidate."
"New Castle","West Pittsburg","PA","epa_ghgrp","epa-1000884","","","","","","","","600","904032","117524","5.6","1458342","","Power generation — 2022 EPA GHG Reporter. NAICS 221112. Pre-qualified high-energy solar candidate."
"Brunner Island, Llc","Mt Wolf","PA","epa_ghgrp","epa-1000886","","","","","","","","600","904032","117524","5.6","1458342","","Power generation — 2022 EPA GHG Reporter. NAICS 221112. Pre-qualified high-energy solar candidate."
"Martins Creek","Bangor","PA","epa_ghgrp","epa-1000892","","","","","","","","600","904032","117524","5.6","1458342","","Power generation — 2022 EPA GHG Reporter. NAICS 221112. Pre-qualified high-energy solar candidate."
"Montour, Llc","Danville","PA","epa_ghgrp","epa-1000893","","","","","","","","600","904032","117524","5.6","1458342","","Power generation — 2022 EPA GHG Reporter. NAICS 221112. Pre-qualified high-energy solar candidate."
"Cromby","Phoenixville","PA","epa_ghgrp","epa-1000896","","","","","","","","600","904032","117524","5.6","1458342","","Power generation — 2022 EPA GHG Reporter. NAICS 221112. Pre-qualified high-energy solar candidate."
"Eddystone Generating Station","Eddystone","PA","epa_ghgrp","epa-1000898","","","","","","","","600","904032","117524","5.6","1458342","","Power generation — 2022 EPA GHG Reporter. NAICS 221112. Pre-qualified high-energy solar candidate."
"Schuylkill","Philadelphia","PA","epa_ghgrp","epa-1000900","","","","","","","","600","904032","117524","5.6","1458342","","Power generation — 2022 EPA GHG Reporter. NAICS 221112. Pre-qualified high-energy solar candidate."
"Hunlock Creek Energy Center","Hunlock Creek","PA","epa_ghgrp","epa-1000901","","","","","","","","600","904032","117524","5.6","1458342","","Power generation — 2022 EPA GHG Reporter. NAICS 221112. Pre-qualified high-energy solar candidate."
"Hatfield'S Ferry Power Station","Masontown","PA","epa_ghgrp","epa-1000902","","","","","","","","600","904032","117524","5.6","1458342","","Power generation — 2022 EPA GHG Reporter. NAICS 221112. Pre-qualified high-energy solar candidate."
"Seward Generation Llc","New Florence","PA","epa_ghgrp","epa-1001174","","","","","","","","600","904032","117524","5.6","1458342","","Power generation — 2022 EPA GHG Reporter. NAICS 221112. Pre-qualified high-energy solar candidate."
"Cheswick","Springdale","PA","epa_ghgrp","epa-1001198","","","","","","","","600","904032","117524","5.6","1458342","","Power generation — 2022 EPA GHG Reporter. NAICS 221112. Pre-qualified high-energy solar candidate."
"John B. Rich Memorial Power Station, Gilberton Power Company","Frackville","PA","epa_ghgrp","epa-1001203","","","","","","","","600","904032","117524","5.6","1458342","","Power generation — 2022 EPA GHG Reporter. NAICS 221112. Pre-qualified high-energy solar candidate."
"Colver Green Energy","Colver","PA","epa_ghgrp","epa-1001204","","","","","","","","600","904032","117524","5.6","1458342","","Power generation — 2022 EPA GHG Reporter. NAICS 221112. Pre-qualified high-energy solar candidate."
"Mt. Carmel Cogeneration","Marion Heights","PA","epa_ghgrp","epa-1001210","","","","","","","","600","904032","117524","5.6","1458342","","Power generation — 2022 EPA GHG Reporter. NAICS 221112. Pre-qualified high-energy solar candidate."
"Cambria Cogen","Ebensburg","PA","epa_ghgrp","epa-1001220","","","","","","","","600","904032","117524","5.6","1458342","","Power generation — 2022 EPA GHG Reporter. NAICS 221112. Pre-qualified high-energy solar candidate."
"Aes Beaver Valley Llc","Monaca","PA","epa_ghgrp","epa-1001222","","","","","","","","600","904032","117524","5.6","1458342","","Power generation — 2022 EPA GHG Reporter. NAICS 221112. Pre-qualified high-energy solar candidate."
"Northeastern Power Company","Mcadoo","PA","epa_ghgrp","epa-1001233","","","","","","","","600","904032","117524","5.6","1458342","","Power generation — 2022 EPA GHG Reporter. NAICS 221112. Pre-qualified high-energy solar candidate."
"Pei Power Corporation","Archbald","PA","epa_ghgrp","epa-1001236","","","","","","","","600","904032","117524","5.6","1458342","","Power generation — 2022 EPA GHG Reporter. NAICS 221117. Pre-qualified high-energy solar candidate."
"Procter & Gamble Paper Products","Mehoopany","PA","epa_ghgrp","epa-1001244","","","","","","","","600","904032","117524","5.6","1458342","","Pulp & paper — 2022 EPA GHG Reporter. NAICS 322120. Pre-qualified high-energy solar candidate."
"Rausch Creek Generation Llc","Tremont","PA","epa_ghgrp","epa-1001249","","","","","","","","600","904032","117524","5.6","1458342","","Power generation — 2022 EPA GHG Reporter. NAICS 221112. Pre-qualified high-energy solar candidate."
"Panther Creek Energy Facility","Nesquehoning","PA","epa_ghgrp","epa-1001252","","","","","","","","600","904032","117524","5.6","1458342","","Power generation — 2022 EPA GHG Reporter. NAICS 221112. Pre-qualified high-energy solar candidate."
"Scrubgrass Generating Plant","Kennerdell","PA","epa_ghgrp","epa-1001256","","","","","","","","600","904032","117524","5.6","1458342","","Power generation — 2022 EPA GHG Reporter. NAICS 221112. Pre-qualified high-energy solar candidate."
"Philadelphia Refinery","Philadelphia","PA","epa_ghgrp","epa-1001261","","","","","","","","600","904032","117524","5.6","1458342","","Petroleum refining — 2022 EPA GHG Reporter. NAICS 324110. Pre-qualified high-energy solar candidate."
"St. Nicholas Cogeneration Project","Shenandoah","PA","epa_ghgrp","epa-1001282","","","","","","","","600","904032","117524","5.6","1458342","","Power generation — 2022 EPA GHG Reporter. NAICS 221112. Pre-qualified high-energy solar candidate."
"Grays Ferry Cogen Partnership","Philadelphia","PA","epa_ghgrp","epa-1001285","","","","","","","","600","904032","117524","5.6","1458342","","Power generation — 2022 EPA GHG Reporter. NAICS 221330. Pre-qualified high-energy solar candidate."
"Ontelaunee Energy Center","Reading","PA","epa_ghgrp","epa-1001356","","","","","","","","600","904032","117524","5.6","1458342","","Power generation — 2022 EPA GHG Reporter. NAICS 221112. Pre-qualified high-energy solar candidate."
"Liberty Electric Power Plant","Edddystone","PA","epa_ghgrp","epa-1001376","","","","","","","","600","904032","117524","5.6","1458342","","Power generation — 2022 EPA GHG Reporter. NAICS 221112. Pre-qualified high-energy solar candidate."
"Handsome Lake Energy","Kennerdell","PA","epa_ghgrp","epa-1001378","","","","","","","","600","904032","117524","5.6","1458342","","Power generation — 2022 EPA GHG Reporter. NAICS 221112. Pre-qualified high-energy solar candidate."
"Fairless Energy, Llc","Fairless Hills","PA","epa_ghgrp","epa-1001407","","","","","","","","600","904032","117524","5.6","1458342","","Power generation — 2022 EPA GHG Reporter. NAICS 221112. Pre-qualified high-energy solar candidate."
"Veolia Es Greentree Ldfl","Kersey","PA","epa_ghgrp","epa-1001643","","","","","","","","600","904032","117524","5.6","1458342","","Industrial facility — 2022 EPA GHG Reporter. NAICS 562212. Pre-qualified high-energy solar candidate."
"Tgp Station 313 Coudersport","Coudersport","PA","epa_ghgrp","epa-1001658","","","","","","","","600","904032","117524","5.6","1458342","","Industrial facility — 2022 EPA GHG Reporter. NAICS 486210. Pre-qualified high-energy solar candidate."
"Sunbury Generation Lp","Selinsgrove","PA","epa_ghgrp","epa-1001674","","","","","","","","600","904032","117524","5.6","1458342","","Power generation — 2022 EPA GHG Reporter. NAICS 221112. Pre-qualified high-energy solar candidate."
"Penn State - University Park","University Park","PA","epa_ghgrp","epa-1001751","","","","","","","","600","904032","117524","5.6","1458342","","Industrial facility — 2022 EPA GHG Reporter. NAICS 611310. Pre-qualified high-energy solar candidate."
"Nfgsc Ellisburg Station","Genessee","PA","epa_ghgrp","epa-1001829","","","","","","","","600","904032","117524","5.6","1458342","","Industrial facility — 2022 EPA GHG Reporter. NAICS 486210. Pre-qualified high-energy solar candidate."
"Heidelberg Materials Us Cement Llc/ Nazareth","Nazareth","PA","epa_ghgrp","epa-1001835","","","","","","","","600","904032","117524","5.6","1458342","","Cement / glass — 2022 EPA GHG Reporter. NAICS 327310. Pre-qualified high-energy solar candidate."
"Chestnut Valley Ldfl","Mc Clellandtown","PA","epa_ghgrp","epa-1001844","","","","","","","","600","904032","117524","5.6","1458342","","Industrial facility — 2022 EPA GHG Reporter. NAICS 562212. Pre-qualified high-energy solar candidate."
"Tgp Station 307 Marienville","Marienville","PA","epa_ghgrp","epa-1001856","","","","","","","","600","904032","117524","5.6","1458342","","Industrial facility — 2022 EPA GHG Reporter. NAICS 486210. Pre-qualified high-energy solar candidate."
"Tgp Station 219 Mercer","Mercer","PA","epa_ghgrp","epa-1001928","","","","","","","","600","904032","117524","5.6","1458342","","Industrial facility — 2022 EPA GHG Reporter. NAICS 486210. Pre-qualified high-energy solar candidate."
"Pbs Coals Shade Creek Preparation Plant","Central City","PA","epa_ghgrp","epa-1001959","","","","","","","","600","904032","117524","5.6","1458342","","Industrial facility — 2022 EPA GHG Reporter. NAICS 212111. Pre-qualified high-energy solar candidate."
"Owens Brockway Glass Container Inc. Plt 19","Brockport","PA","epa_ghgrp","epa-1001978","","","","","","","","600","904032","117524","5.6","1458342","","Cement / glass — 2022 EPA GHG Reporter. NAICS 327213. Pre-qualified high-energy solar candidate."
"Owens-Brockway Glass Container Inc Plt 18","Brockway","PA","epa_ghgrp","epa-1001980","","","","","","","","600","904032","117524","5.6","1458342","","Cement / glass — 2022 EPA GHG Reporter. NAICS 327213. Pre-qualified high-energy solar candidate."
"Seneca Landfill, Incorporated","Evans City","PA","epa_ghgrp","epa-1002035","","","","","","","","600","904032","117524","5.6","1458342","","Industrial facility — 2022 EPA GHG Reporter. NAICS 562212. Pre-qualified high-energy solar candidate."
"Magnesita Refractories/York","York","PA","epa_ghgrp","epa-1002115","","","","","","","","600","904032","117524","5.6","1458342","","Cement / glass — 2022 EPA GHG Reporter. NAICS 327120. Pre-qualified high-energy solar candidate."
"Vitro Flat Glass Llc","Carlisle","PA","epa_ghgrp","epa-1002217","","","","","","","","600","904032","117524","5.6","1458342","","Cement / glass — 2022 EPA GHG Reporter. NAICS 327211. Pre-qualified high-energy solar candidate."
"Chrin Brothers Landfill","Easton","PA","epa_ghgrp","epa-1002232","","","","","","","","600","904032","117524","5.6","1458342","","Industrial facility — 2022 EPA GHG Reporter. NAICS 562212. Pre-qualified high-energy solar candidate."
"Us Gypsum - Washingtonville Plant","Danville","PA","epa_ghgrp","epa-1002314","","","","","","","","600","904032","117524","5.6","1458342","","Cement / glass — 2022 EPA GHG Reporter. NAICS 327420. Pre-qualified high-energy solar candidate."
"University Of Pittsburgh/Carrillo Street Steam Plant","Pittsburgh","PA","epa_ghgrp","epa-1002368","","","","","","","","600","904032","117524","5.6","1458342","","Industrial facility — 2022 EPA GHG Reporter. NAICS 611310. Pre-qualified high-energy solar candidate."
"Lanchester Landfill","Narvon","PA","epa_ghgrp","epa-1002391","","","","","","","","600","904032","117524","5.6","1458342","","Industrial facility — 2022 EPA GHG Reporter. NAICS 562212. Pre-qualified high-energy solar candidate."
"First Quality Tissue/Lock Haven Plt","Lock Haven","PA","epa_ghgrp","epa-1002438","","","","","","","","600","904032","117524","5.6","1458342","","Pulp & paper — 2022 EPA GHG Reporter. NAICS 322291. Pre-qualified high-energy solar candidate."
"Vitro Meadville Flat Glass Llc","Cochranton","PA","epa_ghgrp","epa-1002439","","","","","","","","600","904032","117524","5.6","1458342","","Cement / glass — 2022 EPA GHG Reporter. NAICS 327211. Pre-qualified high-energy solar candidate."
"Osram Sylvania Inc Wellsboro Plt","Wellsboro","PA","epa_ghgrp","epa-1002448","","","","","","","","600","904032","117524","5.6","1458342","","Cement / glass — 2022 EPA GHG Reporter. NAICS 327212. Pre-qualified high-energy solar candidate."
"Chambersburg Gas Dept.","Chambersburg","PA","epa_ghgrp","epa-1002453","","","","","","","","600","904032","117524","5.6","1458342","","Power generation — 2022 EPA GHG Reporter. NAICS 221210. Pre-qualified high-energy solar candidate."
"Conestoga Landfill","Morgantown","PA","epa_ghgrp","epa-1002556","","","","","","","","600","904032","117524","5.6","1458342","","Industrial facility — 2022 EPA GHG Reporter. NAICS 562212. Pre-qualified high-energy solar candidate."
"Jeld-Wen, Inc.","Towanda","PA","epa_ghgrp","epa-1002559","","","","","","","","600","904032","117524","5.6","1458342","","Industrial facility — 2022 EPA GHG Reporter. NAICS 321219. Pre-qualified high-energy solar candidate."
"Susquehanna Resource Mgmt Complex","Harrisburg","PA","epa_ghgrp","epa-1002561","","","","","","","","600","904032","117524","5.6","1458342","","Industrial facility — 2022 EPA GHG Reporter. NAICS 562213. Pre-qualified high-energy solar candidate."
"Norfolk Southern Railway Co/Juniata Locomotive Shops","Altoona","PA","epa_ghgrp","epa-1002572","","","","","","","","600","904032","117524","5.6","1458342","","Industrial facility — 2022 EPA GHG Reporter. NAICS 488210. Pre-qualified high-energy solar candidate."
"Uniontown","Lemont Furnace","PA","epa_ghgrp","epa-1002617","","","","","","","","600","904032","117524","5.6","1458342","","Industrial facility — 2022 EPA GHG Reporter. NAICS 486210. Pre-qualified high-energy solar candidate."
"Transco Station 515","Bear Creek","PA","epa_ghgrp","epa-1002711","","","","","","","","600","904032","117524","5.6","1458342","","Industrial facility — 2022 EPA GHG Reporter. NAICS 486210. Pre-qualified high-energy solar candidate."
"Western Berks Comm Ldfl & Recycling Ctr/ Birdsboro","Birdsboro","PA","epa_ghgrp","epa-1002716","","","","","","","","600","904032","117524","5.6","1458342","","Industrial facility — 2022 EPA GHG Reporter. NAICS 562212. Pre-qualified high-energy solar candidate."
"Greater Lebanon Refuse Ldfl","Lebanon","PA","epa_ghgrp","epa-1002786","","","","","","","","600","904032","117524","5.6","1458342","","Industrial facility — 2022 EPA GHG Reporter. NAICS 562212. Pre-qualified high-energy solar candidate."
"Peco Gas Division","Philadelphia","PA","epa_ghgrp","epa-1002791","","","","","","","","600","904032","117524","5.6","1458342","","Power generation — 2022 EPA GHG Reporter. NAICS 221210. Pre-qualified high-energy solar candidate."
"Gold Bond - Shi Plant","Shippingport","PA","epa_ghgrp","epa-1002807","","","","","","","","600","904032","117524","5.6","1458342","","Cement / glass — 2022 EPA GHG Reporter. NAICS 327420. Pre-qualified high-energy solar candidate."
"Gold Bond - Mlt Plant","New Columbia","PA","epa_ghgrp","epa-1002887","","","","","","","","600","904032","117524","5.6","1458342","","Cement / glass — 2022 EPA GHG Reporter. NAICS 327420. Pre-qualified high-energy solar candidate."
"Graymont Pa Inc/Pleasant Gap Plt","Pleasant Gap","PA","epa_ghgrp","epa-1002910","","","","","","","","600","904032","117524","5.6","1458342","","Cement / glass — 2022 EPA GHG Reporter. NAICS 327410. Pre-qualified high-energy solar candidate."
"Owens Brockway Glass Container Inc. Plt 17","Clarion","PA","epa_ghgrp","epa-1002914","","","","","","","","600","904032","117524","5.6","1458342","","Cement / glass — 2022 EPA GHG Reporter. NAICS 327213. Pre-qualified high-energy solar candidate."
"Guardian Industries Corp - Floreffe Plant","Jefferson Hills","PA","epa_ghgrp","epa-1002921","","","","","","","","600","904032","117524","5.6","1458342","","Cement / glass — 2022 EPA GHG Reporter. NAICS 327211. Pre-qualified high-energy solar candidate."
"Watkins Compressor Station","Columbia Cross Roads","PA","epa_ghgrp","epa-1003054","","","","","","","","600","904032","117524","5.6","1458342","","Industrial facility — 2022 EPA GHG Reporter. NAICS 211111. Pre-qualified high-energy solar candidate."
"Putnam Compressor Station","Troy","PA","epa_ghgrp","epa-1003055","","","","","","","","600","904032","117524","5.6","1458342","","Industrial facility — 2022 EPA GHG Reporter. NAICS 211111. Pre-qualified high-energy solar candidate."
"Modern Landfill","York","PA","epa_ghgrp","epa-1003100","","","","","","","","600","904032","117524","5.6","1458342","","Industrial facility — 2022 EPA GHG Reporter. NAICS 562212. Pre-qualified high-energy solar candidate."
"Imperial Landfill","Imperial","PA","epa_ghgrp","epa-1003103","","","","","","","","600","904032","117524","5.6","1458342","","Industrial facility — 2022 EPA GHG Reporter. NAICS 562212. Pre-qualified high-energy solar candidate."
"Beaver Station - Dominion Transmission, Inc","Beaver Falls","PA","epa_ghgrp","epa-1003381","","","","","","","","600","904032","117524","5.6","1458342","","Industrial facility — 2022 EPA GHG Reporter. NAICS 486210. Pre-qualified high-energy solar candidate."
"Eastern Gas Transmission And Storage - Crayne Station (Tran)","Waynesburg","PA","epa_ghgrp","epa-1003443","","","","","","","","600","904032","117524","5.6","1458342","","Industrial facility — 2022 EPA GHG Reporter. NAICS 486210. Pre-qualified high-energy solar candidate."
"Eastern Gas Transmission And Storage - Leidy And Finnefrock Stations (Stor And Tran)","Renovo","PA","epa_ghgrp","epa-1003455","","","","","","","","600","904032","117524","5.6","1458342","","Industrial facility — 2022 EPA GHG Reporter. NAICS 486210. Pre-qualified high-energy solar candidate."
"Arden Ldfl","Washington","PA","epa_ghgrp","epa-1003456","","","","","","","","600","904032","117524","5.6","1458342","","Industrial facility — 2022 EPA GHG Reporter. NAICS 562212. Pre-qualified high-energy solar candidate."
"Grand Ctl Sani","Pen Argyl","PA","epa_ghgrp","epa-1003460","","","","","","","","600","904032","117524","5.6","1458342","","Industrial facility — 2022 EPA GHG Reporter. NAICS 562212. Pre-qualified high-energy solar candidate."
"Dauphin Meadows Inc/Millersburg Muni Waste Ldfl","Millersburg","PA","epa_ghgrp","epa-1003503","","","","","","","","600","904032","117524","5.6","1458342","","Industrial facility — 2022 EPA GHG Reporter. NAICS 562212. Pre-qualified high-energy solar candidate."
"Finnefrock Station - Dominion Transmission, Inc","Renovo","PA","epa_ghgrp","epa-1003511","","","","","","","","600","904032","117524","5.6","1458342","","Industrial facility — 2022 EPA GHG Reporter. NAICS 486210. Pre-qualified high-energy solar candidate."
"Eastern Gas Transmission And Storage - Greenlick And Little Greenlick Stations (Stor And Tran)","Cross Forks","PA","epa_ghgrp","epa-1003512","","","","","","","","600","904032","117524","5.6","1458342","","Industrial facility — 2022 EPA GHG Reporter. NAICS 486210. Pre-qualified high-energy solar candidate."
"Frey Farm-Creswell Ldfl","Conestoga","PA","epa_ghgrp","epa-1003521","","","","","","","","600","904032","117524","5.6","1458342","","Industrial facility — 2022 EPA GHG Reporter. NAICS 562212. Pre-qualified high-energy solar candidate."
"Eastern Gas Transmission And Storage - Oakford And Rock Springs Stations (Stor And Tran)","Delmont","PA","epa_ghgrp","epa-1003531","","","","","","","","600","904032","117524","5.6","1458342","","Industrial facility — 2022 EPA GHG Reporter. NAICS 486210. Pre-qualified high-energy solar candidate."
"Waste Mgmt Dspl Svc Of Pa Pottstown Ldfl","Pottstown","PA","epa_ghgrp","epa-1003556","","","","","","","","600","904032","117524","5.6","1458342","","Industrial facility — 2022 EPA GHG Reporter. NAICS 562212. Pre-qualified high-energy solar candidate."
"Cascades Tissue Group Pa Ransom Plt","Ransom","PA","epa_ghgrp","epa-1003602","","","","","","","","600","904032","117524","5.6","1458342","","Pulp & paper — 2022 EPA GHG Reporter. NAICS 322121. Pre-qualified high-energy solar candidate."
"Eastern Gas Transmission And Storage - Ellisburg Station (Stor)","Genesee Twp.","PA","epa_ghgrp","epa-1003629","","","","","","","","600","904032","117524","5.6","1458342","","Industrial facility — 2022 EPA GHG Reporter. NAICS 486210. Pre-qualified high-energy solar candidate."
"University Of Pittsburgh Applied Research Center/Uparc","Pittsburgh","PA","epa_ghgrp","epa-1003758","","","","","","","","600","904032","117524","5.6","1458342","","Industrial facility — 2022 EPA GHG Reporter. NAICS 541611. Pre-qualified high-energy solar candidate."
"University Of Pittsburgh - Of The Commonwealth System Of Higher Education","Pittsburgh","PA","epa_ghgrp","epa-1003771","","","","","","","","600","904032","117524","5.6","1458342","","Industrial facility — 2022 EPA GHG Reporter. NAICS 611310. Pre-qualified high-energy solar candidate."
"Blue Ridge Landfill Company","Scotland","PA","epa_ghgrp","epa-1003773","","","","","","","","600","904032","117524","5.6","1458342","","Industrial facility — 2022 EPA GHG Reporter. NAICS 562212. Pre-qualified high-energy solar candidate."
"Bethlehem Landfill Company","Bethlehem","PA","epa_ghgrp","epa-1003937","","","","","","","","600","904032","117524","5.6","1458342","","Industrial facility — 2022 EPA GHG Reporter. NAICS 562212. Pre-qualified high-energy solar candidate."
"National Refrigerants, Inc","Philadelphia","PA","epa_ghgrp","epa-1004030","","","","","","","","600","904032","117524","5.6","1458342","","Industrial facility — 2022 EPA GHG Reporter. NAICS 424690. Pre-qualified high-energy solar candidate."
"Columbia Gas Trans Llc Salisbury Comp Sta","Salisbury","PA","epa_ghgrp","epa-1004035","","","","","","","","600","904032","117524","5.6","1458342","","Industrial facility — 2022 EPA GHG Reporter. NAICS 486210. Pre-qualified high-energy solar candidate."
"Comm Refuse Svc Inc/Cumberland Cnty Ldfl","Shippensburg","PA","epa_ghgrp","epa-1004162","","","","","","","","600","904032","117524","5.6","1458342","","Industrial facility — 2022 EPA GHG Reporter. NAICS 562212. Pre-qualified high-energy solar candidate."
"Mostoller Landfill, Inc.","Somerset","PA","epa_ghgrp","epa-1004164","","","","","","","","600","904032","117524","5.6","1458342","","Industrial facility — 2022 EPA GHG Reporter. NAICS 562212. Pre-qualified high-energy solar candidate."
"Pixelle Specialty Solutions","Spring Grove","PA","epa_ghgrp","epa-1004199","","","","","","","","600","904032","117524","5.6","1458342","","Pulp & paper — 2022 EPA GHG Reporter. NAICS 322120. Pre-qualified high-energy solar candidate."
"Lycoming County Resource Management Services","Montgomery","PA","epa_ghgrp","epa-1004218","","","","","","","","600","904032","117524","5.6","1458342","","Industrial facility — 2022 EPA GHG Reporter. NAICS 562212. Pre-qualified high-energy solar candidate."
"Carmeuse Lime Inc/Millard Lime Plt","Annville","PA","epa_ghgrp","epa-1004273","","","","","","","","600","904032","117524","5.6","1458342","","Cement / glass — 2022 EPA GHG Reporter. NAICS 327410. Pre-qualified high-energy solar candidate."
"Eastern Gas Transmission And Storage - Punxsutawney Station (Tran)","Punxsutawney","PA","epa_ghgrp","epa-1004319","","","","","","","","600","904032","117524","5.6","1458342","","Industrial facility — 2022 EPA GHG Reporter. NAICS 486210. Pre-qualified high-energy solar candidate."
"Wsi Sandy Run Landfill, Inc.","Hopewell","PA","epa_ghgrp","epa-1004321","","","","","","","","600","904032","117524","5.6","1458342","","Industrial facility — 2022 EPA GHG Reporter. NAICS 562212. Pre-qualified high-energy solar candidate."
"Comm Env Sys Ldfl","Hegins","PA","epa_ghgrp","epa-1004413","","","","","","","","600","904032","117524","5.6","1458342","","Industrial facility — 2022 EPA GHG Reporter. NAICS 562212. Pre-qualified high-energy solar candidate."
"Peoples Natural Gas Company, Llc","Pittsburgh","PA","epa_ghgrp","epa-1004429","","","","","","","","600","904032","117524","5.6","1458342","","Power generation — 2022 EPA GHG Reporter. NAICS 221210. Pre-qualified high-energy solar candidate."
"State Lands Compressor Station","Ward","PA","epa_ghgrp","epa-1004444","","","","","","","","600","904032","117524","5.6","1458342","","Industrial facility — 2022 EPA GHG Reporter. NAICS 211111. Pre-qualified high-energy solar candidate."
"Houston Gas Plant","Washington","PA","epa_ghgrp","epa-1004524","","","","","","","","600","904032","117524","5.6","1458342","","Industrial facility — 2022 EPA GHG Reporter. NAICS 211130. Pre-qualified high-energy solar candidate."
"Cleveland-Cliffs Monessen Coke Llc","Monessen","PA","epa_ghgrp","epa-1005025","","","","","","","","600","904032","117524","5.6","1458342","","Petroleum refining — 2022 EPA GHG Reporter. NAICS 324199. Pre-qualified high-energy solar candidate."
"Mercer Lime Co","Slippery Rock","PA","epa_ghgrp","epa-1005030","","","","","","","","600","904032","117524","5.6","1458342","","Cement / glass — 2022 EPA GHG Reporter. NAICS 327410. Pre-qualified high-energy solar candidate."
"Thomas Compressor Station","Troy","PA","epa_ghgrp","epa-1005151","","","","","","","","600","904032","117524","5.6","1458342","","Industrial facility — 2022 EPA GHG Reporter. NAICS 211111. Pre-qualified high-energy solar candidate."
"Energy Center Harrisburg Llc","Harrisburg","PA","epa_ghgrp","epa-1005167","","","","","","","","600","904032","117524","5.6","1458342","","Power generation — 2022 EPA GHG Reporter. NAICS 221112. Pre-qualified high-energy solar candidate."
"Consol Pa Coal Co Llc/Bailey Prep Plt","West Finley","PA","epa_ghgrp","epa-1005350","","","","","","","","600","904032","117524","5.6","1458342","","Industrial facility — 2022 EPA GHG Reporter. NAICS 212112. Pre-qualified high-energy solar candidate."
"Calumet Karns City Refining, Llc.","Karns City","PA","epa_ghgrp","epa-1005363","","","","","","","","600","904032","117524","5.6","1458342","","Petroleum refining — 2022 EPA GHG Reporter. NAICS 324199. Pre-qualified high-energy solar candidate."
"State Corr Institution Camp Hill","Camp Hill","PA","epa_ghgrp","epa-1005455","","","","","","","","600","904032","117524","5.6","1458342","","Industrial facility — 2022 EPA GHG Reporter. NAICS 922140. Pre-qualified high-energy solar candidate."
"Graterford State Correctional Institution","Collegeville","PA","epa_ghgrp","epa-1005457","","","","","","","","600","904032","117524","5.6","1458342","","Industrial facility — 2022 EPA GHG Reporter. NAICS 922140. Pre-qualified high-energy solar candidate."
"Temple University Health Sciences Campus","Philadelphia","PA","epa_ghgrp","epa-1005471","","","","","","","","600","904032","117524","5.6","1458342","","Industrial facility — 2022 EPA GHG Reporter. NAICS 611310. Pre-qualified high-energy solar candidate."
"Bellefield Boiler Plant","Pittsburgh","PA","epa_ghgrp","epa-1005525","","","","","","","","600","904032","117524","5.6","1458342","","Power generation — 2022 EPA GHG Reporter. NAICS 221330. Pre-qualified high-energy solar candidate."
"Mckean Cnty Ldfl","Kane","PA","epa_ghgrp","epa-1005530","","","","","","","","600","904032","117524","5.6","1458342","","Industrial facility — 2022 EPA GHG Reporter. NAICS 562212. Pre-qualified high-energy solar candidate."
"Valley Energy, Inc.","Sayre","PA","epa_ghgrp","epa-1005533","","","","","","","","600","904032","117524","5.6","1458342","","Power generation — 2022 EPA GHG Reporter. NAICS 221210. Pre-qualified high-energy solar candidate."
"Ugi Central Penn Gas, Inc.","Reading","PA","epa_ghgrp","epa-1005569","","","","","","","","600","904032","117524","5.6","1458342","","Power generation — 2022 EPA GHG Reporter. NAICS 221210. Pre-qualified high-energy solar candidate."
"Ugi Penn Natural Gas, Inc.","Reading","PA","epa_ghgrp","epa-1005570","","","","","","","","600","904032","117524","5.6","1458342","","Power generation — 2022 EPA GHG Reporter. NAICS 221210. Pre-qualified high-energy solar candidate."
"American Refining Group Inc","Bradford","PA","epa_ghgrp","epa-1005590","","","","","","","","600","904032","117524","5.6","1458342","","Petroleum refining — 2022 EPA GHG Reporter. NAICS 324110. Pre-qualified high-energy solar candidate."
"Keystone Cement Company","Bath","PA","epa_ghgrp","epa-1005622","","","","","","","","600","904032","117524","5.6","1458342","","Cement / glass — 2022 EPA GHG Reporter. NAICS 327310. Pre-qualified high-energy solar candidate."
"Lafarge Na Whitehall Plant","Whitehall","PA","epa_ghgrp","epa-1005639","","","","","","","","600","904032","117524","5.6","1458342","","Cement / glass — 2022 EPA GHG Reporter. NAICS 327310. Pre-qualified high-energy solar candidate."
"National Fuel Gas Distribution Corp - Pennsylvania","Erie","PA","epa_ghgrp","epa-1005663","","","","","","","","600","904032","117524","5.6","1458342","","Power generation — 2022 EPA GHG Reporter. NAICS 221210. Pre-qualified high-energy solar candidate."
"Appleton Roaring Spring Paper Mfg","Roaring Spring","PA","epa_ghgrp","epa-1005669","","","","","","","","600","904032","117524","5.6","1458342","","Pulp & paper — 2022 EPA GHG Reporter. NAICS 322121. Pre-qualified high-energy solar candidate."
"Domtar Paper Company, Llc","Johnsonburg","PA","epa_ghgrp","epa-1005706","","","","","","","","600","904032","117524","5.6","1458342","","Pulp & paper — 2022 EPA GHG Reporter. NAICS 322120. Pre-qualified high-energy solar candidate."
"Armstrong Power, Llc","Shelocta","PA","epa_ghgrp","epa-1005709","","","","","","","","600","904032","117524","5.6","1458342","","Power generation — 2022 EPA GHG Reporter. NAICS 221112. Pre-qualified high-energy solar candidate."
"Delaware Cnty Swa/Rolling Hills Muni Waste Ldfl","Boyertown","PA","epa_ghgrp","epa-1005733","","","","","","","","600","904032","117524","5.6","1458342","","Industrial facility — 2022 EPA GHG Reporter. NAICS 562212. Pre-qualified high-energy solar candidate."
"Heidelberg Materials/Evansville Cement Plt & Quarry","Fleetwood","PA","epa_ghgrp","epa-1005742","","","","","","","","600","904032","117524","5.6","1458342","","Cement / glass — 2022 EPA GHG Reporter. NAICS 327310. Pre-qualified high-energy solar candidate."
"Bailey Mine-Crabapple Portal","Wind Ridge","PA","epa_ghgrp","epa-1005761","","","","","","","","600","904032","117524","5.6","1458342","","Industrial facility — 2022 EPA GHG Reporter. NAICS 212115. Pre-qualified high-energy solar candidate."
"Westrock Converting Company - Stroudsburg Mill","Delaware Water Gap","PA","epa_ghgrp","epa-1005768","","","","","","","","600","904032","117524","5.6","1458342","","Pulp & paper — 2022 EPA GHG Reporter. NAICS 322130. Pre-qualified high-energy solar candidate."
"Energy Center Pittsburgh Llc","Pittsburgh","PA","epa_ghgrp","epa-1005798","","","","","","","","600","904032","117524","5.6","1458342","","Power generation — 2022 EPA GHG Reporter. NAICS 221112. Pre-qualified high-energy solar candidate."
"Temple University","Philadelphia","PA","epa_ghgrp","epa-1005851","","","","","","","","600","904032","117524","5.6","1458342","","Industrial facility — 2022 EPA GHG Reporter. NAICS 611310. Pre-qualified high-energy solar candidate."
"Newman & Co","Philadelphia","PA","epa_ghgrp","epa-1005979","","","","","","","","600","904032","117524","5.6","1458342","","Pulp & paper — 2022 EPA GHG Reporter. NAICS 322130. Pre-qualified high-energy solar candidate."
"Delaware Valley Resource Recovery Facility","Chester","PA","epa_ghgrp","epa-1006038","","","","","","","","600","904032","117524","5.6","1458342","","Industrial facility — 2022 EPA GHG Reporter. NAICS 562213. Pre-qualified high-energy solar candidate."
"G F Weaton","Monaca","PA","epa_ghgrp","epa-1006072","","","","","","","","600","904032","117524","5.6","1458342","","Power generation — 2022 EPA GHG Reporter. NAICS 221112. Pre-qualified high-energy solar candidate."
"Delmont","Greensburg","PA","epa_ghgrp","epa-1006109","","","","","","","","600","904032","117524","5.6","1458342","","Industrial facility — 2022 EPA GHG Reporter. NAICS 486210. Pre-qualified high-energy solar candidate."
"Keystone Sanitary Landfill","Dunmore","PA","epa_ghgrp","epa-1006261","","","","","","","","600","904032","117524","5.6","1458342","","Industrial facility — 2022 EPA GHG Reporter. NAICS 562212. Pre-qualified high-energy solar candidate."
"Wheelabrator Falls","Morrisville","PA","epa_ghgrp","epa-1006282","","","","","","","","600","904032","117524","5.6","1458342","","Industrial facility — 2022 EPA GHG Reporter. NAICS 562213. Pre-qualified high-energy solar candidate."
"Epp Renewable Energy Llc/Cumberland Cty","Shippensburg","PA","epa_ghgrp","epa-1006288","","","","","","","","600","904032","117524","5.6","1458342","","Power generation — 2022 EPA GHG Reporter. NAICS 221119. Pre-qualified high-energy solar candidate."
"Energy Center Pittsburgh Llc - Gibbon Plant","Pittsburgh","PA","epa_ghgrp","epa-1006290","","","","","","","","600","904032","117524","5.6","1458342","","Power generation — 2022 EPA GHG Reporter. NAICS 221112. Pre-qualified high-energy solar candidate."
"Clarion Boards/Clarion Plt","Shippenville","PA","epa_ghgrp","epa-1006313","","","","","","","","600","904032","117524","5.6","1458342","","Industrial facility — 2022 EPA GHG Reporter. NAICS 321219. Pre-qualified high-energy solar candidate."
"Holbrook","Wind Ridge","PA","epa_ghgrp","epa-1006385","","","","","","","","600","904032","117524","5.6","1458342","","Industrial facility — 2022 EPA GHG Reporter. NAICS 486210. Pre-qualified high-energy solar candidate."
"Equitable Gas Company (Pa) Dba Peoples","Pittsburgh","PA","epa_ghgrp","epa-1006396","","","","","","","","600","904032","117524","5.6","1458342","","Power generation — 2022 EPA GHG Reporter. NAICS 221210. Pre-qualified high-energy solar candidate."
"Hercules Cement Stockertown Plt Quarry","Stockertown","PA","epa_ghgrp","epa-1006450","","","","","","","","600","904032","117524","5.6","1458342","","Cement / glass — 2022 EPA GHG Reporter. NAICS 327310. Pre-qualified high-energy solar candidate."
"Philadelphia Gas Works - Corporate","Philadelphia","PA","epa_ghgrp","epa-1006569","","","","","","","","600","904032","117524","5.6","1458342","","Power generation — 2022 EPA GHG Reporter. NAICS 221210. Pre-qualified high-energy solar candidate."
"Northampton Generating Plant","Northampton","PA","epa_ghgrp","epa-1006645","","","","","","","","600","904032","117524","5.6","1458342","","Power generation — 2022 EPA GHG Reporter. NAICS 221112. Pre-qualified high-energy solar candidate."
"York County Resource Recovery","York","PA","epa_ghgrp","epa-1006647","","","","","","","","600","904032","117524","5.6","1458342","","Industrial facility — 2022 EPA GHG Reporter. NAICS 562213. Pre-qualified high-energy solar candidate."
"Bechtelsville","Barto","PA","epa_ghgrp","epa-1006696","","","","","","","","600","904032","117524","5.6","1458342","","Industrial facility — 2022 EPA GHG Reporter. NAICS 486210. Pre-qualified high-energy solar candidate."
"Grantville","Grantville","PA","epa_ghgrp","epa-1006698","","","","","","","","600","904032","117524","5.6","1458342","","Industrial facility — 2022 EPA GHG Reporter. NAICS 486210. Pre-qualified high-energy solar candidate."
"Wheelabrator - Frackville","Frackville","PA","epa_ghgrp","epa-1006714","","","","","","","","600","904032","117524","5.6","1458342","","Power generation — 2022 EPA GHG Reporter. NAICS 221112. Pre-qualified high-energy solar candidate."
"Homer City","Homer City","PA","epa_ghgrp","epa-1006728","","","","","","","","600","904032","117524","5.6","1458342","","Power generation — 2022 EPA GHG Reporter. NAICS 221112. Pre-qualified high-energy solar candidate."
"Equitable Gas Company (Wv) Dba Peoples","Pittsburgh","PA","epa_ghgrp","epa-1006740","","","","","","","","600","904032","117524","5.6","1458342","","Power generation — 2022 EPA GHG Reporter. NAICS 221210. Pre-qualified high-energy solar candidate."
"Marietta","Marietta","PA","epa_ghgrp","epa-1006781","","","","","","","","600","904032","117524","5.6","1458342","","Industrial facility — 2022 EPA GHG Reporter. NAICS 486210. Pre-qualified high-energy solar candidate."
"Perulack","East Waterford","PA","epa_ghgrp","epa-1006782","","","","","","","","600","904032","117524","5.6","1458342","","Industrial facility — 2022 EPA GHG Reporter. NAICS 486210. Pre-qualified high-energy solar candidate."
"Armstrong Cement & Supply","Cabot","PA","epa_ghgrp","epa-1006785","","","","","","","","600","904032","117524","5.6","1458342","","Cement / glass — 2022 EPA GHG Reporter. NAICS 327310. Pre-qualified high-energy solar candidate."
"Anchor Acquisition Llc Monaca Plt","Monaca","PA","epa_ghgrp","epa-1006810","","","","","","","","600","904032","117524","5.6","1458342","","Cement / glass — 2022 EPA GHG Reporter. NAICS 327212. Pre-qualified high-energy solar candidate."
"Lilly","Lilly","PA","epa_ghgrp","epa-1006824","","","","","","","","600","904032","117524","5.6","1458342","","Industrial facility — 2022 EPA GHG Reporter. NAICS 486210. Pre-qualified high-energy solar candidate."
"Paperworks Industries Inc","Philadelphia","PA","epa_ghgrp","epa-1006839","","","","","","","","600","904032","117524","5.6","1458342","","Pulp & paper — 2022 EPA GHG Reporter. NAICS 322130. Pre-qualified high-energy solar candidate."
"Bruce Mansfield","Shippingport","PA","epa_ghgrp","epa-1006909","","","","","","","","600","904032","117524","5.6","1458342","","Power generation — 2022 EPA GHG Reporter. NAICS 221112. Pre-qualified high-energy solar candidate."
"Transco Station 195","Delta","PA","epa_ghgrp","epa-1006984","","","","","","","","600","904032","117524","5.6","1458342","","Industrial facility — 2022 EPA GHG Reporter. NAICS 486210. Pre-qualified high-energy solar candidate."
"United Refining Company","Warren","PA","epa_ghgrp","epa-1007008","","","","","","","","600","904032","117524","5.6","1458342","","Petroleum refining — 2022 EPA GHG Reporter. NAICS 324110. Pre-qualified high-energy solar candidate."
"Helix Ironwood, Llc","Lebanon","PA","epa_ghgrp","epa-1007058","","","","","","","","600","904032","117524","5.6","1458342","","Power generation — 2022 EPA GHG Reporter. NAICS 221112. Pre-qualified high-energy solar candidate."
"Cngc Stateline Station","Jackson Township","PA","epa_ghgrp","epa-1007117","","","","","","","","600","904032","117524","5.6","1458342","","Power generation — 2022 EPA GHG Reporter. NAICS 221210. Pre-qualified high-energy solar candidate."
"Transco Station 520","Salladasburg","PA","epa_ghgrp","epa-1007133","","","","","","","","600","904032","117524","5.6","1458342","","Industrial facility — 2022 EPA GHG Reporter. NAICS 486210. Pre-qualified high-energy solar candidate."
"Vicinity Energy Philadelphia, Inc - Schuylkill Station","Philadelphia","PA","epa_ghgrp","epa-1007205","","","","","","","","600","904032","117524","5.6","1458342","","Power generation — 2022 EPA GHG Reporter. NAICS 221330. Pre-qualified high-energy solar candidate."
"Transco Station 200","Frazer","PA","epa_ghgrp","epa-1007210","","","","","","","","600","904032","117524","5.6","1458342","","Industrial facility — 2022 EPA GHG Reporter. NAICS 486210. Pre-qualified high-energy solar candidate."
"Kivlan & Company, Inc.","Mechanicsburg","PA","epa_ghgrp","epa-1007292","","","","","","","","600","904032","117524","5.6","1458342","","Industrial facility — 2022 EPA GHG Reporter. NAICS 425120. Pre-qualified high-energy solar candidate."
"Ugi Utilities, Inc.","Denver","PA","epa_ghgrp","epa-1007356","","","","","","","","600","904032","117524","5.6","1458342","","Power generation — 2022 EPA GHG Reporter. NAICS 221210. Pre-qualified high-energy solar candidate."
"Springdale Generating Station (55710)","Springdale","PA","epa_ghgrp","epa-1007360","","","","","","","","600","904032","117524","5.6","1458342","","Power generation — 2022 EPA GHG Reporter. NAICS 221112. Pre-qualified high-energy solar candidate."
"Trigen Energy Corporation-Edison St","Philadelphia","PA","epa_ghgrp","epa-1007369","","","","","","","","600","904032","117524","5.6","1458342","","Power generation — 2022 EPA GHG Reporter. NAICS 221330. Pre-qualified high-energy solar candidate."
"4 West Mine","Dilliner","PA","epa_ghgrp","epa-1007408","","","","","","","","600","904032","117524","5.6","1458342","","Industrial facility — 2022 EPA GHG Reporter. NAICS 212112. Pre-qualified high-energy solar candidate."
"Armstrong Power Station","Adrian","PA","epa_ghgrp","epa-1007418","","","","","","","","600","904032","117524","5.6","1458342","","Power generation — 2022 EPA GHG Reporter. NAICS 221112. Pre-qualified high-energy solar candidate."
"Brunot Island Power Station","Pittsburgh","PA","epa_ghgrp","epa-1007427","","","","","","","","600","904032","117524","5.6","1458342","","Power generation — 2022 EPA GHG Reporter. NAICS 221112. Pre-qualified high-energy solar candidate."
"Gans Generating Facility","Lake Lynn","PA","epa_ghgrp","epa-1007454","","","","","","","","600","904032","117524","5.6","1458342","","Power generation — 2022 EPA GHG Reporter. NAICS 221112. Pre-qualified high-energy solar candidate."
"Monroe Energy, Llc, Trainer Refinery","Trainer","PA","epa_ghgrp","epa-1007466","","","","","","","","600","904032","117524","5.6","1458342","","Petroleum refining — 2022 EPA GHG Reporter. NAICS 324110. Pre-qualified high-energy solar candidate."
"Monroeville Ldfl","Monroeville","PA","epa_ghgrp","epa-1007585","","","","","","","","600","904032","117524","5.6","1458342","","Industrial facility — 2022 EPA GHG Reporter. NAICS 562212. Pre-qualified high-energy solar candidate."
"Laurel Highlands Landfill","Johnstown","PA","epa_ghgrp","epa-1007586","","","","","","","","600","904032","117524","5.6","1458342","","Industrial facility — 2022 EPA GHG Reporter. NAICS 562212. Pre-qualified high-energy solar candidate."
"Grows Ldfl Waste Mgmt","Morrisville","PA","epa_ghgrp","epa-1007615","","","","","","","","600","904032","117524","5.6","1458342","","Industrial facility — 2022 EPA GHG Reporter. NAICS 562212. Pre-qualified high-energy solar candidate."
"Pine Grove Ldfl Inc/Pine Grove Landfill","Pine Grove","PA","epa_ghgrp","epa-1007616","","","","","","","","600","904032","117524","5.6","1458342","","Industrial facility — 2022 EPA GHG Reporter. NAICS 562212. Pre-qualified high-energy solar candidate."
"Erie Coke Corporation","Erie","PA","epa_ghgrp","epa-1007620","","","","","","","","600","904032","117524","5.6","1458342","","Petroleum refining — 2022 EPA GHG Reporter. NAICS 324199. Pre-qualified high-energy solar candidate."
"Tullytown Resource Recover Facility (Trrf) Landfill","Tullytown","PA","epa_ghgrp","epa-1007634","","","","","","","","600","904032","117524","5.6","1458342","","Industrial facility — 2022 EPA GHG Reporter. NAICS 562212. Pre-qualified high-energy solar candidate."
"Alliance Sani Ldfl","Taylor","PA","epa_ghgrp","epa-1007645","","","","","","","","600","904032","117524","5.6","1458342","","Industrial facility — 2022 EPA GHG Reporter. NAICS 562212. Pre-qualified high-energy solar candidate."
"Northwest Sani Ldfl","West Sunbury","PA","epa_ghgrp","epa-1007647","","","","","","","","600","904032","117524","5.6","1458342","","Industrial facility — 2022 EPA GHG Reporter. NAICS 562212. Pre-qualified high-energy solar candidate."
"Lake View Ldfl","Erie","PA","epa_ghgrp","epa-1007649","","","","","","","","600","904032","117524","5.6","1458342","","Industrial facility — 2022 EPA GHG Reporter. NAICS 562212. Pre-qualified high-energy solar candidate."
"Springdale Generating Station (55196)","Springdale","PA","epa_ghgrp","epa-1007659","","","","","","","","600","904032","117524","5.6","1458342","","Power generation — 2022 EPA GHG Reporter. NAICS 221112. Pre-qualified high-energy solar candidate."
"Lancaster Waste To Energy Facility","Bainbridge","PA","epa_ghgrp","epa-1007677","","","","","","","","600","904032","117524","5.6","1458342","","Industrial facility — 2022 EPA GHG Reporter. NAICS 562213. Pre-qualified high-energy solar candidate."
"Shade Ldfl","Cairnbrook","PA","epa_ghgrp","epa-1007686","","","","","","","","600","904032","117524","5.6","1458342","","Industrial facility — 2022 EPA GHG Reporter. NAICS 562212. Pre-qualified high-energy solar candidate."
"Kelly Run Sanitation","Elizabeth","PA","epa_ghgrp","epa-1007688","","","","","","","","600","904032","117524","5.6","1458342","","Industrial facility — 2022 EPA GHG Reporter. NAICS 562212. Pre-qualified high-energy solar candidate."
"South Hills (Armoni) Landfill","Library","PA","epa_ghgrp","epa-1007691","","","","","","","","600","904032","117524","5.6","1458342","","Industrial facility — 2022 EPA GHG Reporter. NAICS 562212. Pre-qualified high-energy solar candidate."
"Usa Valley Fac Inc/Valley Ldfl","Irwin","PA","epa_ghgrp","epa-1007692","","","","","","","","600","904032","117524","5.6","1458342","","Industrial facility — 2022 EPA GHG Reporter. NAICS 562212. Pre-qualified high-energy solar candidate."
"Southern Alleghenies Ldfl","Davidsville","PA","epa_ghgrp","epa-1007718","","","","","","","","600","904032","117524","5.6","1458342","","Industrial facility — 2022 EPA GHG Reporter. NAICS 562212. Pre-qualified high-energy solar candidate."
"Lathrop Compressor Station","Springville","PA","epa_ghgrp","epa-1007776","","","","","","","","600","904032","117524","5.6","1458342","","Industrial facility — 2022 EPA GHG Reporter. NAICS 213112. Pre-qualified high-energy solar candidate."
"Mitchell Power Station","Courtney","PA","epa_ghgrp","epa-1007842","","","","","","","","600","904032","117524","5.6","1458342","","Power generation — 2022 EPA GHG Reporter. NAICS 221112. Pre-qualified high-energy solar candidate."
"Hazleton Generation","Hazle Township","PA","epa_ghgrp","epa-1007864","","","","","","","","600","904032","117524","5.6","1458342","","Power generation — 2022 EPA GHG Reporter. NAICS 221112. Pre-qualified high-energy solar candidate."
"Covanta Plymouth Renewable Energy Llc","Conshohocken","PA","epa_ghgrp","epa-1007884","","","","","","","","600","904032","117524","5.6","1458342","","Industrial facility — 2022 EPA GHG Reporter. NAICS 562213. Pre-qualified high-energy solar candidate."
"Piney Creek Power Plant","Clarion","PA","epa_ghgrp","epa-1007908","","","","","","","","600","904032","117524","5.6","1458342","","Power generation — 2022 EPA GHG Reporter. NAICS 221112. Pre-qualified high-energy solar candidate."
"Greenridge Reclamation Landfill","Scottdale","PA","epa_ghgrp","epa-1007925","","","","","","","","600","904032","117524","5.6","1458342","","Industrial facility — 2022 EPA GHG Reporter. NAICS 562212. Pre-qualified high-energy solar candidate."
"Waste Management Disposal Service Mountain View Landfill","Greencastle","PA","epa_ghgrp","epa-1007935","","","","","","","","600","904032","117524","5.6","1458342","","Industrial facility — 2022 EPA GHG Reporter. NAICS 562212. Pre-qualified high-energy solar candidate."
"Clinton Cnty Solid W/Wayne Twp Ldfl","Mcelhattan","PA","epa_ghgrp","epa-1007960","","","","","","","","600","904032","117524","5.6","1458342","","Industrial facility — 2022 EPA GHG Reporter. NAICS 562212. Pre-qualified high-energy solar candidate."
"County Environmental Landfill Of Clarion","Leeper","PA","epa_ghgrp","epa-1007975","","","","","","","","600","904032","117524","5.6","1458342","","Industrial facility — 2022 EPA GHG Reporter. NAICS 562212. Pre-qualified high-energy solar candidate."
"Bradford County Landfill","Troy","PA","epa_ghgrp","epa-1007976","","","","","","","","600","904032","117524","5.6","1458342","","Industrial facility — 2022 EPA GHG Reporter. NAICS 562212. Pre-qualified high-energy solar candidate."
"Cemex Construction Materials Atlantic Llc","Wampum","PA","epa_ghgrp","epa-1007981","","","","","","","","600","904032","117524","5.6","1458342","","Cement / glass — 2022 EPA GHG Reporter. NAICS 327310. Pre-qualified high-energy solar candidate."
"Evergreen Landfill/Fka Pellegrene Site","Coral","PA","epa_ghgrp","epa-1007987","","","","","","","","600","904032","117524","5.6","1458342","","Industrial facility — 2022 EPA GHG Reporter. NAICS 562212. Pre-qualified high-energy solar candidate."
"Ebensburg Power Company","Ebensburg","PA","epa_ghgrp","epa-1008013","","","","","","","","600","904032","117524","5.6","1458342","","Power generation — 2022 EPA GHG Reporter. NAICS 221112. Pre-qualified high-energy solar candidate."
"Range Resources - Appalachia, Llc - Basin 160a","Canonsburg","PA","epa_ghgrp","epa-1008051","","","","","","","","600","904032","117524","5.6","1458342","","Industrial facility — 2022 EPA GHG Reporter. NAICS 211130. Pre-qualified high-energy solar candidate."
"Xto Energy Inc 160a Appalachian E Overthrust","Warrendale","PA","epa_ghgrp","epa-1008116","","","","","","","","600","904032","117524","5.6","1458342","","Industrial facility — 2022 EPA GHG Reporter. NAICS 211130. Pre-qualified high-energy solar candidate."
"Xpr Resources Llc","Canonsburg","PA","epa_ghgrp","epa-1008298","","","","","","","","600","904032","117524","5.6","1458342","","Industrial facility — 2022 EPA GHG Reporter. NAICS 211130. Pre-qualified high-energy solar candidate."
"Columbia Gas Transmission Llc Waynesburg Compressor Station","Waynesburg","PA","epa_ghgrp","epa-1008304","","","","","","","","600","904032","117524","5.6","1458342","","Industrial facility — 2022 EPA GHG Reporter. NAICS 486210. Pre-qualified high-energy solar candidate."
"Swepi Lp (Shell), Appalachian Basin (Eastern Overthrust Area) 160a","Sewickley","PA","epa_ghgrp","epa-1008401","","","","","","","","600","904032","117524","5.6","1458342","","Industrial facility — 2022 EPA GHG Reporter. NAICS 211130. Pre-qualified high-energy solar candidate."
"Atlas 160a/Appalach Overthrust Basin - Pa","Pittsburgh","PA","epa_ghgrp","epa-1008480","","","","","","","","600","904032","117524","5.6","1458342","","Industrial facility — 2022 EPA GHG Reporter. NAICS 211130. Pre-qualified high-energy solar candidate."
"Atlas 160/Appalachia Basin - Ohio","Pittsburgh","PA","epa_ghgrp","epa-1008483","","","","","","","","600","904032","117524","5.6","1458342","","Industrial facility — 2022 EPA GHG Reporter. NAICS 211130. Pre-qualified high-energy solar candidate."
"Rex Energy Corporation Appalachian Basin (160) Operations","State College","PA","epa_ghgrp","epa-1008509","","","","","","","","600","904032","117524","5.6","1458342","","Industrial facility — 2022 EPA GHG Reporter. NAICS 211111. Pre-qualified high-energy solar candidate."
"Texas Keystone, Inc.","Pittsburgh","PA","epa_ghgrp","epa-1008670","","","","","","","","600","904032","117524","5.6","1458342","","Industrial facility — 2022 EPA GHG Reporter. NAICS 211111. Pre-qualified high-energy solar candidate."
"Exco Resources (Pa), Llc - Basin 160a","Kittanning","PA","epa_ghgrp","epa-1008673","","","","","","","","600","904032","117524","5.6","1458342","","Industrial facility — 2022 EPA GHG Reporter. NAICS 211130. Pre-qualified high-energy solar candidate."
"Jefferson Compressor Station","Jefferson","PA","epa_ghgrp","epa-1008685","","","","","","","","600","904032","117524","5.6","1458342","","Industrial facility — 2022 EPA GHG Reporter. NAICS 486210. Pre-qualified high-energy solar candidate."
"Pratt Compressor Station","Waynesburg","PA","epa_ghgrp","epa-1008687","","","","","","","","600","904032","117524","5.6","1458342","","Industrial facility — 2022 EPA GHG Reporter. NAICS 486210. Pre-qualified high-energy solar candidate."
"Nfgsc Buffalo Station","Washington","PA","epa_ghgrp","epa-1008740","","","","","","","","600","904032","117524","5.6","1458342","","Industrial facility — 2022 EPA GHG Reporter. NAICS 486210. Pre-qualified high-energy solar candidate."
"Sarsen Gas Processing Plant","Evans City","PA","epa_ghgrp","epa-1008744","","","","","","","","600","904032","117524","5.6","1458342","","Industrial facility — 2022 EPA GHG Reporter. NAICS 211130. Pre-qualified high-energy solar candidate."
"Enlow Fork Mine","Claysville","PA","epa_ghgrp","epa-1008757","","","","","","","","600","904032","117524","5.6","1458342","","Industrial facility — 2022 EPA GHG Reporter. NAICS 212115. Pre-qualified high-energy solar candidate."
"Washington County Mine","Eighty Four","PA","epa_ghgrp","epa-1008762","","","","","","","","600","904032","117524","5.6","1458342","","Industrial facility — 2022 EPA GHG Reporter. NAICS 212112. Pre-qualified high-energy solar candidate."
"Cnx Gas Company Llc -160a Appalachian Basin Eastern Overthrust Area","Canonsburg","PA","epa_ghgrp","epa-1008783","","","","","","","","600","904032","117524","5.6","1458342","","Industrial facility — 2022 EPA GHG Reporter. NAICS 211130. Pre-qualified high-energy solar candidate."
"Cnx Gas Company Llc -160 Appalachian Basin","Canonsburg","PA","epa_ghgrp","epa-1008784","","","","","","","","600","904032","117524","5.6","1458342","","Industrial facility — 2022 EPA GHG Reporter. NAICS 211130. Pre-qualified high-energy solar candidate."
"Arsenal Resources, Llc 160a Appalachian Basin","Wexford","PA","epa_ghgrp","epa-1008795","","","","","","","","600","904032","117524","5.6","1458342","","Industrial facility — 2022 EPA GHG Reporter. NAICS 211130. Pre-qualified high-energy solar candidate."
"Pennsylvania General Energy Company Llc","Warren","PA","epa_ghgrp","epa-1008882","","","","","","","","600","904032","117524","5.6","1458342","","Industrial facility — 2022 EPA GHG Reporter. NAICS 211130. Pre-qualified high-energy solar candidate."
"Range Resources - Appalachia, Llc- Basin 160","Canonsburg","PA","epa_ghgrp","epa-1008918","","","","","","","","600","904032","117524","5.6","1458342","","Industrial facility — 2022 EPA GHG Reporter. NAICS 211111. Pre-qualified high-energy solar candidate."
"Appalachian Basin - Aapg Province 160a","Williamsport","PA","epa_ghgrp","epa-1008937","","","","","","","","600","904032","117524","5.6","1458342","","Industrial facility — 2022 EPA GHG Reporter. NAICS 211130. Pre-qualified high-energy solar candidate."
"Nfgsc Roystone Station","Sheffield","PA","epa_ghgrp","epa-1009062","","","","","","","","600","904032","117524","5.6","1458342","","Industrial facility — 2022 EPA GHG Reporter. NAICS 486210. Pre-qualified high-energy solar candidate."
"Eqt Chap Llc - Basin 160a - Appalachian Eastern Overthrust","Pittsburgh","PA","epa_ghgrp","epa-1009098","","","","","","","","600","904032","117524","5.6","1458342","","Industrial facility — 2022 EPA GHG Reporter. NAICS 211130. Pre-qualified high-energy solar candidate."
"Transco Station 517","Benton","PA","epa_ghgrp","epa-1009159","","","","","","","","600","904032","117524","5.6","1458342","","Industrial facility — 2022 EPA GHG Reporter. NAICS 486210. Pre-qualified high-energy solar candidate."
"Tgp Station 321 Clifford","Uniondale","PA","epa_ghgrp","epa-1009203","","","","","","","","600","904032","117524","5.6","1458342","","Industrial facility — 2022 EPA GHG Reporter. NAICS 486210. Pre-qualified high-energy solar candidate."
"Columbia Gas Transmission Llc Artemas Compressor Station","Artemas","PA","epa_ghgrp","epa-1009269","","","","","","","","600","904032","117524","5.6","1458342","","Industrial facility — 2022 EPA GHG Reporter. NAICS 486210. Pre-qualified high-energy solar candidate."
"Seneca East Facilities","Cranberry Township","PA","epa_ghgrp","epa-1009301","","","","","","","","600","904032","117524","5.6","1458342","","Industrial facility — 2022 EPA GHG Reporter. NAICS 211130. Pre-qualified high-energy solar candidate."
"Eqt Production - Basin 160 - Appalachian","Pittsburgh","PA","epa_ghgrp","epa-1009308","","","","","","","","600","904032","117524","5.6","1458342","","Industrial facility — 2022 EPA GHG Reporter. NAICS 211130. Pre-qualified high-energy solar candidate."
"Corelle Brands - Charleroi Plant","Charleroi","PA","epa_ghgrp","epa-1009530","","","","","","","","600","904032","117524","5.6","1458342","","Cement / glass — 2022 EPA GHG Reporter. NAICS 327212. Pre-qualified high-energy solar candidate."
"Ppl Electric Utilities","Allentown","PA","epa_ghgrp","epa-1009569","","","","","","","","600","904032","117524","5.6","1458342","","Power generation — 2022 EPA GHG Reporter. NAICS 221122. Pre-qualified high-energy solar candidate."
"Duquesne Light Company","Pittsburgh","PA","epa_ghgrp","epa-1009789","","","","","","","","600","904032","117524","5.6","1458342","","Power generation — 2022 EPA GHG Reporter. NAICS 221122. Pre-qualified high-energy solar candidate."
"Iron Emerald, Llc","Waynesburg","PA","epa_ghgrp","epa-1009877","","","","","","","","600","904032","117524","5.6","1458342","","Industrial facility — 2022 EPA GHG Reporter. NAICS 212115. Pre-qualified high-energy solar candidate."
"Iron Pennsylvania Land Llc","Waynesburg","PA","epa_ghgrp","epa-1009878","","","","","","","","600","904032","117524","5.6","1458342","","Industrial facility — 2022 EPA GHG Reporter. NAICS 211130. Pre-qualified high-energy solar candidate."
"Iron Cumberland, Llc","Waynesburg","PA","epa_ghgrp","epa-1009887","","","","","","","","600","904032","117524","5.6","1458342","","Industrial facility — 2022 EPA GHG Reporter. NAICS 212115. Pre-qualified high-energy solar candidate."
"Seccra Community Landfill","West Grove","PA","epa_ghgrp","epa-1009925","","","","","","","","600","904032","117524","5.6","1458342","","Industrial facility — 2022 EPA GHG Reporter. NAICS 562212. Pre-qualified high-energy solar candidate."
"Lowry Mine","Indiana","PA","epa_ghgrp","epa-1010111","","","","","","","","600","904032","117524","5.6","1458342","","Industrial facility — 2022 EPA GHG Reporter. NAICS 212115. Pre-qualified high-energy solar candidate."
"International Paper - Erie Lowville Landfill Iii","Wattsburg","PA","epa_ghgrp","epa-1010127","","","","","","","","600","904032","117524","5.6","1458342","","Industrial facility — 2022 EPA GHG Reporter. NAICS 562212. Pre-qualified high-energy solar candidate."
"Tracy Lynne Mine","Apollo","PA","epa_ghgrp","epa-1010129","","","","","","","","600","904032","117524","5.6","1458342","","Industrial facility — 2022 EPA GHG Reporter. NAICS 212112. Pre-qualified high-energy solar candidate."
"Toms Run Mine","Black Lick","PA","epa_ghgrp","epa-1010130","","","","","","","","600","904032","117524","5.6","1458342","","Industrial facility — 2022 EPA GHG Reporter. NAICS 212112. Pre-qualified high-energy solar candidate."
"Logansport Mine","Ford City","PA","epa_ghgrp","epa-1010131","","","","","","","","600","904032","117524","5.6","1458342","","Industrial facility — 2022 EPA GHG Reporter. NAICS 212112. Pre-qualified high-energy solar candidate."
"Clementine Mine","Freeport","PA","epa_ghgrp","epa-1010132","","","","","","","","600","904032","117524","5.6","1458342","","Industrial facility — 2022 EPA GHG Reporter. NAICS 212112. Pre-qualified high-energy solar candidate."
"Cherry Tree Mine","Cherry Tree","PA","epa_ghgrp","epa-1010133","","","","","","","","600","904032","117524","5.6","1458342","","Industrial facility — 2022 EPA GHG Reporter. NAICS 212112. Pre-qualified high-energy solar candidate."
"Bluestone Gas Processing Plant","Evans City","PA","epa_ghgrp","epa-1010152","","","","","","","","600","904032","117524","5.6","1458342","","Industrial facility — 2022 EPA GHG Reporter. NAICS 211130. Pre-qualified high-energy solar candidate."
"Cherry Flats Compressor Station","Covington","PA","epa_ghgrp","epa-1010170","","","","","","","","600","904032","117524","5.6","1458342","","Industrial facility — 2022 EPA GHG Reporter. NAICS 211111. Pre-qualified high-energy solar candidate."
"Eqt Production - Basin 160a - Appalachian Eastern Overthrust","Pittsburgh","PA","epa_ghgrp","epa-1010233","","","","","","","","600","904032","117524","5.6","1458342","","Industrial facility — 2022 EPA GHG Reporter. NAICS 211130. Pre-qualified high-energy solar candidate."
"Atlas 415/Strawn Basin - Fort Worth","Pittsburgh","PA","epa_ghgrp","epa-1010235","","","","","","","","600","904032","117524","5.6","1458342","","Industrial facility — 2022 EPA GHG Reporter. NAICS 211130. Pre-qualified high-energy solar candidate."
"Atlas 420/Fort Worth Syncline Basin - Jacksboro","Pittsburgh","PA","epa_ghgrp","epa-1010237","","","","","","","","600","904032","117524","5.6","1458342","","Industrial facility — 2022 EPA GHG Reporter. NAICS 211130. Pre-qualified high-energy solar candidate."
"Starford Mine","Commodore","PA","epa_ghgrp","epa-1010296","","","","","","","","600","904032","117524","5.6","1458342","","Industrial facility — 2022 EPA GHG Reporter. NAICS 212112. Pre-qualified high-energy solar candidate."
"Laurel Ridge/Rager Mountain Compressor Station","Johnstown","PA","epa_ghgrp","epa-1010314","","","","","","","","600","904032","117524","5.6","1458342","","Industrial facility — 2022 EPA GHG Reporter. NAICS 486210. Pre-qualified high-energy solar candidate."
"Barto Compressor Station","Hughesville","PA","epa_ghgrp","epa-1010347","","","","","","","","600","904032","117524","5.6","1458342","","Industrial facility — 2022 EPA GHG Reporter. NAICS 211111. Pre-qualified high-energy solar candidate."
"United Refining Company Subpart Mm","Warren","PA","epa_ghgrp","epa-1010469","","","","","","","","600","904032","117524","5.6","1458342","","Petroleum refining — 2022 EPA GHG Reporter. NAICS 324110. Pre-qualified high-energy solar candidate."
"Tgp Station 315 Wellsboro","Wellsboro","PA","epa_ghgrp","epa-1010483","","","","","","","","600","904032","117524","5.6","1458342","","Industrial facility — 2022 EPA GHG Reporter. NAICS 486210. Pre-qualified high-energy solar candidate."
"Welling Compressor Station","Claysville","PA","epa_ghgrp","epa-1010551","","","","","","","","600","904032","117524","5.6","1458342","","Industrial facility — 2022 EPA GHG Reporter. NAICS 486210. Pre-qualified high-energy solar candidate."
"Shamrock Compressor Station","New Salem","PA","epa_ghgrp","epa-1010565","","","","","","","","600","904032","117524","5.6","1458342","","Industrial facility — 2022 EPA GHG Reporter. NAICS 213112. Pre-qualified high-energy solar candidate."
"Chrin Landfill Gas To Energy","Easton","PA","epa_ghgrp","epa-1010566","","","","","","","","600","904032","117524","5.6","1458342","","Power generation — 2022 EPA GHG Reporter. NAICS 221119. Pre-qualified high-energy solar candidate."
"Granville Compressor Station","Troy","PA","epa_ghgrp","epa-1010571","","","","","","","","600","904032","117524","5.6","1458342","","Industrial facility — 2022 EPA GHG Reporter. NAICS 211111. Pre-qualified high-energy solar candidate."
"American Refining Group Inc - Import/Export","Bradford","PA","epa_ghgrp","epa-1010594","","","","","","","","600","904032","117524","5.6","1458342","","Petroleum refining — 2022 EPA GHG Reporter. NAICS 324110. Pre-qualified high-energy solar candidate."
"Peoples Gas Company Pennsylvania","Pittsburgh","PA","epa_ghgrp","epa-1010644","","","","","","","","600","904032","117524","5.6","1458342","","Power generation — 2022 EPA GHG Reporter. NAICS 221210. Pre-qualified high-energy solar candidate."
"Bucknell University","Lewisburg","PA","epa_ghgrp","epa-1010646","","","","","","","","600","904032","117524","5.6","1458342","","Industrial facility — 2022 EPA GHG Reporter. NAICS 611310. Pre-qualified high-energy solar candidate."
"Cole Compressor Station","Columbia","PA","epa_ghgrp","epa-1010662","","","","","","","","600","904032","117524","5.6","1458342","","Industrial facility — 2022 EPA GHG Reporter. NAICS 211111. Pre-qualified high-energy solar candidate."
"York Plant Holding Llc","York","PA","epa_ghgrp","epa-1010680","","","","","","","","600","904032","117524","5.6","1458342","","Power generation — 2022 EPA GHG Reporter. NAICS 221112. Pre-qualified high-energy solar candidate."
"Callisto Compressor Station","Sycamore","PA","epa_ghgrp","epa-1010717","","","","","","","","600","904032","117524","5.6","1458342","","Industrial facility — 2022 EPA GHG Reporter. NAICS 486210. Pre-qualified high-energy solar candidate."
"Canoe Run Compressor Station","Jersey Shore","PA","epa_ghgrp","epa-1010724","","","","","","","","600","904032","117524","5.6","1458342","","Industrial facility — 2022 EPA GHG Reporter. NAICS 211111. Pre-qualified high-energy solar candidate."
"Xto - Jefferson Township Station","Butler","PA","epa_ghgrp","epa-1010913","","","","","","","","600","904032","117524","5.6","1458342","","Industrial facility — 2022 EPA GHG Reporter. NAICS 211111. Pre-qualified high-energy solar candidate."
"Lycoming County Landfill Gas To Energy","Montgomery","PA","epa_ghgrp","epa-1011029","","","","","","","","600","904032","117524","5.6","1458342","","Power generation — 2022 EPA GHG Reporter. NAICS 221119. Pre-qualified high-energy solar candidate."
"Blue Ridge Landfill Gas To Energy","Scotland","PA","epa_ghgrp","epa-1011030","","","","","","","","600","904032","117524","5.6","1458342","","Power generation — 2022 EPA GHG Reporter. NAICS 221119. Pre-qualified high-energy solar candidate."
"Pioneer Crossing Landfill","Birdsboro","PA","epa_ghgrp","epa-1011037","","","","","","","","600","904032","117524","5.6","1458342","","Industrial facility — 2022 EPA GHG Reporter. NAICS 562212. Pre-qualified high-energy solar candidate."
"Gillhouser Run Deep Mine","Homer City","PA","epa_ghgrp","epa-1011062","","","","","","","","600","904032","117524","5.6","1458342","","Industrial facility — 2022 EPA GHG Reporter. NAICS 212112. Pre-qualified high-energy solar candidate."
"Susquehanna Gathering Company Cdp#1","New Milford","PA","epa_ghgrp","epa-1011118","","","","","","","","600","904032","117524","5.6","1458342","","Power generation — 2022 EPA GHG Reporter. NAICS 221210. Pre-qualified high-energy solar candidate."
"Susquehanna Gathering Company Cdp#3","New Milford","PA","epa_ghgrp","epa-1011119","","","","","","","","600","904032","117524","5.6","1458342","","Power generation — 2022 EPA GHG Reporter. NAICS 221210. Pre-qualified high-energy solar candidate."
"Wilcox Compressor Station","Tunkhannock","PA","epa_ghgrp","epa-1011155","","","","","","","","600","904032","117524","5.6","1458342","","Industrial facility — 2022 EPA GHG Reporter. NAICS 213112. Pre-qualified high-energy solar candidate."
"Zick Compressor Station","Kingsley","PA","epa_ghgrp","epa-1011156","","","","","","","","600","904032","117524","5.6","1458342","","Industrial facility — 2022 EPA GHG Reporter. NAICS 213112. Pre-qualified high-energy solar candidate."
"Herminie Compressor Station","West Newton","PA","epa_ghgrp","epa-1011161","","","","","","","","600","904032","117524","5.6","1458342","","Industrial facility — 2022 EPA GHG Reporter. NAICS 213112. Pre-qualified high-energy solar candidate."
"Church Compressor Station","Springville","PA","epa_ghgrp","epa-1011165","","","","","","","","600","904032","117524","5.6","1458342","","Industrial facility — 2022 EPA GHG Reporter. NAICS 213112. Pre-qualified high-energy solar candidate."
"Central Compressor Station","Kingsley","PA","epa_ghgrp","epa-1011167","","","","","","","","600","904032","117524","5.6","1458342","","Industrial facility — 2022 EPA GHG Reporter. NAICS 213112. Pre-qualified high-energy solar candidate."
"Miller Compressor Station","New Milford","PA","epa_ghgrp","epa-1011168","","","","","","","","600","904032","117524","5.6","1458342","","Industrial facility — 2022 EPA GHG Reporter. NAICS 213112. Pre-qualified high-energy solar candidate."
"Eastern Gas Transmission And Storage - Centre Station (Tran)","Pleasant Gap","PA","epa_ghgrp","epa-1011173","","","","","","","","600","904032","117524","5.6","1458342","","Industrial facility — 2022 EPA GHG Reporter. NAICS 486210. Pre-qualified high-energy solar candidate."
"Cantaral Compressor Station","Waynesurgh","PA","epa_ghgrp","epa-1011201","","","","","","","","600","904032","117524","5.6","1458342","","Industrial facility — 2022 EPA GHG Reporter. NAICS 213112. Pre-qualified high-energy solar candidate."
"Hirkey Compressor Station","Tunkhannock","PA","epa_ghgrp","epa-1011205","","","","","","","","600","904032","117524","5.6","1458342","","Industrial facility — 2022 EPA GHG Reporter. NAICS 211111. Pre-qualified high-energy solar candidate."
"Parkwood Mine","Shelocta","PA","epa_ghgrp","epa-1011206","","","","","","","","600","904032","117524","5.6","1458342","","Industrial facility — 2022 EPA GHG Reporter. NAICS 212112. Pre-qualified high-energy solar candidate."
"Edsell Compressor Station","Pike","PA","epa_ghgrp","epa-1011209","","","","","","","","600","904032","117524","5.6","1458342","","Industrial facility — 2022 EPA GHG Reporter. NAICS 211111. Pre-qualified high-energy solar candidate."
"Greenzweig Cpf #1","Wyalusing","PA","epa_ghgrp","epa-1011222","","","","","","","","600","904032","117524","5.6","1458342","","Power generation — 2022 EPA GHG Reporter. NAICS 221210. Pre-qualified high-energy solar candidate."
"Clark Cpf #1","Wyalusing","PA","epa_ghgrp","epa-1011224","","","","","","","","600","904032","117524","5.6","1458342","","Power generation — 2022 EPA GHG Reporter. NAICS 221210. Pre-qualified high-energy solar candidate."
"Ugid Broad Mountain Llc/Hegins","Hegins","PA","epa_ghgrp","epa-1011225","","","","","","","","600","904032","117524","5.6","1458342","","Power generation — 2022 EPA GHG Reporter. NAICS 221117. Pre-qualified high-energy solar candidate."
"Three Brothers Compressor Station","Smith Township","PA","epa_ghgrp","epa-1011279","","","","","","","","600","904032","117524","5.6","1458342","","Industrial facility — 2022 EPA GHG Reporter. NAICS 211111. Pre-qualified high-energy solar candidate."
"Rex Energy Corporation Appalachian Basin Eastern Overthrust (160a) Operations","State College","PA","epa_ghgrp","epa-1011308","","","","","","","","600","904032","117524","5.6","1458342","","Industrial facility — 2022 EPA GHG Reporter. NAICS 211111. Pre-qualified high-energy solar candidate."
"Eog - Phc Compressor Station","Clearfield","PA","epa_ghgrp","epa-1011329","","","","","","","","600","904032","117524","5.6","1458342","","Industrial facility — 2022 EPA GHG Reporter. NAICS 211111. Pre-qualified high-energy solar candidate."
"Susquehanna Gathering Company Cdp#2","New Milford","PA","epa_ghgrp","epa-1011445","","","","","","","","600","904032","117524","5.6","1458342","","Power generation — 2022 EPA GHG Reporter. NAICS 221210. Pre-qualified high-energy solar candidate."
"Comfort Lake","Susquehanna","PA","epa_ghgrp","epa-1011447","","","","","","","","600","904032","117524","5.6","1458342","","Power generation — 2022 EPA GHG Reporter. NAICS 221210. Pre-qualified high-energy solar candidate."
"Harvey Mine","Richhill","PA","epa_ghgrp","epa-1011503","","","","","","","","600","904032","117524","5.6","1458342","","Industrial facility — 2022 EPA GHG Reporter. NAICS 212115. Pre-qualified high-energy solar candidate."
"Altas 220/Gulf Coast - Eagle Ford","Pittsburgh","PA","epa_ghgrp","epa-1011546","","","","","","","","600","904032","117524","5.6","1458342","","Industrial facility — 2022 EPA GHG Reporter. NAICS 211130. Pre-qualified high-energy solar candidate."
"Atlas 360/Anadarko Basin - Nash","Pittsburgh","PA","epa_ghgrp","epa-1011547","","","","","","","","600","904032","117524","5.6","1458342","","Industrial facility — 2022 EPA GHG Reporter. NAICS 211130. Pre-qualified high-energy solar candidate."
"Warren E&P, Inc.","Tunkhannock","PA","epa_ghgrp","epa-1011616","","","","","","","","600","904032","117524","5.6","1458342","","Industrial facility — 2022 EPA GHG Reporter. NAICS 211111. Pre-qualified high-energy solar candidate."
"Tgp Station 303, Seneca, Pa","Seneca","PA","epa_ghgrp","epa-1011628","","","","","","","","600","904032","117524","5.6","1458342","","Industrial facility — 2022 EPA GHG Reporter. NAICS 486210. Pre-qualified high-energy solar candidate."
"Cherry Compressor Station","Dushore","PA","epa_ghgrp","epa-1011648","","","","","","","","600","904032","117524","5.6","1458342","","Industrial facility — 2022 EPA GHG Reporter. NAICS 211111. Pre-qualified high-energy solar candidate."
"Stagecoach Junction Compressor Station","Wyalusing","PA","epa_ghgrp","epa-1011660","","","","","","","","600","904032","117524","5.6","1458342","","Industrial facility — 2022 EPA GHG Reporter. NAICS 211111. Pre-qualified high-energy solar candidate."
"Darmac No. 2 Mine","Shelocta","PA","epa_ghgrp","epa-1011665","","","","","","","","600","904032","117524","5.6","1458342","","Industrial facility — 2022 EPA GHG Reporter. NAICS 212112. Pre-qualified high-energy solar candidate."
"Smith Compressor Station","Smith Township","PA","epa_ghgrp","epa-1011680","","","","","","","","600","904032","117524","5.6","1458342","","Industrial facility — 2022 EPA GHG Reporter. NAICS 486210. Pre-qualified high-energy solar candidate."
"Jupiter Compressor Station","Waynesburg","PA","epa_ghgrp","epa-1011721","","","","","","","","600","904032","117524","5.6","1458342","","Industrial facility — 2022 EPA GHG Reporter. NAICS 486210. Pre-qualified high-energy solar candidate."
"Dcnr 595 Compressor Station","Arnot","PA","epa_ghgrp","epa-1011747","","","","","","","","600","904032","117524","5.6","1458342","","Industrial facility — 2022 EPA GHG Reporter. NAICS 211111. Pre-qualified high-energy solar candidate."
"White Cpf #1","Stevensville","PA","epa_ghgrp","epa-1011750","","","","","","","","600","904032","117524","5.6","1458342","","Power generation — 2022 EPA GHG Reporter. NAICS 221210. Pre-qualified high-energy solar candidate."
"Knox Energy Cooperative Association, Inc.","Kane","PA","epa_ghgrp","epa-1011775","","","","","","","","600","904032","117524","5.6","1458342","","Power generation — 2022 EPA GHG Reporter. NAICS 221210. Pre-qualified high-energy solar candidate."
"Rice Drilling B, Llc - Basin 160a","Canonsburg","PA","epa_ghgrp","epa-1011861","","","","","","","","600","904032","117524","5.6","1458342","","Industrial facility — 2022 EPA GHG Reporter. NAICS 211130. Pre-qualified high-energy solar candidate."
"Rice Drilling D, Llc - Basin 160a","Canonsburg","PA","epa_ghgrp","epa-1011862","","","","","","","","600","904032","117524","5.6","1458342","","Industrial facility — 2022 EPA GHG Reporter. NAICS 211130. Pre-qualified high-energy solar candidate."
"Eastern Gas Transmission And Storage - Chambersburg Station (Tran)","Chambersburg","PA","epa_ghgrp","epa-1011881","","","","","","","","600","904032","117524","5.6","1458342","","Industrial facility — 2022 EPA GHG Reporter. NAICS 486210. Pre-qualified high-energy solar candidate."
"Hagerman Compressor Station","Trout Run","PA","epa_ghgrp","epa-1011890","","","","","","","","600","904032","117524","5.6","1458342","","Industrial facility — 2022 EPA GHG Reporter. NAICS 486210. Pre-qualified high-energy solar candidate."
"Heilwood Mine","Heilwood","PA","epa_ghgrp","epa-1011909","","","","","","","","600","904032","117524","5.6","1458342","","Industrial facility — 2022 EPA GHG Reporter. NAICS 212115. Pre-qualified high-energy solar candidate."
"Carpenter Compressor Station","West Alexander","PA","epa_ghgrp","epa-1011925","","","","","","","","600","904032","117524","5.6","1458342","","Industrial facility — 2022 EPA GHG Reporter. NAICS 211111. Pre-qualified high-energy solar candidate."
"Twilight Compressor Station","Daisytown","PA","epa_ghgrp","epa-1011926","","","","","","","","600","904032","117524","5.6","1458342","","Industrial facility — 2022 EPA GHG Reporter. NAICS 211111. Pre-qualified high-energy solar candidate."
"Royal Oak Compressor Station","Evans City","PA","epa_ghgrp","epa-1011928","","","","","","","","600","904032","117524","5.6","1458342","","Industrial facility — 2022 EPA GHG Reporter. NAICS 211111. Pre-qualified high-energy solar candidate."
"Trilith Compressor Station","Butler","PA","epa_ghgrp","epa-1011937","","","","","","","","600","904032","117524","5.6","1458342","","Industrial facility — 2022 EPA GHG Reporter. NAICS 211111. Pre-qualified high-energy solar candidate."
"White Compressor Station","Springville","PA","epa_ghgrp","epa-1011955","","","","","","","","600","904032","117524","5.6","1458342","","Industrial facility — 2022 EPA GHG Reporter. NAICS 213112. Pre-qualified high-energy solar candidate."
"Gibson Compressor Station","Union Dale","PA","epa_ghgrp","epa-1011957","","","","","","","","600","904032","117524","5.6","1458342","","Industrial facility — 2022 EPA GHG Reporter. NAICS 213112. Pre-qualified high-energy solar candidate."
"Halo Compressor Station","Sycamore","PA","epa_ghgrp","epa-1012046","","","","","","","","600","904032","117524","5.6","1458342","","Industrial facility — 2022 EPA GHG Reporter. NAICS 486210. Pre-qualified high-energy solar candidate."
"Cop Tract 729 Compressor Station","Jersey Shore","PA","epa_ghgrp","epa-1012115","","","","","","","","600","904032","117524","5.6","1458342","","Industrial facility — 2022 EPA GHG Reporter. NAICS 211111. Pre-qualified high-energy solar candidate."
"Hamilton Patriot","Montgomery","PA","epa_ghgrp","epa-1012122","","","","","","","","600","904032","117524","5.6","1458342","","Power generation — 2022 EPA GHG Reporter. NAICS 221112. Pre-qualified high-energy solar candidate."
"Tgp Station 310 Smethport, Pa","Smethport","PA","epa_ghgrp","epa-1012158","","","","","","","","600","904032","117524","5.6","1458342","","Industrial facility — 2022 EPA GHG Reporter. NAICS 486210. Pre-qualified high-energy solar candidate."
"Pike Compressor Facility","Rochester","PA","epa_ghgrp","epa-1012168","","","","","","","","600","904032","117524","5.6","1458342","","Industrial facility — 2022 EPA GHG Reporter. NAICS 211130. Pre-qualified high-energy solar candidate."
"Hamilton Liberty Llc","Towanda","PA","epa_ghgrp","epa-1012196","","","","","","","","600","904032","117524","5.6","1458342","","Power generation — 2022 EPA GHG Reporter. NAICS 221112. Pre-qualified high-energy solar candidate."
"Appalachian Basin Gathering & Boosting - Aapg Province 160a","Williamsport","PA","epa_ghgrp","epa-1012241","","","","","","","","600","904032","117524","5.6","1458342","","Industrial facility — 2022 EPA GHG Reporter. NAICS 211130. Pre-qualified high-energy solar candidate."
"Hep Pennsylvania Gathering Llc Midstream (160a) Operations","Towanda","PA","epa_ghgrp","epa-1012256","","","","","","","","600","904032","117524","5.6","1458342","","Industrial facility — 2022 EPA GHG Reporter. NAICS 486210. Pre-qualified high-energy solar candidate."
"Nfg Midstream Trout Run Gathering System","Williamsport","PA","epa_ghgrp","epa-1012322","","","","","","","","600","904032","117524","5.6","1458342","","Industrial facility — 2022 EPA GHG Reporter. NAICS 211130. Pre-qualified high-energy solar candidate."
"Nfg Midstream Clermont Gathering System","Mount Jewett","PA","epa_ghgrp","epa-1012336","","","","","","","","600","904032","117524","5.6","1458342","","Industrial facility — 2022 EPA GHG Reporter. NAICS 211130. Pre-qualified high-energy solar candidate."
"Atlas-160-Appalachia-Oh-B & G","Pittsburgh","PA","epa_ghgrp","epa-1012440","","","","","","","","600","904032","117524","5.6","1458342","","Industrial facility — 2022 EPA GHG Reporter. NAICS 211130. Pre-qualified high-energy solar candidate."
"Eqm Olympus Midstream Llc - Basin 160a","Canonsburg","PA","epa_ghgrp","epa-1012467","","","","","","","","600","904032","117524","5.6","1458342","","Industrial facility — 2022 EPA GHG Reporter. NAICS 211130. Pre-qualified high-energy solar candidate."
"Eqm Poseidon Midstream Llc - Basin 160a","Canonsburg","PA","epa_ghgrp","epa-1012471","","","","","","","","600","904032","117524","5.6","1458342","","Industrial facility — 2022 EPA GHG Reporter. NAICS 211130. Pre-qualified high-energy solar candidate."
"Superior Appalachian Pipeline, Llc. Basin 160a  Appalachian Eastern Overthrust  Gb","Cannonsburg","PA","epa_ghgrp","epa-1012538","","","","","","","","600","904032","117524","5.6","1458342","","Industrial facility — 2022 EPA GHG Reporter. NAICS 486210. Pre-qualified high-energy solar candidate."
"Xto Energy Inc 160a Appalachian E Overthrust  Gb","Warrendale","PA","epa_ghgrp","epa-1012560","","","","","","","","600","904032","117524","5.6","1458342","","Industrial facility — 2022 EPA GHG Reporter. NAICS 211130. Pre-qualified high-energy solar candidate."
"Beaver Dam Energy Llc","Canton","PA","epa_ghgrp","epa-1012567","","","","","","","","600","904032","117524","5.6","1458342","","Power generation — 2022 EPA GHG Reporter. NAICS 221112. Pre-qualified high-energy solar candidate."
"Bluestone Gathering System","New Milford","PA","epa_ghgrp","epa-1012589","","","","","","","","600","904032","117524","5.6","1458342","","Industrial facility — 2022 EPA GHG Reporter. NAICS 486210. Pre-qualified high-energy solar candidate."
"Roundtop Energy Llc","Meshoppen","PA","epa_ghgrp","epa-1012599","","","","","","","","600","904032","117524","5.6","1458342","","Power generation — 2022 EPA GHG Reporter. NAICS 221112. Pre-qualified high-energy solar candidate."
"Nfgsc Mercer Compressor Station","Mercer","PA","epa_ghgrp","epa-1012600","","","","","","","","600","904032","117524","5.6","1458342","","Industrial facility — 2022 EPA GHG Reporter. NAICS 486210. Pre-qualified high-energy solar candidate."
"Eqt Gathering, Llc - Basin 160 - Appalachian - Gb","Pittsburgh","PA","epa_ghgrp","epa-1012601","","","","","","","","600","904032","117524","5.6","1458342","","Industrial facility — 2022 EPA GHG Reporter. NAICS 211111. Pre-qualified high-energy solar candidate."
"Eqt Production - Basin 160a - Appalachian Eastern Overthrust - Gb","Pittsburgh","PA","epa_ghgrp","epa-1012602","","","","","","","","600","904032","117524","5.6","1458342","","Industrial facility — 2022 EPA GHG Reporter. NAICS 211130. Pre-qualified high-energy solar candidate."
"Cpg - Milford Compressor Station","Milford","PA","epa_ghgrp","epa-1012630","","","","","","","","600","904032","117524","5.6","1458342","","Industrial facility — 2022 EPA GHG Reporter. NAICS 486210. Pre-qualified high-energy solar candidate."
"Eqt Gathering, Llc - Basin 160a - Appalachian Eastern Overthrust - Gb","Pittsburgh","PA","epa_ghgrp","epa-1012637","","","","","","","","600","904032","117524","5.6","1458342","","Industrial facility — 2022 EPA GHG Reporter. NAICS 211130. Pre-qualified high-energy solar candidate."
"Eqm Gathering Opco, Llc - Basin 160a - Appalachian Eastern Overthrust - Gb","Canonsburg","PA","epa_ghgrp","epa-1012681","","","","","","","","600","904032","117524","5.6","1458342","","Industrial facility — 2022 EPA GHG Reporter. NAICS 211130. Pre-qualified high-energy solar candidate."
"Cpg - Easton Compressor Station","Easton","PA","epa_ghgrp","epa-1012682","","","","","","","","600","904032","117524","5.6","1458342","","Industrial facility — 2022 EPA GHG Reporter. NAICS 486210. Pre-qualified high-energy solar candidate."
"Equitrans, Lp - Transmission Pipeline","Pittsburgh","PA","epa_ghgrp","epa-1012699","","","","","","","","600","904032","117524","5.6","1458342","","Industrial facility — 2022 EPA GHG Reporter. NAICS 486210. Pre-qualified high-energy solar candidate."
"Pge, Llc - Basin 160a - Appalachian Eastern Overthrust - Gb","Warren","PA","epa_ghgrp","epa-1012707","","","","","","","","600","904032","117524","5.6","1458342","","Industrial facility — 2022 EPA GHG Reporter. NAICS 211130. Pre-qualified high-energy solar candidate."
"Blackhill Energy, Llc 160a Appalachian Basin (Eastern Overthurst) Gathering & Boosting","Canonsburg","PA","epa_ghgrp","epa-1012711","","","","","","","","600","904032","117524","5.6","1458342","","Industrial facility — 2022 EPA GHG Reporter. NAICS 211120. Pre-qualified high-energy solar candidate."
"Cnx Gas Company Llc - 160a Appalachian Basin Eastern Overthrust Area - Gb","Canonsburg","PA","epa_ghgrp","epa-1012729","","","","","","","","600","904032","117524","5.6","1458342","","Industrial facility — 2022 EPA GHG Reporter. NAICS 213112. Pre-qualified high-energy solar candidate."
"Seneca East G&B Facilities","Cranberry Township","PA","epa_ghgrp","epa-1012744","","","","","","","","600","904032","117524","5.6","1458342","","Industrial facility — 2022 EPA GHG Reporter. NAICS 211130. Pre-qualified high-energy solar candidate."
"Cnx Gas Company Llc - 160 Appalachian Basin - Gb","Canonsburg","PA","epa_ghgrp","epa-1012761","","","","","","","","600","904032","117524","5.6","1458342","","Industrial facility — 2022 EPA GHG Reporter. NAICS 213112. Pre-qualified high-energy solar candidate."
"Cnx Midstream Operating Company Llc - 160a Appalachian Basin Eastern Overthrust Area - Gb","Canonsburg","PA","epa_ghgrp","epa-1012762","","","","","","","","600","904032","117524","5.6","1458342","","Industrial facility — 2022 EPA GHG Reporter. NAICS 486210. Pre-qualified high-energy solar candidate."
"Range Resources - Appalachia, Llc - Basin 160a Gathering & Boosting (Canonsburg, Pa)","Canonsburg","PA","epa_ghgrp","epa-1012797","","","","","","","","600","904032","117524","5.6","1458342","","Industrial facility — 2022 EPA GHG Reporter. NAICS 211130. Pre-qualified high-energy solar candidate."
"Arsenal Midstream Llc 160a Appalachian Basin Gb","Wexford","PA","epa_ghgrp","epa-1012861","","","","","","","","600","904032","117524","5.6","1458342","","Industrial facility — 2022 EPA GHG Reporter. NAICS 211130. Pre-qualified high-energy solar candidate."
"Tgp Station 317 Troy, Pa","Troy","PA","epa_ghgrp","epa-1012913","","","","","","","","600","904032","117524","5.6","1458342","","Industrial facility — 2022 EPA GHG Reporter. NAICS 486210. Pre-qualified high-energy solar candidate."
"Dgoc 160a Production","Jackson Center","PA","epa_ghgrp","epa-1012936","","","","","","","","600","904032","117524","5.6","1458342","","Industrial facility — 2022 EPA GHG Reporter. NAICS 213112. Pre-qualified high-energy solar candidate."
"Pennenergy Resources, Llc - Basin 160a - Appalachian Eastern Overthrust","Pittsburgh","PA","epa_ghgrp","epa-1012988","","","","","","","","600","904032","117524","5.6","1458342","","Industrial facility — 2022 EPA GHG Reporter. NAICS 211130. Pre-qualified high-energy solar candidate."
"Dgoc 160a Boosting And Gathering","Jackson Center","PA","epa_ghgrp","epa-1013033","","","","","","","","600","904032","117524","5.6","1458342","","Industrial facility — 2022 EPA GHG Reporter. NAICS 211130. Pre-qualified high-energy solar candidate."
"Milan Energy Llc","Milan","PA","epa_ghgrp","epa-1013039","","","","","","","","600","904032","117524","5.6","1458342","","Power generation — 2022 EPA GHG Reporter. NAICS 221112. Pre-qualified high-energy solar candidate."
"Exco Appalachia Midstream, Llc","Kittanning","PA","epa_ghgrp","epa-1013049","","","","","","","","600","904032","117524","5.6","1458342","","Industrial facility — 2022 EPA GHG Reporter. NAICS 211130. Pre-qualified high-energy solar candidate."
"Susquehanna Gathering Company, Llc","New Milford","PA","epa_ghgrp","epa-1013065","","","","","","","","600","904032","117524","5.6","1458342","","Industrial facility — 2022 EPA GHG Reporter. NAICS 486210. Pre-qualified high-energy solar candidate."
"Alpaca Energy Llc","Canton","PA","epa_ghgrp","epa-1013070","","","","","","","","600","904032","117524","5.6","1458342","","Power generation — 2022 EPA GHG Reporter. NAICS 221112. Pre-qualified high-energy solar candidate."
"Crooked Creek Mine","Indiana","PA","epa_ghgrp","epa-1013071","","","","","","","","600","904032","117524","5.6","1458342","","Industrial facility — 2022 EPA GHG Reporter. NAICS 212115. Pre-qualified high-energy solar candidate."
"Lola Energy Petroco","Canonsburg","PA","epa_ghgrp","epa-1013089","","","","","","","","600","904032","117524","5.6","1458342","","Industrial facility — 2022 EPA GHG Reporter. NAICS 211130. Pre-qualified high-energy solar candidate."
"Jklm Energy, Llc","Sewickley","PA","epa_ghgrp","epa-1013104","","","","","","","","600","904032","117524","5.6","1458342","","Industrial facility — 2022 EPA GHG Reporter. NAICS 211130. Pre-qualified high-energy solar candidate."
"Eclipse Resources 1, Lp - 160a Basin Production","State College","PA","epa_ghgrp","epa-1013135","","","","","","","","600","904032","117524","5.6","1458342","","Industrial facility — 2022 EPA GHG Reporter. NAICS 211130. Pre-qualified high-energy solar candidate."
"Galaxy Compressor Station","Parker","PA","epa_ghgrp","epa-1013196","","","","","","","","600","904032","117524","5.6","1458342","","Industrial facility — 2022 EPA GHG Reporter. NAICS 211130. Pre-qualified high-energy solar candidate."
"Revolution Cryogenic Plant","Bulger","PA","epa_ghgrp","epa-1013197","","","","","","","","600","904032","117524","5.6","1458342","","Industrial facility — 2022 EPA GHG Reporter. NAICS 211130. Pre-qualified high-energy solar candidate."
"Nfg Midstream Covington Gathering System","Mansfield","PA","epa_ghgrp","epa-1013217","","","","","","","","600","904032","117524","5.6","1458342","","Industrial facility — 2022 EPA GHG Reporter. NAICS 211130. Pre-qualified high-energy solar candidate."
"Lackawanna Energy Center","Jessup","PA","epa_ghgrp","epa-1013233","","","","","","","","600","904032","117524","5.6","1458342","","Power generation — 2022 EPA GHG Reporter. NAICS 221112. Pre-qualified high-energy solar candidate."
"Tenaska Westmoreland Generating Station","Smithton","PA","epa_ghgrp","epa-1013277","","","","","","","","600","904032","117524","5.6","1458342","","Power generation — 2022 EPA GHG Reporter. NAICS 221112. Pre-qualified high-energy solar candidate."
"Hummel Station Llc","Selinsgrove","PA","epa_ghgrp","epa-1013286","","","","","","","","600","904032","117524","5.6","1458342","","Power generation — 2022 EPA GHG Reporter. NAICS 221112. Pre-qualified high-energy solar candidate."
"Moxie Freedom","Berwick","PA","epa_ghgrp","epa-1013374","","","","","","","","600","904032","117524","5.6","1458342","","Power generation — 2022 EPA GHG Reporter. NAICS 221112. Pre-qualified high-energy solar candidate."
"Tug Hill Operating Appalachia","Canonsburg","PA","epa_ghgrp","epa-1013386","","","","","","","","600","904032","117524","5.6","1458342","","Industrial facility — 2022 EPA GHG Reporter. NAICS 211130. Pre-qualified high-energy solar candidate."
"Harmon Creek Gas Plant","Bulger","PA","epa_ghgrp","epa-1013515","","","","","","","","600","904032","117524","5.6","1458342","","Industrial facility — 2022 EPA GHG Reporter. NAICS 211130. Pre-qualified high-energy solar candidate."
"Hickory Run Energy Station","New Castle","PA","epa_ghgrp","epa-1013542","","","","","","","","600","904032","117524","5.6","1458342","","Power generation — 2022 EPA GHG Reporter. NAICS 221112. Pre-qualified high-energy solar candidate."
"Eqt Xl Midstream - 160a","Canonsburg","PA","epa_ghgrp","epa-1013573","","","","","","","","600","904032","117524","5.6","1458342","","Industrial facility — 2022 EPA GHG Reporter. NAICS 211130. Pre-qualified high-energy solar candidate."
"Cpv Fairview Llc","Johnstown","PA","epa_ghgrp","epa-1013577","","","","","","","","600","904032","117524","5.6","1458342","","Power generation — 2022 EPA GHG Reporter. NAICS 221112. Pre-qualified high-energy solar candidate."
"Birdsboro Power Project","Birdsboro","PA","epa_ghgrp","epa-1013620","","","","","","","","600","904032","117524","5.6","1458342","","Power generation — 2022 EPA GHG Reporter. NAICS 221112. Pre-qualified high-energy solar candidate."
"Strike Force East, Llc - Basin 160a","Canonsburg","PA","epa_ghgrp","epa-1013676","","","","","","","","600","904032","117524","5.6","1458342","","Industrial facility — 2022 EPA GHG Reporter. NAICS 211130. Pre-qualified high-energy solar candidate."
"Ugies Boosting & Gathering Facilities","Wyomissing","PA","epa_ghgrp","epa-1013685","","","","","","","","600","904032","117524","5.6","1458342","","Industrial facility — 2022 EPA GHG Reporter. NAICS 211130. Pre-qualified high-energy solar candidate."
"Innovation 411 Fee Owner Llc","King Of Prussia","PA","epa_ghgrp","epa-1013686","","","","","","","","600","904032","117524","5.6","1458342","","Industrial facility — 2022 EPA GHG Reporter. NAICS 237210. Pre-qualified high-energy solar candidate."
"Oxbow Creek Energy Llc","Factoryville","PA","epa_ghgrp","epa-1013708","","","","","","","","600","904032","117524","5.6","1458342","","Power generation — 2022 EPA GHG Reporter. NAICS 221112. Pre-qualified high-energy solar candidate."
"Wolf Run Energy Llc","Wyalusing","PA","epa_ghgrp","epa-1013716","","","","","","","","600","904032","117524","5.6","1458342","","Power generation — 2022 EPA GHG Reporter. NAICS 221112. Pre-qualified high-energy solar candidate."
"Strike Force South, Llc - Basin 160a","Canonsburg","PA","epa_ghgrp","epa-1013785","","","","","","","","600","904032","117524","5.6","1458342","","Industrial facility — 2022 EPA GHG Reporter. NAICS 211130. Pre-qualified high-energy solar candidate."
"Equitrans, Lp - Equitrans Gathering","Canonsburg","PA","epa_ghgrp","epa-1013801","","","","","","","","600","904032","117524","5.6","1458342","","Industrial facility — 2022 EPA GHG Reporter. NAICS 211130. Pre-qualified high-energy solar candidate."
"Renick Compressor Station","West Sunbury","PA","epa_ghgrp","epa-1013823","","","","","","","","600","904032","117524","5.6","1458342","","Industrial facility — 2022 EPA GHG Reporter. NAICS 211130. Pre-qualified high-energy solar candidate."
"Constellation Compressor Station","West Sunbury","PA","epa_ghgrp","epa-1013849","","","","","","","","600","904032","117524","5.6","1458342","","Industrial facility — 2022 EPA GHG Reporter. NAICS 211130. Pre-qualified high-energy solar candidate."
"Collegeville Holdings Llc","Collgeveville","PA","epa_ghgrp","epa-1013899","","","","","","","","600","904032","117524","5.6","1458342","","Industrial facility — 2022 EPA GHG Reporter. NAICS 551114. Pre-qualified high-energy solar candidate."
"Redhook Compressor Station","Waynesburg","PA","epa_ghgrp","epa-1013914","","","","","","","","600","904032","117524","5.6","1458342","","Industrial facility — 2022 EPA GHG Reporter. NAICS 486210. Pre-qualified high-energy solar candidate."
"Goff Connector 160a Appalachian Basin (Eastern Overthrust Area) Gb","Sewickley","PA","epa_ghgrp","epa-1013946","","","","","","","","600","904032","117524","5.6","1458342","","Industrial facility — 2022 EPA GHG Reporter. NAICS 211130. Pre-qualified high-energy solar candidate."
"Jackson Compressor Station","Lawrenceville","PA","epa_ghgrp","epa-1014202","","","","","","","","600","904032","117524","5.6","1458342","","Industrial facility — 2022 EPA GHG Reporter. NAICS 486210. Pre-qualified high-energy solar candidate."
"Hill Top Energy Center Llc","Carmichaels","PA","epa_ghgrp","epa-1014275","","","","","","","","600","904032","117524","5.6","1458342","","Power generation — 2022 EPA GHG Reporter. NAICS 221112. Pre-qualified high-energy solar candidate."
"Chempenn","Bensalem","PA","epa_ghgrp","epa-1014283","","","","","","","","600","904032","117524","5.6","1458342","","Industrial facility — 2022 EPA GHG Reporter. NAICS 423730. Pre-qualified high-energy solar candidate."
"Snyder Brothers Inc.","Kittanning","PA","epa_ghgrp","epa-1014333","","","","","","","","600","904032","117524","5.6","1458342","","Industrial facility — 2022 EPA GHG Reporter. NAICS 211130. Pre-qualified high-energy solar candidate."
"Olympus Energy Production - Basin 160a","Canonsburg","PA","epa_ghgrp","epa-1014354","","","","","","","","600","904032","117524","5.6","1458342","","Industrial facility — 2022 EPA GHG Reporter. NAICS 211130. Pre-qualified high-energy solar candidate."
"Transco Station 610","Millville","PA","epa_ghgrp","epa-1014363","","","","","","","","600","904032","117524","5.6","1458342","","Industrial facility — 2022 EPA GHG Reporter. NAICS 486210. Pre-qualified high-energy solar candidate."
"Knob Creek Mine","Clarksburg","PA","epa_ghgrp","epa-1014367","","","","","","","","600","904032","117524","5.6","1458342","","Industrial facility — 2022 EPA GHG Reporter. NAICS 212115. Pre-qualified high-energy solar candidate."
"Peoples/Img - Pittsburgh International Airport Electric Generating Station","Moon Township","PA","epa_ghgrp","epa-1014374","","","","","","","","600","904032","117524","5.6","1458342","","Power generation — 2022 EPA GHG Reporter. NAICS 221112. Pre-qualified high-energy solar candidate."
"Snyder Brothers 160a Gb","Kittanning","PA","epa_ghgrp","epa-1014419","","","","","","","","600","904032","117524","5.6","1458342","","Industrial facility — 2022 EPA GHG Reporter. NAICS 211130. Pre-qualified high-energy solar candidate."
"Sunoco Llc","Newtown Square","PA","epa_ghgrp","epa-1014554","","","","","","","","600","904032","117524","5.6","1458342","","Industrial facility — 2022 EPA GHG Reporter. NAICS 424710. Pre-qualified high-energy solar candidate."
"Apex Energy (Pa), Llc","Wexford","PA","epa_ghgrp","epa-1014618","","","","","","","","600","904032","117524","5.6","1458342","","Industrial facility — 2022 EPA GHG Reporter. NAICS 211130. Pre-qualified high-energy solar candidate."
"Transco Station 607","Sweet Valley","PA","epa_ghgrp","epa-1014696","","","","","","","","600","904032","117524","5.6","1458342","","Industrial facility — 2022 EPA GHG Reporter. NAICS 486210. Pre-qualified high-energy solar candidate."
"Septa Roberts Complex","Philadelphia","PA","epa_ghgrp","epa-1014724","","","","","","","","600","904032","117524","5.6","1458342","","Industrial facility — 2022 EPA GHG Reporter. NAICS 485113. Pre-qualified high-energy solar candidate."
"Transco Station 620","Hegins","PA","epa_ghgrp","epa-1014726","","","","","","","","600","904032","117524","5.6","1458342","","Industrial facility — 2022 EPA GHG Reporter. NAICS 486210. Pre-qualified high-energy solar candidate."
"Tastykake Factory","Philadelphia","PA","osm_industrial","osm-142789900","","","","","","","","600","904032","117524","5.6","1458342","","Industrial building. Roof-suitable for rooftop PV. Verify ownership + contact before outreach."
"Auto Wheel & Rim Co.","Philadelphia","PA","osm_industrial","osm-213248088","","","","","","","","600","904032","117524","5.6","1458342","","Industrial building. Roof-suitable for rooftop PV. Verify ownership + contact before outreach."
"Philabundance","Philadelphia","PA","osm_industrial","osm-298694218","","","","","","","","600","904032","117524","5.6","1458342","","Industrial building. Roof-suitable for rooftop PV. Verify ownership + contact before outreach."
"Honeywell","Fort Washington","PA","osm_industrial","osm-307733762","","","","","","","","600","904032","117524","5.6","1458342","","Industrial building. Roof-suitable for rooftop PV. Verify ownership + contact before outreach."
"Franklin Slag Pile","Philadelphia","PA","osm_industrial","osm-334022374","","","","","","","","600","904032","117524","5.6","1458342","","Industrial building. Roof-suitable for rooftop PV. Verify ownership + contact before outreach."
"Grocery Outlet","Philadelphia","PA","osm_industrial","osm-337127129","","","","","","","","600","904032","117524","5.6","1458342","","Industrial building. Roof-suitable for rooftop PV. Verify ownership + contact before outreach."
"Recycledelphia, Inc","Philadelphia","PA","osm_industrial","osm-362304641","","","","","","","","600","904032","117524","5.6","1458342","","Industrial building. Roof-suitable for rooftop PV. Verify ownership + contact before outreach."
"Villanova Boathouse","Conshohocken","PA","osm_industrial","osm-368667967","","","","","","","","600","904032","117524","5.6","1458342","","Industrial building. Roof-suitable for rooftop PV. Verify ownership + contact before outreach."
"Haiyao Metal Recycling","Conshohocken","PA","osm_industrial","osm-368683770","","","","","","","","600","904032","117524","5.6","1458342","","Industrial building. Roof-suitable for rooftop PV. Verify ownership + contact before outreach."
"Rumsey Electric Company","Conshohocken","PA","osm_industrial","osm-375977915","","","","","","","","600","904032","117524","5.6","1458342","","Industrial building. Roof-suitable for rooftop PV. Verify ownership + contact before outreach."
"General Machine Products Co. Inc.","Trevose","PA","osm_industrial","osm-389299105","","","","","","","","600","904032","117524","5.6","1458342","","Industrial building. Roof-suitable for rooftop PV. Verify ownership + contact before outreach."
"Ryeco, Llc","Philadelphia","PA","osm_industrial","osm-444797492","","","","","","","","600","904032","117524","5.6","1458342","","Industrial building. Roof-suitable for rooftop PV. Verify ownership + contact before outreach."
"Metal Bank","Philadelphia","PA","osm_industrial","osm-543767965","","","","","","","","600","904032","117524","5.6","1458342","","Industrial building. Roof-suitable for rooftop PV. Verify ownership + contact before outreach."
"Sigmapharm Laboratories","Bensalem","PA","osm_industrial","osm-543911346","","","","","","","","600","904032","117524","5.6","1458342","","Industrial building. Roof-suitable for rooftop PV. Verify ownership + contact before outreach."
"Sigmapharm Laboratories","Bensalem","PA","osm_industrial","osm-543911725","","","","","","","","600","904032","117524","5.6","1458342","","Industrial building. Roof-suitable for rooftop PV. Verify ownership + contact before outreach."
"Main Gate","Philadelphia","PA","osm_industrial","osm-581018099","","","","","","","","600","904032","117524","5.6","1458342","","Industrial building. Roof-suitable for rooftop PV. Verify ownership + contact before outreach."
"Maintenance And Repair","Philadelphia","PA","osm_industrial","osm-581018100","","","","","","","","600","904032","117524","5.6","1458342","","Industrial building. Roof-suitable for rooftop PV. Verify ownership + contact before outreach."
"Fresh Made Dairy","Philadelphia","PA","osm_industrial","osm-581036512","","","","","","","","600","904032","117524","5.6","1458342","","Industrial building. Roof-suitable for rooftop PV. Verify ownership + contact before outreach."
"Saba Live Poultry","Philadelphia","PA","osm_industrial","osm-597777216","","","","","","","","600","904032","117524","5.6","1458342","","Slaughterhouse building. Roof-suitable for rooftop PV. Verify ownership + contact before outreach."
"Ampro","Clifton Heights","PA","osm_industrial","osm-625659244","","","","","","","","600","904032","117524","5.6","1458342","","Industrial building. Roof-suitable for rooftop PV. Verify ownership + contact before outreach."
"Compass Industries","Philadelphia","PA","osm_industrial","osm-636742496","","","","","","","","600","904032","117524","5.6","1458342","","Industrial building. Roof-suitable for rooftop PV. Verify ownership + contact before outreach."
"Septa Comly Garage","Philadelphia","PA","osm_industrial","osm-644556866","","","","","","","","600","904032","117524","5.6","1458342","","Industrial building. Roof-suitable for rooftop PV. Verify ownership + contact before outreach."
"Zircon Corp.","Hulmeville","PA","osm_industrial","osm-687667758","","","","","","","","600","904032","117524","5.6","1458342","","Industrial building. Roof-suitable for rooftop PV. Verify ownership + contact before outreach."
"Lab Building","Philadelphia","PA","osm_industrial","osm-709384428","","","","","","","","600","904032","117524","5.6","1458342","","Industrial building. Roof-suitable for rooftop PV. Verify ownership + contact before outreach."
"Tastepoint","Philadelphia","PA","osm_industrial","osm-734184142","","","","","","","","600","904032","117524","5.6","1458342","","Industrial building. Roof-suitable for rooftop PV. Verify ownership + contact before outreach."
"Target","Philadelphia","PA","osm_industrial","osm-789718297","","","","","","","","600","904032","117524","5.6","1458342","","Industrial building. Roof-suitable for rooftop PV. Verify ownership + contact before outreach."
"Morello Used Auto Parts","Norristown","PA","osm_industrial","osm-789722607","","","","","","","","600","904032","117524","5.6","1458342","","Scrap_yard building. Roof-suitable for rooftop PV. Verify ownership + contact before outreach."
"Bachmann Industries Inc.","Philadelphia","PA","osm_industrial","osm-872031961","","","","","","","","600","904032","117524","5.6","1458342","","Yes building. Roof-suitable for rooftop PV. Verify ownership + contact before outreach."
"Exelon Power","Bristol Township","PA","osm_industrial","osm-932256966","","","","","","","","600","904032","117524","5.6","1458342","","Industrial building. Roof-suitable for rooftop PV. Verify ownership + contact before outreach."
"Granturk Equipment Co","Bridgeport","PA","osm_industrial","osm-994883349","","","","","","","","600","904032","117524","5.6","1458342","","Industrial building. Roof-suitable for rooftop PV. Verify ownership + contact before outreach."
"Sandmeyer Steel Company","Philadelphia","PA","osm_industrial","osm-1011542320","","","","","","","","600","904032","117524","5.6","1458342","","Industrial building. Roof-suitable for rooftop PV. Verify ownership + contact before outreach."
"Sandmeyer Steel Company","Philadelphia","PA","osm_industrial","osm-1011542321","","","","","","","","600","904032","117524","5.6","1458342","","Industrial building. Roof-suitable for rooftop PV. Verify ownership + contact before outreach."
"F. P. Woll & Company","Philadelphia","PA","osm_industrial","osm-1011542323","","","","","","","","600","904032","117524","5.6","1458342","","Industrial building. Roof-suitable for rooftop PV. Verify ownership + contact before outreach."
"R & S Northeast","Philadelphia","PA","osm_industrial","osm-1011542325","","","","","","","","600","904032","117524","5.6","1458342","","Industrial building. Roof-suitable for rooftop PV. Verify ownership + contact before outreach."
"Cintas","Philadelphia","PA","osm_industrial","osm-1011542326","","","","","","","","600","904032","117524","5.6","1458342","","Industrial building. Roof-suitable for rooftop PV. Verify ownership + contact before outreach."
"Seravalli Construction","Philadelphia","PA","osm_industrial","osm-1011542327","","","","","","","","600","904032","117524","5.6","1458342","","Industrial building. Roof-suitable for rooftop PV. Verify ownership + contact before outreach."
"Vitols Tools And Machinery","Philadelphia","PA","osm_industrial","osm-1011542332","","","","","","","","600","904032","117524","5.6","1458342","","Industrial building. Roof-suitable for rooftop PV. Verify ownership + contact before outreach."
"Metropolitan Bakery","Philadelphia","PA","osm_industrial","osm-1021696733","","","","","","","","600","904032","117524","5.6","1458342","","Industrial building. Roof-suitable for rooftop PV. Verify ownership + contact before outreach."
"Sinnot Inc","Philadelphia","PA","osm_industrial","osm-1122786310","","","","","","","","600","904032","117524","5.6","1458342","","Industrial building. Roof-suitable for rooftop PV. Verify ownership + contact before outreach."
"Synergy Towing","Philadelphia","PA","osm_industrial","osm-1143801274","","","","","","","","600","904032","117524","5.6","1458342","","Scrap_yard building. Roof-suitable for rooftop PV. Verify ownership + contact before outreach."
"Emco Tech Heating & Cooling","Philadelphia","PA","osm_industrial","osm-1167906885","","","","","","","","600","904032","117524","5.6","1458342","","Industrial building. Roof-suitable for rooftop PV. Verify ownership + contact before outreach."
"Queen Lane Water Treatment Plant 2","Philadelphia","PA","osm_industrial","osm-1194541361","","","","","","","","600","904032","117524","5.6","1458342","","Industrial building. Roof-suitable for rooftop PV. Verify ownership + contact before outreach."
"Philly Scrap Metal","Philadelphia","PA","osm_industrial","osm-1304542340","","","","","","","","600","904032","117524","5.6","1458342","","Scrap_yard building. Roof-suitable for rooftop PV. Verify ownership + contact before outreach."
"Pasco","Philadelphia","PA","osm_industrial","osm-1354417975","","","","","","","","600","904032","117524","5.6","1458342","","Scrap_yard building. Roof-suitable for rooftop PV. Verify ownership + contact before outreach."
"Mcdonald Company Machines, Phoenix Tape","Bridgeport","PA","osm_industrial","osm-1513620240","","","","","","","","600","904032","117524","5.6","1458342","","Industrial building. Roof-suitable for rooftop PV. Verify ownership + contact before outreach."
"Feine Coffee","Bridgeport","PA","osm_industrial","osm-1513620254","","","","","","","","600","904032","117524","5.6","1458342","","Industrial building. Roof-suitable for rooftop PV. Verify ownership + contact before outreach."
"Mckeesport Manor 2","Pittsburgh","PA","osm_industrial","osm-155188546","","","","","","","","600","904032","117524","5.6","1458342","","Industrial building. Roof-suitable for rooftop PV. Verify ownership + contact before outreach."
"Mckeesport Connecting Railroad Round House","Pittsburgh","PA","osm_industrial","osm-155188547","","","","","","","","600","904032","117524","5.6","1458342","","Industrial building. Roof-suitable for rooftop PV. Verify ownership + contact before outreach."
"Mckeesport Manor 3","Pittsburgh","PA","osm_industrial","osm-155188554","","","","","","","","600","904032","117524","5.6","1458342","","Industrial building. Roof-suitable for rooftop PV. Verify ownership + contact before outreach."
"Mckeesport Commons 2","Pittsburgh","PA","osm_industrial","osm-155188555","","","","","","","","600","904032","117524","5.6","1458342","","Industrial building. Roof-suitable for rooftop PV. Verify ownership + contact before outreach."
"Watson Standard","Pittsburgh","PA","osm_industrial","osm-166223771","","","","","","","","600","904032","117524","5.6","1458342","","Industrial building. Roof-suitable for rooftop PV. Verify ownership + contact before outreach."
"Horix Packaging And Processing Machinery","Mckees Rocks","PA","osm_industrial","osm-166345043","","","","","","","","600","904032","117524","5.6","1458342","","Industrial building. Roof-suitable for rooftop PV. Verify ownership + contact before outreach."
"Pittsburgh Mailing","Mckees Rocks","PA","osm_industrial","osm-166345048","","","","","","","","600","904032","117524","5.6","1458342","","Industrial building. Roof-suitable for rooftop PV. Verify ownership + contact before outreach."
"R&D Coatings","Mckees Rocks","PA","osm_industrial","osm-166345050","","","","","","","","600","904032","117524","5.6","1458342","","Industrial building. Roof-suitable for rooftop PV. Verify ownership + contact before outreach."
"Ja Kennedy Plumbing Co","Pittsburgh","PA","osm_industrial","osm-187903404","","","","","","","","600","904032","117524","5.6","1458342","","Industrial building. Roof-suitable for rooftop PV. Verify ownership + contact before outreach."
"Tool Sales & Service Co.","Pittsburgh","PA","osm_industrial","osm-188645239","","","","","","","","600","904032","117524","5.6","1458342","","Industrial building. Roof-suitable for rooftop PV. Verify ownership + contact before outreach."
"Tool Sales & Service Co.","Pittsburgh","PA","osm_industrial","osm-188645440","","","","","","","","600","904032","117524","5.6","1458342","","Industrial building. Roof-suitable for rooftop PV. Verify ownership + contact before outreach."
"Two Men & A Truck","Pittsburgh","PA","osm_industrial","osm-189569800","","","","","","","","600","904032","117524","5.6","1458342","","Industrial building. Roof-suitable for rooftop PV. Verify ownership + contact before outreach."
"Clairton Slag","Pittsburgh","PA","osm_industrial","osm-190376972","","","","","","","","600","904032","117524","5.6","1458342","","Industrial building. Roof-suitable for rooftop PV. Verify ownership + contact before outreach."
"Penn-Rillton Co.","Pittsburgh","PA","osm_industrial","osm-190786297","","","","","","","","600","904032","117524","5.6","1458342","","Industrial building. Roof-suitable for rooftop PV. Verify ownership + contact before outreach."
"Hall Station","Pittsburgh","PA","osm_industrial","osm-209700339","","","","","","","","600","904032","117524","5.6","1458342","","Industrial building. Roof-suitable for rooftop PV. Verify ownership + contact before outreach."
"Uparc D1","Pittsburgh","PA","osm_industrial","osm-234878138","","","","","","","","600","904032","117524","5.6","1458342","","Industrial building. Roof-suitable for rooftop PV. Verify ownership + contact before outreach."
"Uparc B10","Pittsburgh","PA","osm_industrial","osm-234878145","","","","","","","","600","904032","117524","5.6","1458342","","Industrial building. Roof-suitable for rooftop PV. Verify ownership + contact before outreach."
"Uparc C10","Pittsburgh","PA","osm_industrial","osm-234878148","","","","","","","","600","904032","117524","5.6","1458342","","Industrial building. Roof-suitable for rooftop PV. Verify ownership + contact before outreach."
"Uparc C9","Pittsburgh","PA","osm_industrial","osm-234878149","","","","","","","","600","904032","117524","5.6","1458342","","Industrial building. Roof-suitable for rooftop PV. Verify ownership + contact before outreach."
"Uparc C6","Pittsburgh","PA","osm_industrial","osm-234878152","","","","","","","","600","904032","117524","5.6","1458342","","Industrial building. Roof-suitable for rooftop PV. Verify ownership + contact before outreach."
"Uparc C4","Pittsburgh","PA","osm_industrial","osm-234878162","","","","","","","","600","904032","117524","5.6","1458342","","Industrial building. Roof-suitable for rooftop PV. Verify ownership + contact before outreach."
"Uparc C8","Pittsburgh","PA","osm_industrial","osm-234878166","","","","","","","","600","904032","117524","5.6","1458342","","Industrial building. Roof-suitable for rooftop PV. Verify ownership + contact before outreach."
"Uparc D6","Pittsburgh","PA","osm_industrial","osm-234878169","","","","","","","","600","904032","117524","5.6","1458342","","Industrial building. Roof-suitable for rooftop PV. Verify ownership + contact before outreach."
"Uparc A11","Pittsburgh","PA","osm_industrial","osm-234878170","","","","","","","","600","904032","117524","5.6","1458342","","Industrial building. Roof-suitable for rooftop PV. Verify ownership + contact before outreach."
"Uparc C5","Pittsburgh","PA","osm_industrial","osm-234878176","","","","","","","","600","904032","117524","5.6","1458342","","Industrial building. Roof-suitable for rooftop PV. Verify ownership + contact before outreach."
"Municipality Of Penn Hills","Verona","PA","osm_industrial","osm-236876990","","","","","","","","600","904032","117524","5.6","1458342","","Industrial building. Roof-suitable for rooftop PV. Verify ownership + contact before outreach."
"Forms And Surfaces, Inc.","Etna","PA","osm_industrial","osm-251265668","","","","","","","","600","904032","117524","5.6","1458342","","Industrial building. Roof-suitable for rooftop PV. Verify ownership + contact before outreach."
"Forms And Surfaces, Inc.","Etna","PA","osm_industrial","osm-251265670","","","","","","","","600","904032","117524","5.6","1458342","","Industrial building. Roof-suitable for rooftop PV. Verify ownership + contact before outreach."
"Ridc Industrial Park","Pittsburgh","PA","osm_industrial","osm-257198713","","","","","","","","600","904032","117524","5.6","1458342","","Industrial building. Roof-suitable for rooftop PV. Verify ownership + contact before outreach."
"Carnegie Robotics Llc","Pittsburgh","PA","osm_industrial","osm-297202238","","","","","","","","600","904032","117524","5.6","1458342","","Industrial building. Roof-suitable for rooftop PV. Verify ownership + contact before outreach."
"National Robotics Engineering Center","Pittsburgh","PA","osm_industrial","osm-297202239","","","","","","","","600","904032","117524","5.6","1458342","","Industrial building. Roof-suitable for rooftop PV. Verify ownership + contact before outreach."
"43rd Street Concrete Co.","Pittsburgh","PA","osm_industrial","osm-297647035","","","","","","","","600","904032","117524","5.6","1458342","","Industrial building. Roof-suitable for rooftop PV. Verify ownership + contact before outreach."
"United States Steel Corporation","Pittsburgh","PA","osm_industrial","osm-301885540","","","","","","","","600","904032","117524","5.6","1458342","","Steel_mill building. Roof-suitable for rooftop PV. Verify ownership + contact before outreach."
"Metaltech","Pittsburgh","PA","osm_industrial","osm-302576440","","","","","","","","600","904032","117524","5.6","1458342","","Industrial building. Roof-suitable for rooftop PV. Verify ownership + contact before outreach."
"United States Steel Corporation","Clairton","PA","osm_industrial","osm-308524950","","","","","","","","600","904032","117524","5.6","1458342","","Coke_works building. Roof-suitable for rooftop PV. Verify ownership + contact before outreach."
"Allegheny Millwork & Lumber","Pittsburgh","PA","osm_industrial","osm-308534973","","","","","","","","600","904032","117524","5.6","1458342","","Industrial building. Roof-suitable for rooftop PV. Verify ownership + contact before outreach."
"Genco Atc","Pittsburgh","PA","osm_industrial","osm-311069366","","","","","","","","600","904032","117524","5.6","1458342","","Industrial building. Roof-suitable for rooftop PV. Verify ownership + contact before outreach."
"Second Avenue Asphalt Plant","Pittsburgh","PA","osm_industrial","osm-322794465","","","","","","","","600","904032","117524","5.6","1458342","","Industrial building. Roof-suitable for rooftop PV. Verify ownership + contact before outreach."
"California Scents","Pittsburgh","PA","osm_industrial","osm-324502408","","","","","","","","600","904032","117524","5.6","1458342","","Industrial building. Roof-suitable for rooftop PV. Verify ownership + contact before outreach."
"Hertz Equipment Rental","Pittsburgh","PA","osm_industrial","osm-324502409","","","","","","","","600","904032","117524","5.6","1458342","","Industrial building. Roof-suitable for rooftop PV. Verify ownership + contact before outreach."
"446 Painting","Canonsburg","PA","osm_industrial","osm-327484131","","","","","","","","600","904032","117524","5.6","1458342","","Industrial building. Roof-suitable for rooftop PV. Verify ownership + contact before outreach."
"United States Steel Corporation","Pittsburgh","PA","osm_industrial","osm-344136376","","","","","","","","600","904032","117524","5.6","1458342","","Metal_processing building. Roof-suitable for rooftop PV. Verify ownership + contact before outreach."
"Linde","Pittsburgh","PA","osm_industrial","osm-356847139","","","","","","","","600","904032","117524","5.6","1458342","","Air_separation building. Roof-suitable for rooftop PV. Verify ownership + contact before outreach."
"Boiler Shop","Pittsburgh","PA","osm_industrial","osm-356852171","","","","","","","","600","904032","117524","5.6","1458342","","Industrial building. Roof-suitable for rooftop PV. Verify ownership + contact before outreach."
"J & K Building","Pittsburgh","PA","osm_industrial","osm-356852222","","","","","","","","600","904032","117524","5.6","1458342","","Industrial building. Roof-suitable for rooftop PV. Verify ownership + contact before outreach."
"Keystone Iron & Metal","Pittsburgh","PA","osm_industrial","osm-360651885","","","","","","","","600","904032","117524","5.6","1458342","","Industrial building. Roof-suitable for rooftop PV. Verify ownership + contact before outreach."
"Galvtech","Pittsburgh","PA","osm_industrial","osm-360668289","","","","","","","","600","904032","117524","5.6","1458342","","Industrial building. Roof-suitable for rooftop PV. Verify ownership + contact before outreach."
"Uparc D3","Pittsburgh","PA","osm_industrial","osm-363214319","","","","","","","","600","904032","117524","5.6","1458342","","Industrial building. Roof-suitable for rooftop PV. Verify ownership + contact before outreach."
"Uparc D1x","Pittsburgh","PA","osm_industrial","osm-363214320","","","","","","","","600","904032","117524","5.6","1458342","","Industrial building. Roof-suitable for rooftop PV. Verify ownership + contact before outreach."
"Uparc B15","Pittsburgh","PA","osm_industrial","osm-363214325","","","","","","","","600","904032","117524","5.6","1458342","","Industrial building. Roof-suitable for rooftop PV. Verify ownership + contact before outreach."
"Uparc C1","Pittsburgh","PA","osm_industrial","osm-363214327","","","","","","","","600","904032","117524","5.6","1458342","","Industrial building. Roof-suitable for rooftop PV. Verify ownership + contact before outreach."
"Uparc C2","Pittsburgh","PA","osm_industrial","osm-363214328","","","","","","","","600","904032","117524","5.6","1458342","","Industrial building. Roof-suitable for rooftop PV. Verify ownership + contact before outreach."
"Uparc E4","Pittsburgh","PA","osm_industrial","osm-363214330","","","","","","","","600","904032","117524","5.6","1458342","","Industrial building. Roof-suitable for rooftop PV. Verify ownership + contact before outreach."
"Uparc A8","Pittsburgh","PA","osm_industrial","osm-363214336","","","","","","","","600","904032","117524","5.6","1458342","","Industrial building. Roof-suitable for rooftop PV. Verify ownership + contact before outreach."
"Industrial Park Building","Pittsburgh","PA","osm_industrial","osm-367996795","","","","","","","","600","904032","117524","5.6","1458342","","Industrial building. Roof-suitable for rooftop PV. Verify ownership + contact before outreach."
"Penstan Supply","Pittsburgh","PA","osm_industrial","osm-369743485","","","","","","","","600","904032","117524","5.6","1458342","","Industrial building. Roof-suitable for rooftop PV. Verify ownership + contact before outreach."
"Neville Aggregates","Pittsburgh","PA","osm_industrial","osm-369743499","","","","","","","","600","904032","117524","5.6","1458342","","Industrial building. Roof-suitable for rooftop PV. Verify ownership + contact before outreach."
"E-Tank","Pittsburgh","PA","osm_industrial","osm-369743500","","","","","","","","600","904032","117524","5.6","1458342","","Industrial building. Roof-suitable for rooftop PV. Verify ownership + contact before outreach."
"Disttech","Pittsburgh","PA","osm_industrial","osm-369743502","","","","","","","","600","904032","117524","5.6","1458342","","Industrial building. Roof-suitable for rooftop PV. Verify ownership + contact before outreach."
"Building 01001","Pittsburgh","PA","osm_industrial","osm-371353926","","","","","","","","600","904032","117524","5.6","1458342","","Industrial building. Roof-suitable for rooftop PV. Verify ownership + contact before outreach."
"Building 01002","Pittsburgh","PA","osm_industrial","osm-371353927","","","","","","","","600","904032","117524","5.6","1458342","","Industrial building. Roof-suitable for rooftop PV. Verify ownership + contact before outreach."
"Alstom","West Mifflin","PA","osm_industrial","osm-375657314","","","","","","","","600","904032","117524","5.6","1458342","","Industrial building. Roof-suitable for rooftop PV. Verify ownership + contact before outreach."
"Esplanade","Pittsburgh","PA","osm_industrial","osm-386445876","","","","","","","","600","904032","117524","5.6","1458342","","Port building. Roof-suitable for rooftop PV. Verify ownership + contact before outreach."
"Esplanade","Pittsburgh","PA","osm_industrial","osm-386448317","","","","","","","","600","904032","117524","5.6","1458342","","Port building. Roof-suitable for rooftop PV. Verify ownership + contact before outreach."
"Springdale Energy Llc","Pittsburgh","PA","osm_industrial","osm-387287685","","","","","","","","600","904032","117524","5.6","1458342","","Industrial building. Roof-suitable for rooftop PV. Verify ownership + contact before outreach."
"Sealmaster","Pittsburgh","PA","osm_industrial","osm-390255384","","","","","","","","600","904032","117524","5.6","1458342","","Industrial building. Roof-suitable for rooftop PV. Verify ownership + contact before outreach."
"Ridc","Pittsburgh","PA","osm_industrial","osm-409901910","","","","","","","","600","904032","117524","5.6","1458342","","Industrial building. Roof-suitable for rooftop PV. Verify ownership + contact before outreach."
"Ridc","Pittsburgh","PA","osm_industrial","osm-409901912","","","","","","","","600","904032","117524","5.6","1458342","","Industrial building. Roof-suitable for rooftop PV. Verify ownership + contact before outreach."
"Braddock Recovery Building","Pittsburgh","PA","osm_industrial","osm-419714901","","","","","","","","600","904032","117524","5.6","1458342","","Industrial building. Roof-suitable for rooftop PV. Verify ownership + contact before outreach."
"Chipper Shed","Pittsburgh","PA","osm_industrial","osm-419714902","","","","","","","","600","904032","117524","5.6","1458342","","Industrial building. Roof-suitable for rooftop PV. Verify ownership + contact before outreach."
"Ladle Shed","Pittsburgh","PA","osm_industrial","osm-419714903","","","","","","","","600","904032","117524","5.6","1458342","","Industrial building. Roof-suitable for rooftop PV. Verify ownership + contact before outreach."
"Holtech International","Pittsburgh","PA","osm_industrial","osm-426637855","","","","","","","","600","904032","117524","5.6","1458342","","Industrial building. Roof-suitable for rooftop PV. Verify ownership + contact before outreach."
"Brush Aftermarket","Turtle Creek","PA","osm_industrial","osm-446120949","","","","","","","","600","904032","117524","5.6","1458342","","Industrial building. Roof-suitable for rooftop PV. Verify ownership + contact before outreach."
"Holtech International","Pittsburgh","PA","osm_industrial","osm-446120950","","","","","","","","600","904032","117524","5.6","1458342","","Industrial building. Roof-suitable for rooftop PV. Verify ownership + contact before outreach."
"Chelsea Building Products","Pittsburgh","PA","osm_industrial","osm-449116809","","","","","","","","600","904032","117524","5.6","1458342","","Industrial building. Roof-suitable for rooftop PV. Verify ownership + contact before outreach."
"Silver Lake Industrial Park","Pittsburgh","PA","osm_industrial","osm-457771756","","","","","","","","600","904032","117524","5.6","1458342","","Industrial building. Roof-suitable for rooftop PV. Verify ownership + contact before outreach."
"Roofing Supply Group Roofing Materials","Pittsburgh","PA","osm_industrial","osm-465313088","","","","","","","","600","904032","117524","5.6","1458342","","Industrial building. Roof-suitable for rooftop PV. Verify ownership + contact before outreach."
"Bruceton Research Center","Pittsburgh","PA","osm_industrial","osm-471332050","","","","","","","","600","904032","117524","5.6","1458342","","Industrial building. Roof-suitable for rooftop PV. Verify ownership + contact before outreach."
"Bettis Atomic Power Laboratory","West Mifflin","PA","osm_industrial","osm-474953700","","","","","","","","600","904032","117524","5.6","1458342","","Industrial building. Roof-suitable for rooftop PV. Verify ownership + contact before outreach."
"Mt. Lebanon Public Works Yard","Pittsburgh","PA","osm_industrial","osm-475560661","","","","","","","","600","904032","117524","5.6","1458342","","Industrial building. Roof-suitable for rooftop PV. Verify ownership + contact before outreach."
"Blawknox Place","Pittsburgh","PA","osm_industrial","osm-479587529","","","","","","","","600","904032","117524","5.6","1458342","","Industrial building. Roof-suitable for rooftop PV. Verify ownership + contact before outreach."
"I2t Automation & Machining","Pittsburgh","PA","osm_industrial","osm-480445429","","","","","","","","600","904032","117524","5.6","1458342","","Industrial building. Roof-suitable for rooftop PV. Verify ownership + contact before outreach."
"Duquesne Wharf","Pittsburgh","PA","osm_industrial","osm-491427982","","","","","","","","600","904032","117524","5.6","1458342","","Port building. Roof-suitable for rooftop PV. Verify ownership + contact before outreach."
"Bethel Park Industrial Park","Pittsburgh","PA","osm_industrial","osm-495274431","","","","","","","","600","904032","117524","5.6","1458342","","Industrial building. Roof-suitable for rooftop PV. Verify ownership + contact before outreach."
"Butler Building","Pittsburgh","PA","osm_industrial","osm-495756553","","","","","","","","600","904032","117524","5.6","1458342","","Industrial building. Roof-suitable for rooftop PV. Verify ownership + contact before outreach."
"Maple Bath House","Pittsburgh","PA","osm_industrial","osm-495756554","","","","","","","","600","904032","117524","5.6","1458342","","Industrial building. Roof-suitable for rooftop PV. Verify ownership + contact before outreach."
"Tms International","West Mifflin","PA","osm_industrial","osm-505903144","","","","","","","","600","904032","117524","5.6","1458342","","Scrap_yard building. Roof-suitable for rooftop PV. Verify ownership + contact before outreach."
"Allison Park Industrial Complex","Pittsburgh","PA","osm_industrial","osm-508031102","","","","","","","","600","904032","117524","5.6","1458342","","Industrial building. Roof-suitable for rooftop PV. Verify ownership + contact before outreach."
"Dept. Of Public Works Maintenance Bldg.","Mckees Rocks","PA","osm_industrial","osm-515896032","","","","","","","","600","904032","117524","5.6","1458342","","Industrial building. Roof-suitable for rooftop PV. Verify ownership + contact before outreach."
"Nrg Energy Center Pittsburgh","Pittsburgh","PA","osm_industrial","osm-517147407","","","","","","","","600","904032","117524","5.6","1458342","","Industrial building. Roof-suitable for rooftop PV. Verify ownership + contact before outreach."
"Chem Lab","Pittsburgh","PA","osm_industrial","osm-525028239","","","","","","","","600","904032","117524","5.6","1458342","","Industrial building. Roof-suitable for rooftop PV. Verify ownership + contact before outreach."
"Songer Building","Pittsburgh","PA","osm_industrial","osm-525028240","","","","","","","","600","904032","117524","5.6","1458342","","Industrial building. Roof-suitable for rooftop PV. Verify ownership + contact before outreach."
"Central Door Repair","Pittsburgh","PA","osm_industrial","osm-525028246","","","","","","","","600","904032","117524","5.6","1458342","","Industrial building. Roof-suitable for rooftop PV. Verify ownership + contact before outreach."
"22"" Mill","Pittsburgh","PA","osm_industrial","osm-525028247","","","","","","","","600","904032","117524","5.6","1458342","","Industrial building. Roof-suitable for rooftop PV. Verify ownership + contact before outreach."
"21"" Mill","Pittsburgh","PA","osm_industrial","osm-525028248","","","","","","","","600","904032","117524","5.6","1458342","","Industrial building. Roof-suitable for rooftop PV. Verify ownership + contact before outreach."
"28"" Mill","Pittsburgh","PA","osm_industrial","osm-525028249","","","","","","","","600","904032","117524","5.6","1458342","","Industrial building. Roof-suitable for rooftop PV. Verify ownership + contact before outreach."
"South Yard Storage","Pittsburgh","PA","osm_industrial","osm-525028250","","","","","","","","600","904032","117524","5.6","1458342","","Industrial building. Roof-suitable for rooftop PV. Verify ownership + contact before outreach."
"Roundhouse","Pittsburgh","PA","osm_industrial","osm-525028251","","","","","","","","600","904032","117524","5.6","1458342","","Industrial building. Roof-suitable for rooftop PV. Verify ownership + contact before outreach."
"Quench Car Repair","Pittsburgh","PA","osm_industrial","osm-525028252","","","","","","","","600","904032","117524","5.6","1458342","","Industrial building. Roof-suitable for rooftop PV. Verify ownership + contact before outreach."
"14"" Mill","Pittsburgh","PA","osm_industrial","osm-525028253","","","","","","","","600","904032","117524","5.6","1458342","","Industrial building. Roof-suitable for rooftop PV. Verify ownership + contact before outreach."
"18"" Mill","Pittsburgh","PA","osm_industrial","osm-525028254","","","","","","","","600","904032","117524","5.6","1458342","","Industrial building. Roof-suitable for rooftop PV. Verify ownership + contact before outreach."
"Boiler House Elecric Shop","Pittsburgh","PA","osm_industrial","osm-525624990","","","","","","","","600","904032","117524","5.6","1458342","","Industrial building. Roof-suitable for rooftop PV. Verify ownership + contact before outreach."
"P&E Repair","Pittsburgh","PA","osm_industrial","osm-525624992","","","","","","","","600","904032","117524","5.6","1458342","","Industrial building. Roof-suitable for rooftop PV. Verify ownership + contact before outreach."
"Benzol Boiler House","Pittsburgh","PA","osm_industrial","osm-525624994","","","","","","","","600","904032","117524","5.6","1458342","","Industrial building. Roof-suitable for rooftop PV. Verify ownership + contact before outreach."
"T2 Boiler","Pittsburgh","PA","osm_industrial","osm-525624997","","","","","","","","600","904032","117524","5.6","1458342","","Industrial building. Roof-suitable for rooftop PV. Verify ownership + contact before outreach."
"T1 Boiler","Pittsburgh","PA","osm_industrial","osm-525624998","","","","","","","","600","904032","117524","5.6","1458342","","Industrial building. Roof-suitable for rooftop PV. Verify ownership + contact before outreach."
"Old Tarben Maintenance","Pittsburgh","PA","osm_industrial","osm-525625000","","","","","","","","600","904032","117524","5.6","1458342","","Industrial building. Roof-suitable for rooftop PV. Verify ownership + contact before outreach."
"Old Koppers Gob","Pittsburgh","PA","osm_industrial","osm-525625007","","","","","","","","600","904032","117524","5.6","1458342","","Industrial building. Roof-suitable for rooftop PV. Verify ownership + contact before outreach."
"1 Still House","Pittsburgh","PA","osm_industrial","osm-525625008","","","","","","","","600","904032","117524","5.6","1458342","","Industrial building. Roof-suitable for rooftop PV. Verify ownership + contact before outreach."
"Old Clay Storage","Pittsburgh","PA","osm_industrial","osm-525625009","","","","","","","","600","904032","117524","5.6","1458342","","Industrial building. Roof-suitable for rooftop PV. Verify ownership + contact before outreach."
"Utility Spares","Pittsburgh","PA","osm_industrial","osm-525625010","","","","","","","","600","904032","117524","5.6","1458342","","Industrial building. Roof-suitable for rooftop PV. Verify ownership + contact before outreach."
"Old Benzene Storage","Pittsburgh","PA","osm_industrial","osm-525625011","","","","","","","","600","904032","117524","5.6","1458342","","Industrial building. Roof-suitable for rooftop PV. Verify ownership + contact before outreach."
"Boiler House Pipe Shop Garage","Pittsburgh","PA","osm_industrial","osm-525625014","","","","","","","","600","904032","117524","5.6","1458342","","Industrial building. Roof-suitable for rooftop PV. Verify ownership + contact before outreach."
"Boiler House Pipe Shop","Pittsburgh","PA","osm_industrial","osm-525625015","","","","","","","","600","904032","117524","5.6","1458342","","Industrial building. Roof-suitable for rooftop PV. Verify ownership + contact before outreach."
"Aeration Tank","Pittsburgh","PA","osm_industrial","osm-525625016","","","","","","","","600","904032","117524","5.6","1458342","","Industrial building. Roof-suitable for rooftop PV. Verify ownership + contact before outreach."
"It5 Belt","Pittsburgh","PA","osm_industrial","osm-525625019","","","","","","","","600","904032","117524","5.6","1458342","","Industrial building. Roof-suitable for rooftop PV. Verify ownership + contact before outreach."
"4 Transfer Tower","Pittsburgh","PA","osm_industrial","osm-525625020","","","","","","","","600","904032","117524","5.6","1458342","","Industrial building. Roof-suitable for rooftop PV. Verify ownership + contact before outreach."
"3a Belt","Pittsburgh","PA","osm_industrial","osm-525625021","","","","","","","","600","904032","117524","5.6","1458342","","Industrial building. Roof-suitable for rooftop PV. Verify ownership + contact before outreach."
"3 Feeder","Pittsburgh","PA","osm_industrial","osm-525625022","","","","","","","","600","904032","117524","5.6","1458342","","Industrial building. Roof-suitable for rooftop PV. Verify ownership + contact before outreach."
"Uc-D Belt","Pittsburgh","PA","osm_industrial","osm-525625023","","","","","","","","600","904032","117524","5.6","1458342","","Industrial building. Roof-suitable for rooftop PV. Verify ownership + contact before outreach."
"Ucc Transfer Tower","Pittsburgh","PA","osm_industrial","osm-525625024","","","","","","","","600","904032","117524","5.6","1458342","","Industrial building. Roof-suitable for rooftop PV. Verify ownership + contact before outreach."
"#2 Screening Station","Pittsburgh","PA","osm_industrial","osm-525625043","","","","","","","","600","904032","117524","5.6","1458342","","Industrial building. Roof-suitable for rooftop PV. Verify ownership + contact before outreach."
"Pipe Shop","Pittsburgh","PA","osm_industrial","osm-525625053","","","","","","","","600","904032","117524","5.6","1458342","","Industrial building. Roof-suitable for rooftop PV. Verify ownership + contact before outreach."
"Coke Works Office Building","Pittsburgh","PA","osm_industrial","osm-525625054","","","","","","","","600","904032","117524","5.6","1458342","","Industrial building. Roof-suitable for rooftop PV. Verify ownership + contact before outreach."
"Weld School Storage Shed","Pittsburgh","PA","osm_industrial","osm-525625056","","","","","","","","600","904032","117524","5.6","1458342","","Industrial building. Roof-suitable for rooftop PV. Verify ownership + contact before outreach."
"3d Belt","Pittsburgh","PA","osm_industrial","osm-525625065","","","","","","","","600","904032","117524","5.6","1458342","","Industrial building. Roof-suitable for rooftop PV. Verify ownership + contact before outreach."
"3b Belt","Pittsburgh","PA","osm_industrial","osm-525625067","","","","","","","","600","904032","117524","5.6","1458342","","Industrial building. Roof-suitable for rooftop PV. Verify ownership + contact before outreach."
"3f Belt","Pittsburgh","PA","osm_industrial","osm-525625069","","","","","","","","600","904032","117524","5.6","1458342","","Industrial building. Roof-suitable for rooftop PV. Verify ownership + contact before outreach."
"2nd Unit Surge Bins","Pittsburgh","PA","osm_industrial","osm-525625070","","","","","","","","600","904032","117524","5.6","1458342","","Industrial building. Roof-suitable for rooftop PV. Verify ownership + contact before outreach."
"It3b Belt","Pittsburgh","PA","osm_industrial","osm-525625071","","","","","","","","600","904032","117524","5.6","1458342","","Industrial building. Roof-suitable for rooftop PV. Verify ownership + contact before outreach."
"River Air Compressor","Pittsburgh","PA","osm_industrial","osm-525625072","","","","","","","","600","904032","117524","5.6","1458342","","Industrial building. Roof-suitable for rooftop PV. Verify ownership + contact before outreach."
"2b1 Belt","Pittsburgh","PA","osm_industrial","osm-525625075","","","","","","","","600","904032","117524","5.6","1458342","","Industrial building. Roof-suitable for rooftop PV. Verify ownership + contact before outreach."
"#4 Screening Station","Pittsburgh","PA","osm_industrial","osm-525625084","","","","","","","","600","904032","117524","5.6","1458342","","Industrial building. Roof-suitable for rooftop PV. Verify ownership + contact before outreach."
"It3a Belt","Pittsburgh","PA","osm_industrial","osm-525625087","","","","","","","","600","904032","117524","5.6","1458342","","Industrial building. Roof-suitable for rooftop PV. Verify ownership + contact before outreach."
"2b Transfer Tower","Pittsburgh","PA","osm_industrial","osm-525625088","","","","","","","","600","904032","117524","5.6","1458342","","Industrial building. Roof-suitable for rooftop PV. Verify ownership + contact before outreach."
"It2 Belt","Pittsburgh","PA","osm_industrial","osm-525625089","","","","","","","","600","904032","117524","5.6","1458342","","Industrial building. Roof-suitable for rooftop PV. Verify ownership + contact before outreach."
"12b Belt","Pittsburgh","PA","osm_industrial","osm-525625090","","","","","","","","600","904032","117524","5.6","1458342","","Industrial building. Roof-suitable for rooftop PV. Verify ownership + contact before outreach."
"2 Transfer Tower","Pittsburgh","PA","osm_industrial","osm-525625091","","","","","","","","600","904032","117524","5.6","1458342","","Industrial building. Roof-suitable for rooftop PV. Verify ownership + contact before outreach."
"12k Belt","Pittsburgh","PA","osm_industrial","osm-525625092","","","","","","","","600","904032","117524","5.6","1458342","","Industrial building. Roof-suitable for rooftop PV. Verify ownership + contact before outreach."
"1st Unit Surge Bins","Pittsburgh","PA","osm_industrial","osm-525625093","","","","","","","","600","904032","117524","5.6","1458342","","Industrial building. Roof-suitable for rooftop PV. Verify ownership + contact before outreach."
"12d Belt","Pittsburgh","PA","osm_industrial","osm-525625094","","","","","","","","600","904032","117524","5.6","1458342","","Industrial building. Roof-suitable for rooftop PV. Verify ownership + contact before outreach."
"Crusher Building","Pittsburgh","PA","osm_industrial","osm-525625095","","","","","","","","600","904032","117524","5.6","1458342","","Industrial building. Roof-suitable for rooftop PV. Verify ownership + contact before outreach."
"12r1 Belt","Pittsburgh","PA","osm_industrial","osm-525625097","","","","","","","","600","904032","117524","5.6","1458342","","Industrial building. Roof-suitable for rooftop PV. Verify ownership + contact before outreach."
"Mixer Building","Pittsburgh","PA","osm_industrial","osm-525625098","","","","","","","","600","904032","117524","5.6","1458342","","Industrial building. Roof-suitable for rooftop PV. Verify ownership + contact before outreach."
"1st Unit Primary Pulverizer","Pittsburgh","PA","osm_industrial","osm-525625099","","","","","","","","600","904032","117524","5.6","1458342","","Industrial building. Roof-suitable for rooftop PV. Verify ownership + contact before outreach."
"1a Belt","Pittsburgh","PA","osm_industrial","osm-525625100","","","","","","","","600","904032","117524","5.6","1458342","","Industrial building. Roof-suitable for rooftop PV. Verify ownership + contact before outreach."
"1b Belt","Pittsburgh","PA","osm_industrial","osm-525625101","","","","","","","","600","904032","117524","5.6","1458342","","Industrial building. Roof-suitable for rooftop PV. Verify ownership + contact before outreach."
"1d Belt","Pittsburgh","PA","osm_industrial","osm-525625104","","","","","","","","600","904032","117524","5.6","1458342","","Industrial building. Roof-suitable for rooftop PV. Verify ownership + contact before outreach."
"3 Quench Tower","Pittsburgh","PA","osm_industrial","osm-525625113","","","","","","","","600","904032","117524","5.6","1458342","","Industrial building. Roof-suitable for rooftop PV. Verify ownership + contact before outreach."
"1 Quench Tower","Pittsburgh","PA","osm_industrial","osm-525625114","","","","","","","","600","904032","117524","5.6","1458342","","Industrial building. Roof-suitable for rooftop PV. Verify ownership + contact before outreach."
"Physical Test Lab","Pittsburgh","PA","osm_industrial","osm-525893564","","","","","","","","600","904032","117524","5.6","1458342","","Industrial building. Roof-suitable for rooftop PV. Verify ownership + contact before outreach."
"Engineering Trailers","Pittsburgh","PA","osm_industrial","osm-525893566","","","","","","","","600","904032","117524","5.6","1458342","","Industrial building. Roof-suitable for rooftop PV. Verify ownership + contact before outreach."
"Brick Shed","Pittsburgh","PA","osm_industrial","osm-525893594","","","","","","","","600","904032","117524","5.6","1458342","","Industrial building. Roof-suitable for rooftop PV. Verify ownership + contact before outreach."
"Field Services Building","Pittsburgh","PA","osm_industrial","osm-525893596","","","","","","","","600","904032","117524","5.6","1458342","","Industrial building. Roof-suitable for rooftop PV. Verify ownership + contact before outreach."
"Pec Storage Building","Pittsburgh","PA","osm_industrial","osm-525893598","","","","","","","","600","904032","117524","5.6","1458342","","Industrial building. Roof-suitable for rooftop PV. Verify ownership + contact before outreach."
"Wabash Bathouse","Pittsburgh","PA","osm_industrial","osm-525893600","","","","","","","","600","904032","117524","5.6","1458342","","Industrial building. Roof-suitable for rooftop PV. Verify ownership + contact before outreach."
"Sulfur Casting Storage","Pittsburgh","PA","osm_industrial","osm-525893607","","","","","","","","600","904032","117524","5.6","1458342","","Industrial building. Roof-suitable for rooftop PV. Verify ownership + contact before outreach."
"Plant Medical And Security Building","Pittsburgh","PA","osm_industrial","osm-525918054","","","","","","","","600","904032","117524","5.6","1458342","","Industrial building. Roof-suitable for rooftop PV. Verify ownership + contact before outreach."
"Credit Union","Pittsburgh","PA","osm_industrial","osm-525918057","","","","","","","","600","904032","117524","5.6","1458342","","Industrial building. Roof-suitable for rooftop PV. Verify ownership + contact before outreach."
"North Water Treatment","Pittsburgh","PA","osm_industrial","osm-525918078","","","","","","","","600","904032","117524","5.6","1458342","","Industrial building. Roof-suitable for rooftop PV. Verify ownership + contact before outreach."
"Annealing Cooling Tower","Pittsburgh","PA","osm_industrial","osm-525918088","","","","","","","","600","904032","117524","5.6","1458342","","Industrial building. Roof-suitable for rooftop PV. Verify ownership + contact before outreach."
"Fuel Pumps","Pittsburgh","PA","osm_industrial","osm-525918090","","","","","","","","600","904032","117524","5.6","1458342","","Industrial building. Roof-suitable for rooftop PV. Verify ownership + contact before outreach."
"Old Training Center","Pittsburgh","PA","osm_industrial","osm-525918091","","","","","","","","600","904032","117524","5.6","1458342","","Industrial building. Roof-suitable for rooftop PV. Verify ownership + contact before outreach."
"Mors","Pittsburgh","PA","osm_industrial","osm-525918101","","","","","","","","600","904032","117524","5.6","1458342","","Industrial building. Roof-suitable for rooftop PV. Verify ownership + contact before outreach."
"Drum Storage","Pittsburgh","PA","osm_industrial","osm-525918104","","","","","","","","600","904032","117524","5.6","1458342","","Industrial building. Roof-suitable for rooftop PV. Verify ownership + contact before outreach."
"New Training Center","Pittsburgh","PA","osm_industrial","osm-525918113","","","","","","","","600","904032","117524","5.6","1458342","","Industrial building. Roof-suitable for rooftop PV. Verify ownership + contact before outreach."
"Irvin Plant Fire Station","Pittsburgh","PA","osm_industrial","osm-525918115","","","","","","","","600","904032","117524","5.6","1458342","","Industrial building. Roof-suitable for rooftop PV. Verify ownership + contact before outreach."
"A.E. Jones Co Signmakers","Pittsburgh","PA","osm_industrial","osm-528963366","","","","","","","","600","904032","117524","5.6","1458342","","Industrial building. Roof-suitable for rooftop PV. Verify ownership + contact before outreach."
"Nu-Go","Pittsburgh","PA","osm_industrial","osm-534049785","","","","","","","","600","904032","117524","5.6","1458342","","Industrial building. Roof-suitable for rooftop PV. Verify ownership + contact before outreach."
"Minnonite Corporation Shipping Center","Pittsburgh","PA","osm_industrial","osm-534356958","","","","","","","","600","904032","117524","5.6","1458342","","Industrial building. Roof-suitable for rooftop PV. Verify ownership + contact before outreach."
"Aloma Shim & Manufacturing","Verona","PA","osm_industrial","osm-534373072","","","","","","","","600","904032","117524","5.6","1458342","","Industrial building. Roof-suitable for rooftop PV. Verify ownership + contact before outreach."
"Universal Atlas Cement","Pittsburgh","PA","osm_industrial","osm-542927383","","","","","","","","600","904032","117524","5.6","1458342","","Industrial building. Roof-suitable for rooftop PV. Verify ownership + contact before outreach."
"Gupta Permold","Pittsburgh","PA","osm_industrial","osm-542962824","","","","","","","","600","904032","117524","5.6","1458342","","Industrial building. Roof-suitable for rooftop PV. Verify ownership + contact before outreach."
"Alstom Transportation","Pittsburgh","PA","osm_industrial","osm-549556211","","","","","","","","600","904032","117524","5.6","1458342","","Factory building. Roof-suitable for rooftop PV. Verify ownership + contact before outreach."
"Alstom Transportation","Pittsburgh","PA","osm_industrial","osm-549556216","","","","","","","","600","904032","117524","5.6","1458342","","Factory building. Roof-suitable for rooftop PV. Verify ownership + contact before outreach."
"Fox Chapel Water Authority Substation","Pittsburgh","PA","osm_industrial","osm-557819898","","","","","","","","600","904032","117524","5.6","1458342","","Industrial building. Roof-suitable for rooftop PV. Verify ownership + contact before outreach."
"Mcconway & Torley - Pittsburgh Plant","Pittsburgh","PA","osm_industrial","osm-559272390","","","","","","","","600","904032","117524","5.6","1458342","","Industrial building. Roof-suitable for rooftop PV. Verify ownership + contact before outreach."
"Pact Stanwix Steam Plant","Pittsburgh","PA","osm_industrial","osm-568713185","","","","","","","","600","904032","117524","5.6","1458342","","Industrial building. Roof-suitable for rooftop PV. Verify ownership + contact before outreach."
"Heidelberg Materials Concrete Plant","Pittsburgh","PA","osm_industrial","osm-580593027","","","","","","","","600","904032","117524","5.6","1458342","","Industrial building. Roof-suitable for rooftop PV. Verify ownership + contact before outreach."
"Liberty Lumber","Pittsburgh","PA","osm_industrial","osm-583544322","","","","","","","","600","904032","117524","5.6","1458342","","Wood_processing building. Roof-suitable for rooftop PV. Verify ownership + contact before outreach."
"Pittsburgh Regional Transit","Bridgeville","PA","osm_industrial","osm-620740157","","","","","","","","600","904032","117524","5.6","1458342","","Depot building. Roof-suitable for rooftop PV. Verify ownership + contact before outreach."
"Josh Steel","Braddock","PA","osm_industrial","osm-642352504","","","","","","","","600","904032","117524","5.6","1458342","","Metal_processing building. Roof-suitable for rooftop PV. Verify ownership + contact before outreach."
"Hanson Concrete","Pittsburgh","PA","osm_industrial","osm-642352505","","","","","","","","600","904032","117524","5.6","1458342","","Cement building. Roof-suitable for rooftop PV. Verify ownership + contact before outreach."
"Epic Metals","Rankin","PA","osm_industrial","osm-642352509","","","","","","","","600","904032","117524","5.6","1458342","","Metal building. Roof-suitable for rooftop PV. Verify ownership + contact before outreach."
"Neville Chemical Company","Pittsburgh","PA","osm_industrial","osm-656305779","","","","","","","","600","904032","117524","5.6","1458342","","Industrial building. Roof-suitable for rooftop PV. Verify ownership + contact before outreach."
"Neville Aggregates","Pittsburgh","PA","osm_industrial","osm-656337817","","","","","","","","600","904032","117524","5.6","1458342","","Industrial building. Roof-suitable for rooftop PV. Verify ownership + contact before outreach."
"American Steel Processing","Pittsburgh","PA","osm_industrial","osm-656337818","","","","","","","","600","904032","117524","5.6","1458342","","Recycling building. Roof-suitable for rooftop PV. Verify ownership + contact before outreach."
"Greenstar","Pittsburgh","PA","osm_industrial","osm-656337819","","","","","","","","600","904032","117524","5.6","1458342","","Recycling building. Roof-suitable for rooftop PV. Verify ownership + contact before outreach."
"Curtiss-Wright Flow Control - Cheswick","Pittsburgh","PA","osm_industrial","osm-668501868","","","","","","","","600","904032","117524","5.6","1458342","","Industrial building. Roof-suitable for rooftop PV. Verify ownership + contact before outreach."
"Genon Power Midwest, Lp","Pittsburgh","PA","osm_industrial","osm-711531300","","","","","","","","600","904032","117524","5.6","1458342","","Industrial building. Roof-suitable for rooftop PV. Verify ownership + contact before outreach."
"Mcgann & Chester Towing & Recovery","Pittsburgh","PA","osm_industrial","osm-732008591","","","","","","","","600","904032","117524","5.6","1458342","","Industrial building. Roof-suitable for rooftop PV. Verify ownership + contact before outreach."
"Anker Industries","Wilkins Township","PA","osm_industrial","osm-732501425","","","","","","","","600","904032","117524","5.6","1458342","","Industrial building. Roof-suitable for rooftop PV. Verify ownership + contact before outreach."
"Allegheny Fence","Pittsburgh","PA","osm_industrial","osm-754432323","","","","","","","","600","904032","117524","5.6","1458342","","Industrial building. Roof-suitable for rooftop PV. Verify ownership + contact before outreach."
"Lafarge - Duquesne Slag","West Mifflin","PA","osm_industrial","osm-762995990","","","","","","","","600","904032","117524","5.6","1458342","","Industrial building. Roof-suitable for rooftop PV. Verify ownership + contact before outreach."
"Keywell Metals","West Mifflin","PA","osm_industrial","osm-762995991","","","","","","","","600","904032","117524","5.6","1458342","","Industrial building. Roof-suitable for rooftop PV. Verify ownership + contact before outreach."
"Brismet","Pittsburgh","PA","osm_industrial","osm-765569034","","","","","","","","600","904032","117524","5.6","1458342","","Metal building. Roof-suitable for rooftop PV. Verify ownership + contact before outreach."
"Scott Township Public Works","Carnegie","PA","osm_industrial","osm-770030724","","","","","","","","600","904032","117524","5.6","1458342","","Industrial building. Roof-suitable for rooftop PV. Verify ownership + contact before outreach."
"Markwest Liberty Storage Yard","Presto","PA","osm_industrial","osm-772513309","","","","","","","","600","904032","117524","5.6","1458342","","Industrial building. Roof-suitable for rooftop PV. Verify ownership + contact before outreach."
"Michael Brothers Hauling","Pittsburgh","PA","osm_industrial","osm-782855295","","","","","","","","600","904032","117524","5.6","1458342","","Industrial building. Roof-suitable for rooftop PV. Verify ownership + contact before outreach."
"Kopp Glass","Pittsburgh","PA","osm_industrial","osm-816372628","","","","","","","","600","904032","117524","5.6","1458342","","Industrial building. Roof-suitable for rooftop PV. Verify ownership + contact before outreach."
"E. H. Griffith","Pittsburgh","PA","osm_industrial","osm-816372630","","","","","","","","600","904032","117524","5.6","1458342","","Industrial building. Roof-suitable for rooftop PV. Verify ownership + contact before outreach."
"Dormont Public Works","Pittsburgh","PA","osm_industrial","osm-821479121","","","","","","","","600","904032","117524","5.6","1458342","","Industrial building. Roof-suitable for rooftop PV. Verify ownership + contact before outreach."
"Etna Industrial Park","Pittsburgh","PA","osm_industrial","osm-824396704","","","","","","","","600","904032","117524","5.6","1458342","","Industrial building. Roof-suitable for rooftop PV. Verify ownership + contact before outreach."
"Buoy Yard","Pittsburgh","PA","osm_industrial","osm-834397091","","","","","","","","600","904032","117524","5.6","1458342","","Depot building. Roof-suitable for rooftop PV. Verify ownership + contact before outreach."
"Dock 9 Warehouse","Pittsburgh","PA","osm_industrial","osm-845492658","","","","","","","","600","904032","117524","5.6","1458342","","Industrial building. Roof-suitable for rooftop PV. Verify ownership + contact before outreach."
"Structural Shop","Pittsburgh","PA","osm_industrial","osm-845492662","","","","","","","","600","904032","117524","5.6","1458342","","Industrial building. Roof-suitable for rooftop PV. Verify ownership + contact before outreach."
"Pro-Tec Dock","Pittsburgh","PA","osm_industrial","osm-845495354","","","","","","","","600","904032","117524","5.6","1458342","","Industrial building. Roof-suitable for rooftop PV. Verify ownership + contact before outreach."
"Continuous Annealing Line","Pittsburgh","PA","osm_industrial","osm-845495355","","","","","","","","600","904032","117524","5.6","1458342","","Industrial building. Roof-suitable for rooftop PV. Verify ownership + contact before outreach."
"64"" Pickle Line","Pittsburgh","PA","osm_industrial","osm-845495356","","","","","","","","600","904032","117524","5.6","1458342","","Industrial building. Roof-suitable for rooftop PV. Verify ownership + contact before outreach."
"Highway 1","Pittsburgh","PA","osm_industrial","osm-845495357","","","","","","","","600","904032","117524","5.6","1458342","","Industrial building. Roof-suitable for rooftop PV. Verify ownership + contact before outreach."
"Hph Annealing","Pittsburgh","PA","osm_industrial","osm-845495358","","","","","","","","600","904032","117524","5.6","1458342","","Industrial building. Roof-suitable for rooftop PV. Verify ownership + contact before outreach."
"Slab Yard","Pittsburgh","PA","osm_industrial","osm-845498297","","","","","","","","600","904032","117524","5.6","1458342","","Industrial building. Roof-suitable for rooftop PV. Verify ownership + contact before outreach."
"Dock 8","Pittsburgh","PA","osm_industrial","osm-845498298","","","","","","","","600","904032","117524","5.6","1458342","","Industrial building. Roof-suitable for rooftop PV. Verify ownership + contact before outreach."
"Raw Coil Storage","Pittsburgh","PA","osm_industrial","osm-845498299","","","","","","","","600","904032","117524","5.6","1458342","","Industrial building. Roof-suitable for rooftop PV. Verify ownership + contact before outreach."
"Hot Strip Mill","Pittsburgh","PA","osm_industrial","osm-845498300","","","","","","","","600","904032","117524","5.6","1458342","","Industrial building. Roof-suitable for rooftop PV. Verify ownership + contact before outreach."
"84"" Pickle Line","Pittsburgh","PA","osm_industrial","osm-845498301","","","","","","","","600","904032","117524","5.6","1458342","","Industrial building. Roof-suitable for rooftop PV. Verify ownership + contact before outreach."
"Open Coil Annealing","Pittsburgh","PA","osm_industrial","osm-845502503","","","","","","","","600","904032","117524","5.6","1458342","","Industrial building. Roof-suitable for rooftop PV. Verify ownership + contact before outreach."
"Hsm Roll Shop","Pittsburgh","PA","osm_industrial","osm-845502504","","","","","","","","600","904032","117524","5.6","1458342","","Industrial building. Roof-suitable for rooftop PV. Verify ownership + contact before outreach."
"Galvanize","Pittsburgh","PA","osm_industrial","osm-845502505","","","","","","","","600","904032","117524","5.6","1458342","","Industrial building. Roof-suitable for rooftop PV. Verify ownership + contact before outreach."
"3-5 Stand","Pittsburgh","PA","osm_industrial","osm-845502506","","","","","","","","600","904032","117524","5.6","1458342","","Industrial building. Roof-suitable for rooftop PV. Verify ownership + contact before outreach."
"Cold Reduction Roll Shop","Pittsburgh","PA","osm_industrial","osm-845502508","","","","","","","","600","904032","117524","5.6","1458342","","Industrial building. Roof-suitable for rooftop PV. Verify ownership + contact before outreach."
"Central Maintenance","Pittsburgh","PA","osm_industrial","osm-845502509","","","","","","","","600","904032","117524","5.6","1458342","","Industrial building. Roof-suitable for rooftop PV. Verify ownership + contact before outreach."
"#7 Temper Mill","Pittsburgh","PA","osm_industrial","osm-845731611","","","","","","","","600","904032","117524","5.6","1458342","","Industrial building. Roof-suitable for rooftop PV. Verify ownership + contact before outreach."
"#17 Recoiler","Pittsburgh","PA","osm_industrial","osm-845731612","","","","","","","","600","904032","117524","5.6","1458342","","Industrial building. Roof-suitable for rooftop PV. Verify ownership + contact before outreach."
"Old Terne Line","Pittsburgh","PA","osm_industrial","osm-845731613","","","","","","","","600","904032","117524","5.6","1458342","","Industrial building. Roof-suitable for rooftop PV. Verify ownership + contact before outreach."
"Tl 11","Pittsburgh","PA","osm_industrial","osm-845731620","","","","","","","","600","904032","117524","5.6","1458342","","Industrial building. Roof-suitable for rooftop PV. Verify ownership + contact before outreach."
"3-5 Motor Room","Pittsburgh","PA","osm_industrial","osm-845731627","","","","","","","","600","904032","117524","5.6","1458342","","Industrial building. Roof-suitable for rooftop PV. Verify ownership + contact before outreach."
"Tractor Shop","Pittsburgh","PA","osm_industrial","osm-845731628","","","","","","","","600","904032","117524","5.6","1458342","","Industrial building. Roof-suitable for rooftop PV. Verify ownership + contact before outreach."
"Boiler House","Pittsburgh","PA","osm_industrial","osm-845731630","","","","","","","","600","904032","117524","5.6","1458342","","Industrial building. Roof-suitable for rooftop PV. Verify ownership + contact before outreach."
"Wiregang","Pittsburgh","PA","osm_industrial","osm-845731635","","","","","","","","600","904032","117524","5.6","1458342","","Industrial building. Roof-suitable for rooftop PV. Verify ownership + contact before outreach."
"Mors","Pittsburgh","PA","osm_industrial","osm-845738062","","","","","","","","600","904032","117524","5.6","1458342","","Industrial building. Roof-suitable for rooftop PV. Verify ownership + contact before outreach."
"River Pump House","Pittsburgh","PA","osm_industrial","osm-845738069","","","","","","","","600","904032","117524","5.6","1458342","","Industrial building. Roof-suitable for rooftop PV. Verify ownership + contact before outreach."
"Filter Plant","Pittsburgh","PA","osm_industrial","osm-845738070","","","","","","","","600","904032","117524","5.6","1458342","","Industrial building. Roof-suitable for rooftop PV. Verify ownership + contact before outreach."
"North Water Treatment","Pittsburgh","PA","osm_industrial","osm-845738071","","","","","","","","600","904032","117524","5.6","1458342","","Industrial building. Roof-suitable for rooftop PV. Verify ownership + contact before outreach."
"Filter Plant","Pittsburgh","PA","osm_industrial","osm-845738072","","","","","","","","600","904032","117524","5.6","1458342","","Industrial building. Roof-suitable for rooftop PV. Verify ownership + contact before outreach."
"Canteen","Pittsburgh","PA","osm_industrial","osm-845738073","","","","","","","","600","904032","117524","5.6","1458342","","Industrial building. Roof-suitable for rooftop PV. Verify ownership + contact before outreach."
"Keystone Cooling Tower","Pittsburgh","PA","osm_industrial","osm-845749928","","","","","","","","600","904032","117524","5.6","1458342","","Industrial building. Roof-suitable for rooftop PV. Verify ownership + contact before outreach."
"Mechanical Gang Storage","Pittsburgh","PA","osm_industrial","osm-845749930","","","","","","","","600","904032","117524","5.6","1458342","","Industrial building. Roof-suitable for rooftop PV. Verify ownership + contact before outreach."
"Oil House","Pittsburgh","PA","osm_industrial","osm-845749931","","","","","","","","600","904032","117524","5.6","1458342","","Industrial building. Roof-suitable for rooftop PV. Verify ownership + contact before outreach."
"Emergency Services Office","Pittsburgh","PA","osm_industrial","osm-845749932","","","","","","","","600","904032","117524","5.6","1458342","","Industrial building. Roof-suitable for rooftop PV. Verify ownership + contact before outreach."
"Mob","Pittsburgh","PA","osm_industrial","osm-845749933","","","","","","","","600","904032","117524","5.6","1458342","","Industrial building. Roof-suitable for rooftop PV. Verify ownership + contact before outreach."
"Carnegie Way Center","Pittsburgh","PA","osm_industrial","osm-845749934","","","","","","","","600","904032","117524","5.6","1458342","","Industrial building. Roof-suitable for rooftop PV. Verify ownership + contact before outreach."
"Labor Gang Office","Pittsburgh","PA","osm_industrial","osm-845749937","","","","","","","","600","904032","117524","5.6","1458342","","Industrial building. Roof-suitable for rooftop PV. Verify ownership + contact before outreach."
"Tire Shop","Pittsburgh","PA","osm_industrial","osm-845749938","","","","","","","","600","904032","117524","5.6","1458342","","Industrial building. Roof-suitable for rooftop PV. Verify ownership + contact before outreach."
"Ir Shop","Pittsburgh","PA","osm_industrial","osm-845749939","","","","","","","","600","904032","117524","5.6","1458342","","Industrial building. Roof-suitable for rooftop PV. Verify ownership + contact before outreach."
"Er Shop","Pittsburgh","PA","osm_industrial","osm-845749940","","","","","","","","600","904032","117524","5.6","1458342","","Industrial building. Roof-suitable for rooftop PV. Verify ownership + contact before outreach."
"Er Storage","Pittsburgh","PA","osm_industrial","osm-845749941","","","","","","","","600","904032","117524","5.6","1458342","","Industrial building. Roof-suitable for rooftop PV. Verify ownership + contact before outreach."
"Salt Shed","Pittsburgh","PA","osm_industrial","osm-845749944","","","","","","","","600","904032","117524","5.6","1458342","","Industrial building. Roof-suitable for rooftop PV. Verify ownership + contact before outreach."
"Cylinder Storage","Pittsburgh","PA","osm_industrial","osm-845749945","","","","","","","","600","904032","117524","5.6","1458342","","Industrial building. Roof-suitable for rooftop PV. Verify ownership + contact before outreach."
"Training Center","Pittsburgh","PA","osm_industrial","osm-845749946","","","","","","","","600","904032","117524","5.6","1458342","","Industrial building. Roof-suitable for rooftop PV. Verify ownership + contact before outreach."
"Fire Dept. Annex","Pittsburgh","PA","osm_industrial","osm-845749947","","","","","","","","600","904032","117524","5.6","1458342","","Industrial building. Roof-suitable for rooftop PV. Verify ownership + contact before outreach."
"Training Center Lab","Pittsburgh","PA","osm_industrial","osm-845749949","","","","","","","","600","904032","117524","5.6","1458342","","Industrial building. Roof-suitable for rooftop PV. Verify ownership + contact before outreach."
"Ih Trailer","Pittsburgh","PA","osm_industrial","osm-845749950","","","","","","","","600","904032","117524","5.6","1458342","","Industrial building. Roof-suitable for rooftop PV. Verify ownership + contact before outreach."
"South Yard Maintenance","Pittsburgh","PA","osm_industrial","osm-845749951","","","","","","","","600","904032","117524","5.6","1458342","","Industrial building. Roof-suitable for rooftop PV. Verify ownership + contact before outreach."
"Urr Yardmaster","Pittsburgh","PA","osm_industrial","osm-845749952","","","","","","","","600","904032","117524","5.6","1458342","","Industrial building. Roof-suitable for rooftop PV. Verify ownership + contact before outreach."
"Refrigeration Department","Pittsburgh","PA","osm_industrial","osm-845749953","","","","","","","","600","904032","117524","5.6","1458342","","Industrial building. Roof-suitable for rooftop PV. Verify ownership + contact before outreach."
"Haz Pad","Pittsburgh","PA","osm_industrial","osm-845838041","","","","","","","","600","904032","117524","5.6","1458342","","Industrial building. Roof-suitable for rooftop PV. Verify ownership + contact before outreach."
"Refrigeration Recovery","Pittsburgh","PA","osm_industrial","osm-845841197","","","","","","","","600","904032","117524","5.6","1458342","","Industrial building. Roof-suitable for rooftop PV. Verify ownership + contact before outreach."
"Test Battery","Pittsburgh","PA","osm_industrial","osm-845841198","","","","","","","","600","904032","117524","5.6","1458342","","Industrial building. Roof-suitable for rooftop PV. Verify ownership + contact before outreach."
"Electric Shop","Pittsburgh","PA","osm_industrial","osm-845841199","","","","","","","","600","904032","117524","5.6","1458342","","Industrial building. Roof-suitable for rooftop PV. Verify ownership + contact before outreach."
"Pipe Shop","Pittsburgh","PA","osm_industrial","osm-846065160","","","","","","","","600","904032","117524","5.6","1458342","","Industrial building. Roof-suitable for rooftop PV. Verify ownership + contact before outreach."
"Hsm Motor Room","Pittsburgh","PA","osm_industrial","osm-846066372","","","","","","","","600","904032","117524","5.6","1458342","","Industrial building. Roof-suitable for rooftop PV. Verify ownership + contact before outreach."
"Transportation","Pittsburgh","PA","osm_industrial","osm-854029195","","","","","","","","600","904032","117524","5.6","1458342","","Industrial building. Roof-suitable for rooftop PV. Verify ownership + contact before outreach."
"#3 Clarifier","Pittsburgh","PA","osm_industrial","osm-854029196","","","","","","","","600","904032","117524","5.6","1458342","","Industrial building. Roof-suitable for rooftop PV. Verify ownership + contact before outreach."
"Caster Runout","Pittsburgh","PA","osm_industrial","osm-854029197","","","","","","","","600","904032","117524","5.6","1458342","","Industrial building. Roof-suitable for rooftop PV. Verify ownership + contact before outreach."
"Pennsylvania American Water Bethel Park Distribution Center","Bethel Park","PA","osm_industrial","osm-858116710","","","","","","","","600","904032","117524","5.6","1458342","","Industrial building. Roof-suitable for rooftop PV. Verify ownership + contact before outreach."
"Summit","Pittsburgh","PA","osm_industrial","osm-864207908","","","","","","","","600","904032","117524","5.6","1458342","","Industrial building. Roof-suitable for rooftop PV. Verify ownership + contact before outreach."
"Contractor City","Pittsburgh","PA","osm_industrial","osm-864207909","","","","","","","","600","904032","117524","5.6","1458342","","Industrial building. Roof-suitable for rooftop PV. Verify ownership + contact before outreach."
"Flare Stack","Pittsburgh","PA","osm_industrial","osm-864207910","","","","","","","","600","904032","117524","5.6","1458342","","Industrial building. Roof-suitable for rooftop PV. Verify ownership + contact before outreach."
"Qs Pile","Pittsburgh","PA","osm_industrial","osm-864207911","","","","","","","","600","904032","117524","5.6","1458342","","Industrial building. Roof-suitable for rooftop PV. Verify ownership + contact before outreach."
"Scrap Yard","Pittsburgh","PA","osm_industrial","osm-864207912","","","","","","","","600","904032","117524","5.6","1458342","","Industrial building. Roof-suitable for rooftop PV. Verify ownership + contact before outreach."
"""Old"" Scale","Pittsburgh","PA","osm_industrial","osm-864210912","","","","","","","","600","904032","117524","5.6","1458342","","Industrial building. Roof-suitable for rooftop PV. Verify ownership + contact before outreach."
"Maple Gate","Pittsburgh","PA","osm_industrial","osm-864210913","","","","","","","","600","904032","117524","5.6","1458342","","Industrial building. Roof-suitable for rooftop PV. Verify ownership + contact before outreach."
"Wabash Gate","Pittsburgh","PA","osm_industrial","osm-864210914","","","","","","","","600","904032","117524","5.6","1458342","","Industrial building. Roof-suitable for rooftop PV. Verify ownership + contact before outreach."
"2nd Unit Hot Car Repair","Pittsburgh","PA","osm_industrial","osm-864210915","","","","","","","","600","904032","117524","5.6","1458342","","Industrial building. Roof-suitable for rooftop PV. Verify ownership + contact before outreach."
"Penn State University Park","University Park","PA","auto_seed","solar-edu-008","","","","","","","","600","904032","117524","5.6","1458342","","PA SREC market + state-funded research mission"