company,city,state,source,source_id,naics_code,naics_sector,solar_fit_score,energy_intensity,tax_appetite,recommended_ownership,load_profile,est_system_kw,est_annual_kwh,est_annual_savings_usd,est_net_payback_yrs,est_25yr_npv_p50_usd,sales_script,pitch_angle
"Graybar","Valley View","OH","osm_industrial","osm-98114659","493110","Warehousing / Cold Storage","84","moderate","corporate","direct_purchase","daytime_peak","2000","3013440","361613","5.5","4527334","Distribution centers are the easiest commercial solar installs we do — large clear flat roofs, ground-level interconnect.","Warehouse building. Roof-suitable for rooftop PV. Verify ownership + contact before outreach."
"Warehouse 26","Cleveland","OH","osm_industrial","osm-180702262","493110","Warehousing / Cold Storage","84","moderate","corporate","direct_purchase","daytime_peak","2000","3013440","361613","5.5","4527334","Distribution centers are the easiest commercial solar installs we do — large clear flat roofs, ground-level interconnect.","Warehouse building. Roof-suitable for rooftop PV. Verify ownership + contact before outreach."
"Warehouse A","Cleveland","OH","osm_industrial","osm-333522182","493110","Warehousing / Cold Storage","84","moderate","corporate","direct_purchase","daytime_peak","2000","3013440","361613","5.5","4527334","Distribution centers are the easiest commercial solar installs we do — large clear flat roofs, ground-level interconnect.","Warehouse building. Roof-suitable for rooftop PV. Verify ownership + contact before outreach."
"Warehouse 24","Cleveland","OH","osm_industrial","osm-396113317","493110","Warehousing / Cold Storage","84","moderate","corporate","direct_purchase","daytime_peak","2000","3013440","361613","5.5","4527334","Distribution centers are the easiest commercial solar installs we do — large clear flat roofs, ground-level interconnect.","Warehouse building. Roof-suitable for rooftop PV. Verify ownership + contact before outreach."
"Hoban Pest Control","Avon Lake","OH","osm_industrial","osm-494301528","493110","Warehousing / Cold Storage","84","moderate","corporate","direct_purchase","daytime_peak","2000","3013440","361613","5.5","4527334","Distribution centers are the easiest commercial solar installs we do — large clear flat roofs, ground-level interconnect.","Warehouse building. Roof-suitable for rooftop PV. Verify ownership + contact before outreach."
"Total Line Refrigeration","Avon Lake","OH","osm_industrial","osm-494953591","493110","Warehousing / Cold Storage","84","moderate","corporate","direct_purchase","daytime_peak","2000","3013440","361613","5.5","4527334","Distribution centers are the easiest commercial solar installs we do — large clear flat roofs, ground-level interconnect.","Warehouse building. Roof-suitable for rooftop PV. Verify ownership + contact before outreach."
"Hall Contracting Services","Avon Lake","OH","osm_industrial","osm-494953592","493110","Warehousing / Cold Storage","84","moderate","corporate","direct_purchase","daytime_peak","2000","3013440","361613","5.5","4527334","Distribution centers are the easiest commercial solar installs we do — large clear flat roofs, ground-level interconnect.","Warehouse building. Roof-suitable for rooftop PV. Verify ownership + contact before outreach."
"Mt Business Technologies","Avon","OH","osm_industrial","osm-496967175","493110","Warehousing / Cold Storage","84","moderate","corporate","direct_purchase","daytime_peak","2000","3013440","361613","5.5","4527334","Distribution centers are the easiest commercial solar installs we do — large clear flat roofs, ground-level interconnect.","Warehouse building. Roof-suitable for rooftop PV. Verify ownership + contact before outreach."
"Stack Heating & Cooling","Avon","OH","osm_industrial","osm-496967186","493110","Warehousing / Cold Storage","84","moderate","corporate","direct_purchase","daytime_peak","2000","3013440","361613","5.5","4527334","Distribution centers are the easiest commercial solar installs we do — large clear flat roofs, ground-level interconnect.","Warehouse building. Roof-suitable for rooftop PV. Verify ownership + contact before outreach."
"Amazon Cle5","Twinsburg","OH","osm_industrial","osm-597199530","493110","Warehousing / Cold Storage","84","moderate","corporate","direct_purchase","daytime_peak","2000","3013440","361613","5.5","4527334","Distribution centers are the easiest commercial solar installs we do — large clear flat roofs, ground-level interconnect.","Warehouse building. Roof-suitable for rooftop PV. Verify ownership + contact before outreach."
"Piano Warehouse","Cleveland","OH","osm_industrial","osm-619593461","493110","Warehousing / Cold Storage","84","moderate","corporate","direct_purchase","daytime_peak","2000","3013440","361613","5.5","4527334","Distribution centers are the easiest commercial solar installs we do — large clear flat roofs, ground-level interconnect.","Warehouse building. Roof-suitable for rooftop PV. Verify ownership + contact before outreach."
"Roscoe Medical Inc","Strongsville","OH","osm_industrial","osm-715896660","493110","Warehousing / Cold Storage","84","moderate","corporate","direct_purchase","daytime_peak","2000","3013440","361613","5.5","4527334","Distribution centers are the easiest commercial solar installs we do — large clear flat roofs, ground-level interconnect.","Warehouse building. Roof-suitable for rooftop PV. Verify ownership + contact before outreach."
"Benchmark Imaging Group","Strongsville","OH","osm_industrial","osm-715896903","493110","Warehousing / Cold Storage","84","moderate","corporate","direct_purchase","daytime_peak","2000","3013440","361613","5.5","4527334","Distribution centers are the easiest commercial solar installs we do — large clear flat roofs, ground-level interconnect.","Warehouse building. Roof-suitable for rooftop PV. Verify ownership + contact before outreach."
"S S Kemp & Co","Cleveland","OH","osm_industrial","osm-716706033","493110","Warehousing / Cold Storage","84","moderate","corporate","direct_purchase","daytime_peak","2000","3013440","361613","5.5","4527334","Distribution centers are the easiest commercial solar installs we do — large clear flat roofs, ground-level interconnect.","Warehouse building. Roof-suitable for rooftop PV. Verify ownership + contact before outreach."
"Amazon Dcl!","Cleveland","OH","osm_industrial","osm-854075709","493110","Warehousing / Cold Storage","84","moderate","corporate","direct_purchase","daytime_peak","2000","3013440","361613","5.5","4527334","Distribution centers are the easiest commercial solar installs we do — large clear flat roofs, ground-level interconnect.","Warehouse building. Roof-suitable for rooftop PV. Verify ownership + contact before outreach."
"Amazon Dcm3","Cleveland","OH","osm_industrial","osm-854076559","493110","Warehousing / Cold Storage","84","moderate","corporate","direct_purchase","daytime_peak","2000","3013440","361613","5.5","4527334","Distribution centers are the easiest commercial solar installs we do — large clear flat roofs, ground-level interconnect.","Warehouse building. Roof-suitable for rooftop PV. Verify ownership + contact before outreach."
"Amazon","Cleveland","OH","osm_industrial","osm-870618287","493110","Warehousing / Cold Storage","84","moderate","corporate","direct_purchase","daytime_peak","2000","3013440","361613","5.5","4527334","Distribution centers are the easiest commercial solar installs we do — large clear flat roofs, ground-level interconnect.","Warehouse building. Roof-suitable for rooftop PV. Verify ownership + contact before outreach."
"Warehouse 22","Cleveland","OH","osm_industrial","osm-1011021048","493110","Warehousing / Cold Storage","84","moderate","corporate","direct_purchase","daytime_peak","2000","3013440","361613","5.5","4527334","Distribution centers are the easiest commercial solar installs we do — large clear flat roofs, ground-level interconnect.","Warehouse building. Roof-suitable for rooftop PV. Verify ownership + contact before outreach."
"Deufol North America","Cleveland","OH","osm_industrial","osm-1042098005","493110","Warehousing / Cold Storage","84","moderate","corporate","direct_purchase","daytime_peak","2000","3013440","361613","5.5","4527334","Distribution centers are the easiest commercial solar installs we do — large clear flat roofs, ground-level interconnect.","Warehouse building. Roof-suitable for rooftop PV. Verify ownership + contact before outreach."
"Nor-Am Cold Storage","Cleveland","OH","osm_industrial","osm-1083906870","493110","Warehousing / Cold Storage","84","moderate","corporate","direct_purchase","daytime_peak","2000","3013440","361613","5.5","4527334","Distribution centers are the easiest commercial solar installs we do — large clear flat roofs, ground-level interconnect.","Warehouse building. Roof-suitable for rooftop PV. Verify ownership + contact before outreach."
"Playaway Products Llc","Solon","OH","osm_industrial","osm-1137485280","493110","Warehousing / Cold Storage","84","moderate","corporate","direct_purchase","daytime_peak","2000","3013440","361613","5.5","4527334","Distribution centers are the easiest commercial solar installs we do — large clear flat roofs, ground-level interconnect.","Warehouse building. Roof-suitable for rooftop PV. Verify ownership + contact before outreach."
"Berardi'S Fresh Roast","North Royalton","OH","osm_industrial","osm-1209493555","493110","Warehousing / Cold Storage","84","moderate","corporate","direct_purchase","daytime_peak","2000","3013440","361613","5.5","4527334","Distribution centers are the easiest commercial solar installs we do — large clear flat roofs, ground-level interconnect.","Warehouse building. Roof-suitable for rooftop PV. Verify ownership + contact before outreach."
"Amazon Dcl9","Brooklyn","OH","osm_industrial","osm-1302943523","493110","Warehousing / Cold Storage","84","moderate","corporate","direct_purchase","daytime_peak","2000","3013440","361613","5.5","4527334","Distribution centers are the easiest commercial solar installs we do — large clear flat roofs, ground-level interconnect.","Warehouse building. Roof-suitable for rooftop PV. Verify ownership + contact before outreach."
"Victory Packaging","Brook Park","OH","osm_industrial","osm-1382205706","493110","Warehousing / Cold Storage","84","moderate","corporate","direct_purchase","daytime_peak","2000","3013440","361613","5.5","4527334","Distribution centers are the easiest commercial solar installs we do — large clear flat roofs, ground-level interconnect.","Warehouse building. Roof-suitable for rooftop PV. Verify ownership + contact before outreach."
"J C Penney Catalog Outlet Store","Columbus","OH","osm_industrial","osm-39623475","493110","Warehousing / Cold Storage","84","moderate","corporate","direct_purchase","daytime_peak","2000","3013440","361613","5.5","4527334","Distribution centers are the easiest commercial solar installs we do — large clear flat roofs, ground-level interconnect.","Warehouse building. Roof-suitable for rooftop PV. Verify ownership + contact before outreach."
"Superior Beverage Group","Lewis Center","OH","osm_industrial","osm-42606325","493110","Warehousing / Cold Storage","84","moderate","corporate","direct_purchase","daytime_peak","2000","3013440","361613","5.5","4527334","Distribution centers are the easiest commercial solar installs we do — large clear flat roofs, ground-level interconnect.","Warehouse building. Roof-suitable for rooftop PV. Verify ownership + contact before outreach."
"Volvo Parts North America","Columbus","OH","osm_industrial","osm-42606353","493110","Warehousing / Cold Storage","84","moderate","corporate","direct_purchase","daytime_peak","2000","3013440","361613","5.5","4527334","Distribution centers are the easiest commercial solar installs we do — large clear flat roofs, ground-level interconnect.","Warehouse building. Roof-suitable for rooftop PV. Verify ownership + contact before outreach."
"Insight Lewis Center","Columbus","OH","osm_industrial","osm-42606363","493110","Warehousing / Cold Storage","84","moderate","corporate","direct_purchase","daytime_peak","2000","3013440","361613","5.5","4527334","Distribution centers are the easiest commercial solar installs we do — large clear flat roofs, ground-level interconnect.","Warehouse building. Roof-suitable for rooftop PV. Verify ownership + contact before outreach."
"Dcm7 Amazon","Columbus","OH","osm_industrial","osm-73151929","493110","Warehousing / Cold Storage","84","moderate","corporate","direct_purchase","daytime_peak","2000","3013440","361613","5.5","4527334","Distribution centers are the easiest commercial solar installs we do — large clear flat roofs, ground-level interconnect.","Warehouse building. Roof-suitable for rooftop PV. Verify ownership + contact before outreach."
"Air Cargo Terminal 4","Columbus","OH","osm_industrial","osm-169459455","493110","Warehousing / Cold Storage","84","moderate","corporate","direct_purchase","daytime_peak","2000","3013440","361613","5.5","4527334","Distribution centers are the easiest commercial solar installs we do — large clear flat roofs, ground-level interconnect.","Warehouse building. Roof-suitable for rooftop PV. Verify ownership + contact before outreach."
"Fedex","Columbus","OH","osm_industrial","osm-169459466","493110","Warehousing / Cold Storage","84","moderate","corporate","direct_purchase","daytime_peak","2000","3013440","361613","5.5","4527334","Distribution centers are the easiest commercial solar installs we do — large clear flat roofs, ground-level interconnect.","Warehouse building. Roof-suitable for rooftop PV. Verify ownership + contact before outreach."
"Air Cargo Terminal 3","Columbus","OH","osm_industrial","osm-169459468","493110","Warehousing / Cold Storage","84","moderate","corporate","direct_purchase","daytime_peak","2000","3013440","361613","5.5","4527334","Distribution centers are the easiest commercial solar installs we do — large clear flat roofs, ground-level interconnect.","Warehouse building. Roof-suitable for rooftop PV. Verify ownership + contact before outreach."
"Air Cargo Terminal 1","Columbus","OH","osm_industrial","osm-169472753","493110","Warehousing / Cold Storage","84","moderate","corporate","direct_purchase","daytime_peak","2000","3013440","361613","5.5","4527334","Distribution centers are the easiest commercial solar installs we do — large clear flat roofs, ground-level interconnect.","Warehouse building. Roof-suitable for rooftop PV. Verify ownership + contact before outreach."
"Forward Air","Columbus","OH","osm_industrial","osm-169472758","493110","Warehousing / Cold Storage","84","moderate","corporate","direct_purchase","daytime_peak","2000","3013440","361613","5.5","4527334","Distribution centers are the easiest commercial solar installs we do — large clear flat roofs, ground-level interconnect.","Warehouse building. Roof-suitable for rooftop PV. Verify ownership + contact before outreach."
"Air Cargo Terminal 2","Columbus","OH","osm_industrial","osm-169472759","493110","Warehousing / Cold Storage","84","moderate","corporate","direct_purchase","daytime_peak","2000","3013440","361613","5.5","4527334","Distribution centers are the easiest commercial solar installs we do — large clear flat roofs, ground-level interconnect.","Warehouse building. Roof-suitable for rooftop PV. Verify ownership + contact before outreach."
"Genco Petsmart","Columbus","OH","osm_industrial","osm-169659315","493110","Warehousing / Cold Storage","84","moderate","corporate","direct_purchase","daytime_peak","2000","3013440","361613","5.5","4527334","Distribution centers are the easiest commercial solar installs we do — large clear flat roofs, ground-level interconnect.","Warehouse building. Roof-suitable for rooftop PV. Verify ownership + contact before outreach."
"World Distribution Services","Columbus","OH","osm_industrial","osm-169659328","493110","Warehousing / Cold Storage","84","moderate","corporate","direct_purchase","daytime_peak","2000","3013440","361613","5.5","4527334","Distribution centers are the easiest commercial solar installs we do — large clear flat roofs, ground-level interconnect.","Warehouse building. Roof-suitable for rooftop PV. Verify ownership + contact before outreach."
"Huckberry","Columbus","OH","osm_industrial","osm-169659334","493110","Warehousing / Cold Storage","84","moderate","corporate","direct_purchase","daytime_peak","2000","3013440","361613","5.5","4527334","Distribution centers are the easiest commercial solar installs we do — large clear flat roofs, ground-level interconnect.","Warehouse building. Roof-suitable for rooftop PV. Verify ownership + contact before outreach."
"American Health Packaging","Columbus","OH","osm_industrial","osm-169660308","493110","Warehousing / Cold Storage","84","moderate","corporate","direct_purchase","daytime_peak","2000","3013440","361613","5.5","4527334","Distribution centers are the easiest commercial solar installs we do — large clear flat roofs, ground-level interconnect.","Warehouse building. Roof-suitable for rooftop PV. Verify ownership + contact before outreach."
"American Standard","Columbus","OH","osm_industrial","osm-169660310","493110","Warehousing / Cold Storage","84","moderate","corporate","direct_purchase","daytime_peak","2000","3013440","361613","5.5","4527334","Distribution centers are the easiest commercial solar installs we do — large clear flat roofs, ground-level interconnect.","Warehouse building. Roof-suitable for rooftop PV. Verify ownership + contact before outreach."
"Dorcy","Columbus","OH","osm_industrial","osm-169660312","493110","Warehousing / Cold Storage","84","moderate","corporate","direct_purchase","daytime_peak","2000","3013440","361613","5.5","4527334","Distribution centers are the easiest commercial solar installs we do — large clear flat roofs, ground-level interconnect.","Warehouse building. Roof-suitable for rooftop PV. Verify ownership + contact before outreach."
"Kraft Foods","Columbus","OH","osm_industrial","osm-169660313","493110","Warehousing / Cold Storage","84","moderate","corporate","direct_purchase","daytime_peak","2000","3013440","361613","5.5","4527334","Distribution centers are the easiest commercial solar installs we do — large clear flat roofs, ground-level interconnect.","Warehouse building. Roof-suitable for rooftop PV. Verify ownership + contact before outreach."
"Ceva Logistics","Columbus","OH","osm_industrial","osm-169660316","493110","Warehousing / Cold Storage","84","moderate","corporate","direct_purchase","daytime_peak","2000","3013440","361613","5.5","4527334","Distribution centers are the easiest commercial solar installs we do — large clear flat roofs, ground-level interconnect.","Warehouse building. Roof-suitable for rooftop PV. Verify ownership + contact before outreach."
"Dhl","Columbus","OH","osm_industrial","osm-169660680","493110","Warehousing / Cold Storage","84","moderate","corporate","direct_purchase","daytime_peak","2000","3013440","361613","5.5","4527334","Distribution centers are the easiest commercial solar installs we do — large clear flat roofs, ground-level interconnect.","Warehouse building. Roof-suitable for rooftop PV. Verify ownership + contact before outreach."
"Springs Global","Groveport","OH","osm_industrial","osm-169666505","493110","Warehousing / Cold Storage","84","moderate","corporate","direct_purchase","daytime_peak","2000","3013440","361613","5.5","4527334","Distribution centers are the easiest commercial solar installs we do — large clear flat roofs, ground-level interconnect.","Warehouse building. Roof-suitable for rooftop PV. Verify ownership + contact before outreach."
"Hd Supply Facilities Maintenance","Groveport","OH","osm_industrial","osm-169666509","493110","Warehousing / Cold Storage","84","moderate","corporate","direct_purchase","daytime_peak","2000","3013440","361613","5.5","4527334","Distribution centers are the easiest commercial solar installs we do — large clear flat roofs, ground-level interconnect.","Warehouse building. Roof-suitable for rooftop PV. Verify ownership + contact before outreach."
"Db Schenker","Columbus","OH","osm_industrial","osm-169666511","493110","Warehousing / Cold Storage","84","moderate","corporate","direct_purchase","daytime_peak","2000","3013440","361613","5.5","4527334","Distribution centers are the easiest commercial solar installs we do — large clear flat roofs, ground-level interconnect.","Warehouse building. Roof-suitable for rooftop PV. Verify ownership + contact before outreach."
"Cardinal Health","Groveport","OH","osm_industrial","osm-169666512","493110","Warehousing / Cold Storage","84","moderate","corporate","direct_purchase","daytime_peak","2000","3013440","361613","5.5","4527334","Distribution centers are the easiest commercial solar installs we do — large clear flat roofs, ground-level interconnect.","Warehouse building. Roof-suitable for rooftop PV. Verify ownership + contact before outreach."
"Radial Corporation","Columbus","OH","osm_industrial","osm-169666513","493110","Warehousing / Cold Storage","84","moderate","corporate","direct_purchase","daytime_peak","2000","3013440","361613","5.5","4527334","Distribution centers are the easiest commercial solar installs we do — large clear flat roofs, ground-level interconnect.","Warehouse building. Roof-suitable for rooftop PV. Verify ownership + contact before outreach."
"Bell Inc","Groveport","OH","osm_industrial","osm-169666514","493110","Warehousing / Cold Storage","84","moderate","corporate","direct_purchase","daytime_peak","2000","3013440","361613","5.5","4527334","Distribution centers are the easiest commercial solar installs we do — large clear flat roofs, ground-level interconnect.","Warehouse building. Roof-suitable for rooftop PV. Verify ownership + contact before outreach."
"Specialized Bicycle Components","Groveport","OH","osm_industrial","osm-169666979","493110","Warehousing / Cold Storage","84","moderate","corporate","direct_purchase","daytime_peak","2000","3013440","361613","5.5","4527334","Distribution centers are the easiest commercial solar installs we do — large clear flat roofs, ground-level interconnect.","Warehouse building. Roof-suitable for rooftop PV. Verify ownership + contact before outreach."
"Growth Innovation Digital","Groveport","OH","osm_industrial","osm-169666980","493110","Warehousing / Cold Storage","84","moderate","corporate","direct_purchase","daytime_peak","2000","3013440","361613","5.5","4527334","Distribution centers are the easiest commercial solar installs we do — large clear flat roofs, ground-level interconnect.","Warehouse building. Roof-suitable for rooftop PV. Verify ownership + contact before outreach."
"Adecco Staffing","Groveport","OH","osm_industrial","osm-169666981","493110","Warehousing / Cold Storage","84","moderate","corporate","direct_purchase","daytime_peak","2000","3013440","361613","5.5","4527334","Distribution centers are the easiest commercial solar installs we do — large clear flat roofs, ground-level interconnect.","Warehouse building. Roof-suitable for rooftop PV. Verify ownership + contact before outreach."
"Schwarz Supply","Groveport","OH","osm_industrial","osm-169666982","493110","Warehousing / Cold Storage","84","moderate","corporate","direct_purchase","daytime_peak","2000","3013440","361613","5.5","4527334","Distribution centers are the easiest commercial solar installs we do — large clear flat roofs, ground-level interconnect.","Warehouse building. Roof-suitable for rooftop PV. Verify ownership + contact before outreach."
"Franklin International","Groveport","OH","osm_industrial","osm-169666984","493110","Warehousing / Cold Storage","84","moderate","corporate","direct_purchase","daytime_peak","2000","3013440","361613","5.5","4527334","Distribution centers are the easiest commercial solar installs we do — large clear flat roofs, ground-level interconnect.","Warehouse building. Roof-suitable for rooftop PV. Verify ownership + contact before outreach."
"Yokohama Tire","Groveport","OH","osm_industrial","osm-169666986","493110","Warehousing / Cold Storage","84","moderate","corporate","direct_purchase","daytime_peak","2000","3013440","361613","5.5","4527334","Distribution centers are the easiest commercial solar installs we do — large clear flat roofs, ground-level interconnect.","Warehouse building. Roof-suitable for rooftop PV. Verify ownership + contact before outreach."
"Cmh Air Cargo Facility","Columbus","OH","osm_industrial","osm-170754547","493110","Warehousing / Cold Storage","84","moderate","corporate","direct_purchase","daytime_peak","2000","3013440","361613","5.5","4527334","Distribution centers are the easiest commercial solar installs we do — large clear flat roofs, ground-level interconnect.","Warehouse building. Roof-suitable for rooftop PV. Verify ownership + contact before outreach."
"Cmh Air Cargo Facility","Columbus","OH","osm_industrial","osm-170754556","493110","Warehousing / Cold Storage","84","moderate","corporate","direct_purchase","daytime_peak","2000","3013440","361613","5.5","4527334","Distribution centers are the easiest commercial solar installs we do — large clear flat roofs, ground-level interconnect.","Warehouse building. Roof-suitable for rooftop PV. Verify ownership + contact before outreach."
"Pilkington In North America","Columbus","OH","osm_industrial","osm-234393641","493110","Warehousing / Cold Storage","84","moderate","corporate","direct_purchase","daytime_peak","2000","3013440","361613","5.5","4527334","Distribution centers are the easiest commercial solar installs we do — large clear flat roofs, ground-level interconnect.","Warehouse building. Roof-suitable for rooftop PV. Verify ownership + contact before outreach."
"Palmer-Donavin","Columbus","OH","osm_industrial","osm-234393644","493110","Warehousing / Cold Storage","84","moderate","corporate","direct_purchase","daytime_peak","2000","3013440","361613","5.5","4527334","Distribution centers are the easiest commercial solar installs we do — large clear flat roofs, ground-level interconnect.","Warehouse building. Roof-suitable for rooftop PV. Verify ownership + contact before outreach."
"Simply Self Storage","Columbus","OH","osm_industrial","osm-359819794","493110","Warehousing / Cold Storage","84","moderate","corporate","direct_purchase","daytime_peak","2000","3013440","361613","5.5","4527334","Distribution centers are the easiest commercial solar installs we do — large clear flat roofs, ground-level interconnect.","Warehouse building. Roof-suitable for rooftop PV. Verify ownership + contact before outreach."
"Simply Self-Storage","Columbus","OH","osm_industrial","osm-359819795","493110","Warehousing / Cold Storage","84","moderate","corporate","direct_purchase","daytime_peak","2000","3013440","361613","5.5","4527334","Distribution centers are the easiest commercial solar installs we do — large clear flat roofs, ground-level interconnect.","Warehouse building. Roof-suitable for rooftop PV. Verify ownership + contact before outreach."
"Simply Self Storage","Columbus","OH","osm_industrial","osm-359819797","493110","Warehousing / Cold Storage","84","moderate","corporate","direct_purchase","daytime_peak","2000","3013440","361613","5.5","4527334","Distribution centers are the easiest commercial solar installs we do — large clear flat roofs, ground-level interconnect.","Warehouse building. Roof-suitable for rooftop PV. Verify ownership + contact before outreach."
"Simply Self Storage","Columbus","OH","osm_industrial","osm-359819798","493110","Warehousing / Cold Storage","84","moderate","corporate","direct_purchase","daytime_peak","2000","3013440","361613","5.5","4527334","Distribution centers are the easiest commercial solar installs we do — large clear flat roofs, ground-level interconnect.","Warehouse building. Roof-suitable for rooftop PV. Verify ownership + contact before outreach."
"Cooke Rd Simply Self Storage","Columbus","OH","osm_industrial","osm-359819800","493110","Warehousing / Cold Storage","84","moderate","corporate","direct_purchase","daytime_peak","2000","3013440","361613","5.5","4527334","Distribution centers are the easiest commercial solar installs we do — large clear flat roofs, ground-level interconnect.","Warehouse building. Roof-suitable for rooftop PV. Verify ownership + contact before outreach."
"Coty/Excel (Dhl)","Pataskala","OH","osm_industrial","osm-376477757","493110","Warehousing / Cold Storage","84","moderate","corporate","direct_purchase","daytime_peak","2000","3013440","361613","5.5","4527334","Distribution centers are the easiest commercial solar installs we do — large clear flat roofs, ground-level interconnect.","Warehouse building. Roof-suitable for rooftop PV. Verify ownership + contact before outreach."
"Ascena Retail Group","Pataskala","OH","osm_industrial","osm-376477760","493110","Warehousing / Cold Storage","84","moderate","corporate","direct_purchase","daytime_peak","2000","3013440","361613","5.5","4527334","Distribution centers are the easiest commercial solar installs we do — large clear flat roofs, ground-level interconnect.","Warehouse building. Roof-suitable for rooftop PV. Verify ownership + contact before outreach."
"Nobetterdeal.Com","Pataskala","OH","osm_industrial","osm-376477763","493110","Warehousing / Cold Storage","84","moderate","corporate","direct_purchase","daytime_peak","2000","3013440","361613","5.5","4527334","Distribution centers are the easiest commercial solar installs we do — large clear flat roofs, ground-level interconnect.","Warehouse building. Roof-suitable for rooftop PV. Verify ownership + contact before outreach."
"Speed Commerce","Pataskala","OH","osm_industrial","osm-376477764","493110","Warehousing / Cold Storage","84","moderate","corporate","direct_purchase","daytime_peak","2000","3013440","361613","5.5","4527334","Distribution centers are the easiest commercial solar installs we do — large clear flat roofs, ground-level interconnect.","Warehouse building. Roof-suitable for rooftop PV. Verify ownership + contact before outreach."
"Speed Commerce","Pataskala","OH","osm_industrial","osm-376477887","493110","Warehousing / Cold Storage","84","moderate","corporate","direct_purchase","daytime_peak","2000","3013440","361613","5.5","4527334","Distribution centers are the easiest commercial solar installs we do — large clear flat roofs, ground-level interconnect.","Warehouse building. Roof-suitable for rooftop PV. Verify ownership + contact before outreach."
"Jmac / The Chiller, Llc","Dublin","OH","osm_industrial","osm-452588363","493110","Warehousing / Cold Storage","84","moderate","corporate","direct_purchase","daytime_peak","2000","3013440","361613","5.5","4527334","Distribution centers are the easiest commercial solar installs we do — large clear flat roofs, ground-level interconnect.","Warehouse building. Roof-suitable for rooftop PV. Verify ownership + contact before outreach."
"Lifeline Mobile","Columbus","OH","osm_industrial","osm-454303511","493110","Warehousing / Cold Storage","84","moderate","corporate","direct_purchase","daytime_peak","2000","3013440","361613","5.5","4527334","Distribution centers are the easiest commercial solar installs we do — large clear flat roofs, ground-level interconnect.","Warehouse building. Roof-suitable for rooftop PV. Verify ownership + contact before outreach."
"Central Aluminum Company","Columbus","OH","osm_industrial","osm-454303514","493110","Warehousing / Cold Storage","84","moderate","corporate","direct_purchase","daytime_peak","2000","3013440","361613","5.5","4527334","Distribution centers are the easiest commercial solar installs we do — large clear flat roofs, ground-level interconnect.","Warehouse building. Roof-suitable for rooftop PV. Verify ownership + contact before outreach."
"Huttig Building Products","Columbus","OH","osm_industrial","osm-454303523","493110","Warehousing / Cold Storage","84","moderate","corporate","direct_purchase","daytime_peak","2000","3013440","361613","5.5","4527334","Distribution centers are the easiest commercial solar installs we do — large clear flat roofs, ground-level interconnect.","Warehouse building. Roof-suitable for rooftop PV. Verify ownership + contact before outreach."
"Prologis","Columbus","OH","osm_industrial","osm-466704545","493110","Warehousing / Cold Storage","84","moderate","corporate","direct_purchase","daytime_peak","2000","3013440","361613","5.5","4527334","Distribution centers are the easiest commercial solar installs we do — large clear flat roofs, ground-level interconnect.","Warehouse building. Roof-suitable for rooftop PV. Verify ownership + contact before outreach."
"Rogue Fitness","Columbus","OH","osm_industrial","osm-504905169","493110","Warehousing / Cold Storage","84","moderate","corporate","direct_purchase","daytime_peak","2000","3013440","361613","5.5","4527334","Distribution centers are the easiest commercial solar installs we do — large clear flat roofs, ground-level interconnect.","Warehouse building. Roof-suitable for rooftop PV. Verify ownership + contact before outreach."
"Orlando Baking Company","Columbus","OH","osm_industrial","osm-553689173","493110","Warehousing / Cold Storage","84","moderate","corporate","direct_purchase","daytime_peak","2000","3013440","361613","5.5","4527334","Distribution centers are the easiest commercial solar installs we do — large clear flat roofs, ground-level interconnect.","Warehouse building. Roof-suitable for rooftop PV. Verify ownership + contact before outreach."
"Tnt Equipment Company","Columbus","OH","osm_industrial","osm-553689175","493110","Warehousing / Cold Storage","84","moderate","corporate","direct_purchase","daytime_peak","2000","3013440","361613","5.5","4527334","Distribution centers are the easiest commercial solar installs we do — large clear flat roofs, ground-level interconnect.","Warehouse building. Roof-suitable for rooftop PV. Verify ownership + contact before outreach."
"Jacobi Carbons, Inc.","Columbus","OH","osm_industrial","osm-553689190","493110","Warehousing / Cold Storage","84","moderate","corporate","direct_purchase","daytime_peak","2000","3013440","361613","5.5","4527334","Distribution centers are the easiest commercial solar installs we do — large clear flat roofs, ground-level interconnect.","Warehouse building. Roof-suitable for rooftop PV. Verify ownership + contact before outreach."
"Ferguson Plumbing Supply","Columbus","OH","osm_industrial","osm-553689196","493110","Warehousing / Cold Storage","84","moderate","corporate","direct_purchase","daytime_peak","2000","3013440","361613","5.5","4527334","Distribution centers are the easiest commercial solar installs we do — large clear flat roofs, ground-level interconnect.","Warehouse building. Roof-suitable for rooftop PV. Verify ownership + contact before outreach."
"D+S Distribution Inc.","Columbus","OH","osm_industrial","osm-553689199","493110","Warehousing / Cold Storage","84","moderate","corporate","direct_purchase","daytime_peak","2000","3013440","361613","5.5","4527334","Distribution centers are the easiest commercial solar installs we do — large clear flat roofs, ground-level interconnect.","Warehouse building. Roof-suitable for rooftop PV. Verify ownership + contact before outreach."
"Big!Lots","Columbus","OH","osm_industrial","osm-553905663","493110","Warehousing / Cold Storage","84","moderate","corporate","direct_purchase","daytime_peak","2000","3013440","361613","5.5","4527334","Distribution centers are the easiest commercial solar installs we do — large clear flat roofs, ground-level interconnect.","Warehouse building. Roof-suitable for rooftop PV. Verify ownership + contact before outreach."
"Big!Lots Hq","Columbus","OH","osm_industrial","osm-553905664","493110","Warehousing / Cold Storage","84","moderate","corporate","direct_purchase","daytime_peak","2000","3013440","361613","5.5","4527334","Distribution centers are the easiest commercial solar installs we do — large clear flat roofs, ground-level interconnect.","Warehouse building. Roof-suitable for rooftop PV. Verify ownership + contact before outreach."
"Amazon Web Services","Columbus","OH","osm_industrial","osm-562775657","493110","Warehousing / Cold Storage","84","moderate","corporate","direct_purchase","daytime_peak","2000","3013440","361613","5.5","4527334","Distribution centers are the easiest commercial solar installs we do — large clear flat roofs, ground-level interconnect.","Warehouse building. Roof-suitable for rooftop PV. Verify ownership + contact before outreach."
"Macy'S Distribution Center","Columbus","OH","osm_industrial","osm-586417764","493110","Warehousing / Cold Storage","84","moderate","corporate","direct_purchase","daytime_peak","2000","3013440","361613","5.5","4527334","Distribution centers are the easiest commercial solar installs we do — large clear flat roofs, ground-level interconnect.","Warehouse building. Roof-suitable for rooftop PV. Verify ownership + contact before outreach."
"Air Cargo Terminal 5","Columbus","OH","osm_industrial","osm-586417766","493110","Warehousing / Cold Storage","84","moderate","corporate","direct_purchase","daytime_peak","2000","3013440","361613","5.5","4527334","Distribution centers are the easiest commercial solar installs we do — large clear flat roofs, ground-level interconnect.","Warehouse building. Roof-suitable for rooftop PV. Verify ownership + contact before outreach."
"Cintas Dc","Columbus","OH","osm_industrial","osm-586417772","493110","Warehousing / Cold Storage","84","moderate","corporate","direct_purchase","daytime_peak","2000","3013440","361613","5.5","4527334","Distribution centers are the easiest commercial solar installs we do — large clear flat roofs, ground-level interconnect.","Warehouse building. Roof-suitable for rooftop PV. Verify ownership + contact before outreach."
"Amazon Fullment Center (Cmh01)","Pataskala","OH","osm_industrial","osm-606186478","493110","Warehousing / Cold Storage","84","moderate","corporate","direct_purchase","daytime_peak","2000","3013440","361613","5.5","4527334","Distribution centers are the easiest commercial solar installs we do — large clear flat roofs, ground-level interconnect.","Warehouse building. Roof-suitable for rooftop PV. Verify ownership + contact before outreach."
"Dcm 1","Columbus","OH","osm_industrial","osm-616970769","493110","Warehousing / Cold Storage","84","moderate","corporate","direct_purchase","daytime_peak","2000","3013440","361613","5.5","4527334","Distribution centers are the easiest commercial solar installs we do — large clear flat roofs, ground-level interconnect.","Warehouse building. Roof-suitable for rooftop PV. Verify ownership + contact before outreach."
"Nalara Corporation","Groveport","OH","osm_industrial","osm-640269941","493110","Warehousing / Cold Storage","84","moderate","corporate","direct_purchase","daytime_peak","2000","3013440","361613","5.5","4527334","Distribution centers are the easiest commercial solar installs we do — large clear flat roofs, ground-level interconnect.","Warehouse building. Roof-suitable for rooftop PV. Verify ownership + contact before outreach."
"Amazon","Obetz","OH","osm_industrial","osm-640269946","493110","Warehousing / Cold Storage","84","moderate","corporate","direct_purchase","daytime_peak","2000","3013440","361613","5.5","4527334","Distribution centers are the easiest commercial solar installs we do — large clear flat roofs, ground-level interconnect.","Warehouse building. Roof-suitable for rooftop PV. Verify ownership + contact before outreach."
"Union Supply","Groveport","OH","osm_industrial","osm-640269948","493110","Warehousing / Cold Storage","84","moderate","corporate","direct_purchase","daytime_peak","2000","3013440","361613","5.5","4527334","Distribution centers are the easiest commercial solar installs we do — large clear flat roofs, ground-level interconnect.","Warehouse building. Roof-suitable for rooftop PV. Verify ownership + contact before outreach."
"Midwest Express","Columbus","OH","osm_industrial","osm-663276885","493110","Warehousing / Cold Storage","84","moderate","corporate","direct_purchase","daytime_peak","2000","3013440","361613","5.5","4527334","Distribution centers are the easiest commercial solar installs we do — large clear flat roofs, ground-level interconnect.","Warehouse building. Roof-suitable for rooftop PV. Verify ownership + contact before outreach."
"Pepsico","Columbus","OH","osm_industrial","osm-663285833","493110","Warehousing / Cold Storage","84","moderate","corporate","direct_purchase","daytime_peak","2000","3013440","361613","5.5","4527334","Distribution centers are the easiest commercial solar installs we do — large clear flat roofs, ground-level interconnect.","Warehouse building. Roof-suitable for rooftop PV. Verify ownership + contact before outreach."
"Amerisourcebergen","Columbus","OH","osm_industrial","osm-663285835","493110","Warehousing / Cold Storage","84","moderate","corporate","direct_purchase","daytime_peak","2000","3013440","361613","5.5","4527334","Distribution centers are the easiest commercial solar installs we do — large clear flat roofs, ground-level interconnect.","Warehouse building. Roof-suitable for rooftop PV. Verify ownership + contact before outreach."
"Network Global Logistics","Columbus","OH","osm_industrial","osm-663285838","493110","Warehousing / Cold Storage","84","moderate","corporate","direct_purchase","daytime_peak","2000","3013440","361613","5.5","4527334","Distribution centers are the easiest commercial solar installs we do — large clear flat roofs, ground-level interconnect.","Warehouse building. Roof-suitable for rooftop PV. Verify ownership + contact before outreach."
"Restaurant Equippers","Columbus","OH","osm_industrial","osm-663285839","493110","Warehousing / Cold Storage","84","moderate","corporate","direct_purchase","daytime_peak","2000","3013440","361613","5.5","4527334","Distribution centers are the easiest commercial solar installs we do — large clear flat roofs, ground-level interconnect.","Warehouse building. Roof-suitable for rooftop PV. Verify ownership + contact before outreach."
"Continental Tire","Columbus","OH","osm_industrial","osm-663285841","493110","Warehousing / Cold Storage","84","moderate","corporate","direct_purchase","daytime_peak","2000","3013440","361613","5.5","4527334","Distribution centers are the easiest commercial solar installs we do — large clear flat roofs, ground-level interconnect.","Warehouse building. Roof-suitable for rooftop PV. Verify ownership + contact before outreach."
"Mclane","Lockbourne","OH","osm_industrial","osm-663285842","493110","Warehousing / Cold Storage","84","moderate","corporate","direct_purchase","daytime_peak","2000","3013440","361613","5.5","4527334","Distribution centers are the easiest commercial solar installs we do — large clear flat roofs, ground-level interconnect.","Warehouse building. Roof-suitable for rooftop PV. Verify ownership + contact before outreach."
"Geodis","Columbus","OH","osm_industrial","osm-663285843","493110","Warehousing / Cold Storage","84","moderate","corporate","direct_purchase","daytime_peak","2000","3013440","361613","5.5","4527334","Distribution centers are the easiest commercial solar installs we do — large clear flat roofs, ground-level interconnect.","Warehouse building. Roof-suitable for rooftop PV. Verify ownership + contact before outreach."
"Pet Smart","Columbus","OH","osm_industrial","osm-663285846","493110","Warehousing / Cold Storage","84","moderate","corporate","direct_purchase","daytime_peak","2000","3013440","361613","5.5","4527334","Distribution centers are the easiest commercial solar installs we do — large clear flat roofs, ground-level interconnect.","Warehouse building. Roof-suitable for rooftop PV. Verify ownership + contact before outreach."
"Js Products","Columbus","OH","osm_industrial","osm-663285848","493110","Warehousing / Cold Storage","84","moderate","corporate","direct_purchase","daytime_peak","2000","3013440","361613","5.5","4527334","Distribution centers are the easiest commercial solar installs we do — large clear flat roofs, ground-level interconnect.","Warehouse building. Roof-suitable for rooftop PV. Verify ownership + contact before outreach."
"Nifco","Columbus","OH","osm_industrial","osm-663285849","493110","Warehousing / Cold Storage","84","moderate","corporate","direct_purchase","daytime_peak","2000","3013440","361613","5.5","4527334","Distribution centers are the easiest commercial solar installs we do — large clear flat roofs, ground-level interconnect.","Warehouse building. Roof-suitable for rooftop PV. Verify ownership + contact before outreach."
"Eddie Bauer Fulfillment Services","Columbus","OH","osm_industrial","osm-663639130","493110","Warehousing / Cold Storage","84","moderate","corporate","direct_purchase","daytime_peak","2000","3013440","361613","5.5","4527334","Distribution centers are the easiest commercial solar installs we do — large clear flat roofs, ground-level interconnect.","Warehouse building. Roof-suitable for rooftop PV. Verify ownership + contact before outreach."
"Lululemon Athletica","Columbus","OH","osm_industrial","osm-663959860","493110","Warehousing / Cold Storage","84","moderate","corporate","direct_purchase","daytime_peak","2000","3013440","361613","5.5","4527334","Distribution centers are the easiest commercial solar installs we do — large clear flat roofs, ground-level interconnect.","Warehouse building. Roof-suitable for rooftop PV. Verify ownership + contact before outreach."
"Shorr Packaging","Columbus","OH","osm_industrial","osm-663959862","493110","Warehousing / Cold Storage","84","moderate","corporate","direct_purchase","daytime_peak","2000","3013440","361613","5.5","4527334","Distribution centers are the easiest commercial solar installs we do — large clear flat roofs, ground-level interconnect.","Warehouse building. Roof-suitable for rooftop PV. Verify ownership + contact before outreach."
"Bell Optical","Columbus","OH","osm_industrial","osm-663959865","493110","Warehousing / Cold Storage","84","moderate","corporate","direct_purchase","daytime_peak","2000","3013440","361613","5.5","4527334","Distribution centers are the easiest commercial solar installs we do — large clear flat roofs, ground-level interconnect.","Warehouse building. Roof-suitable for rooftop PV. Verify ownership + contact before outreach."
"Dhl","Obetz","OH","osm_industrial","osm-666181559","493110","Warehousing / Cold Storage","84","moderate","corporate","direct_purchase","daytime_peak","2000","3013440","361613","5.5","4527334","Distribution centers are the easiest commercial solar installs we do — large clear flat roofs, ground-level interconnect.","Warehouse building. Roof-suitable for rooftop PV. Verify ownership + contact before outreach."
"Capstone Logistics","Obetz","OH","osm_industrial","osm-666181563","493110","Warehousing / Cold Storage","84","moderate","corporate","direct_purchase","daytime_peak","2000","3013440","361613","5.5","4527334","Distribution centers are the easiest commercial solar installs we do — large clear flat roofs, ground-level interconnect.","Warehouse building. Roof-suitable for rooftop PV. Verify ownership + contact before outreach."
"Spartan Logistics","Obetz","OH","osm_industrial","osm-666181564","493110","Warehousing / Cold Storage","84","moderate","corporate","direct_purchase","daytime_peak","2000","3013440","361613","5.5","4527334","Distribution centers are the easiest commercial solar installs we do — large clear flat roofs, ground-level interconnect.","Warehouse building. Roof-suitable for rooftop PV. Verify ownership + contact before outreach."
"Luxottica","Obetz","OH","osm_industrial","osm-666181565","493110","Warehousing / Cold Storage","84","moderate","corporate","direct_purchase","daytime_peak","2000","3013440","361613","5.5","4527334","Distribution centers are the easiest commercial solar installs we do — large clear flat roofs, ground-level interconnect.","Warehouse building. Roof-suitable for rooftop PV. Verify ownership + contact before outreach."
"National Tire Wholesale","Obetz","OH","osm_industrial","osm-666181567","493110","Warehousing / Cold Storage","84","moderate","corporate","direct_purchase","daytime_peak","2000","3013440","361613","5.5","4527334","Distribution centers are the easiest commercial solar installs we do — large clear flat roofs, ground-level interconnect.","Warehouse building. Roof-suitable for rooftop PV. Verify ownership + contact before outreach."
"Zulily","Obetz","OH","osm_industrial","osm-666181568","493110","Warehousing / Cold Storage","84","moderate","corporate","direct_purchase","daytime_peak","2000","3013440","361613","5.5","4527334","Distribution centers are the easiest commercial solar installs we do — large clear flat roofs, ground-level interconnect.","Warehouse building. Roof-suitable for rooftop PV. Verify ownership + contact before outreach."
"Genco","Obetz","OH","osm_industrial","osm-666181570","493110","Warehousing / Cold Storage","84","moderate","corporate","direct_purchase","daytime_peak","2000","3013440","361613","5.5","4527334","Distribution centers are the easiest commercial solar installs we do — large clear flat roofs, ground-level interconnect.","Warehouse building. Roof-suitable for rooftop PV. Verify ownership + contact before outreach."
"Lasership","Obetz","OH","osm_industrial","osm-666185099","493110","Warehousing / Cold Storage","84","moderate","corporate","direct_purchase","daytime_peak","2000","3013440","361613","5.5","4527334","Distribution centers are the easiest commercial solar installs we do — large clear flat roofs, ground-level interconnect.","Warehouse building. Roof-suitable for rooftop PV. Verify ownership + contact before outreach."
"Forward Air","Groveport","OH","osm_industrial","osm-689690473","493110","Warehousing / Cold Storage","84","moderate","corporate","direct_purchase","daytime_peak","2000","3013440","361613","5.5","4527334","Distribution centers are the easiest commercial solar installs we do — large clear flat roofs, ground-level interconnect.","Warehouse building. Roof-suitable for rooftop PV. Verify ownership + contact before outreach."
"Americold","Columbus","OH","osm_industrial","osm-776853126","493110","Warehousing / Cold Storage","84","moderate","corporate","direct_purchase","daytime_peak","2000","3013440","361613","5.5","4527334","Distribution centers are the easiest commercial solar installs we do — large clear flat roofs, ground-level interconnect.","Warehouse building. Roof-suitable for rooftop PV. Verify ownership + contact before outreach."
"Fedex","Columbus","OH","osm_industrial","osm-845855924","493110","Warehousing / Cold Storage","84","moderate","corporate","direct_purchase","daytime_peak","2000","3013440","361613","5.5","4527334","Distribution centers are the easiest commercial solar installs we do — large clear flat roofs, ground-level interconnect.","Warehouse building. Roof-suitable for rooftop PV. Verify ownership + contact before outreach."
"Goodyear","Columbus","OH","osm_industrial","osm-874839461","493110","Warehousing / Cold Storage","84","moderate","corporate","direct_purchase","daytime_peak","2000","3013440","361613","5.5","4527334","Distribution centers are the easiest commercial solar installs we do — large clear flat roofs, ground-level interconnect.","Warehouse building. Roof-suitable for rooftop PV. Verify ownership + contact before outreach."
"Amazon","Pataskala","OH","osm_industrial","osm-886056802","493110","Warehousing / Cold Storage","84","moderate","corporate","direct_purchase","daytime_peak","2000","3013440","361613","5.5","4527334","Distribution centers are the easiest commercial solar installs we do — large clear flat roofs, ground-level interconnect.","Warehouse building. Roof-suitable for rooftop PV. Verify ownership + contact before outreach."
"Dcn2 Amazon","Columbus","OH","osm_industrial","osm-897650667","493110","Warehousing / Cold Storage","84","moderate","corporate","direct_purchase","daytime_peak","2000","3013440","361613","5.5","4527334","Distribution centers are the easiest commercial solar installs we do — large clear flat roofs, ground-level interconnect.","Warehouse building. Roof-suitable for rooftop PV. Verify ownership + contact before outreach."
"Abrasive Technology","Lewis Center","OH","osm_industrial","osm-908103569","493110","Warehousing / Cold Storage","84","moderate","corporate","direct_purchase","daytime_peak","2000","3013440","361613","5.5","4527334","Distribution centers are the easiest commercial solar installs we do — large clear flat roofs, ground-level interconnect.","Warehouse building. Roof-suitable for rooftop PV. Verify ownership + contact before outreach."
"Shasta Beverages","Columbus","OH","osm_industrial","osm-923040668","493110","Warehousing / Cold Storage","84","moderate","corporate","direct_purchase","daytime_peak","2000","3013440","361613","5.5","4527334","Distribution centers are the easiest commercial solar installs we do — large clear flat roofs, ground-level interconnect.","Warehouse building. Roof-suitable for rooftop PV. Verify ownership + contact before outreach."
"Fst Logistics","Columbus","OH","osm_industrial","osm-923141868","493110","Warehousing / Cold Storage","84","moderate","corporate","direct_purchase","daytime_peak","2000","3013440","361613","5.5","4527334","Distribution centers are the easiest commercial solar installs we do — large clear flat roofs, ground-level interconnect.","Warehouse building. Roof-suitable for rooftop PV. Verify ownership + contact before outreach."
"Ohio Logistics","Columbus","OH","osm_industrial","osm-923141869","493110","Warehousing / Cold Storage","84","moderate","corporate","direct_purchase","daytime_peak","2000","3013440","361613","5.5","4527334","Distribution centers are the easiest commercial solar installs we do — large clear flat roofs, ground-level interconnect.","Warehouse building. Roof-suitable for rooftop PV. Verify ownership + contact before outreach."
"Micro Center Dc","Columbus","OH","osm_industrial","osm-923141876","493110","Warehousing / Cold Storage","84","moderate","corporate","direct_purchase","daytime_peak","2000","3013440","361613","5.5","4527334","Distribution centers are the easiest commercial solar installs we do — large clear flat roofs, ground-level interconnect.","Warehouse building. Roof-suitable for rooftop PV. Verify ownership + contact before outreach."
"Xpo Logistics","Columbus","OH","osm_industrial","osm-923310362","493110","Warehousing / Cold Storage","84","moderate","corporate","direct_purchase","daytime_peak","2000","3013440","361613","5.5","4527334","Distribution centers are the easiest commercial solar installs we do — large clear flat roofs, ground-level interconnect.","Warehouse building. Roof-suitable for rooftop PV. Verify ownership + contact before outreach."
"Costume Specialists, Inc.","Columbus","OH","osm_industrial","osm-923324542","493110","Warehousing / Cold Storage","84","moderate","corporate","direct_purchase","daytime_peak","2000","3013440","361613","5.5","4527334","Distribution centers are the easiest commercial solar installs we do — large clear flat roofs, ground-level interconnect.","Warehouse building. Roof-suitable for rooftop PV. Verify ownership + contact before outreach."
"Gold Medal","Columbus","OH","osm_industrial","osm-923397287","493110","Warehousing / Cold Storage","84","moderate","corporate","direct_purchase","daytime_peak","2000","3013440","361613","5.5","4527334","Distribution centers are the easiest commercial solar installs we do — large clear flat roofs, ground-level interconnect.","Warehouse building. Roof-suitable for rooftop PV. Verify ownership + contact before outreach."
"Sam'S Club","Columbus","OH","osm_industrial","osm-987240249","493110","Warehousing / Cold Storage","84","moderate","corporate","direct_purchase","daytime_peak","2000","3013440","361613","5.5","4527334","Distribution centers are the easiest commercial solar installs we do — large clear flat roofs, ground-level interconnect.","Warehouse building. Roof-suitable for rooftop PV. Verify ownership + contact before outreach."
"Ups Columbus Hub","Columbus","OH","osm_industrial","osm-1009632916","493110","Warehousing / Cold Storage","84","moderate","corporate","direct_purchase","daytime_peak","2000","3013440","361613","5.5","4527334","Distribution centers are the easiest commercial solar installs we do — large clear flat roofs, ground-level interconnect.","Warehouse building. Roof-suitable for rooftop PV. Verify ownership + contact before outreach."
"Ups Sorting Station Columbus","Columbus","OH","osm_industrial","osm-1009632917","493110","Warehousing / Cold Storage","84","moderate","corporate","direct_purchase","daytime_peak","2000","3013440","361613","5.5","4527334","Distribution centers are the easiest commercial solar installs we do — large clear flat roofs, ground-level interconnect.","Warehouse building. Roof-suitable for rooftop PV. Verify ownership + contact before outreach."
"Amazon Web Services","Columbus","OH","osm_industrial","osm-1020374277","493110","Warehousing / Cold Storage","84","moderate","corporate","direct_purchase","daytime_peak","2000","3013440","361613","5.5","4527334","Distribution centers are the easiest commercial solar installs we do — large clear flat roofs, ground-level interconnect.","Warehouse building. Roof-suitable for rooftop PV. Verify ownership + contact before outreach."
"Amazon Web Services","Columbus","OH","osm_industrial","osm-1020374278","493110","Warehousing / Cold Storage","84","moderate","corporate","direct_purchase","daytime_peak","2000","3013440","361613","5.5","4527334","Distribution centers are the easiest commercial solar installs we do — large clear flat roofs, ground-level interconnect.","Warehouse building. Roof-suitable for rooftop PV. Verify ownership + contact before outreach."
"Amazon Web Services","Columbus","OH","osm_industrial","osm-1020374279","493110","Warehousing / Cold Storage","84","moderate","corporate","direct_purchase","daytime_peak","2000","3013440","361613","5.5","4527334","Distribution centers are the easiest commercial solar installs we do — large clear flat roofs, ground-level interconnect.","Warehouse building. Roof-suitable for rooftop PV. Verify ownership + contact before outreach."
"Anchor Hocking Distribution Center","Lancaster","OH","osm_industrial","osm-1072380653","493110","Warehousing / Cold Storage","84","moderate","corporate","direct_purchase","daytime_peak","2000","3013440","361613","5.5","4527334","Distribution centers are the easiest commercial solar installs we do — large clear flat roofs, ground-level interconnect.","Warehouse building. Roof-suitable for rooftop PV. Verify ownership + contact before outreach."
"Nifco","Columbus","OH","osm_industrial","osm-1124728004","493110","Warehousing / Cold Storage","84","moderate","corporate","direct_purchase","daytime_peak","2000","3013440","361613","5.5","4527334","Distribution centers are the easiest commercial solar installs we do — large clear flat roofs, ground-level interconnect.","Warehouse building. Roof-suitable for rooftop PV. Verify ownership + contact before outreach."
"Uline Shipping Supplies - O6","Etna","OH","osm_industrial","osm-1163658938","493110","Warehousing / Cold Storage","84","moderate","corporate","direct_purchase","daytime_peak","2000","3013440","361613","5.5","4527334","Distribution centers are the easiest commercial solar installs we do — large clear flat roofs, ground-level interconnect.","Warehouse building. Roof-suitable for rooftop PV. Verify ownership + contact before outreach."
"America'S Floor Source","Columbus","OH","osm_industrial","osm-1361781837","493110","Warehousing / Cold Storage","84","moderate","corporate","direct_purchase","daytime_peak","2000","3013440","361613","5.5","4527334","Distribution centers are the easiest commercial solar installs we do — large clear flat roofs, ground-level interconnect.","Warehouse building. Roof-suitable for rooftop PV. Verify ownership + contact before outreach."
"Dhl","Canal Winchester","OH","osm_industrial","osm-1385636582","493110","Warehousing / Cold Storage","84","moderate","corporate","direct_purchase","daytime_peak","2000","3013440","361613","5.5","4527334","Distribution centers are the easiest commercial solar installs we do — large clear flat roofs, ground-level interconnect.","Warehouse building. Roof-suitable for rooftop PV. Verify ownership + contact before outreach."
"Dsv","Columbus","OH","osm_industrial","osm-1484162801","493110","Warehousing / Cold Storage","84","moderate","corporate","direct_purchase","daytime_peak","2000","3013440","361613","5.5","4527334","Distribution centers are the easiest commercial solar installs we do — large clear flat roofs, ground-level interconnect.","Warehouse building. Roof-suitable for rooftop PV. Verify ownership + contact before outreach."
"Ryder Truck Sales","Hilliard","OH","osm_industrial","osm-1498373699","493110","Warehousing / Cold Storage","84","moderate","corporate","direct_purchase","daytime_peak","2000","3013440","361613","5.5","4527334","Distribution centers are the easiest commercial solar installs we do — large clear flat roofs, ground-level interconnect.","Warehouse building. Roof-suitable for rooftop PV. Verify ownership + contact before outreach."
"The Gorilla Glue Company","Cincinnati","OH","osm_industrial","osm-30734854","493110","Warehousing / Cold Storage","84","moderate","corporate","direct_purchase","daytime_peak","2000","3013440","361613","5.5","4527334","Distribution centers are the easiest commercial solar installs we do — large clear flat roofs, ground-level interconnect.","Warehouse building. Roof-suitable for rooftop PV. Verify ownership + contact before outreach."
"Matthew 25: Ministries","Blue Ash","OH","osm_industrial","osm-33865507","493110","Warehousing / Cold Storage","84","moderate","corporate","direct_purchase","daytime_peak","2000","3013440","361613","5.5","4527334","Distribution centers are the easiest commercial solar installs we do — large clear flat roofs, ground-level interconnect.","Warehouse building. Roof-suitable for rooftop PV. Verify ownership + contact before outreach."
"Pbe Jobbers Warehouse","Sharonville","OH","osm_industrial","osm-36897074","493110","Warehousing / Cold Storage","84","moderate","corporate","direct_purchase","daytime_peak","2000","3013440","361613","5.5","4527334","Distribution centers are the easiest commercial solar installs we do — large clear flat roofs, ground-level interconnect.","Warehouse building. Roof-suitable for rooftop PV. Verify ownership + contact before outreach."
"Buckles Warehouse","Sharonville","OH","osm_industrial","osm-36897152","493110","Warehousing / Cold Storage","84","moderate","corporate","direct_purchase","daytime_peak","2000","3013440","361613","5.5","4527334","Distribution centers are the easiest commercial solar installs we do — large clear flat roofs, ground-level interconnect.","Warehouse building. Roof-suitable for rooftop PV. Verify ownership + contact before outreach."
"Frame Usa","Cincinnati","OH","osm_industrial","osm-52097291","493110","Warehousing / Cold Storage","84","moderate","corporate","direct_purchase","daytime_peak","2000","3013440","361613","5.5","4527334","Distribution centers are the easiest commercial solar installs we do — large clear flat roofs, ground-level interconnect.","Warehouse building. Roof-suitable for rooftop PV. Verify ownership + contact before outreach."
"Solway Gallery","Cincinnati","OH","osm_industrial","osm-53258676","493110","Warehousing / Cold Storage","84","moderate","corporate","direct_purchase","daytime_peak","2000","3013440","361613","5.5","4527334","Distribution centers are the easiest commercial solar installs we do — large clear flat roofs, ground-level interconnect.","Warehouse building. Roof-suitable for rooftop PV. Verify ownership + contact before outreach."
"Langdon Inc","Cincinnati","OH","osm_industrial","osm-64167091","493110","Warehousing / Cold Storage","84","moderate","corporate","direct_purchase","daytime_peak","2000","3013440","361613","5.5","4527334","Distribution centers are the easiest commercial solar installs we do — large clear flat roofs, ground-level interconnect.","Warehouse building. Roof-suitable for rooftop PV. Verify ownership + contact before outreach."
"Schulhoff Warehouse","Cincinnati","OH","osm_industrial","osm-69701810","493110","Warehousing / Cold Storage","84","moderate","corporate","direct_purchase","daytime_peak","2000","3013440","361613","5.5","4527334","Distribution centers are the easiest commercial solar installs we do — large clear flat roofs, ground-level interconnect.","Warehouse building. Roof-suitable for rooftop PV. Verify ownership + contact before outreach."
"Pease Doors","Cincinnati","OH","osm_industrial","osm-74285286","493110","Warehousing / Cold Storage","84","moderate","corporate","direct_purchase","daytime_peak","2000","3013440","361613","5.5","4527334","Distribution centers are the easiest commercial solar installs we do — large clear flat roofs, ground-level interconnect.","Warehouse building. Roof-suitable for rooftop PV. Verify ownership + contact before outreach."
"Cremer","Cincinnati","OH","osm_industrial","osm-659235749","493110","Warehousing / Cold Storage","84","moderate","corporate","direct_purchase","daytime_peak","2000","3013440","361613","5.5","4527334","Distribution centers are the easiest commercial solar installs we do — large clear flat roofs, ground-level interconnect.","Warehouse building. Roof-suitable for rooftop PV. Verify ownership + contact before outreach."
"Peter Cremer North America","Cincinnati","OH","osm_industrial","osm-734703827","493110","Warehousing / Cold Storage","84","moderate","corporate","direct_purchase","daytime_peak","2000","3013440","361613","5.5","4527334","Distribution centers are the easiest commercial solar installs we do — large clear flat roofs, ground-level interconnect.","Warehouse building. Roof-suitable for rooftop PV. Verify ownership + contact before outreach."
"Amazon Dky4","Cincinnati","OH","osm_industrial","osm-770017403","493110","Warehousing / Cold Storage","84","moderate","corporate","direct_purchase","daytime_peak","2000","3013440","361613","5.5","4527334","Distribution centers are the easiest commercial solar installs we do — large clear flat roofs, ground-level interconnect.","Warehouse building. Roof-suitable for rooftop PV. Verify ownership + contact before outreach."
"Amazon","Cincinnati","OH","osm_industrial","osm-1036388079","493110","Warehousing / Cold Storage","84","moderate","corporate","direct_purchase","daytime_peak","2000","3013440","361613","5.5","4527334","Distribution centers are the easiest commercial solar installs we do — large clear flat roofs, ground-level interconnect.","Warehouse building. Roof-suitable for rooftop PV. Verify ownership + contact before outreach."
"Rhinegeist Brewery","Cincinnati","OH","osm_industrial","osm-1349047136","493110","Warehousing / Cold Storage","84","moderate","corporate","direct_purchase","daytime_peak","2000","3013440","361613","5.5","4527334","Distribution centers are the easiest commercial solar installs we do — large clear flat roofs, ground-level interconnect.","Warehouse building. Roof-suitable for rooftop PV. Verify ownership + contact before outreach."
"Amazon Fulfillment","Cincinnati","OH","osm_industrial","osm-1293728659","4225","Wholesale Distribution","82","moderate","corporate","direct_purchase","daytime_peak","1320","1988870","238664","5.5","2988030","Distribution facilities like yours often hit 4-5 year payback even before storage. Quick call to share numbers for your roof?","Distribution building. Roof-suitable for rooftop PV. Verify ownership + contact before outreach."
"Newly Weds Foods","Cincinnati","OH","osm_industrial","osm-1293728661","4225","Wholesale Distribution","82","moderate","corporate","direct_purchase","daytime_peak","1320","1988870","238664","5.5","2988030","Distribution facilities like yours often hit 4-5 year payback even before storage. Quick call to share numbers for your roof?","Distribution building. Roof-suitable for rooftop PV. Verify ownership + contact before outreach."
"Amazon Auv1","Cincinnati","OH","osm_industrial","osm-1293728710","4225","Wholesale Distribution","82","moderate","corporate","direct_purchase","daytime_peak","1320","1988870","238664","5.5","2988030","Distribution facilities like yours often hit 4-5 year payback even before storage. Quick call to share numbers for your roof?","Distribution building. Roof-suitable for rooftop PV. Verify ownership + contact before outreach."
"Kraton Corporation","Belpre","OH","epa_ghgrp","epa-1000032","333","Heavy Manufacturing","80","high","corporate","direct_purchase","industrial_shift","1140","1717661","206119","5.5","2580573","","Chemical manufacturing — 2022 EPA GHG Reporter. NAICS 325212. Pre-qualified high-energy solar candidate."
"The Andersons Marathon Holdings Llc","Greenville","OH","epa_ghgrp","epa-1000035","333","Heavy Manufacturing","80","high","corporate","direct_purchase","industrial_shift","1140","1717661","206119","5.5","2580573","","Chemical manufacturing — 2022 EPA GHG Reporter. NAICS 325193. Pre-qualified high-energy solar candidate."
"Ford Motor Company - Ford Ohio Assembly Plant","Avon Lake","OH","epa_ghgrp","epa-1000104","333","Heavy Manufacturing","80","high","corporate","direct_purchase","industrial_shift","1140","1717661","206119","5.5","2580573","","Heavy manufacturing — 2022 EPA GHG Reporter. NAICS 336110. Pre-qualified high-energy solar candidate."
"Rg Steel, Llc","Warren","OH","epa_ghgrp","epa-1000177","333","Heavy Manufacturing","80","high","corporate","direct_purchase","industrial_shift","1140","1717661","206119","5.5","2580573","","Heavy manufacturing — 2022 EPA GHG Reporter. NAICS 331111. Pre-qualified high-energy solar candidate."
"Procter & Gamble Company - Ivorydale","Cincinnati","OH","epa_ghgrp","epa-1000186","333","Heavy Manufacturing","80","high","corporate","direct_purchase","industrial_shift","1140","1717661","206119","5.5","2580573","","Chemical manufacturing — 2022 EPA GHG Reporter. NAICS 325611. Pre-qualified high-energy solar candidate."
"Cleveland-Cliffs Steel Corporation - Middletown Works","Middletown","OH","epa_ghgrp","epa-1000274","333","Heavy Manufacturing","80","high","corporate","direct_purchase","industrial_shift","1140","1717661","206119","5.5","2580573","","Heavy manufacturing — 2022 EPA GHG Reporter. NAICS 331110. Pre-qualified high-energy solar candidate."
"Lubrizol Corporation","Painesville","OH","epa_ghgrp","epa-1000618","333","Heavy Manufacturing","80","high","corporate","direct_purchase","industrial_shift","1140","1717661","206119","5.5","2580573","","Chemical manufacturing — 2022 EPA GHG Reporter. NAICS 325199. Pre-qualified high-energy solar candidate."
"The Lubrizol Corporation","Wickliffe","OH","epa_ghgrp","epa-1000621","333","Heavy Manufacturing","80","high","corporate","direct_purchase","industrial_shift","1140","1717661","206119","5.5","2580573","","Chemical manufacturing — 2022 EPA GHG Reporter. NAICS 325998. Pre-qualified high-energy solar candidate."
"Us Steel - Lorain Tubular Operations","Lorain","OH","epa_ghgrp","epa-1001619","333","Heavy Manufacturing","80","high","corporate","direct_purchase","industrial_shift","1140","1717661","206119","5.5","2580573","","Heavy manufacturing — 2022 EPA GHG Reporter. NAICS 331210. Pre-qualified high-energy solar candidate."
"Primary Products Ingredients Americas, Llc","Dayton","OH","epa_ghgrp","epa-1001624","333","Heavy Manufacturing","80","high","corporate","direct_purchase","industrial_shift","1140","1717661","206119","5.5","2580573","","Chemical manufacturing — 2022 EPA GHG Reporter. NAICS 325199. Pre-qualified high-energy solar candidate."
"Mcwane Ductile - Ohio","Coshocton","OH","epa_ghgrp","epa-1001664","333","Heavy Manufacturing","80","high","corporate","direct_purchase","industrial_shift","1140","1717661","206119","5.5","2580573","","Heavy manufacturing — 2022 EPA GHG Reporter. NAICS 331511. Pre-qualified high-energy solar candidate."
"Dupont Circleville Plant","Circleville","OH","epa_ghgrp","epa-1001720","333","Heavy Manufacturing","80","high","corporate","direct_purchase","industrial_shift","1140","1717661","206119","5.5","2580573","","Chemical manufacturing — 2022 EPA GHG Reporter. NAICS 325211. Pre-qualified high-energy solar candidate."
"Defiance Casting Operations (0320010001)","Defiance","OH","epa_ghgrp","epa-1001755","333","Heavy Manufacturing","80","high","corporate","direct_purchase","industrial_shift","1140","1717661","206119","5.5","2580573","","Heavy manufacturing — 2022 EPA GHG Reporter. NAICS 331524. Pre-qualified high-energy solar candidate."
"Ineos Pigments Usa, Inc.- Plant 1","Ashtabula","OH","epa_ghgrp","epa-1001839","333","Heavy Manufacturing","80","high","corporate","direct_purchase","industrial_shift","1140","1717661","206119","5.5","2580573","","Chemical manufacturing — 2022 EPA GHG Reporter. NAICS 325130. Pre-qualified high-energy solar candidate."
"Honda Development & Manufacturing Of America, Llc","Marysville","OH","epa_ghgrp","epa-1001841","333","Heavy Manufacturing","80","high","corporate","direct_purchase","industrial_shift","1140","1717661","206119","5.5","2580573","","Heavy manufacturing — 2022 EPA GHG Reporter. NAICS 336110. Pre-qualified high-energy solar candidate."
"Honda Development And Manufacturing Of America *","Anna","OH","epa_ghgrp","epa-1001842","333","Heavy Manufacturing","80","high","corporate","direct_purchase","industrial_shift","1140","1717661","206119","5.5","2580573","","Heavy manufacturing — 2022 EPA GHG Reporter. NAICS 336310. Pre-qualified high-energy solar candidate."
"Ge Aerospace, Evendale Plant (1431150060)","Cincinnati","OH","epa_ghgrp","epa-1001862","333","Heavy Manufacturing","80","high","corporate","direct_purchase","industrial_shift","1140","1717661","206119","5.5","2580573","","Heavy manufacturing — 2022 EPA GHG Reporter. NAICS 336412. Pre-qualified high-energy solar candidate."
"Matheson - Lima I Plant","Lima","OH","epa_ghgrp","epa-1002042","333","Heavy Manufacturing","80","high","corporate","direct_purchase","industrial_shift","1140","1717661","206119","5.5","2580573","","Chemical manufacturing — 2022 EPA GHG Reporter. NAICS 325120. Pre-qualified high-energy solar candidate."
"Matheson - Lima Ii Plant","Lima","OH","epa_ghgrp","epa-1002043","333","Heavy Manufacturing","80","high","corporate","direct_purchase","industrial_shift","1140","1717661","206119","5.5","2580573","","Chemical manufacturing — 2022 EPA GHG Reporter. NAICS 325120. Pre-qualified high-energy solar candidate."
"Lincoln Electric Co *","Cleveland","OH","epa_ghgrp","epa-1002114","333","Heavy Manufacturing","80","high","corporate","direct_purchase","industrial_shift","1140","1717661","206119","5.5","2580573","","Heavy manufacturing — 2022 EPA GHG Reporter. NAICS 333992. Pre-qualified high-energy solar candidate."
"Trammo Nitrogen Products, Inc.","North Bend","OH","epa_ghgrp","epa-1002188","333","Heavy Manufacturing","80","high","corporate","direct_purchase","industrial_shift","1140","1717661","206119","5.5","2580573","","Chemical manufacturing — 2022 EPA GHG Reporter. NAICS 325311. Pre-qualified high-energy solar candidate."
"Morton Salt, Inc.","Rittman","OH","epa_ghgrp","epa-1002203","333","Heavy Manufacturing","80","high","corporate","direct_purchase","industrial_shift","1140","1717661","206119","5.5","2580573","","Chemical manufacturing — 2022 EPA GHG Reporter. NAICS 325998. Pre-qualified high-energy solar candidate."
"Joint Systems Manufacturing Center","Lima","OH","epa_ghgrp","epa-1002228","333","Heavy Manufacturing","80","high","corporate","direct_purchase","industrial_shift","1140","1717661","206119","5.5","2580573","","Heavy manufacturing — 2022 EPA GHG Reporter. NAICS 336992. Pre-qualified high-energy solar candidate."
"Pcs Nitrogen Ohio, L.P.","Lima","OH","epa_ghgrp","epa-1002229","333","Heavy Manufacturing","80","high","corporate","direct_purchase","industrial_shift","1140","1717661","206119","5.5","2580573","","Chemical manufacturing — 2022 EPA GHG Reporter. NAICS 325311. Pre-qualified high-energy solar candidate."
"General Electric Peebles Test Operations","Peebles","OH","epa_ghgrp","epa-1002243","333","Heavy Manufacturing","80","high","corporate","direct_purchase","industrial_shift","1140","1717661","206119","5.5","2580573","","Heavy manufacturing — 2022 EPA GHG Reporter. NAICS 336412. Pre-qualified high-energy solar candidate."
"Imco Recycling Of Ohio Llc","Uhrichsville","OH","epa_ghgrp","epa-1002324","333","Heavy Manufacturing","80","high","corporate","direct_purchase","industrial_shift","1140","1717661","206119","5.5","2580573","","Heavy manufacturing — 2022 EPA GHG Reporter. NAICS 331314. Pre-qualified high-energy solar candidate."
"Bunge North America","Bellevue","OH","epa_ghgrp","epa-1002526","333","Heavy Manufacturing","80","high","corporate","direct_purchase","industrial_shift","1140","1717661","206119","5.5","2580573","","Food manufacturing — 2022 EPA GHG Reporter. NAICS 311224. Pre-qualified high-energy solar candidate."
"Republic Steel - Lorain Plant","Lorain","OH","epa_ghgrp","epa-1002714","333","Heavy Manufacturing","80","high","corporate","direct_purchase","industrial_shift","1140","1717661","206119","5.5","2580573","","Heavy manufacturing — 2022 EPA GHG Reporter. NAICS 331111. Pre-qualified high-energy solar candidate."
"Ford Motor Company - Ford Cleveland Site","Brook Park","OH","epa_ghgrp","epa-1002752","333","Heavy Manufacturing","80","high","corporate","direct_purchase","industrial_shift","1140","1717661","206119","5.5","2580573","","Heavy manufacturing — 2022 EPA GHG Reporter. NAICS 336312. Pre-qualified high-energy solar candidate."
"Vallourec Star","Youngstown","OH","epa_ghgrp","epa-1002768","333","Heavy Manufacturing","80","high","corporate","direct_purchase","industrial_shift","1140","1717661","206119","5.5","2580573","","Heavy manufacturing — 2022 EPA GHG Reporter. NAICS 331110. Pre-qualified high-energy solar candidate."
"Ineos Abs","Addyston","OH","epa_ghgrp","epa-1002879","333","Heavy Manufacturing","80","high","corporate","direct_purchase","industrial_shift","1140","1717661","206119","5.5","2580573","","Chemical manufacturing — 2022 EPA GHG Reporter. NAICS 325211. Pre-qualified high-energy solar candidate."
"Ineos Nitriles Usa Llc","Lima","OH","epa_ghgrp","epa-1002955","333","Heavy Manufacturing","80","high","corporate","direct_purchase","industrial_shift","1140","1717661","206119","5.5","2580573","","Chemical manufacturing — 2022 EPA GHG Reporter. NAICS 325199. Pre-qualified high-energy solar candidate."
"Specialty Gases Of America, Inc.","Toledo","OH","epa_ghgrp","epa-1002973","333","Heavy Manufacturing","80","high","corporate","direct_purchase","industrial_shift","1140","1717661","206119","5.5","2580573","","Chemical manufacturing — 2022 EPA GHG Reporter. NAICS 325120. Pre-qualified high-energy solar candidate."
"Valero Bloominburg Plant","Bloomingburg","OH","epa_ghgrp","epa-1002989","333","Heavy Manufacturing","80","high","corporate","direct_purchase","industrial_shift","1140","1717661","206119","5.5","2580573","","Chemical manufacturing — 2022 EPA GHG Reporter. NAICS 325193. Pre-qualified high-energy solar candidate."
"Pro-Tec Coating Company","Leipsic","OH","epa_ghgrp","epa-1003136","333","Heavy Manufacturing","80","high","corporate","direct_purchase","industrial_shift","1140","1717661","206119","5.5","2580573","","Heavy manufacturing — 2022 EPA GHG Reporter. NAICS 332812. Pre-qualified high-energy solar candidate."
"Ford Motor Company - Ford Sharonville Transmission Plant","Sharonville","OH","epa_ghgrp","epa-1003264","333","Heavy Manufacturing","80","high","corporate","direct_purchase","industrial_shift","1140","1717661","206119","5.5","2580573","","Heavy manufacturing — 2022 EPA GHG Reporter. NAICS 336350. Pre-qualified high-energy solar candidate."
"Ppg Industries, Inc.","Circleville","OH","epa_ghgrp","epa-1003304","333","Heavy Manufacturing","80","high","corporate","direct_purchase","industrial_shift","1140","1717661","206119","5.5","2580573","","Chemical manufacturing — 2022 EPA GHG Reporter. NAICS 325211. Pre-qualified high-energy solar candidate."
"Cleveland-Cliffs Steel Corporation","Coshocton","OH","epa_ghgrp","epa-1003417","333","Heavy Manufacturing","80","high","corporate","direct_purchase","industrial_shift","1140","1717661","206119","5.5","2580573","","Heavy manufacturing — 2022 EPA GHG Reporter. NAICS 331221. Pre-qualified high-energy solar candidate."
"Cleveland-Cliffs Steel Corporation - Zanesville Works","Zanesville","OH","epa_ghgrp","epa-1003418","333","Heavy Manufacturing","80","high","corporate","direct_purchase","industrial_shift","1140","1717661","206119","5.5","2580573","","Heavy manufacturing — 2022 EPA GHG Reporter. NAICS 331110. Pre-qualified high-energy solar candidate."
"Charter Steel Cleveland *","Cuyahoga Heights","OH","epa_ghgrp","epa-1003474","333","Heavy Manufacturing","80","high","corporate","direct_purchase","industrial_shift","1140","1717661","206119","5.5","2580573","","Heavy manufacturing — 2022 EPA GHG Reporter. NAICS 331110. Pre-qualified high-energy solar candidate."
"U.S. Doe Portsmouth Gaseous Diffusion Plant","Piketon","OH","epa_ghgrp","epa-1003709","333","Heavy Manufacturing","80","high","corporate","direct_purchase","industrial_shift","1140","1717661","206119","5.5","2580573","","Chemical manufacturing — 2022 EPA GHG Reporter. NAICS 325180. Pre-qualified high-energy solar candidate."
"Belpre Carbon Black Plant","Belpre","OH","epa_ghgrp","epa-1003790","333","Heavy Manufacturing","80","high","corporate","direct_purchase","industrial_shift","1140","1717661","206119","5.5","2580573","","Chemical manufacturing — 2022 EPA GHG Reporter. NAICS 325180. Pre-qualified high-energy solar candidate."
"Republic Steel - Canton Plant","Canton","OH","epa_ghgrp","epa-1003799","333","Heavy Manufacturing","80","high","corporate","direct_purchase","industrial_shift","1140","1717661","206119","5.5","2580573","","Heavy manufacturing — 2022 EPA GHG Reporter. NAICS 331110. Pre-qualified high-energy solar candidate."
"Ormet Primary Aluminum Corp","Hannibal","OH","epa_ghgrp","epa-1003843","333","Heavy Manufacturing","80","high","corporate","direct_purchase","industrial_shift","1140","1717661","206119","5.5","2580573","","Heavy manufacturing — 2022 EPA GHG Reporter. NAICS 331312. Pre-qualified high-energy solar candidate."
"Timkensteel Corp (1576000613)","Canton","OH","epa_ghgrp","epa-1003860","333","Heavy Manufacturing","80","high","corporate","direct_purchase","industrial_shift","1140","1717661","206119","5.5","2580573","","Heavy manufacturing — 2022 EPA GHG Reporter. NAICS 331110. Pre-qualified high-energy solar candidate."
"Timken Co Gambrinus Roller Plant","Canton","OH","epa_ghgrp","epa-1003861","333","Heavy Manufacturing","80","high","corporate","direct_purchase","industrial_shift","1140","1717661","206119","5.5","2580573","","Heavy manufacturing — 2022 EPA GHG Reporter. NAICS 332991. Pre-qualified high-energy solar candidate."
"General Motors Lordstown Complex East","Warren","OH","epa_ghgrp","epa-1004221","333","Heavy Manufacturing","80","high","corporate","direct_purchase","industrial_shift","1140","1717661","206119","5.5","2580573","","Heavy manufacturing — 2022 EPA GHG Reporter. NAICS 336111. Pre-qualified high-energy solar candidate."
"Campbell Soup Company (0335010105)","Napoleon","OH","epa_ghgrp","epa-1004254","333","Heavy Manufacturing","80","high","corporate","direct_purchase","industrial_shift","1140","1717661","206119","5.5","2580573","","Food manufacturing — 2022 EPA GHG Reporter. NAICS 311422. Pre-qualified high-energy solar candidate."
"Eramet Marietta Inc. (0684020006)","Marietta","OH","epa_ghgrp","epa-1004376","333","Heavy Manufacturing","80","high","corporate","direct_purchase","industrial_shift","1140","1717661","206119","5.5","2580573","","Heavy manufacturing — 2022 EPA GHG Reporter. NAICS 331110. Pre-qualified high-energy solar candidate."
"Isp Lima Llc","Lima","OH","epa_ghgrp","epa-1004504","333","Heavy Manufacturing","80","high","corporate","direct_purchase","industrial_shift","1140","1717661","206119","5.5","2580573","","Chemical manufacturing — 2022 EPA GHG Reporter. NAICS 325199. Pre-qualified high-energy solar candidate."
"Huntsman Advanced Materials Americas, Llc","Akron","OH","epa_ghgrp","epa-1004615","333","Heavy Manufacturing","80","high","corporate","direct_purchase","industrial_shift","1140","1717661","206119","5.5","2580573","","Chemical manufacturing — 2022 EPA GHG Reporter. NAICS 325211. Pre-qualified high-energy solar candidate."
"Bunge North America (East) Llc","Delphos","OH","epa_ghgrp","epa-1004821","333","Heavy Manufacturing","80","high","corporate","direct_purchase","industrial_shift","1140","1717661","206119","5.5","2580573","","Food manufacturing — 2022 EPA GHG Reporter. NAICS 311224. Pre-qualified high-energy solar candidate."
"Marion Ethanol Llc D/B/A Poet Biorefining - Marion","Marion","OH","epa_ghgrp","epa-1004902","333","Heavy Manufacturing","80","high","corporate","direct_purchase","industrial_shift","1140","1717661","206119","5.5","2580573","","Chemical manufacturing — 2022 EPA GHG Reporter. NAICS 325193. Pre-qualified high-energy solar candidate."
"Titanium Metals Corp Toronto Plant","Toronto","OH","epa_ghgrp","epa-1004944","333","Heavy Manufacturing","80","high","corporate","direct_purchase","industrial_shift","1140","1717661","206119","5.5","2580573","","Heavy manufacturing — 2022 EPA GHG Reporter. NAICS 331491. Pre-qualified high-energy solar candidate."
"North Star Bluescope Steel Llc *","Delta","OH","epa_ghgrp","epa-1005163","333","Heavy Manufacturing","80","high","corporate","direct_purchase","industrial_shift","1140","1717661","206119","5.5","2580573","","Heavy manufacturing — 2022 EPA GHG Reporter. NAICS 331110. Pre-qualified high-energy solar candidate."
"Howmet Aerospace Inc. - Cleveland Works","Cuyahoga Heights","OH","epa_ghgrp","epa-1005286","333","Heavy Manufacturing","80","high","corporate","direct_purchase","industrial_shift","1140","1717661","206119","5.5","2580573","","Heavy manufacturing — 2022 EPA GHG Reporter. NAICS 332112. Pre-qualified high-energy solar candidate."
"Arcelormittal Tubular Products Usa Llc","Shelby","OH","epa_ghgrp","epa-1005385","333","Heavy Manufacturing","80","high","corporate","direct_purchase","industrial_shift","1140","1717661","206119","5.5","2580573","","Heavy manufacturing — 2022 EPA GHG Reporter. NAICS 331210. Pre-qualified high-energy solar candidate."
"Kosei St. Marys, Corp.","Saint Marys","OH","epa_ghgrp","epa-1005445","333","Heavy Manufacturing","80","high","corporate","direct_purchase","industrial_shift","1140","1717661","206119","5.5","2580573","","Heavy manufacturing — 2022 EPA GHG Reporter. NAICS 336390. Pre-qualified high-energy solar candidate."
"Fca Toledo Assembly Complex","Toledo","OH","epa_ghgrp","epa-1005554","333","Heavy Manufacturing","80","high","corporate","direct_purchase","industrial_shift","1140","1717661","206119","5.5","2580573","","Heavy manufacturing — 2022 EPA GHG Reporter. NAICS 336110. Pre-qualified high-energy solar candidate."
"Air Products And Chemicals, Inc.","Cincinnati","OH","epa_ghgrp","epa-1005573","333","Heavy Manufacturing","80","high","corporate","direct_purchase","industrial_shift","1140","1717661","206119","5.5","2580573","","Chemical manufacturing — 2022 EPA GHG Reporter. NAICS 325120. Pre-qualified high-energy solar candidate."
"Cargill Inc Soy Processing Plant *","Sidney","OH","epa_ghgrp","epa-1005694","333","Heavy Manufacturing","80","high","corporate","direct_purchase","industrial_shift","1140","1717661","206119","5.5","2580573","","Food manufacturing — 2022 EPA GHG Reporter. NAICS 311224. Pre-qualified high-energy solar candidate."
"Kraton Chemical, Llc","Dover","OH","epa_ghgrp","epa-1005866","333","Heavy Manufacturing","80","high","corporate","direct_purchase","industrial_shift","1140","1717661","206119","5.5","2580573","","Chemical manufacturing — 2022 EPA GHG Reporter. NAICS 325199. Pre-qualified high-energy solar candidate."
"Linde Inc","Oregon","OH","epa_ghgrp","epa-1005941","333","Heavy Manufacturing","80","high","corporate","direct_purchase","industrial_shift","1140","1717661","206119","5.5","2580573","","Chemical manufacturing — 2022 EPA GHG Reporter. NAICS 325120. Pre-qualified high-energy solar candidate."
"Whirlpool Corp","Clyde","OH","epa_ghgrp","epa-1006126","333","Heavy Manufacturing","80","high","corporate","direct_purchase","industrial_shift","1140","1717661","206119","5.5","2580573","","Heavy manufacturing — 2022 EPA GHG Reporter. NAICS 335220. Pre-qualified high-energy solar candidate."
"Whirlpool Corp Marion Division *","Marion","OH","epa_ghgrp","epa-1006233","333","Heavy Manufacturing","80","high","corporate","direct_purchase","industrial_shift","1140","1717661","206119","5.5","2580573","","Heavy manufacturing — 2022 EPA GHG Reporter. NAICS 335224. Pre-qualified high-energy solar candidate."
"Ferroglobe Usa Metallurgical Inc. Fka-Globe Metallurgical Inc. (0684000105)","Waterford","OH","epa_ghgrp","epa-1006473","333","Heavy Manufacturing","80","high","corporate","direct_purchase","industrial_shift","1140","1717661","206119","5.5","2580573","","Heavy manufacturing — 2022 EPA GHG Reporter. NAICS 331110. Pre-qualified high-energy solar candidate."
"Cleveland-Cliffs Steel Corporation - Mansfield Works","Mansfield","OH","epa_ghgrp","epa-1006530","333","Heavy Manufacturing","80","high","corporate","direct_purchase","industrial_shift","1140","1717661","206119","5.5","2580573","","Heavy manufacturing — 2022 EPA GHG Reporter. NAICS 331110. Pre-qualified high-energy solar candidate."
"Cargill Inc Salt Div","Akron","OH","epa_ghgrp","epa-1006625","333","Heavy Manufacturing","80","high","corporate","direct_purchase","industrial_shift","1140","1717661","206119","5.5","2580573","","Food manufacturing — 2022 EPA GHG Reporter. NAICS 311942. Pre-qualified high-energy solar candidate."
"Cargill Incorporated","Dayton","OH","epa_ghgrp","epa-1006637","333","Heavy Manufacturing","80","high","corporate","direct_purchase","industrial_shift","1140","1717661","206119","5.5","2580573","","Food manufacturing — 2022 EPA GHG Reporter. NAICS 311221. Pre-qualified high-energy solar candidate."
"Rg Steel - Yorkville Plant","Yorkville","OH","epa_ghgrp","epa-1006756","333","Heavy Manufacturing","80","high","corporate","direct_purchase","industrial_shift","1140","1717661","206119","5.5","2580573","","Heavy manufacturing — 2022 EPA GHG Reporter. NAICS 331221. Pre-qualified high-energy solar candidate."
"Ineos Pigments Usa, Inc.- Plant 2","Ashtabula","OH","epa_ghgrp","epa-1006866","333","Heavy Manufacturing","80","high","corporate","direct_purchase","industrial_shift","1140","1717661","206119","5.5","2580573","","Chemical manufacturing — 2022 EPA GHG Reporter. NAICS 325130. Pre-qualified high-energy solar candidate."
"Poet Biorefining","Fostoria","OH","epa_ghgrp","epa-1006912","333","Heavy Manufacturing","80","high","corporate","direct_purchase","industrial_shift","1140","1717661","206119","5.5","2580573","","Chemical manufacturing — 2022 EPA GHG Reporter. NAICS 325193. Pre-qualified high-energy solar candidate."
"Cleveland-Cliffs Columbus Llc","Columbus","OH","epa_ghgrp","epa-1006951","333","Heavy Manufacturing","80","high","corporate","direct_purchase","industrial_shift","1140","1717661","206119","5.5","2580573","","Heavy manufacturing — 2022 EPA GHG Reporter. NAICS 332812. Pre-qualified high-energy solar candidate."
"Cleveland-Cliffs Cleveland Works Llc","Cleveland","OH","epa_ghgrp","epa-1007177","333","Heavy Manufacturing","80","high","corporate","direct_purchase","industrial_shift","1140","1717661","206119","5.5","2580573","","Heavy manufacturing — 2022 EPA GHG Reporter. NAICS 331110. Pre-qualified high-energy solar candidate."
"Emery Oleochemicals, Llc","Cincinnati","OH","epa_ghgrp","epa-1007325","333","Heavy Manufacturing","80","high","corporate","direct_purchase","industrial_shift","1140","1717661","206119","5.5","2580573","","Chemical manufacturing — 2022 EPA GHG Reporter. NAICS 325199. Pre-qualified high-energy solar candidate."
"Altivia Petrochemicals, Llc - Haverhill Complex","Haverhill","OH","epa_ghgrp","epa-1007401","333","Heavy Manufacturing","80","high","corporate","direct_purchase","industrial_shift","1140","1717661","206119","5.5","2580573","","Chemical manufacturing — 2022 EPA GHG Reporter. NAICS 325194. Pre-qualified high-energy solar candidate."
"American Centrifuge Plant","Piketon","OH","epa_ghgrp","epa-1007415","333","Heavy Manufacturing","80","high","corporate","direct_purchase","industrial_shift","1140","1717661","206119","5.5","2580573","","Chemical manufacturing — 2022 EPA GHG Reporter. NAICS 325188. Pre-qualified high-energy solar candidate."
"Day-Glo Color Corp *","Cleveland","OH","epa_ghgrp","epa-1007555","333","Heavy Manufacturing","80","high","corporate","direct_purchase","industrial_shift","1140","1717661","206119","5.5","2580573","","Chemical manufacturing — 2022 EPA GHG Reporter. NAICS 325510. Pre-qualified high-energy solar candidate."
"Nucor Steel Marion, Inc. (0351010017)","Marion","OH","epa_ghgrp","epa-1007577","333","Heavy Manufacturing","80","high","corporate","direct_purchase","industrial_shift","1140","1717661","206119","5.5","2580573","","Heavy manufacturing — 2022 EPA GHG Reporter. NAICS 331110. Pre-qualified high-energy solar candidate."
"Poet Biorefining Leipsic, Llc","Leipsic","OH","epa_ghgrp","epa-1007730","333","Heavy Manufacturing","80","high","corporate","direct_purchase","industrial_shift","1140","1717661","206119","5.5","2580573","","Chemical manufacturing — 2022 EPA GHG Reporter. NAICS 325193. Pre-qualified high-energy solar candidate."
"Day Glo Color Corp","Twinsburg","OH","epa_ghgrp","epa-1007765","333","Heavy Manufacturing","80","high","corporate","direct_purchase","industrial_shift","1140","1717661","206119","5.5","2580573","","Chemical manufacturing — 2022 EPA GHG Reporter. NAICS 325510. Pre-qualified high-energy solar candidate."
"Kaiser Aluminum (0145010093)","Heath","OH","epa_ghgrp","epa-1007957","333","Heavy Manufacturing","80","high","corporate","direct_purchase","industrial_shift","1140","1717661","206119","5.5","2580573","","Heavy manufacturing — 2022 EPA GHG Reporter. NAICS 331318. Pre-qualified high-energy solar candidate."
"Solvay Specialty Polymers Usa, L.L.C.","Marietta","OH","epa_ghgrp","epa-1008750","333","Heavy Manufacturing","80","high","corporate","direct_purchase","industrial_shift","1140","1717661","206119","5.5","2580573","","Chemical manufacturing — 2022 EPA GHG Reporter. NAICS 325211. Pre-qualified high-energy solar candidate."
"Jewel Acquisition - Louisville Facility","Louisville","OH","epa_ghgrp","epa-1008994","333","Heavy Manufacturing","80","high","corporate","direct_purchase","industrial_shift","1140","1717661","206119","5.5","2580573","","Heavy manufacturing — 2022 EPA GHG Reporter. NAICS 331110. Pre-qualified high-energy solar candidate."
"Chemtrade Refinery Solutions Lp","Oregon","OH","epa_ghgrp","epa-1009487","333","Heavy Manufacturing","80","high","corporate","direct_purchase","industrial_shift","1140","1717661","206119","5.5","2580573","","Chemical manufacturing — 2022 EPA GHG Reporter. NAICS 325180. Pre-qualified high-energy solar candidate."
"Canton Drop Forge","Canton","OH","epa_ghgrp","epa-1009529","333","Heavy Manufacturing","80","high","corporate","direct_purchase","industrial_shift","1140","1717661","206119","5.5","2580573","","Heavy manufacturing — 2022 EPA GHG Reporter. NAICS 332111. Pre-qualified high-energy solar candidate."
"Reclamation Technologies Inc Dba A-Gas Americas","Bowling Green","OH","epa_ghgrp","epa-1009675","333","Heavy Manufacturing","80","high","corporate","direct_purchase","industrial_shift","1140","1717661","206119","5.5","2580573","","Chemical manufacturing — 2022 EPA GHG Reporter. NAICS 325120. Pre-qualified high-energy solar candidate."
"Neaton Auto Products Manufacturing, Inc.","Eaton","OH","epa_ghgrp","epa-1009879","333","Heavy Manufacturing","80","high","corporate","direct_purchase","industrial_shift","1140","1717661","206119","5.5","2580573","","Heavy manufacturing — 2022 EPA GHG Reporter. NAICS 336330. Pre-qualified high-energy solar candidate."
"Magretech Llc","Bellevue","OH","epa_ghgrp","epa-1010145","333","Heavy Manufacturing","80","high","corporate","direct_purchase","industrial_shift","1140","1717661","206119","5.5","2580573","","Heavy manufacturing — 2022 EPA GHG Reporter. NAICS 331492. Pre-qualified high-energy solar candidate."
"Nova Chemicals","Painesville","OH","epa_ghgrp","epa-1010408","333","Heavy Manufacturing","80","high","corporate","direct_purchase","industrial_shift","1140","1717661","206119","5.5","2580573","","Chemical manufacturing — 2022 EPA GHG Reporter. NAICS 325211. Pre-qualified high-energy solar candidate."
"Mars Petcare Us, Inc.","Columbus","OH","epa_ghgrp","epa-1010654","333","Heavy Manufacturing","80","high","corporate","direct_purchase","industrial_shift","1140","1717661","206119","5.5","2580573","","Food manufacturing — 2022 EPA GHG Reporter. NAICS 311111. Pre-qualified high-energy solar candidate."
"Graftech International Ltd","Brooklyn Heights","OH","epa_ghgrp","epa-1010675","333","Heavy Manufacturing","80","high","corporate","direct_purchase","industrial_shift","1140","1717661","206119","5.5","2580573","","Heavy manufacturing — 2022 EPA GHG Reporter. NAICS 335991. Pre-qualified high-energy solar candidate."
"Guardian Lima","Lima","OH","epa_ghgrp","epa-1010679","333","Heavy Manufacturing","80","high","corporate","direct_purchase","industrial_shift","1140","1717661","206119","5.5","2580573","","Chemical manufacturing — 2022 EPA GHG Reporter. NAICS 325193. Pre-qualified high-energy solar candidate."
"Materion Brush, Inc.","Elmore","OH","epa_ghgrp","epa-1011243","333","Heavy Manufacturing","80","high","corporate","direct_purchase","industrial_shift","1140","1717661","206119","5.5","2580573","","Heavy manufacturing — 2022 EPA GHG Reporter. NAICS 331410. Pre-qualified high-energy solar candidate."
"Three Rivers Energy Llc","Coshocton","OH","epa_ghgrp","epa-1011627","333","Heavy Manufacturing","80","high","corporate","direct_purchase","industrial_shift","1140","1717661","206119","5.5","2580573","","Chemical manufacturing — 2022 EPA GHG Reporter. NAICS 325193. Pre-qualified high-energy solar candidate."
"Worthington Industries","Delta","OH","epa_ghgrp","epa-1011697","333","Heavy Manufacturing","80","high","corporate","direct_purchase","industrial_shift","1140","1717661","206119","5.5","2580573","","Heavy manufacturing — 2022 EPA GHG Reporter. NAICS 331221. Pre-qualified high-energy solar candidate."
"Superior Forge & Steel Corporation","Lima","OH","epa_ghgrp","epa-1011726","333","Heavy Manufacturing","80","high","corporate","direct_purchase","industrial_shift","1140","1717661","206119","5.5","2580573","","Heavy manufacturing — 2022 EPA GHG Reporter. NAICS 331513. Pre-qualified high-energy solar candidate."
"Adm Fostoria","Fostoria","OH","epa_ghgrp","epa-1011855","333","Heavy Manufacturing","80","high","corporate","direct_purchase","industrial_shift","1140","1717661","206119","5.5","2580573","","Food manufacturing — 2022 EPA GHG Reporter. NAICS 311224. Pre-qualified high-energy solar candidate."
"Osco Industries, Inc. Jackson Division","Jackosn","OH","epa_ghgrp","epa-1012564","333","Heavy Manufacturing","80","high","corporate","direct_purchase","industrial_shift","1140","1717661","206119","5.5","2580573","","Heavy manufacturing — 2022 EPA GHG Reporter. NAICS 331511. Pre-qualified high-energy solar candidate."
"Matheson - Lima Iii Plant","Lima","OH","epa_ghgrp","epa-1012904","333","Heavy Manufacturing","80","high","corporate","direct_purchase","industrial_shift","1140","1717661","206119","5.5","2580573","","Chemical manufacturing — 2022 EPA GHG Reporter. NAICS 325120. Pre-qualified high-energy solar candidate."
"Abbott Nutrition","Columbus","OH","epa_ghgrp","epa-1012993","333","Heavy Manufacturing","80","high","corporate","direct_purchase","industrial_shift","1140","1717661","206119","5.5","2580573","","Food manufacturing — 2022 EPA GHG Reporter. NAICS 311514. Pre-qualified high-energy solar candidate."
"Rmi Titanium Company Llc","Niles","OH","epa_ghgrp","epa-1013022","333","Heavy Manufacturing","80","high","corporate","direct_purchase","industrial_shift","1140","1717661","206119","5.5","2580573","","Heavy manufacturing — 2022 EPA GHG Reporter. NAICS 331491. Pre-qualified high-energy solar candidate."
"Jsw Steel Usa Ohio, Inc.","Mingo Junction","OH","epa_ghgrp","epa-1013051","333","Heavy Manufacturing","80","high","corporate","direct_purchase","industrial_shift","1140","1717661","206119","5.5","2580573","","Heavy manufacturing — 2022 EPA GHG Reporter. NAICS 331110. Pre-qualified high-energy solar candidate."
"Alpont Llc","Oregon","OH","epa_ghgrp","epa-1013088","333","Heavy Manufacturing","80","high","corporate","direct_purchase","industrial_shift","1140","1717661","206119","5.5","2580573","","Chemical manufacturing — 2022 EPA GHG Reporter. NAICS 325199. Pre-qualified high-energy solar candidate."
"Matalco Usa, Llc","Lordstown","OH","epa_ghgrp","epa-1013125","333","Heavy Manufacturing","80","high","corporate","direct_purchase","industrial_shift","1140","1717661","206119","5.5","2580573","","Heavy manufacturing — 2022 EPA GHG Reporter. NAICS 331314. Pre-qualified high-energy solar candidate."
"Terves Inc","Euclid","OH","epa_ghgrp","epa-1013267","333","Heavy Manufacturing","80","high","corporate","direct_purchase","industrial_shift","1140","1717661","206119","5.5","2580573","","Heavy manufacturing — 2022 EPA GHG Reporter. NAICS 331529. Pre-qualified high-energy solar candidate."
"A-Gas Us Inc","Bowling Green","OH","epa_ghgrp","epa-1013576","333","Heavy Manufacturing","80","high","corporate","direct_purchase","industrial_shift","1140","1717661","206119","5.5","2580573","","Chemical manufacturing — 2022 EPA GHG Reporter. NAICS 325120. Pre-qualified high-energy solar candidate."
"Koch Foods","Fairfield","OH","epa_ghgrp","epa-1013898","333","Heavy Manufacturing","80","high","corporate","direct_purchase","industrial_shift","1140","1717661","206119","5.5","2580573","","Food manufacturing — 2022 EPA GHG Reporter. NAICS 311615. Pre-qualified high-energy solar candidate."
"Ironunits Llc","Toledo","OH","epa_ghgrp","epa-1014155","333","Heavy Manufacturing","80","high","corporate","direct_purchase","industrial_shift","1140","1717661","206119","5.5","2580573","","Heavy manufacturing — 2022 EPA GHG Reporter. NAICS 331110. Pre-qualified high-energy solar candidate."
"Bvpv Styrenics Llc","Painesville","OH","epa_ghgrp","epa-1014373","333","Heavy Manufacturing","80","high","corporate","direct_purchase","industrial_shift","1140","1717661","206119","5.5","2580573","","Chemical manufacturing — 2022 EPA GHG Reporter. NAICS 325199. Pre-qualified high-energy solar candidate."
"Perstorp Polyols","Toledo","OH","epa_ghgrp","epa-1014540","333","Heavy Manufacturing","80","high","corporate","direct_purchase","industrial_shift","1140","1717661","206119","5.5","2580573","","Chemical manufacturing — 2022 EPA GHG Reporter. NAICS 325199. Pre-qualified high-energy solar candidate."
"Lafarge","Columbus","OH","osm_industrial","osm-776561131","333","Heavy Manufacturing","80","high","corporate","direct_purchase","industrial_shift","1140","1717661","206119","5.5","2580573","","Concrete_plant building. Roof-suitable for rooftop PV. Verify ownership + contact before outreach."
"Columbus Metal Fabrication","Columbus","OH","auto_seed","solar-026","333","Heavy Manufacturing","80","high","corporate","direct_purchase","industrial_shift","1140","1717661","206119","5.5","2580573","","120,000 sqft metal-roof fabricator"
"Cleveland Clinic","Cleveland","OH","epa_ghgrp","epa-1004016","6221","Healthcare","78","high","mixed","cash_or_ppa","flat_24_7","2000","3013440","361613","5.5","4527334","","Hospital — 2022 EPA GHG Reporter. NAICS 622110. Pre-qualified high-energy solar candidate."
"Childrens Hospital Medical Center","Cincinnati","OH","epa_ghgrp","epa-1006700","6221","Healthcare","78","high","mixed","cash_or_ppa","flat_24_7","2000","3013440","361613","5.5","4527334","","Hospital — 2022 EPA GHG Reporter. NAICS 622110. Pre-qualified high-energy solar candidate."
"University Of Cincinnati","Cincinnati","OH","epa_ghgrp","epa-1000036","","","","","","","","600","904032","108484","6.1","1295622","","Industrial facility — 2022 EPA GHG Reporter. NAICS 611310. Pre-qualified high-energy solar candidate."
"Waterford Plant","Waterford","OH","epa_ghgrp","epa-1000106","","","","","","","","600","904032","108484","6.1","1295622","","Power generation — 2022 EPA GHG Reporter. NAICS 221112. Pre-qualified high-energy solar candidate."
"West Lorain","Lorain","OH","epa_ghgrp","epa-1000109","","","","","","","","600","904032","108484","6.1","1295622","","Power generation — 2022 EPA GHG Reporter. NAICS 221112. Pre-qualified high-energy solar candidate."
"Hanging Rock Power Company, Llc","Ironton","OH","epa_ghgrp","epa-1000153","","","","","","","","600","904032","108484","6.1","1295622","","Power generation — 2022 EPA GHG Reporter. NAICS 221112. Pre-qualified high-energy solar candidate."
"Washington Power Generation Llc","Beverly","OH","epa_ghgrp","epa-1000168","","","","","","","","600","904032","108484","6.1","1295622","","Power generation — 2022 EPA GHG Reporter. NAICS 221112. Pre-qualified high-energy solar candidate."
"Pixelle Specialty Solutions Llc","Chillicothe","OH","epa_ghgrp","epa-1000183","","","","","","","","600","904032","108484","6.1","1295622","","Pulp & paper — 2022 EPA GHG Reporter. NAICS 322120. Pre-qualified high-energy solar candidate."
"Amp-Ohio Gas Turbines Bowling Green","Bowling Green","OH","epa_ghgrp","epa-1000208","","","","","","","","600","904032","108484","6.1","1295622","","Power generation — 2022 EPA GHG Reporter. NAICS 221112. Pre-qualified high-energy solar candidate."
"Omega Jv2 Bowling Green","Bowling Green","OH","epa_ghgrp","epa-1000209","","","","","","","","600","904032","108484","6.1","1295622","","Power generation — 2022 EPA GHG Reporter. NAICS 221112. Pre-qualified high-energy solar candidate."
"Frank M Tait Station","Moraine","OH","epa_ghgrp","epa-1000246","","","","","","","","600","904032","108484","6.1","1295622","","Power generation — 2022 EPA GHG Reporter. NAICS 221112. Pre-qualified high-energy solar candidate."
"Mississippi Lime Co - Huron Plant","Huron","OH","epa_ghgrp","epa-1000379","","","","","","","","600","904032","108484","6.1","1295622","","Cement / glass — 2022 EPA GHG Reporter. NAICS 327410. Pre-qualified high-energy solar candidate."
"The Ohio State University","Columbus","OH","epa_ghgrp","epa-1000396","","","","","","","","600","904032","108484","6.1","1295622","","Industrial facility — 2022 EPA GHG Reporter. NAICS 611310. Pre-qualified high-energy solar candidate."
"Henry County Landfill","Malinta","OH","epa_ghgrp","epa-1000397","","","","","","","","600","904032","108484","6.1","1295622","","Industrial facility — 2022 EPA GHG Reporter. NAICS 562212. Pre-qualified high-energy solar candidate."
"Lima Refinery","Lima","OH","epa_ghgrp","epa-1000411","","","","","","","","600","904032","108484","6.1","1295622","","Petroleum refining — 2022 EPA GHG Reporter. NAICS 324110. Pre-qualified high-energy solar candidate."
"Ohio Cumberland Gas Company","Mount Vernon","OH","epa_ghgrp","epa-1000797","","","","","","","","600","904032","108484","6.1","1295622","","Power generation — 2022 EPA GHG Reporter. NAICS 221210. Pre-qualified high-energy solar candidate."
"Rolling Hills Generating Llc","Wilkesville","OH","epa_ghgrp","epa-1000808","","","","","","","","600","904032","108484","6.1","1295622","","Power generation — 2022 EPA GHG Reporter. NAICS 221112. Pre-qualified high-energy solar candidate."
"Cardinal","Brilliant","OH","epa_ghgrp","epa-1000839","","","","","","","","600","904032","108484","6.1","1295622","","Power generation — 2022 EPA GHG Reporter. NAICS 221112. Pre-qualified high-energy solar candidate."
"Walter C Beckjord Generating Station","New Richmond","OH","epa_ghgrp","epa-1000840","","","","","","","","600","904032","108484","6.1","1295622","","Power generation — 2022 EPA GHG Reporter. NAICS 221112. Pre-qualified high-energy solar candidate."
"Miami Fort Generating Station","North Bend","OH","epa_ghgrp","epa-1000841","","","","","","","","600","904032","108484","6.1","1295622","","Power generation — 2022 EPA GHG Reporter. NAICS 221112. Pre-qualified high-energy solar candidate."
"Avon Lake Power Plant","Avon Lake","OH","epa_ghgrp","epa-1000843","","","","","","","","600","904032","108484","6.1","1295622","","Power generation — 2022 EPA GHG Reporter. NAICS 221112. Pre-qualified high-energy solar candidate."
"Lake Shore","Cleveland","OH","epa_ghgrp","epa-1000844","","","","","","","","600","904032","108484","6.1","1295622","","Power generation — 2022 EPA GHG Reporter. NAICS 221112. Pre-qualified high-energy solar candidate."
"Conesville","Conesville","OH","epa_ghgrp","epa-1000845","","","","","","","","600","904032","108484","6.1","1295622","","Power generation — 2022 EPA GHG Reporter. NAICS 221112. Pre-qualified high-energy solar candidate."
"Picway","Lockbourne","OH","epa_ghgrp","epa-1000846","","","","","","","","600","904032","108484","6.1","1295622","","Power generation — 2022 EPA GHG Reporter. NAICS 221112. Pre-qualified high-energy solar candidate."
"O H Hutchings","Miamisburg","OH","epa_ghgrp","epa-1000848","","","","","","","","600","904032","108484","6.1","1295622","","Power generation — 2022 EPA GHG Reporter. NAICS 221112. Pre-qualified high-energy solar candidate."
"J M Stuart","Manchester","OH","epa_ghgrp","epa-1000849","","","","","","","","600","904032","108484","6.1","1295622","","Power generation — 2022 EPA GHG Reporter. NAICS 221112. Pre-qualified high-energy solar candidate."
"Niles","Niles","OH","epa_ghgrp","epa-1000850","","","","","","","","600","904032","108484","6.1","1295622","","Power generation — 2022 EPA GHG Reporter. NAICS 221112. Pre-qualified high-energy solar candidate."
"Muskingum River","Waterford","OH","epa_ghgrp","epa-1000852","","","","","","","","600","904032","108484","6.1","1295622","","Power generation — 2022 EPA GHG Reporter. NAICS 221112. Pre-qualified high-energy solar candidate."
"Kyger Creek","Cheshire","OH","epa_ghgrp","epa-1000853","","","","","","","","600","904032","108484","6.1","1295622","","Power generation — 2022 EPA GHG Reporter. NAICS 221112. Pre-qualified high-energy solar candidate."
"Hamilton Municipal Power Plant","Hamilton","OH","epa_ghgrp","epa-1000856","","","","","","","","600","904032","108484","6.1","1295622","","Power generation — 2022 EPA GHG Reporter. NAICS 221112. Pre-qualified high-energy solar candidate."
"W H Zimmer Generating Station","Moscow","OH","epa_ghgrp","epa-1001007","","","","","","","","600","904032","108484","6.1","1295622","","Power generation — 2022 EPA GHG Reporter. NAICS 221112. Pre-qualified high-energy solar candidate."
"Killen Station","Manchester","OH","epa_ghgrp","epa-1001010","","","","","","","","600","904032","108484","6.1","1295622","","Power generation — 2022 EPA GHG Reporter. NAICS 221112. Pre-qualified high-energy solar candidate."
"Toledo Refining Company","Oregon","OH","epa_ghgrp","epa-1001056","","","","","","","","600","904032","108484","6.1","1295622","","Industrial facility — 2022 EPA GHG Reporter. NAICS 561210. Pre-qualified high-energy solar candidate."
"Woodsdale","Trenton","OH","epa_ghgrp","epa-1001085","","","","","","","","600","904032","108484","6.1","1295622","","Power generation — 2022 EPA GHG Reporter. NAICS 221112. Pre-qualified high-energy solar candidate."
"Defiance County Landfill","Defiance","OH","epa_ghgrp","epa-1001101","","","","","","","","600","904032","108484","6.1","1295622","","Industrial facility — 2022 EPA GHG Reporter. NAICS 562212. Pre-qualified high-energy solar candidate."
"The University Of Toledo Main Campus","Toledo","OH","epa_ghgrp","epa-1001121","","","","","","","","600","904032","108484","6.1","1295622","","Industrial facility — 2022 EPA GHG Reporter. NAICS 611310. Pre-qualified high-energy solar candidate."
"Robert P Mone","Convoy","OH","epa_ghgrp","epa-1001171","","","","","","","","600","904032","108484","6.1","1295622","","Power generation — 2022 EPA GHG Reporter. NAICS 221112. Pre-qualified high-energy solar candidate."
"Gen J M Gavin","Cheshire","OH","epa_ghgrp","epa-1001194","","","","","","","","600","904032","108484","6.1","1295622","","Power generation — 2022 EPA GHG Reporter. NAICS 221112. Pre-qualified high-energy solar candidate."
"Madison Generating Station","Trenton","OH","epa_ghgrp","epa-1001318","","","","","","","","600","904032","108484","6.1","1295622","","Power generation — 2022 EPA GHG Reporter. NAICS 221112. Pre-qualified high-energy solar candidate."
"Amp-Ohio Gas Turbines Napoleon","Napoleon","OH","epa_ghgrp","epa-1001344","","","","","","","","600","904032","108484","6.1","1295622","","Power generation — 2022 EPA GHG Reporter. NAICS 221112. Pre-qualified high-energy solar candidate."
"Greenville Electric Gen Station","Greenville","OH","epa_ghgrp","epa-1001373","","","","","","","","600","904032","108484","6.1","1295622","","Power generation — 2022 EPA GHG Reporter. NAICS 221112. Pre-qualified high-energy solar candidate."
"Darby Electric Generating Station","Mount Sterling","OH","epa_ghgrp","epa-1001382","","","","","","","","600","904032","108484","6.1","1295622","","Power generation — 2022 EPA GHG Reporter. NAICS 221112. Pre-qualified high-energy solar candidate."
"Tait Electric Generating Station","Dayton","OH","epa_ghgrp","epa-1001383","","","","","","","","600","904032","108484","6.1","1295622","","Power generation — 2022 EPA GHG Reporter. NAICS 221112. Pre-qualified high-energy solar candidate."
"Tgp Station 214 Carrollton","Carrollton","OH","epa_ghgrp","epa-1001660","","","","","","","","600","904032","108484","6.1","1295622","","Industrial facility — 2022 EPA GHG Reporter. NAICS 486210. Pre-qualified high-energy solar candidate."
"Ohio Paperboard Corp","Baltimore","OH","epa_ghgrp","epa-1001671","","","","","","","","600","904032","108484","6.1","1295622","","Pulp & paper — 2022 EPA GHG Reporter. NAICS 322130. Pre-qualified high-energy solar candidate."
"Duke Energy Kentucky Gas Operation","Cincinnati","OH","epa_ghgrp","epa-1001738","","","","","","","","600","904032","108484","6.1","1295622","","Power generation — 2022 EPA GHG Reporter. NAICS 221210. Pre-qualified high-energy solar candidate."
"Tgp Station 209 Cambridge (Cumberland)","Cumberland","OH","epa_ghgrp","epa-1001846","","","","","","","","600","904032","108484","6.1","1295622","","Industrial facility — 2022 EPA GHG Reporter. NAICS 486210. Pre-qualified high-energy solar candidate."
"Heritage-Wti, Inc","East Liverpool","OH","epa_ghgrp","epa-1001897","","","","","","","","600","904032","108484","6.1","1295622","","Industrial facility — 2022 EPA GHG Reporter. NAICS 562213. Pre-qualified high-energy solar candidate."
"Medical Center Company","Cleveland","OH","epa_ghgrp","epa-1001921","","","","","","","","600","904032","108484","6.1","1295622","","Power generation — 2022 EPA GHG Reporter. NAICS 221330. Pre-qualified high-energy solar candidate."
"Pike Natural Gas Company","Hillsboro","OH","epa_ghgrp","epa-1002001","","","","","","","","600","904032","108484","6.1","1295622","","Power generation — 2022 EPA GHG Reporter. NAICS 221210. Pre-qualified high-energy solar candidate."
"Rocktenn Converting Co - Cincinnati Mill","Cincinnati","OH","epa_ghgrp","epa-1002016","","","","","","","","600","904032","108484","6.1","1295622","","Pulp & paper — 2022 EPA GHG Reporter. NAICS 322130. Pre-qualified high-energy solar candidate."
"Owens Corning Insulating Systems, Llc - Newark","Newark","OH","epa_ghgrp","epa-1002145","","","","","","","","600","904032","108484","6.1","1295622","","Cement / glass — 2022 EPA GHG Reporter. NAICS 327993. Pre-qualified high-energy solar candidate."
"Corix Cleveland Thermal Generating Lp","Cleveland","OH","epa_ghgrp","epa-1002202","","","","","","","","600","904032","108484","6.1","1295622","","Power generation — 2022 EPA GHG Reporter. NAICS 221330. Pre-qualified high-energy solar candidate."
"Owens-Brockway Glass Container Inc Plant No 12","Zanesville","OH","epa_ghgrp","epa-1002226","","","","","","","","600","904032","108484","6.1","1295622","","Cement / glass — 2022 EPA GHG Reporter. NAICS 327213. Pre-qualified high-energy solar candidate."
"Crawford County Sanitary Landfill","Bucyrus","OH","epa_ghgrp","epa-1002276","","","","","","","","600","904032","108484","6.1","1295622","","Industrial facility — 2022 EPA GHG Reporter. NAICS 562212. Pre-qualified high-energy solar candidate."
"City Of Akron Steam Generating","Akron","OH","epa_ghgrp","epa-1002328","","","","","","","","600","904032","108484","6.1","1295622","","Power generation — 2022 EPA GHG Reporter. NAICS 221330. Pre-qualified high-energy solar candidate."
"Youngstown Thermal","Youngstown","OH","epa_ghgrp","epa-1002374","","","","","","","","600","904032","108484","6.1","1295622","","Power generation — 2022 EPA GHG Reporter. NAICS 221330. Pre-qualified high-energy solar candidate."
"Five Points","Williamsport","OH","epa_ghgrp","epa-1002396","","","","","","","","600","904032","108484","6.1","1295622","","Industrial facility — 2022 EPA GHG Reporter. NAICS 486210. Pre-qualified high-energy solar candidate."
"Somerset","Somerset","OH","epa_ghgrp","epa-1002402","","","","","","","","600","904032","108484","6.1","1295622","","Industrial facility — 2022 EPA GHG Reporter. NAICS 486210. Pre-qualified high-energy solar candidate."
"Rumpke Waste Inc Brown County Sanitary Landfill *","Georgetown","OH","epa_ghgrp","epa-1002425","","","","","","","","600","904032","108484","6.1","1295622","","Industrial facility — 2022 EPA GHG Reporter. NAICS 562212. Pre-qualified high-energy solar candidate."
"Lebanon","Lebanon","OH","epa_ghgrp","epa-1002427","","","","","","","","600","904032","108484","6.1","1295622","","Industrial facility — 2022 EPA GHG Reporter. NAICS 486210. Pre-qualified high-energy solar candidate."
"Appvion, Inc. West Carrollton","West Carrollton","OH","epa_ghgrp","epa-1002434","","","","","","","","600","904032","108484","6.1","1295622","","Pulp & paper — 2022 EPA GHG Reporter. NAICS 322222. Pre-qualified high-energy solar candidate."
"Cherokee Run Landfill","Bellefontaine","OH","epa_ghgrp","epa-1002480","","","","","","","","600","904032","108484","6.1","1295622","","Industrial facility — 2022 EPA GHG Reporter. NAICS 562212. Pre-qualified high-energy solar candidate."
"Elda Rdf","Cincinnati","OH","epa_ghgrp","epa-1002491","","","","","","","","600","904032","108484","6.1","1295622","","Industrial facility — 2022 EPA GHG Reporter. NAICS 562212. Pre-qualified high-energy solar candidate."
"Pilkington North America, Inc.","Rossford","OH","epa_ghgrp","epa-1002499","","","","","","","","600","904032","108484","6.1","1295622","","Cement / glass — 2022 EPA GHG Reporter. NAICS 327211. Pre-qualified high-energy solar candidate."
"Eastern Natural Gas Company","Canton","OH","epa_ghgrp","epa-1002539","","","","","","","","600","904032","108484","6.1","1295622","","Power generation — 2022 EPA GHG Reporter. NAICS 221210. Pre-qualified high-energy solar candidate."
"Painesville Municipal Electric Plant","Painesville","OH","epa_ghgrp","epa-1002545","","","","","","","","600","904032","108484","6.1","1295622","","Power generation — 2022 EPA GHG Reporter. NAICS 221112. Pre-qualified high-energy solar candidate."
"County Environmental Landfill Of Wyandot","Carey","OH","epa_ghgrp","epa-1002555","","","","","","","","600","904032","108484","6.1","1295622","","Industrial facility — 2022 EPA GHG Reporter. NAICS 562212. Pre-qualified high-energy solar candidate."
"Athens","Athens","OH","epa_ghgrp","epa-1002577","","","","","","","","600","904032","108484","6.1","1295622","","Industrial facility — 2022 EPA GHG Reporter. NAICS 486210. Pre-qualified high-energy solar candidate."
"Hoffman Road Sanitary Landfill","Toledo","OH","epa_ghgrp","epa-1002581","","","","","","","","600","904032","108484","6.1","1295622","","Industrial facility — 2022 EPA GHG Reporter. NAICS 562212. Pre-qualified high-energy solar candidate."
"Duke Energy Ohio Gas Operation","Cincinnati","OH","epa_ghgrp","epa-1002687","","","","","","","","600","904032","108484","6.1","1295622","","Power generation — 2022 EPA GHG Reporter. NAICS 221210. Pre-qualified high-energy solar candidate."
"Graymont Dolime Oh Inc *","Genoa","OH","epa_ghgrp","epa-1002767","","","","","","","","600","904032","108484","6.1","1295622","","Cement / glass — 2022 EPA GHG Reporter. NAICS 327410. Pre-qualified high-energy solar candidate."
"Haverhill Coke Company, Llc","Franklin Furnace","OH","epa_ghgrp","epa-1002777","","","","","","","","600","904032","108484","6.1","1295622","","Petroleum refining — 2022 EPA GHG Reporter. NAICS 324199. Pre-qualified high-energy solar candidate."
"Molson Coors Usa Llc - Trenton Brewery","Trenton","OH","epa_ghgrp","epa-1002904","","","","","","","","600","904032","108484","6.1","1295622","","Industrial facility — 2022 EPA GHG Reporter. NAICS 312120. Pre-qualified high-energy solar candidate."
"Johns Manville","Waterville","OH","epa_ghgrp","epa-1002907","","","","","","","","600","904032","108484","6.1","1295622","","Cement / glass — 2022 EPA GHG Reporter. NAICS 327212. Pre-qualified high-energy solar candidate."
"Johns Manville","Waterville","OH","epa_ghgrp","epa-1002922","","","","","","","","600","904032","108484","6.1","1295622","","Cement / glass — 2022 EPA GHG Reporter. NAICS 327993. Pre-qualified high-energy solar candidate."
"Carbon Limestone Landfill","Lowellville","OH","epa_ghgrp","epa-1003102","","","","","","","","600","904032","108484","6.1","1295622","","Industrial facility — 2022 EPA GHG Reporter. NAICS 562212. Pre-qualified high-energy solar candidate."
"Pine Grove Landfill","Amanda","OH","epa_ghgrp","epa-1003105","","","","","","","","600","904032","108484","6.1","1295622","","Industrial facility — 2022 EPA GHG Reporter. NAICS 562212. Pre-qualified high-energy solar candidate."
"Orrville Municipal Power Plant","Orrville","OH","epa_ghgrp","epa-1003263","","","","","","","","600","904032","108484","6.1","1295622","","Power generation — 2022 EPA GHG Reporter. NAICS 221112. Pre-qualified high-energy solar candidate."
"Johns Manville International Inc Plant No 8","Defiance","OH","epa_ghgrp","epa-1003348","","","","","","","","600","904032","108484","6.1","1295622","","Cement / glass — 2022 EPA GHG Reporter. NAICS 327993. Pre-qualified high-energy solar candidate."
"Johns Manville Plant No 2","Defiance","OH","epa_ghgrp","epa-1003349","","","","","","","","600","904032","108484","6.1","1295622","","Cement / glass — 2022 EPA GHG Reporter. NAICS 327993. Pre-qualified high-energy solar candidate."
"Cleveland-Cliffs Warren","Warren","OH","epa_ghgrp","epa-1003380","","","","","","","","600","904032","108484","6.1","1295622","","Petroleum refining — 2022 EPA GHG Reporter. NAICS 324199. Pre-qualified high-energy solar candidate."
"North Sanitary Landfill Inc Pinacle Rd","Dayton","OH","epa_ghgrp","epa-1003390","","","","","","","","600","904032","108484","6.1","1295622","","Industrial facility — 2022 EPA GHG Reporter. NAICS 562212. Pre-qualified high-energy solar candidate."
"Geneva Landfill","Geneva","OH","epa_ghgrp","epa-1003392","","","","","","","","600","904032","108484","6.1","1295622","","Industrial facility — 2022 EPA GHG Reporter. NAICS 562212. Pre-qualified high-energy solar candidate."
"Westrock Cp, Llc","Coshocton","OH","epa_ghgrp","epa-1003419","","","","","","","","600","904032","108484","6.1","1295622","","Pulp & paper — 2022 EPA GHG Reporter. NAICS 322130. Pre-qualified high-energy solar candidate."
"Eastern Gas Transmission And Storage - Newark Station (Tran)","Nashport","OH","epa_ghgrp","epa-1003433","","","","","","","","600","904032","108484","6.1","1295622","","Industrial facility — 2022 EPA GHG Reporter. NAICS 486210. Pre-qualified high-energy solar candidate."
"Dominion Energy Ohio - Robinson Station (Stor)","Canton","OH","epa_ghgrp","epa-1003458","","","","","","","","600","904032","108484","6.1","1295622","","Power generation — 2022 EPA GHG Reporter. NAICS 221210. Pre-qualified high-energy solar candidate."
"Eastern Gas Transmission And Storage - Gilmore Station (Tran)","Port Washington","OH","epa_ghgrp","epa-1003537","","","","","","","","600","904032","108484","6.1","1295622","","Industrial facility — 2022 EPA GHG Reporter. NAICS 486210. Pre-qualified high-energy solar candidate."
"Eastern Gas Transmission And Storage - Lebanon Station (Tran)","Lebanon","OH","epa_ghgrp","epa-1003541","","","","","","","","600","904032","108484","6.1","1295622","","Industrial facility — 2022 EPA GHG Reporter. NAICS 486210. Pre-qualified high-energy solar candidate."
"Waterville Gas & Oil Company","Waterville","OH","epa_ghgrp","epa-1003558","","","","","","","","600","904032","108484","6.1","1295622","","Power generation — 2022 EPA GHG Reporter. NAICS 221210. Pre-qualified high-energy solar candidate."
"Preble County Sanitary Landfill *","Eaton","OH","epa_ghgrp","epa-1003571","","","","","","","","600","904032","108484","6.1","1295622","","Industrial facility — 2022 EPA GHG Reporter. NAICS 562212. Pre-qualified high-energy solar candidate."
"Hancock County Landfill *","Findlay","OH","epa_ghgrp","epa-1003638","","","","","","","","600","904032","108484","6.1","1295622","","Industrial facility — 2022 EPA GHG Reporter. NAICS 924110. Pre-qualified high-energy solar candidate."
"Ge Logan Glass Plant","Logan","OH","epa_ghgrp","epa-1003658","","","","","","","","600","904032","108484","6.1","1295622","","Cement / glass — 2022 EPA GHG Reporter. NAICS 327212. Pre-qualified high-energy solar candidate."
"Ohio Waste Sys Suburban South Recycling & Disposal","Glenford","OH","epa_ghgrp","epa-1003661","","","","","","","","600","904032","108484","6.1","1295622","","Industrial facility — 2022 EPA GHG Reporter. NAICS 562212. Pre-qualified high-energy solar candidate."
"Williams County Landfill","Bryan","OH","epa_ghgrp","epa-1003695","","","","","","","","600","904032","108484","6.1","1295622","","Industrial facility — 2022 EPA GHG Reporter. NAICS 562212. Pre-qualified high-energy solar candidate."
"Aep Corporate Sf6 Emissions","Columbus","OH","epa_ghgrp","epa-1003708","","","","","","","","600","904032","108484","6.1","1295622","","Power generation — 2022 EPA GHG Reporter. NAICS 221112. Pre-qualified high-energy solar candidate."
"The Dayton Power And Light Company - Transmission And Distribution","Dayton","OH","epa_ghgrp","epa-1003715","","","","","","","","600","904032","108484","6.1","1295622","","Power generation — 2022 EPA GHG Reporter. NAICS 221122. Pre-qualified high-energy solar candidate."
"Franklin County Sanitary Landfill","Grove City","OH","epa_ghgrp","epa-1003787","","","","","","","","600","904032","108484","6.1","1295622","","Industrial facility — 2022 EPA GHG Reporter. NAICS 562212. Pre-qualified high-energy solar candidate."
"Model Landfill","Columbus","OH","epa_ghgrp","epa-1003788","","","","","","","","600","904032","108484","6.1","1295622","","Industrial facility — 2022 EPA GHG Reporter. NAICS 562212. Pre-qualified high-energy solar candidate."
"Statewide Landfill","Canton","OH","epa_ghgrp","epa-1003804","","","","","","","","600","904032","108484","6.1","1295622","","Industrial facility — 2022 EPA GHG Reporter. NAICS 562212. Pre-qualified high-energy solar candidate."
"Northeast Ohio Natural Gas Corp.","Mentor","OH","epa_ghgrp","epa-1003900","","","","","","","","600","904032","108484","6.1","1295622","","Power generation — 2022 EPA GHG Reporter. NAICS 221210. Pre-qualified high-energy solar candidate."
"Carmeuse Ohio Inc - Maplegrove Lime Plant","Bettsville","OH","epa_ghgrp","epa-1004020","","","","","","","","600","904032","108484","6.1","1295622","","Cement / glass — 2022 EPA GHG Reporter. NAICS 327410. Pre-qualified high-energy solar candidate."
"Carmeuse Lime, Inc.  Grand River Operations (0243030257)","Grand River","OH","epa_ghgrp","epa-1004081","","","","","","","","600","904032","108484","6.1","1295622","","Cement / glass — 2022 EPA GHG Reporter. NAICS 327410. Pre-qualified high-energy solar candidate."
"Martin Marietta Magnesia Specialties, Llc","Woodville","OH","epa_ghgrp","epa-1004097","","","","","","","","600","904032","108484","6.1","1295622","","Cement / glass — 2022 EPA GHG Reporter. NAICS 327410. Pre-qualified high-energy solar candidate."
"Columbia Gas Trans Corp Crawford Compressor Station","Sugar Grove","OH","epa_ghgrp","epa-1004153","","","","","","","","600","904032","108484","6.1","1295622","","Industrial facility — 2022 EPA GHG Reporter. NAICS 486210. Pre-qualified high-energy solar candidate."
"Eastern Gas Transmission And Storage - Groveport Station (Tran)","Groveport","OH","epa_ghgrp","epa-1004160","","","","","","","","600","904032","108484","6.1","1295622","","Industrial facility — 2022 EPA GHG Reporter. NAICS 486210. Pre-qualified high-energy solar candidate."
"Columbia Gas Transmission Pavonia Station","Mansfield","OH","epa_ghgrp","epa-1004166","","","","","","","","600","904032","108484","6.1","1295622","","Industrial facility — 2022 EPA GHG Reporter. NAICS 486210. Pre-qualified high-energy solar candidate."
"Cooper Tire And Rubber Co *","Findlay","OH","epa_ghgrp","epa-1004220","","","","","","","","600","904032","108484","6.1","1295622","","Industrial facility — 2022 EPA GHG Reporter. NAICS 326211. Pre-qualified high-energy solar candidate."
"Bigfoot Run Landfill","Morrow","OH","epa_ghgrp","epa-1004354","","","","","","","","600","904032","108484","6.1","1295622","","Industrial facility — 2022 EPA GHG Reporter. NAICS 562212. Pre-qualified high-energy solar candidate."
"Kimble Sanitary Landfill","Dover","OH","epa_ghgrp","epa-1004399","","","","","","","","600","904032","108484","6.1","1295622","","Industrial facility — 2022 EPA GHG Reporter. NAICS 562212. Pre-qualified high-energy solar candidate."
"Leesville Land, Llc","Hopedale","OH","epa_ghgrp","epa-1004421","","","","","","","","600","904032","108484","6.1","1295622","","Industrial facility — 2022 EPA GHG Reporter. NAICS 212115. Pre-qualified high-energy solar candidate."
"Ottawa County Landfill","Port Clinton","OH","epa_ghgrp","epa-1004484","","","","","","","","600","904032","108484","6.1","1295622","","Industrial facility — 2022 EPA GHG Reporter. NAICS 562212. Pre-qualified high-energy solar candidate."
"Anchor Hocking Glass Co Plant No 1 *","Lancaster","OH","epa_ghgrp","epa-1004508","","","","","","","","600","904032","108484","6.1","1295622","","Cement / glass — 2022 EPA GHG Reporter. NAICS 327212. Pre-qualified high-energy solar candidate."
"Bobmeyer Road Msw","Fairfield","OH","epa_ghgrp","epa-1004518","","","","","","","","600","904032","108484","6.1","1295622","","Industrial facility — 2022 EPA GHG Reporter. NAICS 562212. Pre-qualified high-energy solar candidate."
"Greif Packaging, Llc","Massillon","OH","epa_ghgrp","epa-1004536","","","","","","","","600","904032","108484","6.1","1295622","","Pulp & paper — 2022 EPA GHG Reporter. NAICS 322130. Pre-qualified high-energy solar candidate."
"Willowcreek Landfill","Atwater","OH","epa_ghgrp","epa-1004558","","","","","","","","600","904032","108484","6.1","1295622","","Industrial facility — 2022 EPA GHG Reporter. NAICS 562212. Pre-qualified high-energy solar candidate."
"Suburban Natural Gas Company","Cygnet","OH","epa_ghgrp","epa-1004670","","","","","","","","600","904032","108484","6.1","1295622","","Power generation — 2022 EPA GHG Reporter. NAICS 221210. Pre-qualified high-energy solar candidate."
"Dominion Energy Ohio - The East Ohio Gas Co (Dist) (Ohio)","Cleveland","OH","epa_ghgrp","epa-1004703","","","","","","","","600","904032","108484","6.1","1295622","","Power generation — 2022 EPA GHG Reporter. NAICS 221210. Pre-qualified high-energy solar candidate."
"Momentive Performance Materials Quartz, Inc. (0145000213)","Hebron","OH","epa_ghgrp","epa-1004717","","","","","","","","600","904032","108484","6.1","1295622","","Cement / glass — 2022 EPA GHG Reporter. NAICS 327125. Pre-qualified high-energy solar candidate."
"Beech Hollow Sanitary Landfill *","Wellston","OH","epa_ghgrp","epa-1004815","","","","","","","","600","904032","108484","6.1","1295622","","Industrial facility — 2022 EPA GHG Reporter. NAICS 562212. Pre-qualified high-energy solar candidate."
"Todhunter Terminal And Fractionator","Middletown","OH","epa_ghgrp","epa-1004825","","","","","","","","600","904032","108484","6.1","1295622","","Industrial facility — 2022 EPA GHG Reporter. NAICS 211112. Pre-qualified high-energy solar candidate."
"Noble Road Landfill (0370000134)","Shiloh","OH","epa_ghgrp","epa-1004850","","","","","","","","600","904032","108484","6.1","1295622","","Industrial facility — 2022 EPA GHG Reporter. NAICS 562212. Pre-qualified high-energy solar candidate."
"Rumpke Sanitary Landfill","Cincinnati","OH","epa_ghgrp","epa-1004856","","","","","","","","600","904032","108484","6.1","1295622","","Industrial facility — 2022 EPA GHG Reporter. NAICS 562212. Pre-qualified high-energy solar candidate."
"City Of Hamilton Gas & Water Department","Hamilton","OH","epa_ghgrp","epa-1004954","","","","","","","","600","904032","108484","6.1","1295622","","Power generation — 2022 EPA GHG Reporter. NAICS 221210. Pre-qualified high-energy solar candidate."
"Graphic Packaging Int Inc","Middletown","OH","epa_ghgrp","epa-1004982","","","","","","","","600","904032","108484","6.1","1295622","","Pulp & paper — 2022 EPA GHG Reporter. NAICS 322130. Pre-qualified high-energy solar candidate."
"Cld Landfill","Salem","OH","epa_ghgrp","epa-1005065","","","","","","","","600","904032","108484","6.1","1295622","","Industrial facility — 2022 EPA GHG Reporter. NAICS 562212. Pre-qualified high-energy solar candidate."
"Mingo Junction Energy Center","Mingo Junction","OH","epa_ghgrp","epa-1005118","","","","","","","","600","904032","108484","6.1","1295622","","Power generation — 2022 EPA GHG Reporter. NAICS 221330. Pre-qualified high-energy solar candidate."
"Libbey Glass Inc.","Toledo","OH","epa_ghgrp","epa-1005121","","","","","","","","600","904032","108484","6.1","1295622","","Cement / glass — 2022 EPA GHG Reporter. NAICS 327212. Pre-qualified high-energy solar candidate."
"Loc Performance Products Llc","St. Marys","OH","epa_ghgrp","epa-1005177","","","","","","","","600","904032","108484","6.1","1295622","","Industrial facility — 2022 EPA GHG Reporter. NAICS 326291. Pre-qualified high-energy solar candidate."
"Orwell Natural Gas Co.","Mentor","OH","epa_ghgrp","epa-1005251","","","","","","","","600","904032","108484","6.1","1295622","","Power generation — 2022 EPA GHG Reporter. NAICS 221210. Pre-qualified high-energy solar candidate."
"Cobra Pipeline Company","Willoughby","OH","epa_ghgrp","epa-1005275","","","","","","","","600","904032","108484","6.1","1295622","","Industrial facility — 2022 EPA GHG Reporter. NAICS 486210. Pre-qualified high-energy solar candidate."
"Miami University (1409090081)","Oxford","OH","epa_ghgrp","epa-1005305","","","","","","","","600","904032","108484","6.1","1295622","","Industrial facility — 2022 EPA GHG Reporter. NAICS 611310. Pre-qualified high-energy solar candidate."
"Digeronimo Aggregates Llc (1318270383)","Independence","OH","epa_ghgrp","epa-1005326","","","","","","","","600","904032","108484","6.1","1295622","","Industrial facility — 2022 EPA GHG Reporter. NAICS 212399. Pre-qualified high-energy solar candidate."
"Canton Refinery","Canton","OH","epa_ghgrp","epa-1005390","","","","","","","","600","904032","108484","6.1","1295622","","Petroleum refining — 2022 EPA GHG Reporter. NAICS 324110. Pre-qualified high-energy solar candidate."
"National Gas & Oil Cooperative","Newark","OH","epa_ghgrp","epa-1005519","","","","","","","","600","904032","108484","6.1","1295622","","Power generation — 2022 EPA GHG Reporter. NAICS 221210. Pre-qualified high-energy solar candidate."
"Lancaster Municipal Gas","Lancaster","OH","epa_ghgrp","epa-1005701","","","","","","","","600","904032","108484","6.1","1295622","","Power generation — 2022 EPA GHG Reporter. NAICS 221210. Pre-qualified high-energy solar candidate."
"The Belden Brick Company (0679000118)","Sugarcreek","OH","epa_ghgrp","epa-1005773","","","","","","","","600","904032","108484","6.1","1295622","","Cement / glass — 2022 EPA GHG Reporter. NAICS 327120. Pre-qualified high-energy solar candidate."
"Lake County Solid Waste Facility *","Painesville","OH","epa_ghgrp","epa-1005878","","","","","","","","600","904032","108484","6.1","1295622","","Industrial facility — 2022 EPA GHG Reporter. NAICS 562212. Pre-qualified high-energy solar candidate."
"Smart Papers - Hamilton Mill (1409040212)","Hamilton","OH","epa_ghgrp","epa-1005904","","","","","","","","600","904032","108484","6.1","1295622","","Pulp & paper — 2022 EPA GHG Reporter. NAICS 322121. Pre-qualified high-energy solar candidate."
"Shelby Municipal Light Plant","Shelby","OH","epa_ghgrp","epa-1006014","","","","","","","","600","904032","108484","6.1","1295622","","Power generation — 2022 EPA GHG Reporter. NAICS 221112. Pre-qualified high-energy solar candidate."
"Ohio Refining Company Llc","Oregon","OH","epa_ghgrp","epa-1006078","","","","","","","","600","904032","108484","6.1","1295622","","Petroleum refining — 2022 EPA GHG Reporter. NAICS 324110. Pre-qualified high-energy solar candidate."
"Akron Regional Landfill *","Akron","OH","epa_ghgrp","epa-1006088","","","","","","","","600","904032","108484","6.1","1295622","","Industrial facility — 2022 EPA GHG Reporter. NAICS 562212. Pre-qualified high-energy solar candidate."
"Erie County Sanitary Landfill","Milan","OH","epa_ghgrp","epa-1006103","","","","","","","","600","904032","108484","6.1","1295622","","Industrial facility — 2022 EPA GHG Reporter. NAICS 562212. Pre-qualified high-energy solar candidate."
"Anheuser Busch Inc","Columbus","OH","epa_ghgrp","epa-1006111","","","","","","","","600","904032","108484","6.1","1295622","","Industrial facility — 2022 EPA GHG Reporter. NAICS 312120. Pre-qualified high-energy solar candidate."
"Us Gypsum - Gypsum Plant","Gypsum","OH","epa_ghgrp","epa-1006123","","","","","","","","600","904032","108484","6.1","1295622","","Cement / glass — 2022 EPA GHG Reporter. NAICS 327420. Pre-qualified high-energy solar candidate."
"U.S. Air Force Wright-Patterson Afb Oh","Wpafb","OH","epa_ghgrp","epa-1006150","","","","","","","","600","904032","108484","6.1","1295622","","Industrial facility — 2022 EPA GHG Reporter. NAICS 928110. Pre-qualified high-energy solar candidate."
"Suncoke Energy Middletown Operations","Middletown","OH","epa_ghgrp","epa-1006159","","","","","","","","600","904032","108484","6.1","1295622","","Petroleum refining — 2022 EPA GHG Reporter. NAICS 324199. Pre-qualified high-energy solar candidate."
"Fairborn Cement Company Llc","Xenia","OH","epa_ghgrp","epa-1006212","","","","","","","","600","904032","108484","6.1","1295622","","Cement / glass — 2022 EPA GHG Reporter. NAICS 327310. Pre-qualified high-energy solar candidate."
"Central Waste Inc","Alliance","OH","epa_ghgrp","epa-1006294","","","","","","","","600","904032","108484","6.1","1295622","","Industrial facility — 2022 EPA GHG Reporter. NAICS 562212. Pre-qualified high-energy solar candidate."
"Eastern Gas Transmission And Storage - Washington Station (Tran)","Washington Court House","OH","epa_ghgrp","epa-1006332","","","","","","","","600","904032","108484","6.1","1295622","","Industrial facility — 2022 EPA GHG Reporter. NAICS 486210. Pre-qualified high-energy solar candidate."
"Glenwillow Landfill","Glenwillow","OH","epa_ghgrp","epa-1006345","","","","","","","","600","904032","108484","6.1","1295622","","Industrial facility — 2022 EPA GHG Reporter. NAICS 562212. Pre-qualified high-energy solar candidate."
"Pike Sanitation Inc","Waverly","OH","epa_ghgrp","epa-1006383","","","","","","","","600","904032","108484","6.1","1295622","","Industrial facility — 2022 EPA GHG Reporter. NAICS 562212. Pre-qualified high-energy solar candidate."
"Edgewater (2857)","Lorain","OH","epa_ghgrp","epa-1006471","","","","","","","","600","904032","108484","6.1","1295622","","Power generation — 2022 EPA GHG Reporter. NAICS 221112. Pre-qualified high-energy solar candidate."
"Amp-Ohio Gas Turbines Galion","Galion","OH","epa_ghgrp","epa-1006506","","","","","","","","600","904032","108484","6.1","1295622","","Power generation — 2022 EPA GHG Reporter. NAICS 221112. Pre-qualified high-energy solar candidate."
"Omega Jv2 Hamilton","Hamilton","OH","epa_ghgrp","epa-1006507","","","","","","","","600","904032","108484","6.1","1295622","","Power generation — 2022 EPA GHG Reporter. NAICS 221112. Pre-qualified high-energy solar candidate."
"Essity Operations Wausau Llc","Middletown","OH","epa_ghgrp","epa-1006558","","","","","","","","600","904032","108484","6.1","1295622","","Pulp & paper — 2022 EPA GHG Reporter. NAICS 322120. Pre-qualified high-energy solar candidate."
"Waterville Gas Company","Waterville","OH","epa_ghgrp","epa-1006635","","","","","","","","600","904032","108484","6.1","1295622","","Power generation — 2022 EPA GHG Reporter. NAICS 221210. Pre-qualified high-energy solar candidate."
"Dover Municipal Light Plant (0679010146)","Dover","OH","epa_ghgrp","epa-1006663","","","","","","","","600","904032","108484","6.1","1295622","","Power generation — 2022 EPA GHG Reporter. NAICS 221112. Pre-qualified high-energy solar candidate."
"Ngo Propane, Inc.","Newark","OH","epa_ghgrp","epa-1006676","","","","","","","","600","904032","108484","6.1","1295622","","Industrial facility — 2022 EPA GHG Reporter. NAICS 211112. Pre-qualified high-energy solar candidate."
"Troy Energy, Llc","Luckey","OH","epa_ghgrp","epa-1006715","","","","","","","","600","904032","108484","6.1","1295622","","Power generation — 2022 EPA GHG Reporter. NAICS 221112. Pre-qualified high-energy solar candidate."
"Ashtabula","Ashtabula","OH","epa_ghgrp","epa-1006751","","","","","","","","600","904032","108484","6.1","1295622","","Power generation — 2022 EPA GHG Reporter. NAICS 221112. Pre-qualified high-energy solar candidate."
"Kent State University Heating Plant (1667040085)","Kent","OH","epa_ghgrp","epa-1006759","","","","","","","","600","904032","108484","6.1","1295622","","Industrial facility — 2022 EPA GHG Reporter. NAICS 611310. Pre-qualified high-energy solar candidate."
"Apex Environmental, Llc - Sanitary Landfill (0641000223)","Amsterdam","OH","epa_ghgrp","epa-1006777","","","","","","","","600","904032","108484","6.1","1295622","","Industrial facility — 2022 EPA GHG Reporter. NAICS 562212. Pre-qualified high-energy solar candidate."
"W H Sammis","Stratton","OH","epa_ghgrp","epa-1006794","","","","","","","","600","904032","108484","6.1","1295622","","Power generation — 2022 EPA GHG Reporter. NAICS 221112. Pre-qualified high-energy solar candidate."
"R E Burger","Shadyside","OH","epa_ghgrp","epa-1006913","","","","","","","","600","904032","108484","6.1","1295622","","Power generation — 2022 EPA GHG Reporter. NAICS 221112. Pre-qualified high-energy solar candidate."
"Ohio University Lausche Heating Plant (0605010016)","Athens","OH","epa_ghgrp","epa-1006948","","","","","","","","600","904032","108484","6.1","1295622","","Industrial facility — 2022 EPA GHG Reporter. NAICS 611310. Pre-qualified high-energy solar candidate."
"Eastlake","Eastlake","OH","epa_ghgrp","epa-1006952","","","","","","","","600","904032","108484","6.1","1295622","","Power generation — 2022 EPA GHG Reporter. NAICS 221112. Pre-qualified high-energy solar candidate."
"The University Of Toledo Health Science Campus","Toledo","OH","epa_ghgrp","epa-1007142","","","","","","","","600","904032","108484","6.1","1295622","","Industrial facility — 2022 EPA GHG Reporter. NAICS 611310. Pre-qualified high-energy solar candidate."
"R. H. Gorsuch Station (0684020037)","Marietta","OH","epa_ghgrp","epa-1007185","","","","","","","","600","904032","108484","6.1","1295622","","Power generation — 2022 EPA GHG Reporter. NAICS 221112. Pre-qualified high-energy solar candidate."
"Bay Shore","Oregon","OH","epa_ghgrp","epa-1007242","","","","","","","","600","904032","108484","6.1","1295622","","Power generation — 2022 EPA GHG Reporter. NAICS 221112. Pre-qualified high-energy solar candidate."
"Carmeuse Lime Inc Millersville Operations","Millersville","OH","epa_ghgrp","epa-1007289","","","","","","","","600","904032","108484","6.1","1295622","","Cement / glass — 2022 EPA GHG Reporter. NAICS 327410. Pre-qualified high-energy solar candidate."
"Anr Pipeline Defiance Cs","Defiance","OH","epa_ghgrp","epa-1007403","","","","","","","","600","904032","108484","6.1","1295622","","Industrial facility — 2022 EPA GHG Reporter. NAICS 486210. Pre-qualified high-energy solar candidate."
"Coshocton Landfill Inc *","Coshocton","OH","epa_ghgrp","epa-1007579","","","","","","","","600","904032","108484","6.1","1295622","","Industrial facility — 2022 EPA GHG Reporter. NAICS 562212. Pre-qualified high-energy solar candidate."
"Seneca East Landfill","Republic","OH","epa_ghgrp","epa-1007613","","","","","","","","600","904032","108484","6.1","1295622","","Industrial facility — 2022 EPA GHG Reporter. NAICS 562212. Pre-qualified high-energy solar candidate."
"Gallia County Landfill *","Bidwell","OH","epa_ghgrp","epa-1007665","","","","","","","","600","904032","108484","6.1","1295622","","Industrial facility — 2022 EPA GHG Reporter. NAICS 562212. Pre-qualified high-energy solar candidate."
"Toro Energy Of Ohio - America S Landfill Gas","Waynesburg","OH","epa_ghgrp","epa-1007722","","","","","","","","600","904032","108484","6.1","1295622","","Industrial facility — 2022 EPA GHG Reporter. NAICS 562212. Pre-qualified high-energy solar candidate."
"Evergreen Recycling & Disposal","Northwood","OH","epa_ghgrp","epa-1007723","","","","","","","","600","904032","108484","6.1","1295622","","Industrial facility — 2022 EPA GHG Reporter. NAICS 562212. Pre-qualified high-energy solar candidate."
"Win Waste Innovations Of Seneca County","Fostoria","OH","epa_ghgrp","epa-1007748","","","","","","","","600","904032","108484","6.1","1295622","","Industrial facility — 2022 EPA GHG Reporter. NAICS 562212. Pre-qualified high-energy solar candidate."
"Mahoning Landfill","New Springfield","OH","epa_ghgrp","epa-1007756","","","","","","","","600","904032","108484","6.1","1295622","","Industrial facility — 2022 EPA GHG Reporter. NAICS 562212. Pre-qualified high-energy solar candidate."
"Holcim Us - Paulding Plant (Including Systech Env Corp)","Paulding","OH","epa_ghgrp","epa-1007766","","","","","","","","600","904032","108484","6.1","1295622","","Cement / glass — 2022 EPA GHG Reporter. NAICS 327310. Pre-qualified high-energy solar candidate."
"Stony Hollow Landfill Inc","Dayton","OH","epa_ghgrp","epa-1007811","","","","","","","","600","904032","108484","6.1","1295622","","Industrial facility — 2022 EPA GHG Reporter. NAICS 562212. Pre-qualified high-energy solar candidate."
"Richland Peaking Station","Defiance","OH","epa_ghgrp","epa-1007887","","","","","","","","600","904032","108484","6.1","1295622","","Power generation — 2022 EPA GHG Reporter. NAICS 221112. Pre-qualified high-energy solar candidate."
"Cuyahoga Regional Sanitary Landfill","Solon","OH","epa_ghgrp","epa-1007902","","","","","","","","600","904032","108484","6.1","1295622","","Industrial facility — 2022 EPA GHG Reporter. NAICS 562212. Pre-qualified high-energy solar candidate."
"Lake County Recycling & Disposal Facility","Chesterland","OH","epa_ghgrp","epa-1007906","","","","","","","","600","904032","108484","6.1","1295622","","Industrial facility — 2022 EPA GHG Reporter. NAICS 562212. Pre-qualified high-energy solar candidate."
"Springfield Landfill","Springfield","OH","epa_ghgrp","epa-1007945","","","","","","","","600","904032","108484","6.1","1295622","","Industrial facility — 2022 EPA GHG Reporter. NAICS 562212. Pre-qualified high-energy solar candidate."
"Mad River","Springfield","OH","epa_ghgrp","epa-1007950","","","","","","","","600","904032","108484","6.1","1295622","","Power generation — 2022 EPA GHG Reporter. NAICS 221112. Pre-qualified high-energy solar candidate."
"Lorain County Landfill I & Ii","Oberlin","OH","epa_ghgrp","epa-1007969","","","","","","","","600","904032","108484","6.1","1295622","","Industrial facility — 2022 EPA GHG Reporter. NAICS 562212. Pre-qualified high-energy solar candidate."
"Mohawk Fine Papers - Beckett Mill","Hamilton","OH","epa_ghgrp","epa-1007977","","","","","","","","600","904032","108484","6.1","1295622","","Pulp & paper — 2022 EPA GHG Reporter. NAICS 322121. Pre-qualified high-energy solar candidate."
"Countywide Recycling & Disposal Facility","East Sparta","OH","epa_ghgrp","epa-1008003","","","","","","","","600","904032","108484","6.1","1295622","","Industrial facility — 2022 EPA GHG Reporter. NAICS 562212. Pre-qualified high-energy solar candidate."
"Celina Landfill","Celina","OH","epa_ghgrp","epa-1008004","","","","","","","","600","904032","108484","6.1","1295622","","Industrial facility — 2022 EPA GHG Reporter. NAICS 562212. Pre-qualified high-energy solar candidate."
"Columbia Gas Transmission Llc Lucas Compressor Station","Lucas","OH","epa_ghgrp","epa-1008303","","","","","","","","600","904032","108484","6.1","1295622","","Industrial facility — 2022 EPA GHG Reporter. NAICS 486210. Pre-qualified high-energy solar candidate."
"Amp Fremont Energy Center","Fremont","OH","epa_ghgrp","epa-1008730","","","","","","","","600","904032","108484","6.1","1295622","","Power generation — 2022 EPA GHG Reporter. NAICS 221112. Pre-qualified high-energy solar candidate."
"Duke Energy Power Delivery Midwest","Cincinnati","OH","epa_ghgrp","epa-1009540","","","","","","","","600","904032","108484","6.1","1295622","","Power generation — 2022 EPA GHG Reporter. NAICS 221121. Pre-qualified high-energy solar candidate."
"Firstenergy Substation Group","Akron","OH","epa_ghgrp","epa-1009854","","","","","","","","600","904032","108484","6.1","1295622","","Power generation — 2022 EPA GHG Reporter. NAICS 221121. Pre-qualified high-energy solar candidate."
"Ovec\Ikec Transmission System","Piketon","OH","epa_ghgrp","epa-1009886","","","","","","","","600","904032","108484","6.1","1295622","","Power generation — 2022 EPA GHG Reporter. NAICS 221121. Pre-qualified high-energy solar candidate."
"Owens Corning Foam Insulation, Llc","Toledo","OH","epa_ghgrp","epa-1010004","","","","","","","","600","904032","108484","6.1","1295622","","Industrial facility — 2022 EPA GHG Reporter. NAICS 326140. Pre-qualified high-energy solar candidate."
"Century Mine","Beallsville","OH","epa_ghgrp","epa-1010106","","","","","","","","600","904032","108484","6.1","1295622","","Industrial facility — 2022 EPA GHG Reporter. NAICS 212115. Pre-qualified high-energy solar candidate."
"Powhatan No. 6","Alledonia","OH","epa_ghgrp","epa-1010107","","","","","","","","600","904032","108484","6.1","1295622","","Industrial facility — 2022 EPA GHG Reporter. NAICS 212112. Pre-qualified high-energy solar candidate."
"Mw Custom Paper Llc- Paint St Landfill","Chillicothe","OH","epa_ghgrp","epa-1010110","","","","","","","","600","904032","108484","6.1","1295622","","Pulp & paper — 2022 EPA GHG Reporter. NAICS 322121. Pre-qualified high-energy solar candidate."
"Cadiz Gas Processing Plant","Cadiz","OH","epa_ghgrp","epa-1010177","","","","","","","","600","904032","108484","6.1","1295622","","Industrial facility — 2022 EPA GHG Reporter. NAICS 211130. Pre-qualified high-energy solar candidate."
"Mt. Eaton Landfill","Navarre","OH","epa_ghgrp","epa-1010288","","","","","","","","600","904032","108484","6.1","1295622","","Industrial facility — 2022 EPA GHG Reporter. NAICS 562212. Pre-qualified high-energy solar candidate."
"Tgp Station 204 Albany","Albany","OH","epa_ghgrp","epa-1010500","","","","","","","","600","904032","108484","6.1","1295622","","Industrial facility — 2022 EPA GHG Reporter. NAICS 486210. Pre-qualified high-energy solar candidate."
"Marathon Petroleum Company Lp","Findlay","OH","epa_ghgrp","epa-1010539","","","","","","","","600","904032","108484","6.1","1295622","","Petroleum refining — 2022 EPA GHG Reporter. NAICS 324110. Pre-qualified high-energy solar candidate."
"Dresden Energy Facility","Dresden","OH","epa_ghgrp","epa-1010575","","","","","","","","600","904032","108484","6.1","1295622","","Power generation — 2022 EPA GHG Reporter. NAICS 221112. Pre-qualified high-energy solar candidate."
"Tunnel Hill Reclamation","New Lexington","OH","epa_ghgrp","epa-1010596","","","","","","","","600","904032","108484","6.1","1295622","","Industrial facility — 2022 EPA GHG Reporter. NAICS 562212. Pre-qualified high-energy solar candidate."
"Dominion Energy Ohio - Chippewa Station (Stor)","Doylestown","OH","epa_ghgrp","epa-1010623","","","","","","","","600","904032","108484","6.1","1295622","","Power generation — 2022 EPA GHG Reporter. NAICS 221210. Pre-qualified high-energy solar candidate."
"Royalton Road Sanitary Landfill","Broadview Heights","OH","epa_ghgrp","epa-1010671","","","","","","","","600","904032","108484","6.1","1295622","","Industrial facility — 2022 EPA GHG Reporter. NAICS 562212. Pre-qualified high-energy solar candidate."
"Hopedale Fractionation Facility","Jewett","OH","epa_ghgrp","epa-1010771","","","","","","","","600","904032","108484","6.1","1295622","","Industrial facility — 2022 EPA GHG Reporter. NAICS 211130. Pre-qualified high-energy solar candidate."
"Seneca Gas Processing Plant","Summerfield","OH","epa_ghgrp","epa-1010772","","","","","","","","600","904032","108484","6.1","1295622","","Industrial facility — 2022 EPA GHG Reporter. NAICS 211130. Pre-qualified high-energy solar candidate."
"Consumers Gas Cooperative","Orrville","OH","epa_ghgrp","epa-1010947","","","","","","","","600","904032","108484","6.1","1295622","","Power generation — 2022 EPA GHG Reporter. NAICS 221210. Pre-qualified high-energy solar candidate."
"Upper Hill","Sarahsville","OH","epa_ghgrp","epa-1010988","","","","","","","","600","904032","108484","6.1","1295622","","Industrial facility — 2022 EPA GHG Reporter. NAICS 211111. Pre-qualified high-energy solar candidate."
"Reusser","Lewisville","OH","epa_ghgrp","epa-1010989","","","","","","","","600","904032","108484","6.1","1295622","","Industrial facility — 2022 EPA GHG Reporter. NAICS 211111. Pre-qualified high-energy solar candidate."
"Carrollton Compressor Station","Carrollton","OH","epa_ghgrp","epa-1011112","","","","","","","","600","904032","108484","6.1","1295622","","Industrial facility — 2022 EPA GHG Reporter. NAICS 211111. Pre-qualified high-energy solar candidate."
"Athens-Hocking Landfill, Inc.","Nelsonville","OH","epa_ghgrp","epa-1011217","","","","","","","","600","904032","108484","6.1","1295622","","Industrial facility — 2022 EPA GHG Reporter. NAICS 562212. Pre-qualified high-energy solar candidate."
"Knox Energy Cooperative Association, Inc.","Canton","OH","epa_ghgrp","epa-1011230","","","","","","","","600","904032","108484","6.1","1295622","","Power generation — 2022 EPA GHG Reporter. NAICS 221210. Pre-qualified high-energy solar candidate."
"Gulfport Energy Corp","St. Clairsville","OH","epa_ghgrp","epa-1011239","","","","","","","","600","904032","108484","6.1","1295622","","Industrial facility — 2022 EPA GHG Reporter. NAICS 211111. Pre-qualified high-energy solar candidate."
"Southerly Wastewater Treatment Center","Cuyahoga Heights","OH","epa_ghgrp","epa-1011263","","","","","","","","600","904032","108484","6.1","1295622","","Power generation — 2022 EPA GHG Reporter. NAICS 221320. Pre-qualified high-energy solar candidate."
"Harrison Hub Fractionation Plant","Scio","OH","epa_ghgrp","epa-1011270","","","","","","","","600","904032","108484","6.1","1295622","","Industrial facility — 2022 EPA GHG Reporter. NAICS 211130. Pre-qualified high-energy solar candidate."
"Kensington Cryogenic Processing Plant","Kensington","OH","epa_ghgrp","epa-1011274","","","","","","","","600","904032","108484","6.1","1295622","","Industrial facility — 2022 EPA GHG Reporter. NAICS 211130. Pre-qualified high-energy solar candidate."
"Archer Compressor Station","Cadiz","OH","epa_ghgrp","epa-1011436","","","","","","","","600","904032","108484","6.1","1295622","","Industrial facility — 2022 EPA GHG Reporter. NAICS 211111. Pre-qualified high-energy solar candidate."
"Kilgore Compressor Station","Carroll","OH","epa_ghgrp","epa-1011437","","","","","","","","600","904032","108484","6.1","1295622","","Industrial facility — 2022 EPA GHG Reporter. NAICS 211111. Pre-qualified high-energy solar candidate."
"Scio Compressor Station","Scio","OH","epa_ghgrp","epa-1011438","","","","","","","","600","904032","108484","6.1","1295622","","Industrial facility — 2022 EPA GHG Reporter. NAICS 211111. Pre-qualified high-energy solar candidate."
"Batesville","Quaker City","OH","epa_ghgrp","epa-1011439","","","","","","","","600","904032","108484","6.1","1295622","","Industrial facility — 2022 EPA GHG Reporter. NAICS 211111. Pre-qualified high-energy solar candidate."
"Augusta Compressor Facility","Carroll","OH","epa_ghgrp","epa-1011444","","","","","","","","600","904032","108484","6.1","1295622","","Industrial facility — 2022 EPA GHG Reporter. NAICS 211111. Pre-qualified high-energy solar candidate."
"Crum","Senecaville","OH","epa_ghgrp","epa-1011474","","","","","","","","600","904032","108484","6.1","1295622","","Industrial facility — 2022 EPA GHG Reporter. NAICS 211111. Pre-qualified high-energy solar candidate."
"Tri-County Compressor Station","Barnesville","OH","epa_ghgrp","epa-1011668","","","","","","","","600","904032","108484","6.1","1295622","","Industrial facility — 2022 EPA GHG Reporter. NAICS 211112. Pre-qualified high-energy solar candidate."
"Eureka Midstream, Llc","Marietta","OH","epa_ghgrp","epa-1011702","","","","","","","","600","904032","108484","6.1","1295622","","Industrial facility — 2022 EPA GHG Reporter. NAICS 211130. Pre-qualified high-energy solar candidate."
"Gulfport Energy Appalachian Basin 160-A Eastern Overthrust Region","St. Clairsville","OH","epa_ghgrp","epa-1011706","","","","","","","","600","904032","108484","6.1","1295622","","Industrial facility — 2022 EPA GHG Reporter. NAICS 211130. Pre-qualified high-energy solar candidate."
"Chandlersville Compressor Station","Philo","OH","epa_ghgrp","epa-1011818","","","","","","","","600","904032","108484","6.1","1295622","","Industrial facility — 2022 EPA GHG Reporter. NAICS 486210. Pre-qualified high-energy solar candidate."
"Seneca Compressor Station","Quaker City","OH","epa_ghgrp","epa-1011820","","","","","","","","600","904032","108484","6.1","1295622","","Industrial facility — 2022 EPA GHG Reporter. NAICS 486210. Pre-qualified high-energy solar candidate."
"Humphreys Compressor Station","Barnesville","OH","epa_ghgrp","epa-1011918","","","","","","","","600","904032","108484","6.1","1295622","","Industrial facility — 2022 EPA GHG Reporter. NAICS 211111. Pre-qualified high-energy solar candidate."
"Barnesville West Compressor Station","Barnesville","OH","epa_ghgrp","epa-1011921","","","","","","","","600","904032","108484","6.1","1295622","","Industrial facility — 2022 EPA GHG Reporter. NAICS 211111. Pre-qualified high-energy solar candidate."
"Morristown Compressor Station","Union Township","OH","epa_ghgrp","epa-1011922","","","","","","","","600","904032","108484","6.1","1295622","","Industrial facility — 2022 EPA GHG Reporter. NAICS 211111. Pre-qualified high-energy solar candidate."
"Arrowhead Compressor Station","Flushing","OH","epa_ghgrp","epa-1011929","","","","","","","","600","904032","108484","6.1","1295622","","Industrial facility — 2022 EPA GHG Reporter. NAICS 211111. Pre-qualified high-energy solar candidate."
"Harrison West Compressor Station","Freeport","OH","epa_ghgrp","epa-1011938","","","","","","","","600","904032","108484","6.1","1295622","","Industrial facility — 2022 EPA GHG Reporter. NAICS 211111. Pre-qualified high-energy solar candidate."
"Utica Condensate Stabilization Facility","Cadiz","OH","epa_ghgrp","epa-1011967","","","","","","","","600","904032","108484","6.1","1295622","","Industrial facility — 2022 EPA GHG Reporter. NAICS 211130. Pre-qualified high-energy solar candidate."
"Westrock","Cincinnati","OH","epa_ghgrp","epa-1012002","","","","","","","","600","904032","108484","6.1","1295622","","Pulp & paper — 2022 EPA GHG Reporter. NAICS 322130. Pre-qualified high-energy solar candidate."
"Blue Racer Midstream Llc - Berne Plant","Lewisville","OH","epa_ghgrp","epa-1012023","","","","","","","","600","904032","108484","6.1","1295622","","Industrial facility — 2022 EPA GHG Reporter. NAICS 211130. Pre-qualified high-energy solar candidate."
"Leesville Cryogenic Processing Plant","Dennison","OH","epa_ghgrp","epa-1012049","","","","","","","","600","904032","108484","6.1","1295622","","Industrial facility — 2022 EPA GHG Reporter. NAICS 211112. Pre-qualified high-energy solar candidate."
"Ccu Coal And Construction Llc","Glouster","OH","epa_ghgrp","epa-1012109","","","","","","","","600","904032","108484","6.1","1295622","","Industrial facility — 2022 EPA GHG Reporter. NAICS 212112. Pre-qualified high-energy solar candidate."
"Dominion Energy Ohio - Switzerland Station (Tran)","Powhatan Point","OH","epa_ghgrp","epa-1012141","","","","","","","","600","904032","108484","6.1","1295622","","Power generation — 2022 EPA GHG Reporter. NAICS 221210. Pre-qualified high-energy solar candidate."
"Dominion Energy Ohio - Appalachian Basin (Gath)","Cleveland","OH","epa_ghgrp","epa-1012142","","","","","","","","600","904032","108484","6.1","1295622","","Industrial facility — 2022 EPA GHG Reporter. NAICS 486210. Pre-qualified high-energy solar candidate."
"Northeast Ohio Natural Gas","Pleasantville","OH","epa_ghgrp","epa-1012379","","","","","","","","600","904032","108484","6.1","1295622","","Power generation — 2022 EPA GHG Reporter. NAICS 221210. Pre-qualified high-energy solar candidate."
"Glen Karn","Hollansburg","OH","epa_ghgrp","epa-1012382","","","","","","","","600","904032","108484","6.1","1295622","","Industrial facility — 2022 EPA GHG Reporter. NAICS 486210. Pre-qualified high-energy solar candidate."
"Columbus Compressor Station","Ashville","OH","epa_ghgrp","epa-1012920","","","","","","","","600","904032","108484","6.1","1295622","","Industrial facility — 2022 EPA GHG Reporter. NAICS 486210. Pre-qualified high-energy solar candidate."
"Washington Court House Compressor Station","Washington Court House","OH","epa_ghgrp","epa-1012921","","","","","","","","600","904032","108484","6.1","1295622","","Industrial facility — 2022 EPA GHG Reporter. NAICS 486210. Pre-qualified high-energy solar candidate."
"Oregon Clean Energy Center","Oregon","OH","epa_ghgrp","epa-1012932","","","","","","","","600","904032","108484","6.1","1295622","","Power generation — 2022 EPA GHG Reporter. NAICS 221112. Pre-qualified high-energy solar candidate."
"Eastern Gas Transmission And Storage - Mullet Station (Tran)","Switzerland Twp","OH","epa_ghgrp","epa-1012944","","","","","","","","600","904032","108484","6.1","1295622","","Power generation — 2022 EPA GHG Reporter. NAICS 221210. Pre-qualified high-energy solar candidate."
"Eastern Gas Transmission And Storage - Carroll Station (Tran)","Carrollton","OH","epa_ghgrp","epa-1012961","","","","","","","","600","904032","108484","6.1","1295622","","Industrial facility — 2022 EPA GHG Reporter. NAICS 486210. Pre-qualified high-energy solar candidate."
"Alliance Petroleum Corporation","Canton","OH","epa_ghgrp","epa-1012999","","","","","","","","600","904032","108484","6.1","1295622","","Industrial facility — 2022 EPA GHG Reporter. NAICS 211130. Pre-qualified high-energy solar candidate."
"Dgoc 160 Production","Deerfield","OH","epa_ghgrp","epa-1013035","","","","","","","","600","904032","108484","6.1","1295622","","Industrial facility — 2022 EPA GHG Reporter. NAICS 211130. Pre-qualified high-energy solar candidate."
"Plasma Compressor Station","Clarington","OH","epa_ghgrp","epa-1013048","","","","","","","","600","904032","108484","6.1","1295622","","Industrial facility — 2022 EPA GHG Reporter. NAICS 486210. Pre-qualified high-energy solar candidate."
"Carroll County Energy, Llc","Washington Township","OH","epa_ghgrp","epa-1013063","","","","","","","","600","904032","108484","6.1","1295622","","Power generation — 2022 EPA GHG Reporter. NAICS 221112. Pre-qualified high-energy solar candidate."
"Dgoc 160 Boosting And Gathering","Deerfield","OH","epa_ghgrp","epa-1013064","","","","","","","","600","904032","108484","6.1","1295622","","Industrial facility — 2022 EPA GHG Reporter. NAICS 211130. Pre-qualified high-energy solar candidate."
"Alliance Petroleum Corporation, Gathering And Boosting Assets 160a","Canton","OH","epa_ghgrp","epa-1013096","","","","","","","","600","904032","108484","6.1","1295622","","Industrial facility — 2022 EPA GHG Reporter. NAICS 213112. Pre-qualified high-energy solar candidate."
"Texas Gas Transmission - Harrison Station","Harrison","OH","epa_ghgrp","epa-1013105","","","","","","","","600","904032","108484","6.1","1295622","","Industrial facility — 2022 EPA GHG Reporter. NAICS 486210. Pre-qualified high-energy solar candidate."
"Rover - Mainline Cs #1","Sherrodsville","OH","epa_ghgrp","epa-1013192","","","","","","","","600","904032","108484","6.1","1295622","","Industrial facility — 2022 EPA GHG Reporter. NAICS 486210. Pre-qualified high-energy solar candidate."
"Rover - Mainline Cs #2","Wooster","OH","epa_ghgrp","epa-1013193","","","","","","","","600","904032","108484","6.1","1295622","","Industrial facility — 2022 EPA GHG Reporter. NAICS 486210. Pre-qualified high-energy solar candidate."
"Rover - Mainline Cs #3","Bloomville","OH","epa_ghgrp","epa-1013194","","","","","","","","600","904032","108484","6.1","1295622","","Industrial facility — 2022 EPA GHG Reporter. NAICS 486210. Pre-qualified high-energy solar candidate."
"Cadiz Compressor Station","Cadiz","OH","epa_ghgrp","epa-1013201","","","","","","","","600","904032","108484","6.1","1295622","","Industrial facility — 2022 EPA GHG Reporter. NAICS 486210. Pre-qualified high-energy solar candidate."
"Middletown Energy Center","Middletown","OH","epa_ghgrp","epa-1013248","","","","","","","","600","904032","108484","6.1","1295622","","Power generation — 2022 EPA GHG Reporter. NAICS 221112. Pre-qualified high-energy solar candidate."
"Lordstown Energy Center","Warren","OH","epa_ghgrp","epa-1013257","","","","","","","","600","904032","108484","6.1","1295622","","Power generation — 2022 EPA GHG Reporter. NAICS 221112. Pre-qualified high-energy solar candidate."
"Encino Energy (Eap Ohio Llc)","Carrollton","OH","epa_ghgrp","epa-1013283","","","","","","","","600","904032","108484","6.1","1295622","","Industrial facility — 2022 EPA GHG Reporter. NAICS 211130. Pre-qualified high-energy solar candidate."
"Columbia Gas Transmission, Llc-Summerfield Compressor Station","Sarahsville","OH","epa_ghgrp","epa-1013312","","","","","","","","600","904032","108484","6.1","1295622","","Industrial facility — 2022 EPA GHG Reporter. NAICS 486210. Pre-qualified high-energy solar candidate."
"Columbia Gas Transmission Llc - Oak Hill Compressor Station","Oak Hill","OH","epa_ghgrp","epa-1013320","","","","","","","","600","904032","108484","6.1","1295622","","Industrial facility — 2022 EPA GHG Reporter. NAICS 486210. Pre-qualified high-energy solar candidate."
"Triad Hunter","Marietta","OH","epa_ghgrp","epa-1013390","","","","","","","","600","904032","108484","6.1","1295622","","Industrial facility — 2022 EPA GHG Reporter. NAICS 211130. Pre-qualified high-energy solar candidate."
"Procter & Gamble Mason Business Center","Mason","OH","epa_ghgrp","epa-1013537","","","","","","","","600","904032","108484","6.1","1295622","","Industrial facility — 2022 EPA GHG Reporter. NAICS 541715. Pre-qualified high-energy solar candidate."
"Salineville","Salineville","OH","epa_ghgrp","epa-1013660","","","","","","","","600","904032","108484","6.1","1295622","","Industrial facility — 2022 EPA GHG Reporter. NAICS 486210. Pre-qualified high-energy solar candidate."
"Wadsworth","Seville","OH","epa_ghgrp","epa-1013667","","","","","","","","600","904032","108484","6.1","1295622","","Industrial facility — 2022 EPA GHG Reporter. NAICS 486210. Pre-qualified high-energy solar candidate."
"Berne","Lewisville","OH","epa_ghgrp","epa-1013668","","","","","","","","600","904032","108484","6.1","1295622","","Industrial facility — 2022 EPA GHG Reporter. NAICS 486210. Pre-qualified high-energy solar candidate."
"Sofidel America","Circleville","OH","epa_ghgrp","epa-1013683","","","","","","","","600","904032","108484","6.1","1295622","","Pulp & paper — 2022 EPA GHG Reporter. NAICS 322291. Pre-qualified high-energy solar candidate."
"Colerain","Dillonvale","OH","epa_ghgrp","epa-1013702","","","","","","","","600","904032","108484","6.1","1295622","","Industrial facility — 2022 EPA GHG Reporter. NAICS 486210. Pre-qualified high-energy solar candidate."
"Hanoverton","Kensington","OH","epa_ghgrp","epa-1013703","","","","","","","","600","904032","108484","6.1","1295622","","Industrial facility — 2022 EPA GHG Reporter. NAICS 486210. Pre-qualified high-energy solar candidate."
"Clyde","Clyde","OH","epa_ghgrp","epa-1013705","","","","","","","","600","904032","108484","6.1","1295622","","Industrial facility — 2022 EPA GHG Reporter. NAICS 486210. Pre-qualified high-energy solar candidate."
"Dominion Energy Ohio - Transmission Pipelines (Tpl)","Cleveland","OH","epa_ghgrp","epa-1013773","","","","","","","","600","904032","108484","6.1","1295622","","Power generation — 2022 EPA GHG Reporter. NAICS 221210. Pre-qualified high-energy solar candidate."
"Pratt Paper (Oh) Llc","Wapakoneta","OH","epa_ghgrp","epa-1013880","","","","","","","","600","904032","108484","6.1","1295622","","Pulp & paper — 2022 EPA GHG Reporter. NAICS 322120. Pre-qualified high-energy solar candidate."
"Nsg Glass North America, Inc.","Luckey","OH","epa_ghgrp","epa-1014280","","","","","","","","600","904032","108484","6.1","1295622","","Cement / glass — 2022 EPA GHG Reporter. NAICS 327211. Pre-qualified high-energy solar candidate."
"South Field Energy","Wellsville","OH","epa_ghgrp","epa-1014284","","","","","","","","600","904032","108484","6.1","1295622","","Power generation — 2022 EPA GHG Reporter. NAICS 221112. Pre-qualified high-energy solar candidate."
"Long Ridge Energy Generation","Hannibal","OH","epa_ghgrp","epa-1014297","","","","","","","","600","904032","108484","6.1","1295622","","Power generation — 2022 EPA GHG Reporter. NAICS 221112. Pre-qualified high-energy solar candidate."
"Dominion Energy Ohio - Appalachian Basin Eastern Overthrust (Gath)","Cleveland","OH","epa_ghgrp","epa-1014503","","","","","","","","600","904032","108484","6.1","1295622","","Industrial facility — 2022 EPA GHG Reporter. NAICS 486210. Pre-qualified high-energy solar candidate."
"Medical Center Company","Cleveland","OH","osm_industrial","osm-108756514","","","","","","","","600","904032","108484","6.1","1295622","","Industrial building. Roof-suitable for rooftop PV. Verify ownership + contact before outreach."
"Service Building","Cleveland","OH","osm_industrial","osm-108756517","","","","","","","","600","904032","108484","6.1","1295622","","Industrial building. Roof-suitable for rooftop PV. Verify ownership + contact before outreach."
"Estabrook Corporation","Berea","OH","osm_industrial","osm-181602148","","","","","","","","600","904032","108484","6.1","1295622","","Industrial building. Roof-suitable for rooftop PV. Verify ownership + contact before outreach."
"Bloch Building","Cleveland","OH","osm_industrial","osm-245147313","","","","","","","","600","904032","108484","6.1","1295622","","Industrial building. Roof-suitable for rooftop PV. Verify ownership + contact before outreach."
"The Lincoln Electric Company","Cleveland","OH","osm_industrial","osm-262308411","","","","","","","","600","904032","108484","6.1","1295622","","Industrial building. Roof-suitable for rooftop PV. Verify ownership + contact before outreach."
"Philips","Cleveland","OH","osm_industrial","osm-264311361","","","","","","","","600","904032","108484","6.1","1295622","","Industrial building. Roof-suitable for rooftop PV. Verify ownership + contact before outreach."
"Progressive","Cleveland","OH","osm_industrial","osm-264311362","","","","","","","","600","904032","108484","6.1","1295622","","Industrial building. Roof-suitable for rooftop PV. Verify ownership + contact before outreach."
"Lake Business Products","Highland Heights","OH","osm_industrial","osm-264311363","","","","","","","","600","904032","108484","6.1","1295622","","Industrial building. Roof-suitable for rooftop PV. Verify ownership + contact before outreach."
"S G Morris Co.","Highland Heights","OH","osm_industrial","osm-264311365","","","","","","","","600","904032","108484","6.1","1295622","","Industrial building. Roof-suitable for rooftop PV. Verify ownership + contact before outreach."
"General Metal Heat Treating","Cleveland","OH","osm_industrial","osm-294118019","","","","","","","","600","904032","108484","6.1","1295622","","Industrial building. Roof-suitable for rooftop PV. Verify ownership + contact before outreach."
"Ohio State Home Services Inc.","Cleveland","OH","osm_industrial","osm-299600949","","","","","","","","600","904032","108484","6.1","1295622","","Industrial building. Roof-suitable for rooftop PV. Verify ownership + contact before outreach."
"Superfinishers Inc.","Cleveland","OH","osm_industrial","osm-299600950","","","","","","","","600","904032","108484","6.1","1295622","","Industrial building. Roof-suitable for rooftop PV. Verify ownership + contact before outreach."
"American Sign Products Inc.","Cleveland","OH","osm_industrial","osm-299600951","","","","","","","","600","904032","108484","6.1","1295622","","Industrial building. Roof-suitable for rooftop PV. Verify ownership + contact before outreach."
"Specialty Magnetics Llc","Macedonia","OH","osm_industrial","osm-299600964","","","","","","","","600","904032","108484","6.1","1295622","","Industrial building. Roof-suitable for rooftop PV. Verify ownership + contact before outreach."
"Salt Storage","Cleveland","OH","osm_industrial","osm-300727652","","","","","","","","600","904032","108484","6.1","1295622","","Industrial building. Roof-suitable for rooftop PV. Verify ownership + contact before outreach."
"Wingfoot Walton Hills","Cleveland","OH","osm_industrial","osm-319277015","","","","","","","","600","904032","108484","6.1","1295622","","Industrial building. Roof-suitable for rooftop PV. Verify ownership + contact before outreach."
"Aclara","Solon","OH","osm_industrial","osm-342593685","","","","","","","","600","904032","108484","6.1","1295622","","Industrial building. Roof-suitable for rooftop PV. Verify ownership + contact before outreach."
"Corner Stone Business Park","Cleveland","OH","osm_industrial","osm-360736979","","","","","","","","600","904032","108484","6.1","1295622","","Industrial building. Roof-suitable for rooftop PV. Verify ownership + contact before outreach."
"General Electric Company","Cleveland","OH","osm_industrial","osm-392870325","","","","","","","","600","904032","108484","6.1","1295622","","Industrial building. Roof-suitable for rooftop PV. Verify ownership + contact before outreach."
"Ford Ohio Assembly Plant","Avon Lake","OH","osm_industrial","osm-401709727","","","","","","","","600","904032","108484","6.1","1295622","","Industrial building. Roof-suitable for rooftop PV. Verify ownership + contact before outreach."
"East Pierhead","Cleveland","OH","osm_industrial","osm-414659022","","","","","","","","600","904032","108484","6.1","1295622","","Port building. Roof-suitable for rooftop PV. Verify ownership + contact before outreach."
"West Pierhead","Cleveland","OH","osm_industrial","osm-414659281","","","","","","","","600","904032","108484","6.1","1295622","","Port building. Roof-suitable for rooftop PV. Verify ownership + contact before outreach."
"Junk Yard","Cleveland","OH","osm_industrial","osm-423907197","","","","","","","","600","904032","108484","6.1","1295622","","Industrial building. Roof-suitable for rooftop PV. Verify ownership + contact before outreach."
"Pull-A-Part","Cleveland","OH","osm_industrial","osm-424078603","","","","","","","","600","904032","108484","6.1","1295622","","Industrial building. Roof-suitable for rooftop PV. Verify ownership + contact before outreach."
"Wagner Rustproofing","Cleveland","OH","osm_industrial","osm-427066900","","","","","","","","600","904032","108484","6.1","1295622","","Industrial building. Roof-suitable for rooftop PV. Verify ownership + contact before outreach."
"Cleveland Lumber Company","Cleveland","OH","osm_industrial","osm-428731354","","","","","","","","600","904032","108484","6.1","1295622","","Industrial building. Roof-suitable for rooftop PV. Verify ownership + contact before outreach."
"Cleveland Thermal","Cleveland","OH","osm_industrial","osm-429729038","","","","","","","","600","904032","108484","6.1","1295622","","Industrial building. Roof-suitable for rooftop PV. Verify ownership + contact before outreach."
"Natural Gas Pump","Cleveland","OH","osm_industrial","osm-442873424","","","","","","","","600","904032","108484","6.1","1295622","","Industrial building. Roof-suitable for rooftop PV. Verify ownership + contact before outreach."
"Waste Management","Cleveland","OH","osm_industrial","osm-449288815","","","","","","","","600","904032","108484","6.1","1295622","","Industrial building. Roof-suitable for rooftop PV. Verify ownership + contact before outreach."
"Lubrizol Corp.","Cleveland","OH","osm_industrial","osm-452146976","","","","","","","","600","904032","108484","6.1","1295622","","Chemical building. Roof-suitable for rooftop PV. Verify ownership + contact before outreach."
"Aggcorp","Euclid","OH","osm_industrial","osm-452934609","","","","","","","","600","904032","108484","6.1","1295622","","Industrial building. Roof-suitable for rooftop PV. Verify ownership + contact before outreach."
"Drivetime","Euclid","OH","osm_industrial","osm-453426777","","","","","","","","600","904032","108484","6.1","1295622","","Industrial building. Roof-suitable for rooftop PV. Verify ownership + contact before outreach."
"Hgr Industrial Surplus","Euclid","OH","osm_industrial","osm-453426778","","","","","","","","600","904032","108484","6.1","1295622","","Industrial building. Roof-suitable for rooftop PV. Verify ownership + contact before outreach."
"H. C. Starck","Cleveland","OH","osm_industrial","osm-453426780","","","","","","","","600","904032","108484","6.1","1295622","","Industrial building. Roof-suitable for rooftop PV. Verify ownership + contact before outreach."
"United States Steel Corporation","Cleveland","OH","osm_industrial","osm-460116728","","","","","","","","600","904032","108484","6.1","1295622","","Metal_processing building. Roof-suitable for rooftop PV. Verify ownership + contact before outreach."
"Duck Tape World Headquarters","Westlake","OH","osm_industrial","osm-460117605","","","","","","","","600","904032","108484","6.1","1295622","","Industrial building. Roof-suitable for rooftop PV. Verify ownership + contact before outreach."
"Bluestone Business Center 1","Euclid","OH","osm_industrial","osm-462430281","","","","","","","","600","904032","108484","6.1","1295622","","Industrial building. Roof-suitable for rooftop PV. Verify ownership + contact before outreach."
"Pike Machine Products Co.","Euclid","OH","osm_industrial","osm-462676203","","","","","","","","600","904032","108484","6.1","1295622","","Industrial building. Roof-suitable for rooftop PV. Verify ownership + contact before outreach."
"Automation Center","Euclid","OH","osm_industrial","osm-462678395","","","","","","","","600","904032","108484","6.1","1295622","","Industrial building. Roof-suitable for rooftop PV. Verify ownership + contact before outreach."
"Service Parts","Cleveland","OH","osm_industrial","osm-462678396","","","","","","","","600","904032","108484","6.1","1295622","","Industrial building. Roof-suitable for rooftop PV. Verify ownership + contact before outreach."
"Global Headquarters","Euclid","OH","osm_industrial","osm-462678397","","","","","","","","600","904032","108484","6.1","1295622","","Industrial building. Roof-suitable for rooftop PV. Verify ownership + contact before outreach."
"Zagar Inc.","Euclid","OH","osm_industrial","osm-462678407","","","","","","","","600","904032","108484","6.1","1295622","","Machine_shop building. Roof-suitable for rooftop PV. Verify ownership + contact before outreach."
"Cleveland Flame Hardening Inc.","Cleveland","OH","osm_industrial","osm-462678418","","","","","","","","600","904032","108484","6.1","1295622","","Industrial building. Roof-suitable for rooftop PV. Verify ownership + contact before outreach."
"Tylok International","Cleveland","OH","osm_industrial","osm-462678427","","","","","","","","600","904032","108484","6.1","1295622","","Industrial building. Roof-suitable for rooftop PV. Verify ownership + contact before outreach."
"Tylok International","Cleveland","OH","osm_industrial","osm-462678429","","","","","","","","600","904032","108484","6.1","1295622","","Industrial building. Roof-suitable for rooftop PV. Verify ownership + contact before outreach."
"Tylok","Euclid","OH","osm_industrial","osm-462678430","","","","","","","","600","904032","108484","6.1","1295622","","Industrial building. Roof-suitable for rooftop PV. Verify ownership + contact before outreach."
"Tri-Weld","Cleveland","OH","osm_industrial","osm-463010414","","","","","","","","600","904032","108484","6.1","1295622","","Industrial building. Roof-suitable for rooftop PV. Verify ownership + contact before outreach."
"Jergens","Cleveland","OH","osm_industrial","osm-463234782","","","","","","","","600","904032","108484","6.1","1295622","","Industrial building. Roof-suitable for rooftop PV. Verify ownership + contact before outreach."
"Kowalski Heat Treating","Cleveland","OH","osm_industrial","osm-463880218","","","","","","","","600","904032","108484","6.1","1295622","","Industrial building. Roof-suitable for rooftop PV. Verify ownership + contact before outreach."
"Wm. Sopko & Sons Inc.","Euclid","OH","osm_industrial","osm-465310189","","","","","","","","600","904032","108484","6.1","1295622","","Industrial building. Roof-suitable for rooftop PV. Verify ownership + contact before outreach."
"Stamco Industries, Inc.","Cleveland","OH","osm_industrial","osm-465310191","","","","","","","","600","904032","108484","6.1","1295622","","Industrial building. Roof-suitable for rooftop PV. Verify ownership + contact before outreach."
"Simmers Crane","Euclid","OH","osm_industrial","osm-465310193","","","","","","","","600","904032","108484","6.1","1295622","","Industrial building. Roof-suitable for rooftop PV. Verify ownership + contact before outreach."
"Euclid Welding Inc.","Euclid","OH","osm_industrial","osm-465310194","","","","","","","","600","904032","108484","6.1","1295622","","Industrial building. Roof-suitable for rooftop PV. Verify ownership + contact before outreach."
"Sc Industries, Inc.","Euclid","OH","osm_industrial","osm-477193808","","","","","","","","600","904032","108484","6.1","1295622","","Industrial building. Roof-suitable for rooftop PV. Verify ownership + contact before outreach."
"United Pipe & Steel","Elyria","OH","osm_industrial","osm-479569322","","","","","","","","600","904032","108484","6.1","1295622","","Industrial building. Roof-suitable for rooftop PV. Verify ownership + contact before outreach."
"Lincoln Electric Global Distribution Center","Euclid","OH","osm_industrial","osm-480287178","","","","","","","","600","904032","108484","6.1","1295622","","Industrial building. Roof-suitable for rooftop PV. Verify ownership + contact before outreach."
"Amd Plastics","Euclid","OH","osm_industrial","osm-481456578","","","","","","","","600","904032","108484","6.1","1295622","","Industrial building. Roof-suitable for rooftop PV. Verify ownership + contact before outreach."
"Htg Thermal Treatment Center Inc.","Wickliffe","OH","osm_industrial","osm-481456580","","","","","","","","600","904032","108484","6.1","1295622","","Industrial building. Roof-suitable for rooftop PV. Verify ownership + contact before outreach."
"Umicore Specialty Materials Recycling Llc","Wickliffe","OH","osm_industrial","osm-481456582","","","","","","","","600","904032","108484","6.1","1295622","","Industrial building. Roof-suitable for rooftop PV. Verify ownership + contact before outreach."
"Bluestone Business Park","Cleveland","OH","osm_industrial","osm-481456585","","","","","","","","600","904032","108484","6.1","1295622","","Industrial building. Roof-suitable for rooftop PV. Verify ownership + contact before outreach."
"Bluestone Business Center 2","Euclid","OH","osm_industrial","osm-481456586","","","","","","","","600","904032","108484","6.1","1295622","","Industrial building. Roof-suitable for rooftop PV. Verify ownership + contact before outreach."
"Lake Erie Abrasive & Tool","Euclid","OH","osm_industrial","osm-481468172","","","","","","","","600","904032","108484","6.1","1295622","","Industrial building. Roof-suitable for rooftop PV. Verify ownership + contact before outreach."
"K & G Machine Company","Euclid","OH","osm_industrial","osm-483795079","","","","","","","","600","904032","108484","6.1","1295622","","Industrial building. Roof-suitable for rooftop PV. Verify ownership + contact before outreach."
"Lanly Company","Euclid","OH","osm_industrial","osm-483795081","","","","","","","","600","904032","108484","6.1","1295622","","Industrial building. Roof-suitable for rooftop PV. Verify ownership + contact before outreach."
"Lakeshore Electric Corporation","Cleveland","OH","osm_industrial","osm-485597904","","","","","","","","600","904032","108484","6.1","1295622","","Industrial building. Roof-suitable for rooftop PV. Verify ownership + contact before outreach."
"84"" Hot Strip Mill","Cleveland","OH","osm_industrial","osm-487467560","","","","","","","","600","904032","108484","6.1","1295622","","Industrial building. Roof-suitable for rooftop PV. Verify ownership + contact before outreach."
"Bp Pipelines Bradley Road","Cleveland","OH","osm_industrial","osm-490435812","","","","","","","","600","904032","108484","6.1","1295622","","Industrial building. Roof-suitable for rooftop PV. Verify ownership + contact before outreach."
"Mill Aisle","Cleveland","OH","osm_industrial","osm-491416069","","","","","","","","600","904032","108484","6.1","1295622","","Industrial building. Roof-suitable for rooftop PV. Verify ownership + contact before outreach."
"Maroon Group Hq","Avon","OH","osm_industrial","osm-494514981","","","","","","","","600","904032","108484","6.1","1295622","","Industrial building. Roof-suitable for rooftop PV. Verify ownership + contact before outreach."
"L&W Engineering - Plant 8","Avon","OH","osm_industrial","osm-494514984","","","","","","","","600","904032","108484","6.1","1295622","","Industrial building. Roof-suitable for rooftop PV. Verify ownership + contact before outreach."
"Bearing Technologies","Avon","OH","osm_industrial","osm-494514987","","","","","","","","600","904032","108484","6.1","1295622","","Industrial building. Roof-suitable for rooftop PV. Verify ownership + contact before outreach."
"Avon Lake Sheet Metal","Avon Lake","OH","osm_industrial","osm-494953588","","","","","","","","600","904032","108484","6.1","1295622","","Industrial building. Roof-suitable for rooftop PV. Verify ownership + contact before outreach."
"Reliacheck Manufacturing","Avon Lake","OH","osm_industrial","osm-494953590","","","","","","","","600","904032","108484","6.1","1295622","","Industrial building. Roof-suitable for rooftop PV. Verify ownership + contact before outreach."
"Universal Metal Products Inc.","Wickliffe","OH","osm_industrial","osm-496527434","","","","","","","","600","904032","108484","6.1","1295622","","Industrial building. Roof-suitable for rooftop PV. Verify ownership + contact before outreach."
"Universal Metal Products Inc.","Wickliffe","OH","osm_industrial","osm-496527435","","","","","","","","600","904032","108484","6.1","1295622","","Industrial building. Roof-suitable for rooftop PV. Verify ownership + contact before outreach."
"Euclid Spring","Wickliffe","OH","osm_industrial","osm-496527436","","","","","","","","600","904032","108484","6.1","1295622","","Industrial building. Roof-suitable for rooftop PV. Verify ownership + contact before outreach."
"Brewer","Wickliffe","OH","osm_industrial","osm-496527441","","","","","","","","600","904032","108484","6.1","1295622","","Industrial building. Roof-suitable for rooftop PV. Verify ownership + contact before outreach."
"Stevenson Oil","Wickliffe","OH","osm_industrial","osm-496527444","","","","","","","","600","904032","108484","6.1","1295622","","Industrial building. Roof-suitable for rooftop PV. Verify ownership + contact before outreach."
"Parker Store Triad Technologies","Wickliffe","OH","osm_industrial","osm-496527445","","","","","","","","600","904032","108484","6.1","1295622","","Industrial building. Roof-suitable for rooftop PV. Verify ownership + contact before outreach."
"Parker Hose Products Division","Wickliffe","OH","osm_industrial","osm-496527446","","","","","","","","600","904032","108484","6.1","1295622","","Industrial building. Roof-suitable for rooftop PV. Verify ownership + contact before outreach."
"Omco","Wickliffe","OH","osm_industrial","osm-496527449","","","","","","","","600","904032","108484","6.1","1295622","","Industrial building. Roof-suitable for rooftop PV. Verify ownership + contact before outreach."
"Advanced Gas & Welding Solutions, Llc","Wickliffe","OH","osm_industrial","osm-496527450","","","","","","","","600","904032","108484","6.1","1295622","","Industrial building. Roof-suitable for rooftop PV. Verify ownership + contact before outreach."
"Maxblaster Usa","Avon Lake","OH","osm_industrial","osm-497271764","","","","","","","","600","904032","108484","6.1","1295622","","Industrial building. Roof-suitable for rooftop PV. Verify ownership + contact before outreach."
"Truline","Wickliffe","OH","osm_industrial","osm-506128647","","","","","","","","600","904032","108484","6.1","1295622","","Industrial building. Roof-suitable for rooftop PV. Verify ownership + contact before outreach."
"Arconic","Cleveland","OH","osm_industrial","osm-509504580","","","","","","","","600","904032","108484","6.1","1295622","","Industrial building. Roof-suitable for rooftop PV. Verify ownership + contact before outreach."
"Cleveland Steel Tool Co.","Cleveland","OH","osm_industrial","osm-509504588","","","","","","","","600","904032","108484","6.1","1295622","","Industrial building. Roof-suitable for rooftop PV. Verify ownership + contact before outreach."
"Expert Crane Inc.","Cleveland","OH","osm_industrial","osm-509504589","","","","","","","","600","904032","108484","6.1","1295622","","Industrial building. Roof-suitable for rooftop PV. Verify ownership + contact before outreach."
"Melinz","Cleveland","OH","osm_industrial","osm-509504591","","","","","","","","600","904032","108484","6.1","1295622","","Industrial building. Roof-suitable for rooftop PV. Verify ownership + contact before outreach."
"East Side Metals Corp.","Cleveland","OH","osm_industrial","osm-509504592","","","","","","","","600","904032","108484","6.1","1295622","","Industrial building. Roof-suitable for rooftop PV. Verify ownership + contact before outreach."
"Morrison Products","Cleveland","OH","osm_industrial","osm-509504593","","","","","","","","600","904032","108484","6.1","1295622","","Industrial building. Roof-suitable for rooftop PV. Verify ownership + contact before outreach."
"Sheffield Bronze Paint Corporation","Cleveland","OH","osm_industrial","osm-509504595","","","","","","","","600","904032","108484","6.1","1295622","","Industrial building. Roof-suitable for rooftop PV. Verify ownership + contact before outreach."
"Ab Grinding Co.","Cleveland","OH","osm_industrial","osm-511080697","","","","","","","","600","904032","108484","6.1","1295622","","Industrial building. Roof-suitable for rooftop PV. Verify ownership + contact before outreach."
"Morgan Linen Services","Cleveland","OH","osm_industrial","osm-514861221","","","","","","","","600","904032","108484","6.1","1295622","","Industrial building. Roof-suitable for rooftop PV. Verify ownership + contact before outreach."
"Tracer Specialties","Cleveland","OH","osm_industrial","osm-524120675","","","","","","","","600","904032","108484","6.1","1295622","","Industrial building. Roof-suitable for rooftop PV. Verify ownership + contact before outreach."
"Colormatrix Corp.","Berea","OH","osm_industrial","osm-546504011","","","","","","","","600","904032","108484","6.1","1295622","","Industrial building. Roof-suitable for rooftop PV. Verify ownership + contact before outreach."
"Erie Metals Inc.","Berea","OH","osm_industrial","osm-546520352","","","","","","","","600","904032","108484","6.1","1295622","","Industrial building. Roof-suitable for rooftop PV. Verify ownership + contact before outreach."
"Sroka Inc.","Strongsville","OH","osm_industrial","osm-549233888","","","","","","","","600","904032","108484","6.1","1295622","","Industrial building. Roof-suitable for rooftop PV. Verify ownership + contact before outreach."
"Nestle","Cleveland","OH","osm_industrial","osm-549835925","","","","","","","","600","904032","108484","6.1","1295622","","Industrial building. Roof-suitable for rooftop PV. Verify ownership + contact before outreach."
"Nestle Stouffers","Cleveland","OH","osm_industrial","osm-553229895","","","","","","","","600","904032","108484","6.1","1295622","","Industrial building. Roof-suitable for rooftop PV. Verify ownership + contact before outreach."
"Nestle Culinary Center","Cleveland","OH","osm_industrial","osm-553229896","","","","","","","","600","904032","108484","6.1","1295622","","Industrial building. Roof-suitable for rooftop PV. Verify ownership + contact before outreach."
"Tinnerman Lofts","Cleveland","OH","osm_industrial","osm-585970494","","","","","","","","600","904032","108484","6.1","1295622","","Industrial building. Roof-suitable for rooftop PV. Verify ownership + contact before outreach."
"Operating Engineers  Training","Richfield","OH","osm_industrial","osm-587295110","","","","","","","","600","904032","108484","6.1","1295622","","Industrial building. Roof-suitable for rooftop PV. Verify ownership + contact before outreach."
"Valtris Specialty Chemicals","Cleveland","OH","osm_industrial","osm-613830142","","","","","","","","600","904032","108484","6.1","1295622","","Industrial building. Roof-suitable for rooftop PV. Verify ownership + contact before outreach."
"Swagelok Corporation","Cleveland","OH","osm_industrial","osm-646922830","","","","","","","","600","904032","108484","6.1","1295622","","Industrial building. Roof-suitable for rooftop PV. Verify ownership + contact before outreach."
"Cleveland Vibrator Company","Cleveland","OH","osm_industrial","osm-649292083","","","","","","","","600","904032","108484","6.1","1295622","","Industrial building. Roof-suitable for rooftop PV. Verify ownership + contact before outreach."
"Remelt Sources, Inc.","Euclid","OH","osm_industrial","osm-659433670","","","","","","","","600","904032","108484","6.1","1295622","","Industrial building. Roof-suitable for rooftop PV. Verify ownership + contact before outreach."
"Stainless Automation","Cleveland","OH","osm_industrial","osm-671091338","","","","","","","","600","904032","108484","6.1","1295622","","Industrial building. Roof-suitable for rooftop PV. Verify ownership + contact before outreach."
"Charter Steel","Cuyahoga Heights","OH","osm_industrial","osm-696524406","","","","","","","","600","904032","108484","6.1","1295622","","Steel_mill building. Roof-suitable for rooftop PV. Verify ownership + contact before outreach."
"Lubrizol Advanced Materials","Cleveland","OH","osm_industrial","osm-704288380","","","","","","","","600","904032","108484","6.1","1295622","","Factory building. Roof-suitable for rooftop PV. Verify ownership + contact before outreach."
"Cleveland Thermal, Llc","Cleveland","OH","osm_industrial","osm-709805018","","","","","","","","600","904032","108484","6.1","1295622","","Industrial building. Roof-suitable for rooftop PV. Verify ownership + contact before outreach."
"Automotive Equipment Co.","North Ridgeville","OH","osm_industrial","osm-712716718","","","","","","","","600","904032","108484","6.1","1295622","","Industrial building. Roof-suitable for rooftop PV. Verify ownership + contact before outreach."
"Beachwood Commerce Park","Cleveland","OH","osm_industrial","osm-716763610","","","","","","","","600","904032","108484","6.1","1295622","","Industrial building. Roof-suitable for rooftop PV. Verify ownership + contact before outreach."
"Eaton","Berea","OH","osm_industrial","osm-725522462","","","","","","","","600","904032","108484","6.1","1295622","","Industrial building. Roof-suitable for rooftop PV. Verify ownership + contact before outreach."
"Noshok","Berea","OH","osm_industrial","osm-725522463","","","","","","","","600","904032","108484","6.1","1295622","","Industrial building. Roof-suitable for rooftop PV. Verify ownership + contact before outreach."
"Macpherson And Company","Berea","OH","osm_industrial","osm-725522465","","","","","","","","600","904032","108484","6.1","1295622","","Industrial building. Roof-suitable for rooftop PV. Verify ownership + contact before outreach."
"Standby Screw Machine Products","Berea","OH","osm_industrial","osm-725522468","","","","","","","","600","904032","108484","6.1","1295622","","Industrial building. Roof-suitable for rooftop PV. Verify ownership + contact before outreach."
"Cmsd","Cleveland","OH","osm_industrial","osm-731651792","","","","","","","","600","904032","108484","6.1","1295622","","Industrial building. Roof-suitable for rooftop PV. Verify ownership + contact before outreach."
"Pitt Ohio","Cleveland","OH","osm_industrial","osm-741002025","","","","","","","","600","904032","108484","6.1","1295622","","Industrial building. Roof-suitable for rooftop PV. Verify ownership + contact before outreach."
"Fedex Ground","Twinsburg","OH","osm_industrial","osm-759126319","","","","","","","","600","904032","108484","6.1","1295622","","Industrial building. Roof-suitable for rooftop PV. Verify ownership + contact before outreach."
"Osg Sterling Die","Parma","OH","osm_industrial","osm-759446797","","","","","","","","600","904032","108484","6.1","1295622","","Industrial building. Roof-suitable for rooftop PV. Verify ownership + contact before outreach."
"Prince & Izant Company","Parma","OH","osm_industrial","osm-759446800","","","","","","","","600","904032","108484","6.1","1295622","","Industrial building. Roof-suitable for rooftop PV. Verify ownership + contact before outreach."
"Paulin Industries","Parma","OH","osm_industrial","osm-759446806","","","","","","","","600","904032","108484","6.1","1295622","","Industrial building. Roof-suitable for rooftop PV. Verify ownership + contact before outreach."
"E.C. Kitzel & Sons","Parma","OH","osm_industrial","osm-759446809","","","","","","","","600","904032","108484","6.1","1295622","","Industrial building. Roof-suitable for rooftop PV. Verify ownership + contact before outreach."
"Barile Precision Grinding","Parma","OH","osm_industrial","osm-759446810","","","","","","","","600","904032","108484","6.1","1295622","","Industrial building. Roof-suitable for rooftop PV. Verify ownership + contact before outreach."
"Jasmine Bakery","Cleveland","OH","osm_industrial","osm-761095902","","","","","","","","600","904032","108484","6.1","1295622","","Industrial building. Roof-suitable for rooftop PV. Verify ownership + contact before outreach."
"House Of Plastics Manufacturing","Cleveland","OH","osm_industrial","osm-764469156","","","","","","","","600","904032","108484","6.1","1295622","","Industrial building. Roof-suitable for rooftop PV. Verify ownership + contact before outreach."
"House Of Plastics Manufacturing","Cleveland","OH","osm_industrial","osm-764469504","","","","","","","","600","904032","108484","6.1","1295622","","Industrial building. Roof-suitable for rooftop PV. Verify ownership + contact before outreach."
"Excalibur Autobody","Cleveland","OH","osm_industrial","osm-764469751","","","","","","","","600","904032","108484","6.1","1295622","","Industrial building. Roof-suitable for rooftop PV. Verify ownership + contact before outreach."
"North Coast Bearings","Cleveland","OH","osm_industrial","osm-775638869","","","","","","","","600","904032","108484","6.1","1295622","","Industrial building. Roof-suitable for rooftop PV. Verify ownership + contact before outreach."
"Keybank","Cleveland","OH","osm_industrial","osm-788251516","","","","","","","","600","904032","108484","6.1","1295622","","Industrial building. Roof-suitable for rooftop PV. Verify ownership + contact before outreach."
"Hinkley Lighting","Avon Lake","OH","osm_industrial","osm-795481726","","","","","","","","600","904032","108484","6.1","1295622","","Industrial building. Roof-suitable for rooftop PV. Verify ownership + contact before outreach."
"Avon Lake Regional Water","Cleveland","OH","osm_industrial","osm-812690563","","","","","","","","600","904032","108484","6.1","1295622","","Industrial building. Roof-suitable for rooftop PV. Verify ownership + contact before outreach."
"Valtronic Technologies (Usa) Inc.","Cleveland","OH","osm_industrial","osm-826145302","","","","","","","","600","904032","108484","6.1","1295622","","Industrial building. Roof-suitable for rooftop PV. Verify ownership + contact before outreach."
"Swagelok Company - Alfred","Solon","OH","osm_industrial","osm-826145303","","","","","","","","600","904032","108484","6.1","1295622","","Industrial building. Roof-suitable for rooftop PV. Verify ownership + contact before outreach."
"Mp Biomedicals","Cleveland","OH","osm_industrial","osm-826145311","","","","","","","","600","904032","108484","6.1","1295622","","Industrial building. Roof-suitable for rooftop PV. Verify ownership + contact before outreach."
"Techtron Systems Inc","Cleveland","OH","osm_industrial","osm-826145312","","","","","","","","600","904032","108484","6.1","1295622","","Industrial building. Roof-suitable for rooftop PV. Verify ownership + contact before outreach."
"The Mazel Company Hq","Cleveland","OH","osm_industrial","osm-826151716","","","","","","","","600","904032","108484","6.1","1295622","","Industrial building. Roof-suitable for rooftop PV. Verify ownership + contact before outreach."
"Warrensville Garage","Warrensville Heights","OH","osm_industrial","osm-826318047","","","","","","","","600","904032","108484","6.1","1295622","","Road_maintenance building. Roof-suitable for rooftop PV. Verify ownership + contact before outreach."
"Aerocontrolex Group","Cleveland","OH","osm_industrial","osm-876612351","","","","","","","","600","904032","108484","6.1","1295622","","Factory building. Roof-suitable for rooftop PV. Verify ownership + contact before outreach."
"Port Of Cleveland","Cleveland","OH","osm_industrial","osm-925749442","","","","","","","","600","904032","108484","6.1","1295622","","Port building. Roof-suitable for rooftop PV. Verify ownership + contact before outreach."
"Norfolk Southern Railway","Rocky River","OH","osm_industrial","osm-929411168","","","","","","","","600","904032","108484","6.1","1295622","","Industrial building. Roof-suitable for rooftop PV. Verify ownership + contact before outreach."
"Dependable, Llc","Rocky River","OH","osm_industrial","osm-929411173","","","","","","","","600","904032","108484","6.1","1295622","","Industrial building. Roof-suitable for rooftop PV. Verify ownership + contact before outreach."
"Berges Llc","Cleveland","OH","osm_industrial","osm-952166437","","","","","","","","600","904032","108484","6.1","1295622","","Industrial building. Roof-suitable for rooftop PV. Verify ownership + contact before outreach."
"Epic Steel","Cleveland","OH","osm_industrial","osm-952171176","","","","","","","","600","904032","108484","6.1","1295622","","Industrial building. Roof-suitable for rooftop PV. Verify ownership + contact before outreach."
"Ray C. Hauck & Son Inc.","Cleveland","OH","osm_industrial","osm-952171183","","","","","","","","600","904032","108484","6.1","1295622","","Industrial building. Roof-suitable for rooftop PV. Verify ownership + contact before outreach."
"Voss Industries","Cleveland","OH","osm_industrial","osm-954008771","","","","","","","","600","904032","108484","6.1","1295622","","Industrial building. Roof-suitable for rooftop PV. Verify ownership + contact before outreach."
"Mctech Corporation","Cleveland","OH","osm_industrial","osm-989179460","","","","","","","","600","904032","108484","6.1","1295622","","Industrial building. Roof-suitable for rooftop PV. Verify ownership + contact before outreach."
"Brost Foundry","Cleveland","OH","osm_industrial","osm-989194240","","","","","","","","600","904032","108484","6.1","1295622","","Industrial building. Roof-suitable for rooftop PV. Verify ownership + contact before outreach."
"Recycling","Cleveland","OH","osm_industrial","osm-990074733","","","","","","","","600","904032","108484","6.1","1295622","","Industrial building. Roof-suitable for rooftop PV. Verify ownership + contact before outreach."
"T&M Plastics","Cleveland","OH","osm_industrial","osm-1011177456","","","","","","","","600","904032","108484","6.1","1295622","","Industrial building. Roof-suitable for rooftop PV. Verify ownership + contact before outreach."
"Forge Products Corporation","Cleveland","OH","osm_industrial","osm-1020076488","","","","","","","","600","904032","108484","6.1","1295622","","Industrial building. Roof-suitable for rooftop PV. Verify ownership + contact before outreach."
"First Energy","Cleveland","OH","osm_industrial","osm-1034658093","","","","","","","","600","904032","108484","6.1","1295622","","Industrial building. Roof-suitable for rooftop PV. Verify ownership + contact before outreach."
"Old School Architectural Salvage","Cleveland","OH","osm_industrial","osm-1039748502","","","","","","","","600","904032","108484","6.1","1295622","","Industrial building. Roof-suitable for rooftop PV. Verify ownership + contact before outreach."
"Cleveland Cliffs","Cleveland","OH","osm_industrial","osm-1088042934","","","","","","","","600","904032","108484","6.1","1295622","","Industrial building. Roof-suitable for rooftop PV. Verify ownership + contact before outreach."
"City Of Cleveland - (Oh)","Cleveland","OH","osm_industrial","osm-1088042939","","","","","","","","600","904032","108484","6.1","1295622","","Industrial building. Roof-suitable for rooftop PV. Verify ownership + contact before outreach."
"The Ohio Nut & Bolt","Cleveland","OH","osm_industrial","osm-1107130583","","","","","","","","600","904032","108484","6.1","1295622","","Industrial building. Roof-suitable for rooftop PV. Verify ownership + contact before outreach."
"Grant Parkway","Cleveland","OH","osm_industrial","osm-1161086398","","","","","","","","600","904032","108484","6.1","1295622","","Industrial building. Roof-suitable for rooftop PV. Verify ownership + contact before outreach."
"Euclid Steel & Wire Inc","Lakewood","OH","osm_industrial","osm-1205581515","","","","","","","","600","904032","108484","6.1","1295622","","Industrial building. Roof-suitable for rooftop PV. Verify ownership + contact before outreach."
"Norfolk Southern","Cleveland","OH","osm_industrial","osm-1208790796","","","","","","","","600","904032","108484","6.1","1295622","","Industrial building. Roof-suitable for rooftop PV. Verify ownership + contact before outreach."
"Hkm Direct Market Communications","Cleveland","OH","osm_industrial","osm-1247076654","","","","","","","","600","904032","108484","6.1","1295622","","Industrial building. Roof-suitable for rooftop PV. Verify ownership + contact before outreach."
"Bedford Auto Wrecking","Cleveland","OH","osm_industrial","osm-1252207186","","","","","","","","600","904032","108484","6.1","1295622","","Industrial building. Roof-suitable for rooftop PV. Verify ownership + contact before outreach."
"East Cleveland","Cleveland","OH","osm_industrial","osm-1260771066","","","","","","","","600","904032","108484","6.1","1295622","","Industrial building. Roof-suitable for rooftop PV. Verify ownership + contact before outreach."
"Cuyahoga Materials Co","Cleveland","OH","osm_industrial","osm-1270403416","","","","","","","","600","904032","108484","6.1","1295622","","Recycling building. Roof-suitable for rooftop PV. Verify ownership + contact before outreach."
"Rock Crushing And Processing Equipment","Cleveland","OH","osm_industrial","osm-1270403418","","","","","","","","600","904032","108484","6.1","1295622","","Industrial building. Roof-suitable for rooftop PV. Verify ownership + contact before outreach."
"Exact Crane & Equipment","Cleveland","OH","osm_industrial","osm-1274241559","","","","","","","","600","904032","108484","6.1","1295622","","Industrial building. Roof-suitable for rooftop PV. Verify ownership + contact before outreach."
"Great Western Juice Co","Cleveland","OH","osm_industrial","osm-1276057655","","","","","","","","600","904032","108484","6.1","1295622","","Industrial building. Roof-suitable for rooftop PV. Verify ownership + contact before outreach."
"Ril Incorporated","Cleveland","OH","osm_industrial","osm-1276483714","","","","","","","","600","904032","108484","6.1","1295622","","Industrial building. Roof-suitable for rooftop PV. Verify ownership + contact before outreach."
"Pristine Chemical","Cleveland","OH","osm_industrial","osm-1276483717","","","","","","","","600","904032","108484","6.1","1295622","","Industrial building. Roof-suitable for rooftop PV. Verify ownership + contact before outreach."
"Gerow Equipment Co","Cleveland","OH","osm_industrial","osm-1276483741","","","","","","","","600","904032","108484","6.1","1295622","","Machine_shop building. Roof-suitable for rooftop PV. Verify ownership + contact before outreach."
"Kokosing Materials, Inc.","Cleveland","OH","osm_industrial","osm-1280336158","","","","","","","","600","904032","108484","6.1","1295622","","Construction_company building. Roof-suitable for rooftop PV. Verify ownership + contact before outreach."
"T5 Data Centers","Cleveland","OH","osm_industrial","osm-1292169104","","","","","","","","600","904032","108484","6.1","1295622","","Industrial building. Roof-suitable for rooftop PV. Verify ownership + contact before outreach."
"Malin Company, Inc.","Brook Park","OH","osm_industrial","osm-1296122839","","","","","","","","600","904032","108484","6.1","1295622","","Industrial building. Roof-suitable for rooftop PV. Verify ownership + contact before outreach."
"Hellan Strainer","Cleveland","OH","osm_industrial","osm-1296552493","","","","","","","","600","904032","108484","6.1","1295622","","Industrial building. Roof-suitable for rooftop PV. Verify ownership + contact before outreach."
"The Heritage Industrial Park","Cleveland","OH","osm_industrial","osm-1302306481","","","","","","","","600","904032","108484","6.1","1295622","","Industrial building. Roof-suitable for rooftop PV. Verify ownership + contact before outreach."
"Tower Park","Cleveland","OH","osm_industrial","osm-1302306483","","","","","","","","600","904032","108484","6.1","1295622","","Industrial building. Roof-suitable for rooftop PV. Verify ownership + contact before outreach."
"Hub Park","Cleveland","OH","osm_industrial","osm-1314273847","","","","","","","","600","904032","108484","6.1","1295622","","Industrial building. Roof-suitable for rooftop PV. Verify ownership + contact before outreach."
"Midwest Industrial Park","Cleveland","OH","osm_industrial","osm-1316290472","","","","","","","","600","904032","108484","6.1","1295622","","Industrial building. Roof-suitable for rooftop PV. Verify ownership + contact before outreach."
"Valley Belt Industrial Park","Cleveland","OH","osm_industrial","osm-1316297553","","","","","","","","600","904032","108484","6.1","1295622","","Industrial building. Roof-suitable for rooftop PV. Verify ownership + contact before outreach."
"Radix Wire & Cable","Glenwillow","OH","osm_industrial","osm-1323890388","","","","","","","","600","904032","108484","6.1","1295622","","Industrial building. Roof-suitable for rooftop PV. Verify ownership + contact before outreach."
"Weston Commerce Center","Cleveland","OH","osm_industrial","osm-1323901409","","","","","","","","600","904032","108484","6.1","1295622","","Industrial building. Roof-suitable for rooftop PV. Verify ownership + contact before outreach."
"Raintree Park","Cleveland","OH","osm_industrial","osm-1323901410","","","","","","","","600","904032","108484","6.1","1295622","","Industrial building. Roof-suitable for rooftop PV. Verify ownership + contact before outreach."
"Granite Steel & Processing","Cleveland","OH","osm_industrial","osm-1332556426","","","","","","","","600","904032","108484","6.1","1295622","","Industrial building. Roof-suitable for rooftop PV. Verify ownership + contact before outreach."
"Alpha Park","Cleveland","OH","osm_industrial","osm-1336590855","","","","","","","","600","904032","108484","6.1","1295622","","Industrial building. Roof-suitable for rooftop PV. Verify ownership + contact before outreach."
"Emerald Valley Business Park","Cleveland","OH","osm_industrial","osm-1365333598","","","","","","","","600","904032","108484","6.1","1295622","","Industrial building. Roof-suitable for rooftop PV. Verify ownership + contact before outreach."
"The Diamond Business Park","Cleveland","OH","osm_industrial","osm-1365333607","","","","","","","","600","904032","108484","6.1","1295622","","Industrial building. Roof-suitable for rooftop PV. Verify ownership + contact before outreach."
"Conlan Tire","Cleveland","OH","osm_industrial","osm-1382205721","","","","","","","","600","904032","108484","6.1","1295622","","Industrial building. Roof-suitable for rooftop PV. Verify ownership + contact before outreach."
"Statewide Express Inc","Cleveland","OH","osm_industrial","osm-1382205722","","","","","","","","600","904032","108484","6.1","1295622","","Industrial building. Roof-suitable for rooftop PV. Verify ownership + contact before outreach."
"Golden Oak Industrial Park","Cleveland","OH","osm_industrial","osm-1385133480","","","","","","","","600","904032","108484","6.1","1295622","","Industrial building. Roof-suitable for rooftop PV. Verify ownership + contact before outreach."
"Ridge Tool Company","Elyria","OH","osm_industrial","osm-1387531996","","","","","","","","600","904032","108484","6.1","1295622","","Industrial building. Roof-suitable for rooftop PV. Verify ownership + contact before outreach."
"Rockside Business Pointe","Cleveland","OH","osm_industrial","osm-1388089340","","","","","","","","600","904032","108484","6.1","1295622","","Industrial building. Roof-suitable for rooftop PV. Verify ownership + contact before outreach."
"Sweet Valley","Cleveland","OH","osm_industrial","osm-1388089343","","","","","","","","600","904032","108484","6.1","1295622","","Industrial building. Roof-suitable for rooftop PV. Verify ownership + contact before outreach."
"Aj Rose Manufacturing Company","Avon","OH","osm_industrial","osm-1422308928","","","","","","","","600","904032","108484","6.1","1295622","","Industrial building. Roof-suitable for rooftop PV. Verify ownership + contact before outreach."
"Englebrook Business Park","Cleveland","OH","osm_industrial","osm-1428901518","","","","","","","","600","904032","108484","6.1","1295622","","Industrial building. Roof-suitable for rooftop PV. Verify ownership + contact before outreach."
"Lear Industrial Park","Cleveland","OH","osm_industrial","osm-1442234585","","","","","","","","600","904032","108484","6.1","1295622","","Industrial building. Roof-suitable for rooftop PV. Verify ownership + contact before outreach."
"Progress Business Park","Cleveland","OH","osm_industrial","osm-1455045820","","","","","","","","600","904032","108484","6.1","1295622","","Industrial building. Roof-suitable for rooftop PV. Verify ownership + contact before outreach."
"Park 82","Cleveland","OH","osm_industrial","osm-1459872857","","","","","","","","600","904032","108484","6.1","1295622","","Industrial building. Roof-suitable for rooftop PV. Verify ownership + contact before outreach."
"Strongsville Business & Technology Park","Cleveland","OH","osm_industrial","osm-1459932544","","","","","","","","600","904032","108484","6.1","1295622","","Industrial building. Roof-suitable for rooftop PV. Verify ownership + contact before outreach."
"General Motors","Cleveland","OH","osm_industrial","osm-1462849890","","","","","","","","600","904032","108484","6.1","1295622","","Industrial building. Roof-suitable for rooftop PV. Verify ownership + contact before outreach."
"Lightstone Generation Llc","Columbus","OH","osm_industrial","osm-33108092","","","","","","","","600","904032","108484","6.1","1295622","","Industrial building. Roof-suitable for rooftop PV. Verify ownership + contact before outreach."
"Columbus City Schools Food Services Production Center","Columbus","OH","osm_industrial","osm-231225389","","","","","","","","600","904032","108484","6.1","1295622","","Industrial building. Roof-suitable for rooftop PV. Verify ownership + contact before outreach."
"Odot - Etna","Columbus","OH","osm_industrial","osm-233759681","","","","","","","","600","904032","108484","6.1","1295622","","Industrial building. Roof-suitable for rooftop PV. Verify ownership + contact before outreach."
"Aep Ohio","Columbus","OH","osm_industrial","osm-233763179","","","","","","","","600","904032","108484","6.1","1295622","","Industrial building. Roof-suitable for rooftop PV. Verify ownership + contact before outreach."
"Wingfoot Columbus","Columbus","OH","osm_industrial","osm-319276545","","","","","","","","600","904032","108484","6.1","1295622","","Industrial building. Roof-suitable for rooftop PV. Verify ownership + contact before outreach."
"Osu Aerospace Research Center","Columbus","OH","osm_industrial","osm-342877856","","","","","","","","600","904032","108484","6.1","1295622","","Industrial building. Roof-suitable for rooftop PV. Verify ownership + contact before outreach."
"Budweiser Brewhouse","Columbus","OH","osm_industrial","osm-361436867","","","","","","","","600","904032","108484","6.1","1295622","","Industrial building. Roof-suitable for rooftop PV. Verify ownership + contact before outreach."
"Anheuser Busch Factory","Columbus","OH","osm_industrial","osm-361436868","","","","","","","","600","904032","108484","6.1","1295622","","Industrial building. Roof-suitable for rooftop PV. Verify ownership + contact before outreach."
"Columbus Idea Foundry","Columbus","OH","osm_industrial","osm-370306392","","","","","","","","600","904032","108484","6.1","1295622","","Industrial building. Roof-suitable for rooftop PV. Verify ownership + contact before outreach."
"Amazon Web Services","Columbus","OH","osm_industrial","osm-460067220","","","","","","","","600","904032","108484","6.1","1295622","","Industrial building. Roof-suitable for rooftop PV. Verify ownership + contact before outreach."
"Amazon Web Services Us-East-2 Datacenter","Columbus","OH","osm_industrial","osm-460067225","","","","","","","","600","904032","108484","6.1","1295622","","Industrial building. Roof-suitable for rooftop PV. Verify ownership + contact before outreach."
"Worthington Industries","Columbus","OH","osm_industrial","osm-464139974","","","","","","","","600","904032","108484","6.1","1295622","","Industrial building. Roof-suitable for rooftop PV. Verify ownership + contact before outreach."
"Ohio Department Of Transportation","Columbus","OH","osm_industrial","osm-466147224","","","","","","","","600","904032","108484","6.1","1295622","","Industrial building. Roof-suitable for rooftop PV. Verify ownership + contact before outreach."
"Dana G. ""Buck"" Rinehart Public Utilities Complex","Columbus","OH","osm_industrial","osm-471896896","","","","","","","","600","904032","108484","6.1","1295622","","Industrial building. Roof-suitable for rooftop PV. Verify ownership + contact before outreach."
"Amazon Warehouse","Columbus","OH","osm_industrial","osm-479363806","","","","","","","","600","904032","108484","6.1","1295622","","Industrial building. Roof-suitable for rooftop PV. Verify ownership + contact before outreach."
"Busch Commerce Center","Columbus","OH","osm_industrial","osm-480975831","","","","","","","","600","904032","108484","6.1","1295622","","Industrial building. Roof-suitable for rooftop PV. Verify ownership + contact before outreach."
"Fabcon Precast","Columbus","OH","osm_industrial","osm-488859602","","","","","","","","600","904032","108484","6.1","1295622","","Industrial building. Roof-suitable for rooftop PV. Verify ownership + contact before outreach."
"6969 Building","Worthington","OH","osm_industrial","osm-507873919","","","","","","","","600","904032","108484","6.1","1295622","","Industrial building. Roof-suitable for rooftop PV. Verify ownership + contact before outreach."
"East Regional Chilled Water Plant","Columbus","OH","osm_industrial","osm-511180184","","","","","","","","600","904032","108484","6.1","1295622","","Industrial building. Roof-suitable for rooftop PV. Verify ownership + contact before outreach."
"Abercrombie & Fitch Distribution Center #2","Columbus","OH","osm_industrial","osm-512398013","","","","","","","","600","904032","108484","6.1","1295622","","Industrial building. Roof-suitable for rooftop PV. Verify ownership + contact before outreach."
"Abercrombie & Fitch Distribution Center","Columbus","OH","osm_industrial","osm-512398014","","","","","","","","600","904032","108484","6.1","1295622","","Industrial building. Roof-suitable for rooftop PV. Verify ownership + contact before outreach."
"Abercrombie & Fitch Home Office","New Albany","OH","osm_industrial","osm-512398055","","","","","","","","600","904032","108484","6.1","1295622","","Industrial building. Roof-suitable for rooftop PV. Verify ownership + contact before outreach."
"Stanley Steemer Distribution Center","Dublin","OH","osm_industrial","osm-523533407","","","","","","","","600","904032","108484","6.1","1295622","","Industrial building. Roof-suitable for rooftop PV. Verify ownership + contact before outreach."
"Ametek Solidstate Controls Inc","Columbus","OH","osm_industrial","osm-543899371","","","","","","","","600","904032","108484","6.1","1295622","","Industrial building. Roof-suitable for rooftop PV. Verify ownership + contact before outreach."
"Quikrete","Worthington","OH","osm_industrial","osm-551387166","","","","","","","","600","904032","108484","6.1","1295622","","Industrial building. Roof-suitable for rooftop PV. Verify ownership + contact before outreach."
"Quikrete Ofices","Columbus","OH","osm_industrial","osm-551387167","","","","","","","","600","904032","108484","6.1","1295622","","Industrial building. Roof-suitable for rooftop PV. Verify ownership + contact before outreach."
"Lang Stone","Columbus","OH","osm_industrial","osm-554543147","","","","","","","","600","904032","108484","6.1","1295622","","Industrial building. Roof-suitable for rooftop PV. Verify ownership + contact before outreach."
"Sofidel Paper Plant","Columbus","OH","osm_industrial","osm-577304601","","","","","","","","600","904032","108484","6.1","1295622","","Industrial building. Roof-suitable for rooftop PV. Verify ownership + contact before outreach."
"Toyota Material Handling Ohio","Lewis Center","OH","osm_industrial","osm-590556936","","","","","","","","600","904032","108484","6.1","1295622","","Industrial building. Roof-suitable for rooftop PV. Verify ownership + contact before outreach."
"Proform Group Inc","Columbus","OH","osm_industrial","osm-632519364","","","","","","","","600","904032","108484","6.1","1295622","","Industrial building. Roof-suitable for rooftop PV. Verify ownership + contact before outreach."
"Ups","Columbus","OH","osm_industrial","osm-632519365","","","","","","","","600","904032","108484","6.1","1295622","","Industrial building. Roof-suitable for rooftop PV. Verify ownership + contact before outreach."
"Limbach","Columbus","OH","osm_industrial","osm-645952720","","","","","","","","600","904032","108484","6.1","1295622","","Industrial building. Roof-suitable for rooftop PV. Verify ownership + contact before outreach."
"National Seating & Mobility","Columbus","OH","osm_industrial","osm-645952727","","","","","","","","600","904032","108484","6.1","1295622","","Industrial building. Roof-suitable for rooftop PV. Verify ownership + contact before outreach."
"Cleveland-Cliffs","Columbus","OH","osm_industrial","osm-664001433","","","","","","","","600","904032","108484","6.1","1295622","","Metal_processing building. Roof-suitable for rooftop PV. Verify ownership + contact before outreach."
"Amazon Web Services","Columbus","OH","osm_industrial","osm-673532692","","","","","","","","600","904032","108484","6.1","1295622","","Industrial building. Roof-suitable for rooftop PV. Verify ownership + contact before outreach."
"Circleville Works","Columbus","OH","osm_industrial","osm-679150368","","","","","","","","600","904032","108484","6.1","1295622","","Chemical building. Roof-suitable for rooftop PV. Verify ownership + contact before outreach."
"Meta","Columbus","OH","osm_industrial","osm-708899010","","","","","","","","600","904032","108484","6.1","1295622","","Data_centre building. Roof-suitable for rooftop PV. Verify ownership + contact before outreach."
"T Marzetti Compay","Columbus","OH","osm_industrial","osm-717182731","","","","","","","","600","904032","108484","6.1","1295622","","Industrial building. Roof-suitable for rooftop PV. Verify ownership + contact before outreach."
"Stack New Albany","Columbus","OH","osm_industrial","osm-723117951","","","","","","","","600","904032","108484","6.1","1295622","","Industrial building. Roof-suitable for rooftop PV. Verify ownership + contact before outreach."
"New Albany International Business Park","Columbus","OH","osm_industrial","osm-742354331","","","","","","","","600","904032","108484","6.1","1295622","","Industrial building. Roof-suitable for rooftop PV. Verify ownership + contact before outreach."
"Csx Rickenbacker Intermodal Terminal","Columbus","OH","osm_industrial","osm-742355762","","","","","","","","600","904032","108484","6.1","1295622","","Industrial building. Roof-suitable for rooftop PV. Verify ownership + contact before outreach."
"Public Storage","Columbus","OH","osm_industrial","osm-744204642","","","","","","","","600","904032","108484","6.1","1295622","","Industrial building. Roof-suitable for rooftop PV. Verify ownership + contact before outreach."
"Public Storage","Columbus","OH","osm_industrial","osm-744513175","","","","","","","","600","904032","108484","6.1","1295622","","Industrial building. Roof-suitable for rooftop PV. Verify ownership + contact before outreach."
"Public Storage","Columbus","OH","osm_industrial","osm-745983614","","","","","","","","600","904032","108484","6.1","1295622","","Industrial building. Roof-suitable for rooftop PV. Verify ownership + contact before outreach."
"Public Storage","Columbus","OH","osm_industrial","osm-746003156","","","","","","","","600","904032","108484","6.1","1295622","","Industrial building. Roof-suitable for rooftop PV. Verify ownership + contact before outreach."
"Hcl Manufacturing","Columbus","OH","osm_industrial","osm-758768047","","","","","","","","600","904032","108484","6.1","1295622","","Industrial building. Roof-suitable for rooftop PV. Verify ownership + contact before outreach."
"Buckeye Metal Works","Columbus","OH","osm_industrial","osm-772240382","","","","","","","","600","904032","108484","6.1","1295622","","Factory building. Roof-suitable for rooftop PV. Verify ownership + contact before outreach."
"Connect Housing Blocks","Columbus","OH","osm_industrial","osm-776825594","","","","","","","","600","904032","108484","6.1","1295622","","Industrial building. Roof-suitable for rooftop PV. Verify ownership + contact before outreach."
"Teemok Construction","Columbus","OH","osm_industrial","osm-777174661","","","","","","","","600","904032","108484","6.1","1295622","","Industrial building. Roof-suitable for rooftop PV. Verify ownership + contact before outreach."
"Jeni'S Splendid Ice Cream Production","Columbus","OH","osm_industrial","osm-781878476","","","","","","","","600","904032","108484","6.1","1295622","","Industrial building. Roof-suitable for rooftop PV. Verify ownership + contact before outreach."
"Sutphen Corporation","Dublin","OH","osm_industrial","osm-803499178","","","","","","","","600","904032","108484","6.1","1295622","","Factory building. Roof-suitable for rooftop PV. Verify ownership + contact before outreach."
"Amazon Web Services","Columbus","OH","osm_industrial","osm-821081357","","","","","","","","600","904032","108484","6.1","1295622","","Industrial building. Roof-suitable for rooftop PV. Verify ownership + contact before outreach."
"Amazon Web Services","Columbus","OH","osm_industrial","osm-821081358","","","","","","","","600","904032","108484","6.1","1295622","","Industrial building. Roof-suitable for rooftop PV. Verify ownership + contact before outreach."
"Google","Columbus","OH","osm_industrial","osm-844391357","","","","","","","","600","904032","108484","6.1","1295622","","Data_centre building. Roof-suitable for rooftop PV. Verify ownership + contact before outreach."
"Pick-N-Pull","Columbus","OH","osm_industrial","osm-844923005","","","","","","","","600","904032","108484","6.1","1295622","","Scrap_yard building. Roof-suitable for rooftop PV. Verify ownership + contact before outreach."
"Forward Air","Columbus","OH","osm_industrial","osm-846803487","","","","","","","","600","904032","108484","6.1","1295622","","Industrial building. Roof-suitable for rooftop PV. Verify ownership + contact before outreach."
"Novelis","Columbus","OH","osm_industrial","osm-848197790","","","","","","","","600","904032","108484","6.1","1295622","","Aluminium_smelting building. Roof-suitable for rooftop PV. Verify ownership + contact before outreach."
"Georgia-Pacific Corporation","Columbus","OH","osm_industrial","osm-848199093","","","","","","","","600","904032","108484","6.1","1295622","","Factory building. Roof-suitable for rooftop PV. Verify ownership + contact before outreach."
"Ppg Industries","Columbus","OH","osm_industrial","osm-848199094","","","","","","","","600","904032","108484","6.1","1295622","","Oil building. Roof-suitable for rooftop PV. Verify ownership + contact before outreach."
"Trimold","Columbus","OH","osm_industrial","osm-848199095","","","","","","","","600","904032","108484","6.1","1295622","","Industrial building. Roof-suitable for rooftop PV. Verify ownership + contact before outreach."
"Amazon Web Services","Columbus","OH","osm_industrial","osm-874506250","","","","","","","","600","904032","108484","6.1","1295622","","Industrial building. Roof-suitable for rooftop PV. Verify ownership + contact before outreach."
"Muller Pipe Organ Company","Croton","OH","osm_industrial","osm-896258063","","","","","","","","600","904032","108484","6.1","1295622","","Industrial building. Roof-suitable for rooftop PV. Verify ownership + contact before outreach."
"Amazon Web Services","Columbus","OH","osm_industrial","osm-975484796","","","","","","","","600","904032","108484","6.1","1295622","","Industrial building. Roof-suitable for rooftop PV. Verify ownership + contact before outreach."
"Amazon Web Services","Columbus","OH","osm_industrial","osm-975484797","","","","","","","","600","904032","108484","6.1","1295622","","Industrial building. Roof-suitable for rooftop PV. Verify ownership + contact before outreach."
"Amazon Web Services","Columbus","OH","osm_industrial","osm-975484798","","","","","","","","600","904032","108484","6.1","1295622","","Industrial building. Roof-suitable for rooftop PV. Verify ownership + contact before outreach."
"Hague","Columbus","OH","osm_industrial","osm-978200209","","","","","","","","600","904032","108484","6.1","1295622","","Industrial building. Roof-suitable for rooftop PV. Verify ownership + contact before outreach."
"Produce King","Columbus","OH","osm_industrial","osm-984573527","","","","","","","","600","904032","108484","6.1","1295622","","Industrial building. Roof-suitable for rooftop PV. Verify ownership + contact before outreach."
"Yellow Corporation","Columbus","OH","osm_industrial","osm-1009632918","","","","","","","","600","904032","108484","6.1","1295622","","Industrial building. Roof-suitable for rooftop PV. Verify ownership + contact before outreach."
"Petermann","Columbus","OH","osm_industrial","osm-1061430602","","","","","","","","600","904032","108484","6.1","1295622","","Depot building. Roof-suitable for rooftop PV. Verify ownership + contact before outreach."
"Hirschvogel Incorporated","Columbus","OH","osm_industrial","osm-1118812468","","","","","","","","600","904032","108484","6.1","1295622","","Factory building. Roof-suitable for rooftop PV. Verify ownership + contact before outreach."
"Company Wrench","Columbus","OH","osm_industrial","osm-1128466705","","","","","","","","600","904032","108484","6.1","1295622","","Industrial building. Roof-suitable for rooftop PV. Verify ownership + contact before outreach."
"American Boring, Inc.","Columbus","OH","osm_industrial","osm-1138142196","","","","","","","","600","904032","108484","6.1","1295622","","Industrial building. Roof-suitable for rooftop PV. Verify ownership + contact before outreach."
"Amazon Web Services","Columbus","OH","osm_industrial","osm-1154503131","","","","","","","","600","904032","108484","6.1","1295622","","Industrial building. Roof-suitable for rooftop PV. Verify ownership + contact before outreach."
"Amazon Web Services","Columbus","OH","osm_industrial","osm-1154503132","","","","","","","","600","904032","108484","6.1","1295622","","Industrial building. Roof-suitable for rooftop PV. Verify ownership + contact before outreach."
"Amazon Web Services","Columbus","OH","osm_industrial","osm-1154503133","","","","","","","","600","904032","108484","6.1","1295622","","Industrial building. Roof-suitable for rooftop PV. Verify ownership + contact before outreach."
"Fairfield County","Columbus","OH","osm_industrial","osm-1211501668","","","","","","","","600","904032","108484","6.1","1295622","","Industrial building. Roof-suitable for rooftop PV. Verify ownership + contact before outreach."
"Bulkmatic Transport","Columbus","OH","osm_industrial","osm-1225502593","","","","","","","","600","904032","108484","6.1","1295622","","Industrial building. Roof-suitable for rooftop PV. Verify ownership + contact before outreach."
"Schneider","Columbus","OH","osm_industrial","osm-1225502594","","","","","","","","600","904032","108484","6.1","1295622","","Industrial building. Roof-suitable for rooftop PV. Verify ownership + contact before outreach."
"Csx","Columbus","OH","osm_industrial","osm-1297317466","","","","","","","","600","904032","108484","6.1","1295622","","Industrial building. Roof-suitable for rooftop PV. Verify ownership + contact before outreach."
"Amazon New Albany: Innovation Campus Way","Columbus","OH","osm_industrial","osm-1346608567","","","","","","","","600","904032","108484","6.1","1295622","","Industrial building. Roof-suitable for rooftop PV. Verify ownership + contact before outreach."
"Gahanna Jefferson Schools Transportation","Columbus","OH","osm_industrial","osm-1349323593","","","","","","","","600","904032","108484","6.1","1295622","","Depot building. Roof-suitable for rooftop PV. Verify ownership + contact before outreach."
"Triad Fire","Columbus","OH","osm_industrial","osm-1365882847","","","","","","","","600","904032","108484","6.1","1295622","","Industrial building. Roof-suitable for rooftop PV. Verify ownership + contact before outreach."
"Amgen","New Albany","OH","osm_industrial","osm-1427605685","","","","","","","","600","904032","108484","6.1","1295622","","Industrial building. Roof-suitable for rooftop PV. Verify ownership + contact before outreach."
"Amgen","Columbus","OH","osm_industrial","osm-1427613539","","","","","","","","600","904032","108484","6.1","1295622","","Industrial building. Roof-suitable for rooftop PV. Verify ownership + contact before outreach."
"Google","Columbus","OH","osm_industrial","osm-1427613543","","","","","","","","600","904032","108484","6.1","1295622","","Industrial building. Roof-suitable for rooftop PV. Verify ownership + contact before outreach."
"Mxd Process","Plain City","OH","osm_industrial","osm-1447063029","","","","","","","","600","904032","108484","6.1","1295622","","Industrial building. Roof-suitable for rooftop PV. Verify ownership + contact before outreach."
"Hound Dogs Towing","Columbus","OH","osm_industrial","osm-1463051686","","","","","","","","600","904032","108484","6.1","1295622","","Scrap_yard building. Roof-suitable for rooftop PV. Verify ownership + contact before outreach."
"Chemcote","Dublin","OH","osm_industrial","osm-1466833827","","","","","","","","600","904032","108484","6.1","1295622","","Industrial building. Roof-suitable for rooftop PV. Verify ownership + contact before outreach."
"Norfolk Southern","Columbus","OH","osm_industrial","osm-1490320301","","","","","","","","600","904032","108484","6.1","1295622","","Industrial building. Roof-suitable for rooftop PV. Verify ownership + contact before outreach."
"Cargill","Columbus","OH","osm_industrial","osm-1490681323","","","","","","","","600","904032","108484","6.1","1295622","","Grain_elevator building. Roof-suitable for rooftop PV. Verify ownership + contact before outreach."
"Cargill","Columbus","OH","osm_industrial","osm-1490691776","","","","","","","","600","904032","108484","6.1","1295622","","Port building. Roof-suitable for rooftop PV. Verify ownership + contact before outreach."
"Csx","Columbus","OH","osm_industrial","osm-1497461518","","","","","","","","600","904032","108484","6.1","1295622","","Industrial building. Roof-suitable for rooftop PV. Verify ownership + contact before outreach."
"Csx","Columbus","OH","osm_industrial","osm-1498362802","","","","","","","","600","904032","108484","6.1","1295622","","Industrial building. Roof-suitable for rooftop PV. Verify ownership + contact before outreach."
"Premium Beverage Supply","Hilliard","OH","osm_industrial","osm-1498373698","","","","","","","","600","904032","108484","6.1","1295622","","Industrial building. Roof-suitable for rooftop PV. Verify ownership + contact before outreach."
"Csx","Columbus","OH","osm_industrial","osm-1499774369","","","","","","","","600","904032","108484","6.1","1295622","","Industrial building. Roof-suitable for rooftop PV. Verify ownership + contact before outreach."
"Csx","Columbus","OH","osm_industrial","osm-1499778032","","","","","","","","600","904032","108484","6.1","1295622","","Industrial building. Roof-suitable for rooftop PV. Verify ownership + contact before outreach."
"Csx","Columbus","OH","osm_industrial","osm-1505414850","","","","","","","","600","904032","108484","6.1","1295622","","Industrial building. Roof-suitable for rooftop PV. Verify ownership + contact before outreach."
"Csx","Columbus","OH","osm_industrial","osm-1506036812","","","","","","","","600","904032","108484","6.1","1295622","","Industrial building. Roof-suitable for rooftop PV. Verify ownership + contact before outreach."
"Sevan Auto Parts","Circleville","OH","osm_industrial","osm-1509669229","","","","","","","","600","904032","108484","6.1","1295622","","Scrap_yard building. Roof-suitable for rooftop PV. Verify ownership + contact before outreach."
"Red Carpet Studios","Cincinnati","OH","osm_industrial","osm-26346573","","","","","","","","600","904032","108484","6.1","1295622","","Distributor building. Roof-suitable for rooftop PV. Verify ownership + contact before outreach."
"Sst Bearing Corporation","Loveland","OH","osm_industrial","osm-26346638","","","","","","","","600","904032","108484","6.1","1295622","","Industrial building. Roof-suitable for rooftop PV. Verify ownership + contact before outreach."
"Shawcor","Cincinnati","OH","osm_industrial","osm-26346640","","","","","","","","600","904032","108484","6.1","1295622","","Industrial building. Roof-suitable for rooftop PV. Verify ownership + contact before outreach."
"Fischer Process Industries","Cincinnati","OH","osm_industrial","osm-26346650","","","","","","","","600","904032","108484","6.1","1295622","","Distributor building. Roof-suitable for rooftop PV. Verify ownership + contact before outreach."
"Smithfield Foods","Springdale","OH","osm_industrial","osm-30328141","","","","","","","","600","904032","108484","6.1","1295622","","Distributor building. Roof-suitable for rooftop PV. Verify ownership + contact before outreach."
"Ups","Cincinnati","OH","osm_industrial","osm-32967457","","","","","","","","600","904032","108484","6.1","1295622","","Logistics building. Roof-suitable for rooftop PV. Verify ownership + contact before outreach."
"Building 800","Cincinnati","OH","osm_industrial","osm-33655149","","","","","","","","600","904032","108484","6.1","1295622","","Industrial building. Roof-suitable for rooftop PV. Verify ownership + contact before outreach."
"Building 700","Cincinnati","OH","osm_industrial","osm-33655183","","","","","","","","600","904032","108484","6.1","1295622","","Industrial building. Roof-suitable for rooftop PV. Verify ownership + contact before outreach."
"Building 200","Cincinnati","OH","osm_industrial","osm-33655187","","","","","","","","600","904032","108484","6.1","1295622","","Industrial building. Roof-suitable for rooftop PV. Verify ownership + contact before outreach."
"Thermo Fisher Scientific","Cincinnati","OH","osm_industrial","osm-34123483","","","","","","","","600","904032","108484","6.1","1295622","","Industrial building. Roof-suitable for rooftop PV. Verify ownership + contact before outreach."
"General Electric","Evendale","OH","osm_industrial","osm-34229662","","","","","","","","600","904032","108484","6.1","1295622","","Factory building. Roof-suitable for rooftop PV. Verify ownership + contact before outreach."
"Building 90","Cincinnati","OH","osm_industrial","osm-34229761","","","","","","","","600","904032","108484","6.1","1295622","","Industrial building. Roof-suitable for rooftop PV. Verify ownership + contact before outreach."
"Valley Asphalt","Cincinnati","OH","osm_industrial","osm-36865420","","","","","","","","600","904032","108484","6.1","1295622","","Industrial building. Roof-suitable for rooftop PV. Verify ownership + contact before outreach."
"General Mills","Cincinnati","OH","osm_industrial","osm-36865548","","","","","","","","600","904032","108484","6.1","1295622","","Industrial building. Roof-suitable for rooftop PV. Verify ownership + contact before outreach."
"Art’S Rental Equipment","Sharonville","OH","osm_industrial","osm-36896970","","","","","","","","600","904032","108484","6.1","1295622","","Industrial building. Roof-suitable for rooftop PV. Verify ownership + contact before outreach."
"R-J-R Radiator","Cincinnati","OH","osm_industrial","osm-36896990","","","","","","","","600","904032","108484","6.1","1295622","","Industrial building. Roof-suitable for rooftop PV. Verify ownership + contact before outreach."
"Ups Freight","Sharonville","OH","osm_industrial","osm-36897069","","","","","","","","600","904032","108484","6.1","1295622","","Logistics building. Roof-suitable for rooftop PV. Verify ownership + contact before outreach."
"The Larson Group","Sharonville","OH","osm_industrial","osm-36897072","","","","","","","","600","904032","108484","6.1","1295622","","Industrial building. Roof-suitable for rooftop PV. Verify ownership + contact before outreach."
"Distributor Service","Sharonville","OH","osm_industrial","osm-36897075","","","","","","","","600","904032","108484","6.1","1295622","","Distributor building. Roof-suitable for rooftop PV. Verify ownership + contact before outreach."
"Bob Sumerel Tire Company","Sharonville","OH","osm_industrial","osm-36897076","","","","","","","","600","904032","108484","6.1","1295622","","Industrial building. Roof-suitable for rooftop PV. Verify ownership + contact before outreach."
"Ward Trucking Corporation","Sharonville","OH","osm_industrial","osm-36897080","","","","","","","","600","904032","108484","6.1","1295622","","Logistics building. Roof-suitable for rooftop PV. Verify ownership + contact before outreach."
"Ferguson Bath, Kitchen & Lighting Gallery","Sharonville","OH","osm_industrial","osm-36897081","","","","","","","","600","904032","108484","6.1","1295622","","Industrial building. Roof-suitable for rooftop PV. Verify ownership + contact before outreach."
"Nemf Cincinnati","Sharonville","OH","osm_industrial","osm-36897110","","","","","","","","600","904032","108484","6.1","1295622","","Distributor building. Roof-suitable for rooftop PV. Verify ownership + contact before outreach."
"Univar Environmental Sciences","Sharonville","OH","osm_industrial","osm-36897112","","","","","","","","600","904032","108484","6.1","1295622","","Industrial building. Roof-suitable for rooftop PV. Verify ownership + contact before outreach."
"Great American Equipment Company","Sharonville","OH","osm_industrial","osm-36897143","","","","","","","","600","904032","108484","6.1","1295622","","Industrial building. Roof-suitable for rooftop PV. Verify ownership + contact before outreach."
"Ei Ceramics","Sharonville","OH","osm_industrial","osm-36897144","","","","","","","","600","904032","108484","6.1","1295622","","Industrial building. Roof-suitable for rooftop PV. Verify ownership + contact before outreach."
"River City Body Company","Sharonville","OH","osm_industrial","osm-36897145","","","","","","","","600","904032","108484","6.1","1295622","","Industrial building. Roof-suitable for rooftop PV. Verify ownership + contact before outreach."
"Truck Pro","Sharonville","OH","osm_industrial","osm-36897146","","","","","","","","600","904032","108484","6.1","1295622","","Industrial building. Roof-suitable for rooftop PV. Verify ownership + contact before outreach."
"Penske Truck Rental","Sharonville","OH","osm_industrial","osm-36897147","","","","","","","","600","904032","108484","6.1","1295622","","Industrial building. Roof-suitable for rooftop PV. Verify ownership + contact before outreach."
"Industrial Sorting Services","Sharonville","OH","osm_industrial","osm-36897148","","","","","","","","600","904032","108484","6.1","1295622","","Logistics building. Roof-suitable for rooftop PV. Verify ownership + contact before outreach."
"Perfection Group","Sharonville","OH","osm_industrial","osm-36897149","","","","","","","","600","904032","108484","6.1","1295622","","Industrial building. Roof-suitable for rooftop PV. Verify ownership + contact before outreach."
"Cincinnati Truck Parts","Sharonville","OH","osm_industrial","osm-36897150","","","","","","","","600","904032","108484","6.1","1295622","","Industrial building. Roof-suitable for rooftop PV. Verify ownership + contact before outreach."
"Ford Motor Company","Cincinnati","OH","osm_industrial","osm-36897193","","","","","","","","600","904032","108484","6.1","1295622","","Industrial building. Roof-suitable for rooftop PV. Verify ownership + contact before outreach."
"Pretzel Baron","Cincinnati","OH","osm_industrial","osm-36951757","","","","","","","","600","904032","108484","6.1","1295622","","Industrial building. Roof-suitable for rooftop PV. Verify ownership + contact before outreach."
"General Tool Company","Cincinnati","OH","osm_industrial","osm-37585147","","","","","","","","600","904032","108484","6.1","1295622","","Industrial building. Roof-suitable for rooftop PV. Verify ownership + contact before outreach."
"Easy Way Products","Lockland","OH","osm_industrial","osm-41013239","","","","","","","","600","904032","108484","6.1","1295622","","Industrial building. Roof-suitable for rooftop PV. Verify ownership + contact before outreach."
"University Of Cincinnati","Cincinnati","OH","osm_industrial","osm-42786935","","","","","","","","600","904032","108484","6.1","1295622","","Yes building. Roof-suitable for rooftop PV. Verify ownership + contact before outreach."
"United Dairy Farmers","Cincinnati","OH","osm_industrial","osm-42791697","","","","","","","","600","904032","108484","6.1","1295622","","Industrial building. Roof-suitable for rooftop PV. Verify ownership + contact before outreach."
"80 Acres Urban Agriculture","Cincinnati","OH","osm_industrial","osm-43991644","","","","","","","","600","904032","108484","6.1","1295622","","Industrial building. Roof-suitable for rooftop PV. Verify ownership + contact before outreach."
"Ridgewood Industrial Park","Cincinnati","OH","osm_industrial","osm-44491756","","","","","","","","600","904032","108484","6.1","1295622","","Industrial building. Roof-suitable for rooftop PV. Verify ownership + contact before outreach."
"Cincinnati Water Works","Cincinnati","OH","osm_industrial","osm-46648772","","","","","","","","600","904032","108484","6.1","1295622","","Industrial building. Roof-suitable for rooftop PV. Verify ownership + contact before outreach."
"Seemless Printing","Cincinnati","OH","osm_industrial","osm-46649130","","","","","","","","600","904032","108484","6.1","1295622","","Industrial building. Roof-suitable for rooftop PV. Verify ownership + contact before outreach."
"Artonomy","Cincinnati","OH","osm_industrial","osm-46694829","","","","","","","","600","904032","108484","6.1","1295622","","Industrial building. Roof-suitable for rooftop PV. Verify ownership + contact before outreach."
"Coffee Emporium","Cincinnati","OH","osm_industrial","osm-46695284","","","","","","","","600","904032","108484","6.1","1295622","","Industrial building. Roof-suitable for rooftop PV. Verify ownership + contact before outreach."
"United States Postal Service","Cincinnati","OH","osm_industrial","osm-46704134","","","","","","","","600","904032","108484","6.1","1295622","","Industrial building. Roof-suitable for rooftop PV. Verify ownership + contact before outreach."
"The Mockbee","Cincinnati","OH","osm_industrial","osm-46704559","","","","","","","","600","904032","108484","6.1","1295622","","Industrial building. Roof-suitable for rooftop PV. Verify ownership + contact before outreach."
"Younge & Bertke Company","Cincinnati","OH","osm_industrial","osm-46704577","","","","","","","","600","904032","108484","6.1","1295622","","Industrial building. Roof-suitable for rooftop PV. Verify ownership + contact before outreach."
"Anchor Building","Cincinnati","OH","osm_industrial","osm-46704652","","","","","","","","600","904032","108484","6.1","1295622","","Industrial building. Roof-suitable for rooftop PV. Verify ownership + contact before outreach."
"Garden Street Iron & Metal","Cincinnati","OH","osm_industrial","osm-46704672","","","","","","","","600","904032","108484","6.1","1295622","","Industrial building. Roof-suitable for rooftop PV. Verify ownership + contact before outreach."
"The Crosley Building","Cincinnati","OH","osm_industrial","osm-46704876","","","","","","","","600","904032","108484","6.1","1295622","","Industrial building. Roof-suitable for rooftop PV. Verify ownership + contact before outreach."
"The Edwin Meyer Co Roofing & Sheet Metal","Cincinnati","OH","osm_industrial","osm-50633786","","","","","","","","600","904032","108484","6.1","1295622","","Industrial building. Roof-suitable for rooftop PV. Verify ownership + contact before outreach."
"University Of Cincinnati","Cincinnati","OH","osm_industrial","osm-50953103","","","","","","","","600","904032","108484","6.1","1295622","","Yes building. Roof-suitable for rooftop PV. Verify ownership + contact before outreach."
"University Of Cincinnati","Cincinnati","OH","osm_industrial","osm-50955416","","","","","","","","600","904032","108484","6.1","1295622","","Yes building. Roof-suitable for rooftop PV. Verify ownership + contact before outreach."
"Central Fabricators Inc.","Cincinnati","OH","osm_industrial","osm-53258662","","","","","","","","600","904032","108484","6.1","1295622","","Machine_shop building. Roof-suitable for rooftop PV. Verify ownership + contact before outreach."
"B&B Mechanical Services, Incorporated","Cincinnati","OH","osm_industrial","osm-53440370","","","","","","","","600","904032","108484","6.1","1295622","","Industrial building. Roof-suitable for rooftop PV. Verify ownership + contact before outreach."
"Northside Meats","Cincinnati","OH","osm_industrial","osm-53440611","","","","","","","","600","904032","108484","6.1","1295622","","Industrial building. Roof-suitable for rooftop PV. Verify ownership + contact before outreach."
"Essex Studios","Cincinnati","OH","osm_industrial","osm-56224752","","","","","","","","600","904032","108484","6.1","1295622","","Industrial building. Roof-suitable for rooftop PV. Verify ownership + contact before outreach."
"Solvay","Cincinnati","OH","osm_industrial","osm-56343318","","","","","","","","600","904032","108484","6.1","1295622","","Factory building. Roof-suitable for rooftop PV. Verify ownership + contact before outreach."
"Occidental Chemical","Cincinnati","OH","osm_industrial","osm-56343409","","","","","","","","600","904032","108484","6.1","1295622","","Factory building. Roof-suitable for rooftop PV. Verify ownership + contact before outreach."
"Queen City Clay","Norwood","OH","osm_industrial","osm-61358578","","","","","","","","600","904032","108484","6.1","1295622","","Industrial building. Roof-suitable for rooftop PV. Verify ownership + contact before outreach."
"Atlantic Packing Company","Cincinnati","OH","osm_industrial","osm-69545785","","","","","","","","600","904032","108484","6.1","1295622","","Industrial building. Roof-suitable for rooftop PV. Verify ownership + contact before outreach."
"Kellogg'S","Mariemont","OH","osm_industrial","osm-74284842","","","","","","","","600","904032","108484","6.1","1295622","","Industrial building. Roof-suitable for rooftop PV. Verify ownership + contact before outreach."
"Renk","Mariemont","OH","osm_industrial","osm-74285293","","","","","","","","600","904032","108484","6.1","1295622","","Industrial building. Roof-suitable for rooftop PV. Verify ownership + contact before outreach."
"Cincinnati Steel Treating Company","Mariemont","OH","osm_industrial","osm-74285295","","","","","","","","600","904032","108484","6.1","1295622","","Industrial building. Roof-suitable for rooftop PV. Verify ownership + contact before outreach."
"Haney Design","Cincinnati","OH","osm_industrial","osm-74285323","","","","","","","","600","904032","108484","6.1","1295622","","Industrial building. Roof-suitable for rooftop PV. Verify ownership + contact before outreach."
"Building 500","Cincinnati","OH","osm_industrial","osm-91521368","","","","","","","","600","904032","108484","6.1","1295622","","Industrial building. Roof-suitable for rooftop PV. Verify ownership + contact before outreach."
"Ethicon","Cincinnati","OH","osm_industrial","osm-111471814","","","","","","","","600","904032","108484","6.1","1295622","","Industrial building. Roof-suitable for rooftop PV. Verify ownership + contact before outreach."
"Cincinnati Milacron","Cincinnati","OH","osm_industrial","osm-111473245","","","","","","","","600","904032","108484","6.1","1295622","","Industrial building. Roof-suitable for rooftop PV. Verify ownership + contact before outreach."
"River Metals Recycling","Cincinnati","OH","osm_industrial","osm-132052533","","","","","","","","600","904032","108484","6.1","1295622","","Scrap_yard building. Roof-suitable for rooftop PV. Verify ownership + contact before outreach."
"Usui International Corporation","Sharonville","OH","osm_industrial","osm-169421007","","","","","","","","600","904032","108484","6.1","1295622","","Industrial building. Roof-suitable for rooftop PV. Verify ownership + contact before outreach."
"P.E. Usa Labellers","Sharonville","OH","osm_industrial","osm-169421009","","","","","","","","600","904032","108484","6.1","1295622","","Packaging building. Roof-suitable for rooftop PV. Verify ownership + contact before outreach."
"Eurostampa North America","Cincinnati","OH","osm_industrial","osm-194610090","","","","","","","","600","904032","108484","6.1","1295622","","Industrial building. Roof-suitable for rooftop PV. Verify ownership + contact before outreach."
"Elegant Fare","Sharonville","OH","osm_industrial","osm-203976652","","","","","","","","600","904032","108484","6.1","1295622","","Industrial building. Roof-suitable for rooftop PV. Verify ownership + contact before outreach."
"R.E. Michel Company","Sharonville","OH","osm_industrial","osm-203976675","","","","","","","","600","904032","108484","6.1","1295622","","Industrial building. Roof-suitable for rooftop PV. Verify ownership + contact before outreach."
"Kutol Products Company","Sharonville","OH","osm_industrial","osm-203976752","","","","","","","","600","904032","108484","6.1","1295622","","Industrial building. Roof-suitable for rooftop PV. Verify ownership + contact before outreach."
"Garden Street Iron & Metal","Cincinnati","OH","osm_industrial","osm-204355837","","","","","","","","600","904032","108484","6.1","1295622","","Industrial building. Roof-suitable for rooftop PV. Verify ownership + contact before outreach."
"Shannon Tool Incorporated","Cincinnati","OH","osm_industrial","osm-206062344","","","","","","","","600","904032","108484","6.1","1295622","","Industrial building. Roof-suitable for rooftop PV. Verify ownership + contact before outreach."
"Rookwood Pottery","Cincinnati","OH","osm_industrial","osm-212399293","","","","","","","","600","904032","108484","6.1","1295622","","Industrial building. Roof-suitable for rooftop PV. Verify ownership + contact before outreach."
"Ineos","Cincinnati","OH","osm_industrial","osm-217379759","","","","","","","","600","904032","108484","6.1","1295622","","Factory building. Roof-suitable for rooftop PV. Verify ownership + contact before outreach."
"Cincinnati Department Of Public Services","Cincinnati","OH","osm_industrial","osm-250488453","","","","","","","","600","904032","108484","6.1","1295622","","Depot building. Roof-suitable for rooftop PV. Verify ownership + contact before outreach."
"Cincinnati Bell","Cincinnati","OH","osm_industrial","osm-265435133","","","","","","","","600","904032","108484","6.1","1295622","","Industrial building. Roof-suitable for rooftop PV. Verify ownership + contact before outreach."
"Industrial Developments International","Cincinnati","OH","osm_industrial","osm-285777478","","","","","","","","600","904032","108484","6.1","1295622","","Industrial building. Roof-suitable for rooftop PV. Verify ownership + contact before outreach."
"Jacks Auto","Cincinnati","OH","osm_industrial","osm-293721534","","","","","","","","600","904032","108484","6.1","1295622","","Scrap_yard building. Roof-suitable for rooftop PV. Verify ownership + contact before outreach."
"Rme Machining","Cincinnati","OH","osm_industrial","osm-330592769","","","","","","","","600","904032","108484","6.1","1295622","","Industrial building. Roof-suitable for rooftop PV. Verify ownership + contact before outreach."
"Mclane","Cincinnati","OH","osm_industrial","osm-334129093","","","","","","","","600","904032","108484","6.1","1295622","","Distributor building. Roof-suitable for rooftop PV. Verify ownership + contact before outreach."
"Graeter’S","Cincinnati","OH","osm_industrial","osm-334272649","","","","","","","","600","904032","108484","6.1","1295622","","Industrial building. Roof-suitable for rooftop PV. Verify ownership + contact before outreach."
"Transdev","Cincinnati","OH","osm_industrial","osm-339438633","","","","","","","","600","904032","108484","6.1","1295622","","Garage building. Roof-suitable for rooftop PV. Verify ownership + contact before outreach."
"Cincinnati Water Works","Cincinnati","OH","osm_industrial","osm-343481416","","","","","","","","600","904032","108484","6.1","1295622","","Industrial building. Roof-suitable for rooftop PV. Verify ownership + contact before outreach."
"Connector Maintenance Facility","Cincinnati","OH","osm_industrial","osm-347375557","","","","","","","","600","904032","108484","6.1","1295622","","Depot building. Roof-suitable for rooftop PV. Verify ownership + contact before outreach."
"Rhinegeist Brewery","Cincinnati","OH","osm_industrial","osm-347377525","","","","","","","","600","904032","108484","6.1","1295622","","Brewery building. Roof-suitable for rooftop PV. Verify ownership + contact before outreach."
"Valley Asphalt","Cincinnati","OH","osm_industrial","osm-355277531","","","","","","","","600","904032","108484","6.1","1295622","","Industrial building. Roof-suitable for rooftop PV. Verify ownership + contact before outreach."
"Montgomery Public Works Department","Montgomery","OH","osm_industrial","osm-549123320","","","","","","","","600","904032","108484","6.1","1295622","","Industrial building. Roof-suitable for rooftop PV. Verify ownership + contact before outreach."
"Martin Luther King Industrial Park","Cincinnati","OH","osm_industrial","osm-553375180","","","","","","","","600","904032","108484","6.1","1295622","","Industrial building. Roof-suitable for rooftop PV. Verify ownership + contact before outreach."
"Sharonville Commerce Center","Cincinnati","OH","osm_industrial","osm-585231740","","","","","","","","600","904032","108484","6.1","1295622","","Industrial building. Roof-suitable for rooftop PV. Verify ownership + contact before outreach."
"Byer Steel","Cincinnati","OH","osm_industrial","osm-614106554","","","","","","","","600","904032","108484","6.1","1295622","","Steelmaking building. Roof-suitable for rooftop PV. Verify ownership + contact before outreach."
"U-Pull-&-Pay","Cincinnati","OH","osm_industrial","osm-614106557","","","","","","","","600","904032","108484","6.1","1295622","","Scrap_yard building. Roof-suitable for rooftop PV. Verify ownership + contact before outreach."
"Boston Beer Company","Cincinnati","OH","osm_industrial","osm-616120659","","","","","","","","600","904032","108484","6.1","1295622","","Brewery building. Roof-suitable for rooftop PV. Verify ownership + contact before outreach."
"Mill Creek Barrier Dam","Cincinnati","OH","osm_industrial","osm-616641457","","","","","","","","600","904032","108484","6.1","1295622","","Water building. Roof-suitable for rooftop PV. Verify ownership + contact before outreach."
"Siemens Innomotics","Cincinnati","OH","osm_industrial","osm-634959286","","","","","","","","600","904032","108484","6.1","1295622","","Factory building. Roof-suitable for rooftop PV. Verify ownership + contact before outreach."
"Busken Bakery","Cincinnati","OH","osm_industrial","osm-682271067","","","","","","","","600","904032","108484","6.1","1295622","","Bakery building. Roof-suitable for rooftop PV. Verify ownership + contact before outreach."
"Garden Street Iron & Metal","Cincinnati","OH","osm_industrial","osm-708417520","","","","","","","","600","904032","108484","6.1","1295622","","Scrap_yard building. Roof-suitable for rooftop PV. Verify ownership + contact before outreach."
"Allgeier Auto Parts Incorporated","Cincinnati","OH","osm_industrial","osm-710849384","","","","","","","","600","904032","108484","6.1","1295622","","Scrap_yard building. Roof-suitable for rooftop PV. Verify ownership + contact before outreach."
"Willey Battery Utility, Llc","Cincinnati","OH","osm_industrial","osm-710850206","","","","","","","","600","904032","108484","6.1","1295622","","Industrial building. Roof-suitable for rooftop PV. Verify ownership + contact before outreach."
"Kao Corporation","Cincinnati","OH","osm_industrial","osm-714497024","","","","","","","","600","904032","108484","6.1","1295622","","Industrial building. Roof-suitable for rooftop PV. Verify ownership + contact before outreach."
"Ohio Department Of Transportation","Cincinnati","OH","osm_industrial","osm-724683676","","","","","","","","600","904032","108484","6.1","1295622","","Depot building. Roof-suitable for rooftop PV. Verify ownership + contact before outreach."
"Public Storage","Cincinnati","OH","osm_industrial","osm-738899622","","","","","","","","600","904032","108484","6.1","1295622","","Industrial building. Roof-suitable for rooftop PV. Verify ownership + contact before outreach."
"Queensgate Garage","Cincinnati","OH","osm_industrial","osm-754073955","","","","","","","","600","904032","108484","6.1","1295622","","Industrial building. Roof-suitable for rooftop PV. Verify ownership + contact before outreach."
"Usps Springdale Processing Plant","Cincinnati","OH","osm_industrial","osm-761205739","","","","","","","","600","904032","108484","6.1","1295622","","Industrial building. Roof-suitable for rooftop PV. Verify ownership + contact before outreach."
"Fuel Tanks","Cincinnati","OH","osm_industrial","osm-771347023","","","","","","","","600","904032","108484","6.1","1295622","","Industrial building. Roof-suitable for rooftop PV. Verify ownership + contact before outreach."
"Bob'S Auto Parts","Cincinnati","OH","osm_industrial","osm-832355717","","","","","","","","600","904032","108484","6.1","1295622","","Scrap_yard building. Roof-suitable for rooftop PV. Verify ownership + contact before outreach."
"Klosterman Baking Company","Cincinnati","OH","osm_industrial","osm-890598849","","","","","","","","600","904032","108484","6.1","1295622","","Bakery building. Roof-suitable for rooftop PV. Verify ownership + contact before outreach."
"Fives Group","Cincinnati","OH","osm_industrial","osm-890598850","","","","","","","","600","904032","108484","6.1","1295622","","Metal_processing building. Roof-suitable for rooftop PV. Verify ownership + contact before outreach."
"Ohio Department Of Transportation District 8","Blue Ash","OH","osm_industrial","osm-896463214","","","","","","","","600","904032","108484","6.1","1295622","","Depot building. Roof-suitable for rooftop PV. Verify ownership + contact before outreach."
"Hamilton County Engineer’S Office","Blue Ash","OH","osm_industrial","osm-896463217","","","","","","","","600","904032","108484","6.1","1295622","","Depot building. Roof-suitable for rooftop PV. Verify ownership + contact before outreach."
"Ohio Department Of Transportation District 8","Cincinnati","OH","osm_industrial","osm-896468593","","","","","","","","600","904032","108484","6.1","1295622","","Depot building. Roof-suitable for rooftop PV. Verify ownership + contact before outreach."
"The National Flag Company","Cincinnati","OH","osm_industrial","osm-917976001","","","","","","","","600","904032","108484","6.1","1295622","","Factory building. Roof-suitable for rooftop PV. Verify ownership + contact before outreach."
"Corken Steel","Cincinnati","OH","osm_industrial","osm-951228860","","","","","","","","600","904032","108484","6.1","1295622","","Industrial building. Roof-suitable for rooftop PV. Verify ownership + contact before outreach."
"Hubbard’S Towing","Cincinnati","OH","osm_industrial","osm-1086563144","","","","","","","","600","904032","108484","6.1","1295622","","Vehicle_depot building. Roof-suitable for rooftop PV. Verify ownership + contact before outreach."
"Greater Cincinnati Water Works","Cincinnati","OH","osm_industrial","osm-1105049416","","","","","","","","600","904032","108484","6.1","1295622","","Industrial building. Roof-suitable for rooftop PV. Verify ownership + contact before outreach."
"A&A Mower","Cincinnati","OH","osm_industrial","osm-1202469479","","","","","","","","600","904032","108484","6.1","1295622","","Industrial building. Roof-suitable for rooftop PV. Verify ownership + contact before outreach."
"Cincinnati Fleet Services Division","Cincinnati","OH","osm_industrial","osm-1218915994","","","","","","","","600","904032","108484","6.1","1295622","","Depot building. Roof-suitable for rooftop PV. Verify ownership + contact before outreach."
"Building 703","Cincinnati","OH","osm_industrial","osm-1279105917","","","","","","","","600","904032","108484","6.1","1295622","","Industrial building. Roof-suitable for rooftop PV. Verify ownership + contact before outreach."
"Building 510","Cincinnati","OH","osm_industrial","osm-1279109124","","","","","","","","600","904032","108484","6.1","1295622","","Industrial building. Roof-suitable for rooftop PV. Verify ownership + contact before outreach."
"Building 517","Cincinnati","OH","osm_industrial","osm-1279109607","","","","","","","","600","904032","108484","6.1","1295622","","Industrial building. Roof-suitable for rooftop PV. Verify ownership + contact before outreach."
"Grove Transportation","Cincinnati","OH","osm_industrial","osm-1293728662","","","","","","","","600","904032","108484","6.1","1295622","","Trucking building. Roof-suitable for rooftop PV. Verify ownership + contact before outreach."
"Jones Spring Co.","Cincinnati","OH","osm_industrial","osm-1294918523","","","","","","","","600","904032","108484","6.1","1295622","","Metal_processing building. Roof-suitable for rooftop PV. Verify ownership + contact before outreach."
"Baker Company","Cincinnati","OH","osm_industrial","osm-1294918524","","","","","","","","600","904032","108484","6.1","1295622","","Metal_processing building. Roof-suitable for rooftop PV. Verify ownership + contact before outreach."
"Andrews Laser Works","Cincinnati","OH","osm_industrial","osm-1294918525","","","","","","","","600","904032","108484","6.1","1295622","","Metal_processing building. Roof-suitable for rooftop PV. Verify ownership + contact before outreach."
"Lackey Auto Parts","Cincinnati","OH","osm_industrial","osm-1354779130","","","","","","","","600","904032","108484","6.1","1295622","","Scrap_yard building. Roof-suitable for rooftop PV. Verify ownership + contact before outreach."
"Duke Energy","Cincinnati","OH","osm_industrial","osm-1374318391","","","","","","","","600","904032","108484","6.1","1295622","","Electrical building. Roof-suitable for rooftop PV. Verify ownership + contact before outreach."
"City Of Dayton Industrial Park","Cincinnati","OH","osm_industrial","osm-1429869611","","","","","","","","600","904032","108484","6.1","1295622","","Industrial building. Roof-suitable for rooftop PV. Verify ownership + contact before outreach."
"City Of Dayton Industrial Park","Cincinnati","OH","osm_industrial","osm-1429869612","","","","","","","","600","904032","108484","6.1","1295622","","Industrial building. Roof-suitable for rooftop PV. Verify ownership + contact before outreach."
"City Of Dayton Industrial Park","Cincinnati","OH","osm_industrial","osm-1429869613","","","","","","","","600","904032","108484","6.1","1295622","","Industrial building. Roof-suitable for rooftop PV. Verify ownership + contact before outreach."
"City Of Dayton Industrial Park","Cincinnati","OH","osm_industrial","osm-1429869614","","","","","","","","600","904032","108484","6.1","1295622","","Industrial building. Roof-suitable for rooftop PV. Verify ownership + contact before outreach."
"City Of Dayton Industrial Park","Cincinnati","OH","osm_industrial","osm-1429869615","","","","","","","","600","904032","108484","6.1","1295622","","Industrial building. Roof-suitable for rooftop PV. Verify ownership + contact before outreach."
"Duke Energy","Cincinnati","OH","osm_industrial","osm-1464224198","","","","","","","","600","904032","108484","6.1","1295622","","Depot building. Roof-suitable for rooftop PV. Verify ownership + contact before outreach."
"Duke Energy Kellog Campus","Cincinnati","OH","osm_industrial","osm-1499149660","","","","","","","","600","904032","108484","6.1","1295622","","Industrial building. Roof-suitable for rooftop PV. Verify ownership + contact before outreach."
"Derrick Company","Cincinnati","OH","osm_industrial","osm-1499153275","","","","","","","","600","904032","108484","6.1","1295622","","Industrial building. Roof-suitable for rooftop PV. Verify ownership + contact before outreach."
"Glick Management","Cincinnati","OH","osm_industrial","osm-1499153276","","","","","","","","600","904032","108484","6.1","1295622","","Industrial building. Roof-suitable for rooftop PV. Verify ownership + contact before outreach."
"Tuke Landscaping","Cincinnati","OH","osm_industrial","osm-1499174962","","","","","","","","600","904032","108484","6.1","1295622","","Industrial building. Roof-suitable for rooftop PV. Verify ownership + contact before outreach."
"Cleveland Clinic Main Campus","Cleveland","OH","auto_seed","solar-med-002","","","","","","","","600","904032","108484","6.1","1295622","","OH Energy Community bonus + non-profit PPA structure"
"Ohio State University","Columbus","OH","auto_seed","solar-edu-006","","","","","","","","600","904032","108484","6.1","1295622","","AEP Ohio commercial + IRA Energy Community"
"Cleveland Industrial Park","Cleveland","OH","auto_seed","solar-027","","","","","","","","600","904032","108484","6.1","1295622","","5-building industrial park"