company,city,state,source,source_id,provenance_url,naics_code,naics_sector,solar_fit_score,energy_intensity,tax_appetite,recommended_ownership,load_profile,est_system_kw,est_annual_kwh,est_annual_savings_usd,est_net_payback_yrs,est_25yr_npv_p50_usd,sales_script,script_cfo,script_facilities,script_sustainability,pitch_angle
"Americold Logistics — Tolleson","Tolleson","AZ","auto_seed","solar-cs-001","","493120","Warehousing / Cold Storage","96","very_high","corporate","direct_purchase","flat_24_7","2000","3013440","391747","5.1","5069746","We help cold-storage facilities offset up to 40% of their peak refrigeration energy costs without changing operations. Worth a 15-minute call?","Your refrigeration is your single largest opex line item. A rooftop solar system locks in 40% of that cost at a fixed rate for 25 years — with full ITC + MACRS depreciation hitting your balance sheet in year one. Worth 15 minutes to see the model?","We specialize in cold-storage rooftop solar that installs without disrupting your temperature zones. Your roof membrane stays intact, and peak demand charges drop immediately. Can I walk you through how it works on a facility like yours?","Cold storage is one of the highest-emitting commercial verticals — but also one of the easiest to decarbonize with rooftop solar. We can help you cut Scope 2 emissions 30-50% without changing operations. Worth a quick conversation?","220,000 sqft cold storage — APS commercial rate, 24/7 refrigeration load"
"Sunbelt Cold Storage","Tolleson","AZ","auto_seed","solar-002","","493120","Warehousing / Cold Storage","96","very_high","corporate","direct_purchase","flat_24_7","2000","3013440","391747","5.1","5069746","We help cold-storage facilities offset up to 40% of their peak refrigeration energy costs without changing operations. Worth a 15-minute call?","Your refrigeration is your single largest opex line item. A rooftop solar system locks in 40% of that cost at a fixed rate for 25 years — with full ITC + MACRS depreciation hitting your balance sheet in year one. Worth 15 minutes to see the model?","We specialize in cold-storage rooftop solar that installs without disrupting your temperature zones. Your roof membrane stays intact, and peak demand charges drop immediately. Can I walk you through how it works on a facility like yours?","Cold storage is one of the highest-emitting commercial verticals — but also one of the easiest to decarbonize with rooftop solar. We can help you cut Scope 2 emissions 30-50% without changing operations. Worth a quick conversation?","24/7 refrigeration load + membrane roof"
"Valley Data Center West","Goodyear","AZ","auto_seed","solar-005","","518210","Information / Data Centers","95","very_high","corporate","direct_purchase","flat_24_7","960","1446451","188039","5.6","2333358","Your colo tenants are likely already asking about a renewable PPA — we can structure one without you owning the asset. Quick call?","A solar PPA lets you lock in below-grid power rates for your data center with zero capex — and it satisfies the renewable-energy clauses in your enterprise tenant SLAs. Can I send you a term sheet?","We design rooftop + carport solar specifically for data center thermal profiles — generation peaks exactly when cooling load peaks. No roof penetrations required. Quick call to review your facility layout?","Enterprise tenants are demanding 100% renewable sourcing as a contract condition. A behind-the-meter PPA gets you there without carbon offsets or RECs. Want to see how it maps to your Scope 2 reporting?","Colocation customers demanding green PPA"
"Circle K Distribution Center","Phoenix","AZ","osm_industrial","osm-124190125","https://www.openstreetmap.org/way/osm-124190125","493110","Warehousing / Cold Storage","84","moderate","corporate","direct_purchase","daytime_peak","2000","3013440","391747","5.1","5069746","Distribution centers are the easiest commercial solar installs we do — large clear flat roofs, ground-level interconnect.","Large flat-roof warehouses have the lowest $/W install cost in commercial solar — we typically see 4-year payback after ITC + MACRS. Worth a quick site-specific estimate?","Your roof is the ideal solar substrate — large, flat, unobstructed. We install without disrupting warehouse operations and connect at ground-level switchgear. Quick call to walk through the layout?","Warehouse Scope 2 emissions are an easy win — your flat-roof footprint generates enough solar to offset 60-80% of your grid consumption with zero operational changes.","Warehouse building. Roof-suitable for rooftop PV. Verify ownership + contact before outreach."
"Danby Factory Warehouse","Tolleson","AZ","osm_industrial","osm-124196519","https://www.openstreetmap.org/way/osm-124196519","493110","Warehousing / Cold Storage","84","moderate","corporate","direct_purchase","daytime_peak","2000","3013440","391747","5.1","5069746","Distribution centers are the easiest commercial solar installs we do — large clear flat roofs, ground-level interconnect.","Large flat-roof warehouses have the lowest $/W install cost in commercial solar — we typically see 4-year payback after ITC + MACRS. Worth a quick site-specific estimate?","Your roof is the ideal solar substrate — large, flat, unobstructed. We install without disrupting warehouse operations and connect at ground-level switchgear. Quick call to walk through the layout?","Warehouse Scope 2 emissions are an easy win — your flat-roof footprint generates enough solar to offset 60-80% of your grid consumption with zero operational changes.","Warehouse building. Roof-suitable for rooftop PV. Verify ownership + contact before outreach."
"Inventure Foods Inc. Warehouse","Tolleson","AZ","osm_industrial","osm-124196548","https://www.openstreetmap.org/way/osm-124196548","493110","Warehousing / Cold Storage","84","moderate","corporate","direct_purchase","daytime_peak","2000","3013440","391747","5.1","5069746","Distribution centers are the easiest commercial solar installs we do — large clear flat roofs, ground-level interconnect.","Large flat-roof warehouses have the lowest $/W install cost in commercial solar — we typically see 4-year payback after ITC + MACRS. Worth a quick site-specific estimate?","Your roof is the ideal solar substrate — large, flat, unobstructed. We install without disrupting warehouse operations and connect at ground-level switchgear. Quick call to walk through the layout?","Warehouse Scope 2 emissions are an easy win — your flat-roof footprint generates enough solar to offset 60-80% of your grid consumption with zero operational changes.","Warehouse building. Roof-suitable for rooftop PV. Verify ownership + contact before outreach."
"Ups","Phoenix","AZ","osm_industrial","osm-129599560","https://www.openstreetmap.org/way/osm-129599560","493110","Warehousing / Cold Storage","84","moderate","corporate","direct_purchase","daytime_peak","2000","3013440","391747","5.1","5069746","Distribution centers are the easiest commercial solar installs we do — large clear flat roofs, ground-level interconnect.","Large flat-roof warehouses have the lowest $/W install cost in commercial solar — we typically see 4-year payback after ITC + MACRS. Worth a quick site-specific estimate?","Your roof is the ideal solar substrate — large, flat, unobstructed. We install without disrupting warehouse operations and connect at ground-level switchgear. Quick call to walk through the layout?","Warehouse Scope 2 emissions are an easy win — your flat-roof footprint generates enough solar to offset 60-80% of your grid consumption with zero operational changes.","Warehouse building. Roof-suitable for rooftop PV. Verify ownership + contact before outreach."
"Mad Logics","Phoenix","AZ","osm_industrial","osm-129675963","https://www.openstreetmap.org/way/osm-129675963","493110","Warehousing / Cold Storage","84","moderate","corporate","direct_purchase","daytime_peak","2000","3013440","391747","5.1","5069746","Distribution centers are the easiest commercial solar installs we do — large clear flat roofs, ground-level interconnect.","Large flat-roof warehouses have the lowest $/W install cost in commercial solar — we typically see 4-year payback after ITC + MACRS. Worth a quick site-specific estimate?","Your roof is the ideal solar substrate — large, flat, unobstructed. We install without disrupting warehouse operations and connect at ground-level switchgear. Quick call to walk through the layout?","Warehouse Scope 2 emissions are an easy win — your flat-roof footprint generates enough solar to offset 60-80% of your grid consumption with zero operational changes.","Warehouse building. Roof-suitable for rooftop PV. Verify ownership + contact before outreach."
"Furniture Values International Llc","Phoenix","AZ","osm_industrial","osm-130280857","https://www.openstreetmap.org/way/osm-130280857","493110","Warehousing / Cold Storage","84","moderate","corporate","direct_purchase","daytime_peak","2000","3013440","391747","5.1","5069746","Distribution centers are the easiest commercial solar installs we do — large clear flat roofs, ground-level interconnect.","Large flat-roof warehouses have the lowest $/W install cost in commercial solar — we typically see 4-year payback after ITC + MACRS. Worth a quick site-specific estimate?","Your roof is the ideal solar substrate — large, flat, unobstructed. We install without disrupting warehouse operations and connect at ground-level switchgear. Quick call to walk through the layout?","Warehouse Scope 2 emissions are an easy win — your flat-roof footprint generates enough solar to offset 60-80% of your grid consumption with zero operational changes.","Warehouse building. Roof-suitable for rooftop PV. Verify ownership + contact before outreach."
"Cornerstone Brands","Phoenix","AZ","osm_industrial","osm-130280890","https://www.openstreetmap.org/way/osm-130280890","493110","Warehousing / Cold Storage","84","moderate","corporate","direct_purchase","daytime_peak","2000","3013440","391747","5.1","5069746","Distribution centers are the easiest commercial solar installs we do — large clear flat roofs, ground-level interconnect.","Large flat-roof warehouses have the lowest $/W install cost in commercial solar — we typically see 4-year payback after ITC + MACRS. Worth a quick site-specific estimate?","Your roof is the ideal solar substrate — large, flat, unobstructed. We install without disrupting warehouse operations and connect at ground-level switchgear. Quick call to walk through the layout?","Warehouse Scope 2 emissions are an easy win — your flat-roof footprint generates enough solar to offset 60-80% of your grid consumption with zero operational changes.","Warehouse building. Roof-suitable for rooftop PV. Verify ownership + contact before outreach."
"Delivery Solutions Of America","Phoenix","AZ","osm_industrial","osm-130280912","https://www.openstreetmap.org/way/osm-130280912","493110","Warehousing / Cold Storage","84","moderate","corporate","direct_purchase","daytime_peak","2000","3013440","391747","5.1","5069746","Distribution centers are the easiest commercial solar installs we do — large clear flat roofs, ground-level interconnect.","Large flat-roof warehouses have the lowest $/W install cost in commercial solar — we typically see 4-year payback after ITC + MACRS. Worth a quick site-specific estimate?","Your roof is the ideal solar substrate — large, flat, unobstructed. We install without disrupting warehouse operations and connect at ground-level switchgear. Quick call to walk through the layout?","Warehouse Scope 2 emissions are an easy win — your flat-roof footprint generates enough solar to offset 60-80% of your grid consumption with zero operational changes.","Warehouse building. Roof-suitable for rooftop PV. Verify ownership + contact before outreach."
"Petsmart Distribution Center","Phoenix","AZ","osm_industrial","osm-130280917","https://www.openstreetmap.org/way/osm-130280917","493110","Warehousing / Cold Storage","84","moderate","corporate","direct_purchase","daytime_peak","2000","3013440","391747","5.1","5069746","Distribution centers are the easiest commercial solar installs we do — large clear flat roofs, ground-level interconnect.","Large flat-roof warehouses have the lowest $/W install cost in commercial solar — we typically see 4-year payback after ITC + MACRS. Worth a quick site-specific estimate?","Your roof is the ideal solar substrate — large, flat, unobstructed. We install without disrupting warehouse operations and connect at ground-level switchgear. Quick call to walk through the layout?","Warehouse Scope 2 emissions are an easy win — your flat-roof footprint generates enough solar to offset 60-80% of your grid consumption with zero operational changes.","Warehouse building. Roof-suitable for rooftop PV. Verify ownership + contact before outreach."
"O'Reilly Auto Parts Distribution Center","Phoenix","AZ","osm_industrial","osm-130280923","https://www.openstreetmap.org/way/osm-130280923","493110","Warehousing / Cold Storage","84","moderate","corporate","direct_purchase","daytime_peak","2000","3013440","391747","5.1","5069746","Distribution centers are the easiest commercial solar installs we do — large clear flat roofs, ground-level interconnect.","Large flat-roof warehouses have the lowest $/W install cost in commercial solar — we typically see 4-year payback after ITC + MACRS. Worth a quick site-specific estimate?","Your roof is the ideal solar substrate — large, flat, unobstructed. We install without disrupting warehouse operations and connect at ground-level switchgear. Quick call to walk through the layout?","Warehouse Scope 2 emissions are an easy win — your flat-roof footprint generates enough solar to offset 60-80% of your grid consumption with zero operational changes.","Warehouse building. Roof-suitable for rooftop PV. Verify ownership + contact before outreach."
"Quiktrip Distribution Phoenix","Tolleson","AZ","osm_industrial","osm-131269899","https://www.openstreetmap.org/way/osm-131269899","493110","Warehousing / Cold Storage","84","moderate","corporate","direct_purchase","daytime_peak","2000","3013440","391747","5.1","5069746","Distribution centers are the easiest commercial solar installs we do — large clear flat roofs, ground-level interconnect.","Large flat-roof warehouses have the lowest $/W install cost in commercial solar — we typically see 4-year payback after ITC + MACRS. Worth a quick site-specific estimate?","Your roof is the ideal solar substrate — large, flat, unobstructed. We install without disrupting warehouse operations and connect at ground-level switchgear. Quick call to walk through the layout?","Warehouse Scope 2 emissions are an easy win — your flat-roof footprint generates enough solar to offset 60-80% of your grid consumption with zero operational changes.","Warehouse building. Roof-suitable for rooftop PV. Verify ownership + contact before outreach."
"Autozone Distribution Center","Tolleson","AZ","osm_industrial","osm-131269950","https://www.openstreetmap.org/way/osm-131269950","493110","Warehousing / Cold Storage","84","moderate","corporate","direct_purchase","daytime_peak","2000","3013440","391747","5.1","5069746","Distribution centers are the easiest commercial solar installs we do — large clear flat roofs, ground-level interconnect.","Large flat-roof warehouses have the lowest $/W install cost in commercial solar — we typically see 4-year payback after ITC + MACRS. Worth a quick site-specific estimate?","Your roof is the ideal solar substrate — large, flat, unobstructed. We install without disrupting warehouse operations and connect at ground-level switchgear. Quick call to walk through the layout?","Warehouse Scope 2 emissions are an easy win — your flat-roof footprint generates enough solar to offset 60-80% of your grid consumption with zero operational changes.","Warehouse building. Roof-suitable for rooftop PV. Verify ownership + contact before outreach."
"Niagara Bottling Llc","Phoenix","AZ","osm_industrial","osm-131269952","https://www.openstreetmap.org/way/osm-131269952","493110","Warehousing / Cold Storage","84","moderate","corporate","direct_purchase","daytime_peak","2000","3013440","391747","5.1","5069746","Distribution centers are the easiest commercial solar installs we do — large clear flat roofs, ground-level interconnect.","Large flat-roof warehouses have the lowest $/W install cost in commercial solar — we typically see 4-year payback after ITC + MACRS. Worth a quick site-specific estimate?","Your roof is the ideal solar substrate — large, flat, unobstructed. We install without disrupting warehouse operations and connect at ground-level switchgear. Quick call to walk through the layout?","Warehouse Scope 2 emissions are an easy win — your flat-roof footprint generates enough solar to offset 60-80% of your grid consumption with zero operational changes.","Warehouse building. Roof-suitable for rooftop PV. Verify ownership + contact before outreach."
"Sleep Outfitters Outlet Distribution","Phoenix","AZ","osm_industrial","osm-131269966","https://www.openstreetmap.org/way/osm-131269966","493110","Warehousing / Cold Storage","84","moderate","corporate","direct_purchase","daytime_peak","2000","3013440","391747","5.1","5069746","Distribution centers are the easiest commercial solar installs we do — large clear flat roofs, ground-level interconnect.","Large flat-roof warehouses have the lowest $/W install cost in commercial solar — we typically see 4-year payback after ITC + MACRS. Worth a quick site-specific estimate?","Your roof is the ideal solar substrate — large, flat, unobstructed. We install without disrupting warehouse operations and connect at ground-level switchgear. Quick call to walk through the layout?","Warehouse Scope 2 emissions are an easy win — your flat-roof footprint generates enough solar to offset 60-80% of your grid consumption with zero operational changes.","Warehouse building. Roof-suitable for rooftop PV. Verify ownership + contact before outreach."
"Target Distribution Center","Phoenix","AZ","osm_industrial","osm-131269991","https://www.openstreetmap.org/way/osm-131269991","493110","Warehousing / Cold Storage","84","moderate","corporate","direct_purchase","daytime_peak","2000","3013440","391747","5.1","5069746","Distribution centers are the easiest commercial solar installs we do — large clear flat roofs, ground-level interconnect.","Large flat-roof warehouses have the lowest $/W install cost in commercial solar — we typically see 4-year payback after ITC + MACRS. Worth a quick site-specific estimate?","Your roof is the ideal solar substrate — large, flat, unobstructed. We install without disrupting warehouse operations and connect at ground-level switchgear. Quick call to walk through the layout?","Warehouse Scope 2 emissions are an easy win — your flat-roof footprint generates enough solar to offset 60-80% of your grid consumption with zero operational changes.","Warehouse building. Roof-suitable for rooftop PV. Verify ownership + contact before outreach."
"Goodwill Distribution Center","Phoenix","AZ","osm_industrial","osm-131284961","https://www.openstreetmap.org/way/osm-131284961","493110","Warehousing / Cold Storage","84","moderate","corporate","direct_purchase","daytime_peak","2000","3013440","391747","5.1","5069746","Distribution centers are the easiest commercial solar installs we do — large clear flat roofs, ground-level interconnect.","Large flat-roof warehouses have the lowest $/W install cost in commercial solar — we typically see 4-year payback after ITC + MACRS. Worth a quick site-specific estimate?","Your roof is the ideal solar substrate — large, flat, unobstructed. We install without disrupting warehouse operations and connect at ground-level switchgear. Quick call to walk through the layout?","Warehouse Scope 2 emissions are an easy win — your flat-roof footprint generates enough solar to offset 60-80% of your grid consumption with zero operational changes.","Warehouse building. Roof-suitable for rooftop PV. Verify ownership + contact before outreach."
"Savers Distribution Center","Phoenix","AZ","osm_industrial","osm-131285067","https://www.openstreetmap.org/way/osm-131285067","493110","Warehousing / Cold Storage","84","moderate","corporate","direct_purchase","daytime_peak","2000","3013440","391747","5.1","5069746","Distribution centers are the easiest commercial solar installs we do — large clear flat roofs, ground-level interconnect.","Large flat-roof warehouses have the lowest $/W install cost in commercial solar — we typically see 4-year payback after ITC + MACRS. Worth a quick site-specific estimate?","Your roof is the ideal solar substrate — large, flat, unobstructed. We install without disrupting warehouse operations and connect at ground-level switchgear. Quick call to walk through the layout?","Warehouse Scope 2 emissions are an easy win — your flat-roof footprint generates enough solar to offset 60-80% of your grid consumption with zero operational changes.","Warehouse building. Roof-suitable for rooftop PV. Verify ownership + contact before outreach."
"Amazon","Phoenix","AZ","osm_industrial","osm-131559023","https://www.openstreetmap.org/way/osm-131559023","493110","Warehousing / Cold Storage","84","moderate","corporate","direct_purchase","daytime_peak","2000","3013440","391747","5.1","5069746","Distribution centers are the easiest commercial solar installs we do — large clear flat roofs, ground-level interconnect.","Large flat-roof warehouses have the lowest $/W install cost in commercial solar — we typically see 4-year payback after ITC + MACRS. Worth a quick site-specific estimate?","Your roof is the ideal solar substrate — large, flat, unobstructed. We install without disrupting warehouse operations and connect at ground-level switchgear. Quick call to walk through the layout?","Warehouse Scope 2 emissions are an easy win — your flat-roof footprint generates enough solar to offset 60-80% of your grid consumption with zero operational changes.","Warehouse building. Roof-suitable for rooftop PV. Verify ownership + contact before outreach."
"Amazon","Phoenix","AZ","osm_industrial","osm-167708728","https://www.openstreetmap.org/way/osm-167708728","493110","Warehousing / Cold Storage","84","moderate","corporate","direct_purchase","daytime_peak","2000","3013440","391747","5.1","5069746","Distribution centers are the easiest commercial solar installs we do — large clear flat roofs, ground-level interconnect.","Large flat-roof warehouses have the lowest $/W install cost in commercial solar — we typically see 4-year payback after ITC + MACRS. Worth a quick site-specific estimate?","Your roof is the ideal solar substrate — large, flat, unobstructed. We install without disrupting warehouse operations and connect at ground-level switchgear. Quick call to walk through the layout?","Warehouse Scope 2 emissions are an easy win — your flat-roof footprint generates enough solar to offset 60-80% of your grid consumption with zero operational changes.","Warehouse building. Roof-suitable for rooftop PV. Verify ownership + contact before outreach."
"Amazon","Goodyear","AZ","osm_industrial","osm-194458947","https://www.openstreetmap.org/way/osm-194458947","493110","Warehousing / Cold Storage","84","moderate","corporate","direct_purchase","daytime_peak","2000","3013440","391747","5.1","5069746","Distribution centers are the easiest commercial solar installs we do — large clear flat roofs, ground-level interconnect.","Large flat-roof warehouses have the lowest $/W install cost in commercial solar — we typically see 4-year payback after ITC + MACRS. Worth a quick site-specific estimate?","Your roof is the ideal solar substrate — large, flat, unobstructed. We install without disrupting warehouse operations and connect at ground-level switchgear. Quick call to walk through the layout?","Warehouse Scope 2 emissions are an easy win — your flat-roof footprint generates enough solar to offset 60-80% of your grid consumption with zero operational changes.","Warehouse building. Roof-suitable for rooftop PV. Verify ownership + contact before outreach."
"Bashas'","Chandler","AZ","osm_industrial","osm-203961726","https://www.openstreetmap.org/way/osm-203961726","493110","Warehousing / Cold Storage","84","moderate","corporate","direct_purchase","daytime_peak","2000","3013440","391747","5.1","5069746","Distribution centers are the easiest commercial solar installs we do — large clear flat roofs, ground-level interconnect.","Large flat-roof warehouses have the lowest $/W install cost in commercial solar — we typically see 4-year payback after ITC + MACRS. Worth a quick site-specific estimate?","Your roof is the ideal solar substrate — large, flat, unobstructed. We install without disrupting warehouse operations and connect at ground-level switchgear. Quick call to walk through the layout?","Warehouse Scope 2 emissions are an easy win — your flat-roof footprint generates enough solar to offset 60-80% of your grid consumption with zero operational changes.","Warehouse building. Roof-suitable for rooftop PV. Verify ownership + contact before outreach."
"Celerion Screening & Return Center","Tempe","AZ","osm_industrial","osm-206187676","https://www.openstreetmap.org/way/osm-206187676","493110","Warehousing / Cold Storage","84","moderate","corporate","direct_purchase","daytime_peak","2000","3013440","391747","5.1","5069746","Distribution centers are the easiest commercial solar installs we do — large clear flat roofs, ground-level interconnect.","Large flat-roof warehouses have the lowest $/W install cost in commercial solar — we typically see 4-year payback after ITC + MACRS. Worth a quick site-specific estimate?","Your roof is the ideal solar substrate — large, flat, unobstructed. We install without disrupting warehouse operations and connect at ground-level switchgear. Quick call to walk through the layout?","Warehouse Scope 2 emissions are an easy win — your flat-roof footprint generates enough solar to offset 60-80% of your grid consumption with zero operational changes.","Warehouse building. Roof-suitable for rooftop PV. Verify ownership + contact before outreach."
"K1 Speed - Indoor Go Karts","Phoenix","AZ","osm_industrial","osm-210917848","https://www.openstreetmap.org/way/osm-210917848","493110","Warehousing / Cold Storage","84","moderate","corporate","direct_purchase","daytime_peak","2000","3013440","391747","5.1","5069746","Distribution centers are the easiest commercial solar installs we do — large clear flat roofs, ground-level interconnect.","Large flat-roof warehouses have the lowest $/W install cost in commercial solar — we typically see 4-year payback after ITC + MACRS. Worth a quick site-specific estimate?","Your roof is the ideal solar substrate — large, flat, unobstructed. We install without disrupting warehouse operations and connect at ground-level switchgear. Quick call to walk through the layout?","Warehouse Scope 2 emissions are an easy win — your flat-roof footprint generates enough solar to offset 60-80% of your grid consumption with zero operational changes.","Warehouse building. Roof-suitable for rooftop PV. Verify ownership + contact before outreach."
"Impilo, Inc.","Phoenix","AZ","osm_industrial","osm-220185280","https://www.openstreetmap.org/way/osm-220185280","493110","Warehousing / Cold Storage","84","moderate","corporate","direct_purchase","daytime_peak","2000","3013440","391747","5.1","5069746","Distribution centers are the easiest commercial solar installs we do — large clear flat roofs, ground-level interconnect.","Large flat-roof warehouses have the lowest $/W install cost in commercial solar — we typically see 4-year payback after ITC + MACRS. Worth a quick site-specific estimate?","Your roof is the ideal solar substrate — large, flat, unobstructed. We install without disrupting warehouse operations and connect at ground-level switchgear. Quick call to walk through the layout?","Warehouse Scope 2 emissions are an easy win — your flat-roof footprint generates enough solar to offset 60-80% of your grid consumption with zero operational changes.","Warehouse building. Roof-suitable for rooftop PV. Verify ownership + contact before outreach."
"Portal Warehousing - Tempe","Tempe","AZ","osm_industrial","osm-223862378","https://www.openstreetmap.org/way/osm-223862378","493110","Warehousing / Cold Storage","84","moderate","corporate","direct_purchase","daytime_peak","2000","3013440","391747","5.1","5069746","Distribution centers are the easiest commercial solar installs we do — large clear flat roofs, ground-level interconnect.","Large flat-roof warehouses have the lowest $/W install cost in commercial solar — we typically see 4-year payback after ITC + MACRS. Worth a quick site-specific estimate?","Your roof is the ideal solar substrate — large, flat, unobstructed. We install without disrupting warehouse operations and connect at ground-level switchgear. Quick call to walk through the layout?","Warehouse Scope 2 emissions are an easy win — your flat-roof footprint generates enough solar to offset 60-80% of your grid consumption with zero operational changes.","Warehouse building. Roof-suitable for rooftop PV. Verify ownership + contact before outreach."
"Flite Instrument Specialists","Chandler","AZ","osm_industrial","osm-287390055","https://www.openstreetmap.org/way/osm-287390055","493110","Warehousing / Cold Storage","84","moderate","corporate","direct_purchase","daytime_peak","2000","3013440","391747","5.1","5069746","Distribution centers are the easiest commercial solar installs we do — large clear flat roofs, ground-level interconnect.","Large flat-roof warehouses have the lowest $/W install cost in commercial solar — we typically see 4-year payback after ITC + MACRS. Worth a quick site-specific estimate?","Your roof is the ideal solar substrate — large, flat, unobstructed. We install without disrupting warehouse operations and connect at ground-level switchgear. Quick call to walk through the layout?","Warehouse Scope 2 emissions are an easy win — your flat-roof footprint generates enough solar to offset 60-80% of your grid consumption with zero operational changes.","Warehouse building. Roof-suitable for rooftop PV. Verify ownership + contact before outreach."
"Max &  Neo","Scottsdale","AZ","osm_industrial","osm-309663746","https://www.openstreetmap.org/way/osm-309663746","493110","Warehousing / Cold Storage","84","moderate","corporate","direct_purchase","daytime_peak","2000","3013440","391747","5.1","5069746","Distribution centers are the easiest commercial solar installs we do — large clear flat roofs, ground-level interconnect.","Large flat-roof warehouses have the lowest $/W install cost in commercial solar — we typically see 4-year payback after ITC + MACRS. Worth a quick site-specific estimate?","Your roof is the ideal solar substrate — large, flat, unobstructed. We install without disrupting warehouse operations and connect at ground-level switchgear. Quick call to walk through the layout?","Warehouse Scope 2 emissions are an easy win — your flat-roof footprint generates enough solar to offset 60-80% of your grid consumption with zero operational changes.","Warehouse building. Roof-suitable for rooftop PV. Verify ownership + contact before outreach."
"Discount Filters Online","Mesa","AZ","osm_industrial","osm-318476234","https://www.openstreetmap.org/way/osm-318476234","493110","Warehousing / Cold Storage","84","moderate","corporate","direct_purchase","daytime_peak","2000","3013440","391747","5.1","5069746","Distribution centers are the easiest commercial solar installs we do — large clear flat roofs, ground-level interconnect.","Large flat-roof warehouses have the lowest $/W install cost in commercial solar — we typically see 4-year payback after ITC + MACRS. Worth a quick site-specific estimate?","Your roof is the ideal solar substrate — large, flat, unobstructed. We install without disrupting warehouse operations and connect at ground-level switchgear. Quick call to walk through the layout?","Warehouse Scope 2 emissions are an easy win — your flat-roof footprint generates enough solar to offset 60-80% of your grid consumption with zero operational changes.","Warehouse building. Roof-suitable for rooftop PV. Verify ownership + contact before outreach."
"Rwc Building Products","Mesa","AZ","osm_industrial","osm-318476243","https://www.openstreetmap.org/way/osm-318476243","493110","Warehousing / Cold Storage","84","moderate","corporate","direct_purchase","daytime_peak","2000","3013440","391747","5.1","5069746","Distribution centers are the easiest commercial solar installs we do — large clear flat roofs, ground-level interconnect.","Large flat-roof warehouses have the lowest $/W install cost in commercial solar — we typically see 4-year payback after ITC + MACRS. Worth a quick site-specific estimate?","Your roof is the ideal solar substrate — large, flat, unobstructed. We install without disrupting warehouse operations and connect at ground-level switchgear. Quick call to walk through the layout?","Warehouse Scope 2 emissions are an easy win — your flat-roof footprint generates enough solar to offset 60-80% of your grid consumption with zero operational changes.","Warehouse building. Roof-suitable for rooftop PV. Verify ownership + contact before outreach."
"Canyon Pipe & Supply","Mesa","AZ","osm_industrial","osm-318476271","https://www.openstreetmap.org/way/osm-318476271","493110","Warehousing / Cold Storage","84","moderate","corporate","direct_purchase","daytime_peak","2000","3013440","391747","5.1","5069746","Distribution centers are the easiest commercial solar installs we do — large clear flat roofs, ground-level interconnect.","Large flat-roof warehouses have the lowest $/W install cost in commercial solar — we typically see 4-year payback after ITC + MACRS. Worth a quick site-specific estimate?","Your roof is the ideal solar substrate — large, flat, unobstructed. We install without disrupting warehouse operations and connect at ground-level switchgear. Quick call to walk through the layout?","Warehouse Scope 2 emissions are an easy win — your flat-roof footprint generates enough solar to offset 60-80% of your grid consumption with zero operational changes.","Warehouse building. Roof-suitable for rooftop PV. Verify ownership + contact before outreach."
"Oldcastle Infrastructure","Phoenix","AZ","osm_industrial","osm-330316678","https://www.openstreetmap.org/way/osm-330316678","493110","Warehousing / Cold Storage","84","moderate","corporate","direct_purchase","daytime_peak","2000","3013440","391747","5.1","5069746","Distribution centers are the easiest commercial solar installs we do — large clear flat roofs, ground-level interconnect.","Large flat-roof warehouses have the lowest $/W install cost in commercial solar — we typically see 4-year payback after ITC + MACRS. Worth a quick site-specific estimate?","Your roof is the ideal solar substrate — large, flat, unobstructed. We install without disrupting warehouse operations and connect at ground-level switchgear. Quick call to walk through the layout?","Warehouse Scope 2 emissions are an easy win — your flat-roof footprint generates enough solar to offset 60-80% of your grid consumption with zero operational changes.","Warehouse building. Roof-suitable for rooftop PV. Verify ownership + contact before outreach."
"Barlow'S Distribution","Chandler","AZ","osm_industrial","osm-368085277","https://www.openstreetmap.org/way/osm-368085277","493110","Warehousing / Cold Storage","84","moderate","corporate","direct_purchase","daytime_peak","2000","3013440","391747","5.1","5069746","Distribution centers are the easiest commercial solar installs we do — large clear flat roofs, ground-level interconnect.","Large flat-roof warehouses have the lowest $/W install cost in commercial solar — we typically see 4-year payback after ITC + MACRS. Worth a quick site-specific estimate?","Your roof is the ideal solar substrate — large, flat, unobstructed. We install without disrupting warehouse operations and connect at ground-level switchgear. Quick call to walk through the layout?","Warehouse Scope 2 emissions are an easy win — your flat-roof footprint generates enough solar to offset 60-80% of your grid consumption with zero operational changes.","Warehouse building. Roof-suitable for rooftop PV. Verify ownership + contact before outreach."
"Fedex","Chandler","AZ","osm_industrial","osm-396121517","https://www.openstreetmap.org/way/osm-396121517","493110","Warehousing / Cold Storage","84","moderate","corporate","direct_purchase","daytime_peak","2000","3013440","391747","5.1","5069746","Distribution centers are the easiest commercial solar installs we do — large clear flat roofs, ground-level interconnect.","Large flat-roof warehouses have the lowest $/W install cost in commercial solar — we typically see 4-year payback after ITC + MACRS. Worth a quick site-specific estimate?","Your roof is the ideal solar substrate — large, flat, unobstructed. We install without disrupting warehouse operations and connect at ground-level switchgear. Quick call to walk through the layout?","Warehouse Scope 2 emissions are an easy win — your flat-roof footprint generates enough solar to offset 60-80% of your grid consumption with zero operational changes.","Warehouse building. Roof-suitable for rooftop PV. Verify ownership + contact before outreach."
"Cardinal Health","Chandler","AZ","osm_industrial","osm-436057910","https://www.openstreetmap.org/way/osm-436057910","493110","Warehousing / Cold Storage","84","moderate","corporate","direct_purchase","daytime_peak","2000","3013440","391747","5.1","5069746","Distribution centers are the easiest commercial solar installs we do — large clear flat roofs, ground-level interconnect.","Large flat-roof warehouses have the lowest $/W install cost in commercial solar — we typically see 4-year payback after ITC + MACRS. Worth a quick site-specific estimate?","Your roof is the ideal solar substrate — large, flat, unobstructed. We install without disrupting warehouse operations and connect at ground-level switchgear. Quick call to walk through the layout?","Warehouse Scope 2 emissions are an easy win — your flat-roof footprint generates enough solar to offset 60-80% of your grid consumption with zero operational changes.","Warehouse building. Roof-suitable for rooftop PV. Verify ownership + contact before outreach."
"Amazon","Phoenix","AZ","osm_industrial","osm-459935015","https://www.openstreetmap.org/way/osm-459935015","493110","Warehousing / Cold Storage","84","moderate","corporate","direct_purchase","daytime_peak","2000","3013440","391747","5.1","5069746","Distribution centers are the easiest commercial solar installs we do — large clear flat roofs, ground-level interconnect.","Large flat-roof warehouses have the lowest $/W install cost in commercial solar — we typically see 4-year payback after ITC + MACRS. Worth a quick site-specific estimate?","Your roof is the ideal solar substrate — large, flat, unobstructed. We install without disrupting warehouse operations and connect at ground-level switchgear. Quick call to walk through the layout?","Warehouse Scope 2 emissions are an easy win — your flat-roof footprint generates enough solar to offset 60-80% of your grid consumption with zero operational changes.","Warehouse building. Roof-suitable for rooftop PV. Verify ownership + contact before outreach."
"Bacus Foods Corp.","Mesa","AZ","osm_industrial","osm-465111413","https://www.openstreetmap.org/way/osm-465111413","493110","Warehousing / Cold Storage","84","moderate","corporate","direct_purchase","daytime_peak","2000","3013440","391747","5.1","5069746","Distribution centers are the easiest commercial solar installs we do — large clear flat roofs, ground-level interconnect.","Large flat-roof warehouses have the lowest $/W install cost in commercial solar — we typically see 4-year payback after ITC + MACRS. Worth a quick site-specific estimate?","Your roof is the ideal solar substrate — large, flat, unobstructed. We install without disrupting warehouse operations and connect at ground-level switchgear. Quick call to walk through the layout?","Warehouse Scope 2 emissions are an easy win — your flat-roof footprint generates enough solar to offset 60-80% of your grid consumption with zero operational changes.","Warehouse building. Roof-suitable for rooftop PV. Verify ownership + contact before outreach."
"Stream Data Centers Phx-1","Goodyear","AZ","osm_industrial","osm-468707940","https://www.openstreetmap.org/way/osm-468707940","493110","Warehousing / Cold Storage","84","moderate","corporate","direct_purchase","daytime_peak","2000","3013440","391747","5.1","5069746","Distribution centers are the easiest commercial solar installs we do — large clear flat roofs, ground-level interconnect.","Large flat-roof warehouses have the lowest $/W install cost in commercial solar — we typically see 4-year payback after ITC + MACRS. Worth a quick site-specific estimate?","Your roof is the ideal solar substrate — large, flat, unobstructed. We install without disrupting warehouse operations and connect at ground-level switchgear. Quick call to walk through the layout?","Warehouse Scope 2 emissions are an easy win — your flat-roof footprint generates enough solar to offset 60-80% of your grid consumption with zero operational changes.","Warehouse building. Roof-suitable for rooftop PV. Verify ownership + contact before outreach."
"Conair","Glendale","AZ","osm_industrial","osm-477830916","https://www.openstreetmap.org/way/osm-477830916","493110","Warehousing / Cold Storage","84","moderate","corporate","direct_purchase","daytime_peak","2000","3013440","391747","5.1","5069746","Distribution centers are the easiest commercial solar installs we do — large clear flat roofs, ground-level interconnect.","Large flat-roof warehouses have the lowest $/W install cost in commercial solar — we typically see 4-year payback after ITC + MACRS. Worth a quick site-specific estimate?","Your roof is the ideal solar substrate — large, flat, unobstructed. We install without disrupting warehouse operations and connect at ground-level switchgear. Quick call to walk through the layout?","Warehouse Scope 2 emissions are an easy win — your flat-roof footprint generates enough solar to offset 60-80% of your grid consumption with zero operational changes.","Warehouse building. Roof-suitable for rooftop PV. Verify ownership + contact before outreach."
"Mesa Public Schools","Phoenix","AZ","osm_industrial","osm-485965559","https://www.openstreetmap.org/way/osm-485965559","493110","Warehousing / Cold Storage","84","moderate","corporate","direct_purchase","daytime_peak","2000","3013440","391747","5.1","5069746","Distribution centers are the easiest commercial solar installs we do — large clear flat roofs, ground-level interconnect.","Large flat-roof warehouses have the lowest $/W install cost in commercial solar — we typically see 4-year payback after ITC + MACRS. Worth a quick site-specific estimate?","Your roof is the ideal solar substrate — large, flat, unobstructed. We install without disrupting warehouse operations and connect at ground-level switchgear. Quick call to walk through the layout?","Warehouse Scope 2 emissions are an easy win — your flat-roof footprint generates enough solar to offset 60-80% of your grid consumption with zero operational changes.","Warehouse building. Roof-suitable for rooftop PV. Verify ownership + contact before outreach."
"Mesa Police Department - Special Ops","Mesa","AZ","osm_industrial","osm-511467807","https://www.openstreetmap.org/way/osm-511467807","493110","Warehousing / Cold Storage","84","moderate","corporate","direct_purchase","daytime_peak","2000","3013440","391747","5.1","5069746","Distribution centers are the easiest commercial solar installs we do — large clear flat roofs, ground-level interconnect.","Large flat-roof warehouses have the lowest $/W install cost in commercial solar — we typically see 4-year payback after ITC + MACRS. Worth a quick site-specific estimate?","Your roof is the ideal solar substrate — large, flat, unobstructed. We install without disrupting warehouse operations and connect at ground-level switchgear. Quick call to walk through the layout?","Warehouse Scope 2 emissions are an easy win — your flat-roof footprint generates enough solar to offset 60-80% of your grid consumption with zero operational changes.","Warehouse building. Roof-suitable for rooftop PV. Verify ownership + contact before outreach."
"Central Arizona Supply","Phoenix","AZ","osm_industrial","osm-532074888","https://www.openstreetmap.org/way/osm-532074888","493110","Warehousing / Cold Storage","84","moderate","corporate","direct_purchase","daytime_peak","2000","3013440","391747","5.1","5069746","Distribution centers are the easiest commercial solar installs we do — large clear flat roofs, ground-level interconnect.","Large flat-roof warehouses have the lowest $/W install cost in commercial solar — we typically see 4-year payback after ITC + MACRS. Worth a quick site-specific estimate?","Your roof is the ideal solar substrate — large, flat, unobstructed. We install without disrupting warehouse operations and connect at ground-level switchgear. Quick call to walk through the layout?","Warehouse Scope 2 emissions are an easy win — your flat-roof footprint generates enough solar to offset 60-80% of your grid consumption with zero operational changes.","Warehouse building. Roof-suitable for rooftop PV. Verify ownership + contact before outreach."
"Pw Athletic","Mesa","AZ","osm_industrial","osm-562335291","https://www.openstreetmap.org/way/osm-562335291","493110","Warehousing / Cold Storage","84","moderate","corporate","direct_purchase","daytime_peak","2000","3013440","391747","5.1","5069746","Distribution centers are the easiest commercial solar installs we do — large clear flat roofs, ground-level interconnect.","Large flat-roof warehouses have the lowest $/W install cost in commercial solar — we typically see 4-year payback after ITC + MACRS. Worth a quick site-specific estimate?","Your roof is the ideal solar substrate — large, flat, unobstructed. We install without disrupting warehouse operations and connect at ground-level switchgear. Quick call to walk through the layout?","Warehouse Scope 2 emissions are an easy win — your flat-roof footprint generates enough solar to offset 60-80% of your grid consumption with zero operational changes.","Warehouse building. Roof-suitable for rooftop PV. Verify ownership + contact before outreach."
"Dave Bang Associates","Mesa","AZ","osm_industrial","osm-562335292","https://www.openstreetmap.org/way/osm-562335292","493110","Warehousing / Cold Storage","84","moderate","corporate","direct_purchase","daytime_peak","2000","3013440","391747","5.1","5069746","Distribution centers are the easiest commercial solar installs we do — large clear flat roofs, ground-level interconnect.","Large flat-roof warehouses have the lowest $/W install cost in commercial solar — we typically see 4-year payback after ITC + MACRS. Worth a quick site-specific estimate?","Your roof is the ideal solar substrate — large, flat, unobstructed. We install without disrupting warehouse operations and connect at ground-level switchgear. Quick call to walk through the layout?","Warehouse Scope 2 emissions are an easy win — your flat-roof footprint generates enough solar to offset 60-80% of your grid consumption with zero operational changes.","Warehouse building. Roof-suitable for rooftop PV. Verify ownership + contact before outreach."
"Fhusd Warehouse","Fountain Hills","AZ","osm_industrial","osm-563995926","https://www.openstreetmap.org/way/osm-563995926","493110","Warehousing / Cold Storage","84","moderate","corporate","direct_purchase","daytime_peak","2000","3013440","391747","5.1","5069746","Distribution centers are the easiest commercial solar installs we do — large clear flat roofs, ground-level interconnect.","Large flat-roof warehouses have the lowest $/W install cost in commercial solar — we typically see 4-year payback after ITC + MACRS. Worth a quick site-specific estimate?","Your roof is the ideal solar substrate — large, flat, unobstructed. We install without disrupting warehouse operations and connect at ground-level switchgear. Quick call to walk through the layout?","Warehouse Scope 2 emissions are an easy win — your flat-roof footprint generates enough solar to offset 60-80% of your grid consumption with zero operational changes.","Warehouse building. Roof-suitable for rooftop PV. Verify ownership + contact before outreach."
"Banner Solutions","Chandler","AZ","osm_industrial","osm-582251677","https://www.openstreetmap.org/way/osm-582251677","493110","Warehousing / Cold Storage","84","moderate","corporate","direct_purchase","daytime_peak","2000","3013440","391747","5.1","5069746","Distribution centers are the easiest commercial solar installs we do — large clear flat roofs, ground-level interconnect.","Large flat-roof warehouses have the lowest $/W install cost in commercial solar — we typically see 4-year payback after ITC + MACRS. Worth a quick site-specific estimate?","Your roof is the ideal solar substrate — large, flat, unobstructed. We install without disrupting warehouse operations and connect at ground-level switchgear. Quick call to walk through the layout?","Warehouse Scope 2 emissions are an easy win — your flat-roof footprint generates enough solar to offset 60-80% of your grid consumption with zero operational changes.","Warehouse building. Roof-suitable for rooftop PV. Verify ownership + contact before outreach."
"Amazon Fulfillment Center - Dpx3","Chandler","AZ","osm_industrial","osm-592892500","https://www.openstreetmap.org/way/osm-592892500","493110","Warehousing / Cold Storage","84","moderate","corporate","direct_purchase","daytime_peak","2000","3013440","391747","5.1","5069746","Distribution centers are the easiest commercial solar installs we do — large clear flat roofs, ground-level interconnect.","Large flat-roof warehouses have the lowest $/W install cost in commercial solar — we typically see 4-year payback after ITC + MACRS. Worth a quick site-specific estimate?","Your roof is the ideal solar substrate — large, flat, unobstructed. We install without disrupting warehouse operations and connect at ground-level switchgear. Quick call to walk through the layout?","Warehouse Scope 2 emissions are an easy win — your flat-roof footprint generates enough solar to offset 60-80% of your grid consumption with zero operational changes.","Warehouse building. Roof-suitable for rooftop PV. Verify ownership + contact before outreach."
"Horizon Distributors","Mesa","AZ","osm_industrial","osm-630014176","https://www.openstreetmap.org/way/osm-630014176","493110","Warehousing / Cold Storage","84","moderate","corporate","direct_purchase","daytime_peak","2000","3013440","391747","5.1","5069746","Distribution centers are the easiest commercial solar installs we do — large clear flat roofs, ground-level interconnect.","Large flat-roof warehouses have the lowest $/W install cost in commercial solar — we typically see 4-year payback after ITC + MACRS. Worth a quick site-specific estimate?","Your roof is the ideal solar substrate — large, flat, unobstructed. We install without disrupting warehouse operations and connect at ground-level switchgear. Quick call to walk through the layout?","Warehouse Scope 2 emissions are an easy win — your flat-roof footprint generates enough solar to offset 60-80% of your grid consumption with zero operational changes.","Warehouse building. Roof-suitable for rooftop PV. Verify ownership + contact before outreach."
"Amazon","Gilbert","AZ","osm_industrial","osm-630032590","https://www.openstreetmap.org/way/osm-630032590","493110","Warehousing / Cold Storage","84","moderate","corporate","direct_purchase","daytime_peak","2000","3013440","391747","5.1","5069746","Distribution centers are the easiest commercial solar installs we do — large clear flat roofs, ground-level interconnect.","Large flat-roof warehouses have the lowest $/W install cost in commercial solar — we typically see 4-year payback after ITC + MACRS. Worth a quick site-specific estimate?","Your roof is the ideal solar substrate — large, flat, unobstructed. We install without disrupting warehouse operations and connect at ground-level switchgear. Quick call to walk through the layout?","Warehouse Scope 2 emissions are an easy win — your flat-roof footprint generates enough solar to offset 60-80% of your grid consumption with zero operational changes.","Warehouse building. Roof-suitable for rooftop PV. Verify ownership + contact before outreach."
"Hd Supply White Cap","Gilbert","AZ","osm_industrial","osm-630342279","https://www.openstreetmap.org/way/osm-630342279","493110","Warehousing / Cold Storage","84","moderate","corporate","direct_purchase","daytime_peak","2000","3013440","391747","5.1","5069746","Distribution centers are the easiest commercial solar installs we do — large clear flat roofs, ground-level interconnect.","Large flat-roof warehouses have the lowest $/W install cost in commercial solar — we typically see 4-year payback after ITC + MACRS. Worth a quick site-specific estimate?","Your roof is the ideal solar substrate — large, flat, unobstructed. We install without disrupting warehouse operations and connect at ground-level switchgear. Quick call to walk through the layout?","Warehouse Scope 2 emissions are an easy win — your flat-roof footprint generates enough solar to offset 60-80% of your grid consumption with zero operational changes.","Warehouse building. Roof-suitable for rooftop PV. Verify ownership + contact before outreach."
"Reefh2o Distribution","Gilbert","AZ","osm_industrial","osm-630342302","https://www.openstreetmap.org/way/osm-630342302","493110","Warehousing / Cold Storage","84","moderate","corporate","direct_purchase","daytime_peak","2000","3013440","391747","5.1","5069746","Distribution centers are the easiest commercial solar installs we do — large clear flat roofs, ground-level interconnect.","Large flat-roof warehouses have the lowest $/W install cost in commercial solar — we typically see 4-year payback after ITC + MACRS. Worth a quick site-specific estimate?","Your roof is the ideal solar substrate — large, flat, unobstructed. We install without disrupting warehouse operations and connect at ground-level switchgear. Quick call to walk through the layout?","Warehouse Scope 2 emissions are an easy win — your flat-roof footprint generates enough solar to offset 60-80% of your grid consumption with zero operational changes.","Warehouse building. Roof-suitable for rooftop PV. Verify ownership + contact before outreach."
"Champion Janitorial Supply","Gilbert","AZ","osm_industrial","osm-630342318","https://www.openstreetmap.org/way/osm-630342318","493110","Warehousing / Cold Storage","84","moderate","corporate","direct_purchase","daytime_peak","2000","3013440","391747","5.1","5069746","Distribution centers are the easiest commercial solar installs we do — large clear flat roofs, ground-level interconnect.","Large flat-roof warehouses have the lowest $/W install cost in commercial solar — we typically see 4-year payback after ITC + MACRS. Worth a quick site-specific estimate?","Your roof is the ideal solar substrate — large, flat, unobstructed. We install without disrupting warehouse operations and connect at ground-level switchgear. Quick call to walk through the layout?","Warehouse Scope 2 emissions are an easy win — your flat-roof footprint generates enough solar to offset 60-80% of your grid consumption with zero operational changes.","Warehouse building. Roof-suitable for rooftop PV. Verify ownership + contact before outreach."
"Newave Tower Components","Gilbert","AZ","osm_industrial","osm-630342323","https://www.openstreetmap.org/way/osm-630342323","493110","Warehousing / Cold Storage","84","moderate","corporate","direct_purchase","daytime_peak","2000","3013440","391747","5.1","5069746","Distribution centers are the easiest commercial solar installs we do — large clear flat roofs, ground-level interconnect.","Large flat-roof warehouses have the lowest $/W install cost in commercial solar — we typically see 4-year payback after ITC + MACRS. Worth a quick site-specific estimate?","Your roof is the ideal solar substrate — large, flat, unobstructed. We install without disrupting warehouse operations and connect at ground-level switchgear. Quick call to walk through the layout?","Warehouse Scope 2 emissions are an easy win — your flat-roof footprint generates enough solar to offset 60-80% of your grid consumption with zero operational changes.","Warehouse building. Roof-suitable for rooftop PV. Verify ownership + contact before outreach."
"Amazon","Phoenix","AZ","osm_industrial","osm-646560366","https://www.openstreetmap.org/way/osm-646560366","493110","Warehousing / Cold Storage","84","moderate","corporate","direct_purchase","daytime_peak","2000","3013440","391747","5.1","5069746","Distribution centers are the easiest commercial solar installs we do — large clear flat roofs, ground-level interconnect.","Large flat-roof warehouses have the lowest $/W install cost in commercial solar — we typically see 4-year payback after ITC + MACRS. Worth a quick site-specific estimate?","Your roof is the ideal solar substrate — large, flat, unobstructed. We install without disrupting warehouse operations and connect at ground-level switchgear. Quick call to walk through the layout?","Warehouse Scope 2 emissions are an easy win — your flat-roof footprint generates enough solar to offset 60-80% of your grid consumption with zero operational changes.","Warehouse building. Roof-suitable for rooftop PV. Verify ownership + contact before outreach."
"Boeing / Xpo Logistics","Goodyear","AZ","osm_industrial","osm-661088977","https://www.openstreetmap.org/way/osm-661088977","493110","Warehousing / Cold Storage","84","moderate","corporate","direct_purchase","daytime_peak","2000","3013440","391747","5.1","5069746","Distribution centers are the easiest commercial solar installs we do — large clear flat roofs, ground-level interconnect.","Large flat-roof warehouses have the lowest $/W install cost in commercial solar — we typically see 4-year payback after ITC + MACRS. Worth a quick site-specific estimate?","Your roof is the ideal solar substrate — large, flat, unobstructed. We install without disrupting warehouse operations and connect at ground-level switchgear. Quick call to walk through the layout?","Warehouse Scope 2 emissions are an easy win — your flat-roof footprint generates enough solar to offset 60-80% of your grid consumption with zero operational changes.","Warehouse building. Roof-suitable for rooftop PV. Verify ownership + contact before outreach."
"Standard Restaurant Supply","Mesa","AZ","osm_industrial","osm-667479327","https://www.openstreetmap.org/way/osm-667479327","493110","Warehousing / Cold Storage","84","moderate","corporate","direct_purchase","daytime_peak","2000","3013440","391747","5.1","5069746","Distribution centers are the easiest commercial solar installs we do — large clear flat roofs, ground-level interconnect.","Large flat-roof warehouses have the lowest $/W install cost in commercial solar — we typically see 4-year payback after ITC + MACRS. Worth a quick site-specific estimate?","Your roof is the ideal solar substrate — large, flat, unobstructed. We install without disrupting warehouse operations and connect at ground-level switchgear. Quick call to walk through the layout?","Warehouse Scope 2 emissions are an easy win — your flat-roof footprint generates enough solar to offset 60-80% of your grid consumption with zero operational changes.","Warehouse building. Roof-suitable for rooftop PV. Verify ownership + contact before outreach."
"Amazon","Mesa","AZ","osm_industrial","osm-667603246","https://www.openstreetmap.org/way/osm-667603246","493110","Warehousing / Cold Storage","84","moderate","corporate","direct_purchase","daytime_peak","2000","3013440","391747","5.1","5069746","Distribution centers are the easiest commercial solar installs we do — large clear flat roofs, ground-level interconnect.","Large flat-roof warehouses have the lowest $/W install cost in commercial solar — we typically see 4-year payback after ITC + MACRS. Worth a quick site-specific estimate?","Your roof is the ideal solar substrate — large, flat, unobstructed. We install without disrupting warehouse operations and connect at ground-level switchgear. Quick call to walk through the layout?","Warehouse Scope 2 emissions are an easy win — your flat-roof footprint generates enough solar to offset 60-80% of your grid consumption with zero operational changes.","Warehouse building. Roof-suitable for rooftop PV. Verify ownership + contact before outreach."
"Michael Lewis Company","Goodyear","AZ","osm_industrial","osm-667963277","https://www.openstreetmap.org/way/osm-667963277","493110","Warehousing / Cold Storage","84","moderate","corporate","direct_purchase","daytime_peak","2000","3013440","391747","5.1","5069746","Distribution centers are the easiest commercial solar installs we do — large clear flat roofs, ground-level interconnect.","Large flat-roof warehouses have the lowest $/W install cost in commercial solar — we typically see 4-year payback after ITC + MACRS. Worth a quick site-specific estimate?","Your roof is the ideal solar substrate — large, flat, unobstructed. We install without disrupting warehouse operations and connect at ground-level switchgear. Quick call to walk through the layout?","Warehouse Scope 2 emissions are an easy win — your flat-roof footprint generates enough solar to offset 60-80% of your grid consumption with zero operational changes.","Warehouse building. Roof-suitable for rooftop PV. Verify ownership + contact before outreach."
"Chewy Fulfillment Center","Goodyear","AZ","osm_industrial","osm-667963279","https://www.openstreetmap.org/way/osm-667963279","493110","Warehousing / Cold Storage","84","moderate","corporate","direct_purchase","daytime_peak","2000","3013440","391747","5.1","5069746","Distribution centers are the easiest commercial solar installs we do — large clear flat roofs, ground-level interconnect.","Large flat-roof warehouses have the lowest $/W install cost in commercial solar — we typically see 4-year payback after ITC + MACRS. Worth a quick site-specific estimate?","Your roof is the ideal solar substrate — large, flat, unobstructed. We install without disrupting warehouse operations and connect at ground-level switchgear. Quick call to walk through the layout?","Warehouse Scope 2 emissions are an easy win — your flat-roof footprint generates enough solar to offset 60-80% of your grid consumption with zero operational changes.","Warehouse building. Roof-suitable for rooftop PV. Verify ownership + contact before outreach."
"Amazon","Phoenix","AZ","osm_industrial","osm-668424995","https://www.openstreetmap.org/way/osm-668424995","493110","Warehousing / Cold Storage","84","moderate","corporate","direct_purchase","daytime_peak","2000","3013440","391747","5.1","5069746","Distribution centers are the easiest commercial solar installs we do — large clear flat roofs, ground-level interconnect.","Large flat-roof warehouses have the lowest $/W install cost in commercial solar — we typically see 4-year payback after ITC + MACRS. Worth a quick site-specific estimate?","Your roof is the ideal solar substrate — large, flat, unobstructed. We install without disrupting warehouse operations and connect at ground-level switchgear. Quick call to walk through the layout?","Warehouse Scope 2 emissions are an easy win — your flat-roof footprint generates enough solar to offset 60-80% of your grid consumption with zero operational changes.","Warehouse building. Roof-suitable for rooftop PV. Verify ownership + contact before outreach."
"Amazon","Phoenix","AZ","osm_industrial","osm-674919503","https://www.openstreetmap.org/way/osm-674919503","493110","Warehousing / Cold Storage","84","moderate","corporate","direct_purchase","daytime_peak","2000","3013440","391747","5.1","5069746","Distribution centers are the easiest commercial solar installs we do — large clear flat roofs, ground-level interconnect.","Large flat-roof warehouses have the lowest $/W install cost in commercial solar — we typically see 4-year payback after ITC + MACRS. Worth a quick site-specific estimate?","Your roof is the ideal solar substrate — large, flat, unobstructed. We install without disrupting warehouse operations and connect at ground-level switchgear. Quick call to walk through the layout?","Warehouse Scope 2 emissions are an easy win — your flat-roof footprint generates enough solar to offset 60-80% of your grid consumption with zero operational changes.","Warehouse building. Roof-suitable for rooftop PV. Verify ownership + contact before outreach."
"Niagara Bottling, Llc","Mesa","AZ","osm_industrial","osm-681592270","https://www.openstreetmap.org/way/osm-681592270","493110","Warehousing / Cold Storage","84","moderate","corporate","direct_purchase","daytime_peak","2000","3013440","391747","5.1","5069746","Distribution centers are the easiest commercial solar installs we do — large clear flat roofs, ground-level interconnect.","Large flat-roof warehouses have the lowest $/W install cost in commercial solar — we typically see 4-year payback after ITC + MACRS. Worth a quick site-specific estimate?","Your roof is the ideal solar substrate — large, flat, unobstructed. We install without disrupting warehouse operations and connect at ground-level switchgear. Quick call to walk through the layout?","Warehouse Scope 2 emissions are an easy win — your flat-roof footprint generates enough solar to offset 60-80% of your grid consumption with zero operational changes.","Warehouse building. Roof-suitable for rooftop PV. Verify ownership + contact before outreach."
"Blue Buffalo Co.,","Goodyear","AZ","osm_industrial","osm-687857171","https://www.openstreetmap.org/way/osm-687857171","493110","Warehousing / Cold Storage","84","moderate","corporate","direct_purchase","daytime_peak","2000","3013440","391747","5.1","5069746","Distribution centers are the easiest commercial solar installs we do — large clear flat roofs, ground-level interconnect.","Large flat-roof warehouses have the lowest $/W install cost in commercial solar — we typically see 4-year payback after ITC + MACRS. Worth a quick site-specific estimate?","Your roof is the ideal solar substrate — large, flat, unobstructed. We install without disrupting warehouse operations and connect at ground-level switchgear. Quick call to walk through the layout?","Warehouse Scope 2 emissions are an easy win — your flat-roof footprint generates enough solar to offset 60-80% of your grid consumption with zero operational changes.","Warehouse building. Roof-suitable for rooftop PV. Verify ownership + contact before outreach."
"Americold Logistics Phoenix","Phoenix","AZ","osm_industrial","osm-687857197","https://www.openstreetmap.org/way/osm-687857197","493110","Warehousing / Cold Storage","84","moderate","corporate","direct_purchase","daytime_peak","2000","3013440","391747","5.1","5069746","Distribution centers are the easiest commercial solar installs we do — large clear flat roofs, ground-level interconnect.","Large flat-roof warehouses have the lowest $/W install cost in commercial solar — we typically see 4-year payback after ITC + MACRS. Worth a quick site-specific estimate?","Your roof is the ideal solar substrate — large, flat, unobstructed. We install without disrupting warehouse operations and connect at ground-level switchgear. Quick call to walk through the layout?","Warehouse Scope 2 emissions are an easy win — your flat-roof footprint generates enough solar to offset 60-80% of your grid consumption with zero operational changes.","Warehouse building. Roof-suitable for rooftop PV. Verify ownership + contact before outreach."
"Amazon","Phoenix","AZ","osm_industrial","osm-689262262","https://www.openstreetmap.org/way/osm-689262262","493110","Warehousing / Cold Storage","84","moderate","corporate","direct_purchase","daytime_peak","2000","3013440","391747","5.1","5069746","Distribution centers are the easiest commercial solar installs we do — large clear flat roofs, ground-level interconnect.","Large flat-roof warehouses have the lowest $/W install cost in commercial solar — we typically see 4-year payback after ITC + MACRS. Worth a quick site-specific estimate?","Your roof is the ideal solar substrate — large, flat, unobstructed. We install without disrupting warehouse operations and connect at ground-level switchgear. Quick call to walk through the layout?","Warehouse Scope 2 emissions are an easy win — your flat-roof footprint generates enough solar to offset 60-80% of your grid consumption with zero operational changes.","Warehouse building. Roof-suitable for rooftop PV. Verify ownership + contact before outreach."
"Lehi Valley Trading Processing Facility","Mesa","AZ","osm_industrial","osm-689793561","https://www.openstreetmap.org/way/osm-689793561","493110","Warehousing / Cold Storage","84","moderate","corporate","direct_purchase","daytime_peak","2000","3013440","391747","5.1","5069746","Distribution centers are the easiest commercial solar installs we do — large clear flat roofs, ground-level interconnect.","Large flat-roof warehouses have the lowest $/W install cost in commercial solar — we typically see 4-year payback after ITC + MACRS. Worth a quick site-specific estimate?","Your roof is the ideal solar substrate — large, flat, unobstructed. We install without disrupting warehouse operations and connect at ground-level switchgear. Quick call to walk through the layout?","Warehouse Scope 2 emissions are an easy win — your flat-roof footprint generates enough solar to offset 60-80% of your grid consumption with zero operational changes.","Warehouse building. Roof-suitable for rooftop PV. Verify ownership + contact before outreach."
"Smith Southwestern Inc.","Mesa","AZ","osm_industrial","osm-690352966","https://www.openstreetmap.org/way/osm-690352966","493110","Warehousing / Cold Storage","84","moderate","corporate","direct_purchase","daytime_peak","2000","3013440","391747","5.1","5069746","Distribution centers are the easiest commercial solar installs we do — large clear flat roofs, ground-level interconnect.","Large flat-roof warehouses have the lowest $/W install cost in commercial solar — we typically see 4-year payback after ITC + MACRS. Worth a quick site-specific estimate?","Your roof is the ideal solar substrate — large, flat, unobstructed. We install without disrupting warehouse operations and connect at ground-level switchgear. Quick call to walk through the layout?","Warehouse Scope 2 emissions are an easy win — your flat-roof footprint generates enough solar to offset 60-80% of your grid consumption with zero operational changes.","Warehouse building. Roof-suitable for rooftop PV. Verify ownership + contact before outreach."
"Ball Corporation","Goodyear","AZ","osm_industrial","osm-722072053","https://www.openstreetmap.org/way/osm-722072053","493110","Warehousing / Cold Storage","84","moderate","corporate","direct_purchase","daytime_peak","2000","3013440","391747","5.1","5069746","Distribution centers are the easiest commercial solar installs we do — large clear flat roofs, ground-level interconnect.","Large flat-roof warehouses have the lowest $/W install cost in commercial solar — we typically see 4-year payback after ITC + MACRS. Worth a quick site-specific estimate?","Your roof is the ideal solar substrate — large, flat, unobstructed. We install without disrupting warehouse operations and connect at ground-level switchgear. Quick call to walk through the layout?","Warehouse Scope 2 emissions are an easy win — your flat-roof footprint generates enough solar to offset 60-80% of your grid consumption with zero operational changes.","Warehouse building. Roof-suitable for rooftop PV. Verify ownership + contact before outreach."
"Chandler Unified School District","Chandler","AZ","osm_industrial","osm-764348283","https://www.openstreetmap.org/way/osm-764348283","493110","Warehousing / Cold Storage","84","moderate","corporate","direct_purchase","daytime_peak","2000","3013440","391747","5.1","5069746","Distribution centers are the easiest commercial solar installs we do — large clear flat roofs, ground-level interconnect.","Large flat-roof warehouses have the lowest $/W install cost in commercial solar — we typically see 4-year payback after ITC + MACRS. Worth a quick site-specific estimate?","Your roof is the ideal solar substrate — large, flat, unobstructed. We install without disrupting warehouse operations and connect at ground-level switchgear. Quick call to walk through the layout?","Warehouse Scope 2 emissions are an easy win — your flat-roof footprint generates enough solar to offset 60-80% of your grid consumption with zero operational changes.","Warehouse building. Roof-suitable for rooftop PV. Verify ownership + contact before outreach."
"Central Receiving & Warehouse","Phoenix","AZ","osm_industrial","osm-764348291","https://www.openstreetmap.org/way/osm-764348291","493110","Warehousing / Cold Storage","84","moderate","corporate","direct_purchase","daytime_peak","2000","3013440","391747","5.1","5069746","Distribution centers are the easiest commercial solar installs we do — large clear flat roofs, ground-level interconnect.","Large flat-roof warehouses have the lowest $/W install cost in commercial solar — we typically see 4-year payback after ITC + MACRS. Worth a quick site-specific estimate?","Your roof is the ideal solar substrate — large, flat, unobstructed. We install without disrupting warehouse operations and connect at ground-level switchgear. Quick call to walk through the layout?","Warehouse Scope 2 emissions are an easy win — your flat-roof footprint generates enough solar to offset 60-80% of your grid consumption with zero operational changes.","Warehouse building. Roof-suitable for rooftop PV. Verify ownership + contact before outreach."
"Ferrero Usa","Goodyear","AZ","osm_industrial","osm-813365099","https://www.openstreetmap.org/way/osm-813365099","493110","Warehousing / Cold Storage","84","moderate","corporate","direct_purchase","daytime_peak","2000","3013440","391747","5.1","5069746","Distribution centers are the easiest commercial solar installs we do — large clear flat roofs, ground-level interconnect.","Large flat-roof warehouses have the lowest $/W install cost in commercial solar — we typically see 4-year payback after ITC + MACRS. Worth a quick site-specific estimate?","Your roof is the ideal solar substrate — large, flat, unobstructed. We install without disrupting warehouse operations and connect at ground-level switchgear. Quick call to walk through the layout?","Warehouse Scope 2 emissions are an easy win — your flat-roof footprint generates enough solar to offset 60-80% of your grid consumption with zero operational changes.","Warehouse building. Roof-suitable for rooftop PV. Verify ownership + contact before outreach."
"Performance Distributing","Mesa","AZ","osm_industrial","osm-819198862","https://www.openstreetmap.org/way/osm-819198862","493110","Warehousing / Cold Storage","84","moderate","corporate","direct_purchase","daytime_peak","2000","3013440","391747","5.1","5069746","Distribution centers are the easiest commercial solar installs we do — large clear flat roofs, ground-level interconnect.","Large flat-roof warehouses have the lowest $/W install cost in commercial solar — we typically see 4-year payback after ITC + MACRS. Worth a quick site-specific estimate?","Your roof is the ideal solar substrate — large, flat, unobstructed. We install without disrupting warehouse operations and connect at ground-level switchgear. Quick call to walk through the layout?","Warehouse Scope 2 emissions are an easy win — your flat-roof footprint generates enough solar to offset 60-80% of your grid consumption with zero operational changes.","Warehouse building. Roof-suitable for rooftop PV. Verify ownership + contact before outreach."
"Homegoods Distribution Center","Tucson","AZ","osm_industrial","osm-569474090","https://www.openstreetmap.org/way/osm-569474090","493110","Warehousing / Cold Storage","84","moderate","corporate","direct_purchase","daytime_peak","2000","3013440","391747","5.1","5069746","Distribution centers are the easiest commercial solar installs we do — large clear flat roofs, ground-level interconnect.","Large flat-roof warehouses have the lowest $/W install cost in commercial solar — we typically see 4-year payback after ITC + MACRS. Worth a quick site-specific estimate?","Your roof is the ideal solar substrate — large, flat, unobstructed. We install without disrupting warehouse operations and connect at ground-level switchgear. Quick call to walk through the layout?","Warehouse Scope 2 emissions are an easy win — your flat-roof footprint generates enough solar to offset 60-80% of your grid consumption with zero operational changes.","Warehouse building. Roof-suitable for rooftop PV. Verify ownership + contact before outreach."
"Seasonal Convention Building","Tucson","AZ","osm_industrial","osm-667376393","https://www.openstreetmap.org/way/osm-667376393","493110","Warehousing / Cold Storage","84","moderate","corporate","direct_purchase","daytime_peak","2000","3013440","391747","5.1","5069746","Distribution centers are the easiest commercial solar installs we do — large clear flat roofs, ground-level interconnect.","Large flat-roof warehouses have the lowest $/W install cost in commercial solar — we typically see 4-year payback after ITC + MACRS. Worth a quick site-specific estimate?","Your roof is the ideal solar substrate — large, flat, unobstructed. We install without disrupting warehouse operations and connect at ground-level switchgear. Quick call to walk through the layout?","Warehouse Scope 2 emissions are an easy win — your flat-roof footprint generates enough solar to offset 60-80% of your grid consumption with zero operational changes.","Warehouse building. Roof-suitable for rooftop PV. Verify ownership + contact before outreach."
"Seasonal Convention Building","Tucson","AZ","osm_industrial","osm-667376394","https://www.openstreetmap.org/way/osm-667376394","493110","Warehousing / Cold Storage","84","moderate","corporate","direct_purchase","daytime_peak","2000","3013440","391747","5.1","5069746","Distribution centers are the easiest commercial solar installs we do — large clear flat roofs, ground-level interconnect.","Large flat-roof warehouses have the lowest $/W install cost in commercial solar — we typically see 4-year payback after ITC + MACRS. Worth a quick site-specific estimate?","Your roof is the ideal solar substrate — large, flat, unobstructed. We install without disrupting warehouse operations and connect at ground-level switchgear. Quick call to walk through the layout?","Warehouse Scope 2 emissions are an easy win — your flat-roof footprint generates enough solar to offset 60-80% of your grid consumption with zero operational changes.","Warehouse building. Roof-suitable for rooftop PV. Verify ownership + contact before outreach."
"Amazon","Tucson","AZ","osm_industrial","osm-712122462","https://www.openstreetmap.org/way/osm-712122462","493110","Warehousing / Cold Storage","84","moderate","corporate","direct_purchase","daytime_peak","2000","3013440","391747","5.1","5069746","Distribution centers are the easiest commercial solar installs we do — large clear flat roofs, ground-level interconnect.","Large flat-roof warehouses have the lowest $/W install cost in commercial solar — we typically see 4-year payback after ITC + MACRS. Worth a quick site-specific estimate?","Your roof is the ideal solar substrate — large, flat, unobstructed. We install without disrupting warehouse operations and connect at ground-level switchgear. Quick call to walk through the layout?","Warehouse Scope 2 emissions are an easy win — your flat-roof footprint generates enough solar to offset 60-80% of your grid consumption with zero operational changes.","Warehouse building. Roof-suitable for rooftop PV. Verify ownership + contact before outreach."
"Extra Space Storage","Oro Valley","AZ","osm_industrial","osm-1050124578","https://www.openstreetmap.org/way/osm-1050124578","493110","Warehousing / Cold Storage","84","moderate","corporate","direct_purchase","daytime_peak","2000","3013440","391747","5.1","5069746","Distribution centers are the easiest commercial solar installs we do — large clear flat roofs, ground-level interconnect.","Large flat-roof warehouses have the lowest $/W install cost in commercial solar — we typically see 4-year payback after ITC + MACRS. Worth a quick site-specific estimate?","Your roof is the ideal solar substrate — large, flat, unobstructed. We install without disrupting warehouse operations and connect at ground-level switchgear. Quick call to walk through the layout?","Warehouse Scope 2 emissions are an easy win — your flat-roof footprint generates enough solar to offset 60-80% of your grid consumption with zero operational changes.","Warehouse building. Roof-suitable for rooftop PV. Verify ownership + contact before outreach."
"Extra Space Storage","Marana","AZ","osm_industrial","osm-1106214301","https://www.openstreetmap.org/way/osm-1106214301","493110","Warehousing / Cold Storage","84","moderate","corporate","direct_purchase","daytime_peak","2000","3013440","391747","5.1","5069746","Distribution centers are the easiest commercial solar installs we do — large clear flat roofs, ground-level interconnect.","Large flat-roof warehouses have the lowest $/W install cost in commercial solar — we typically see 4-year payback after ITC + MACRS. Worth a quick site-specific estimate?","Your roof is the ideal solar substrate — large, flat, unobstructed. We install without disrupting warehouse operations and connect at ground-level switchgear. Quick call to walk through the layout?","Warehouse Scope 2 emissions are an easy win — your flat-roof footprint generates enough solar to offset 60-80% of your grid consumption with zero operational changes.","Warehouse building. Roof-suitable for rooftop PV. Verify ownership + contact before outreach."
"Phoenix Distribution Hub","Phoenix","AZ","auto_seed","solar-001","","4225","Wholesale Distribution","82","moderate","corporate","direct_purchase","daytime_peak","1320","1988870","258553","5.1","3346032","Distribution facilities like yours often hit 4-5 year payback even before storage. Quick call to share numbers for your roof?","Your 30-year building matches the solar asset lifecycle perfectly. With ITC + MACRS, most distribution centers hit 4-year payback and generate positive cash flow from year one. Worth 15 minutes?","Your building is built for exactly this — large clear roof, accessible interconnect. We install during normal operations with zero disruption to loading docks or warehouse floor. Quick call?","Distribution facilities are one of the easiest verticals to decarbonize. Your rooftop generates enough solar to offset 60%+ of grid consumption — a concrete Scope 2 win for sustainability reporting.","180,000 sqft flat-roof distribution center — APS commercial rate"
"Abbott Laboratories","Casa Grande","AZ","epa_ghgrp","epa-1000378","https://ghgdata.epa.gov/ghgp/main.do#/facilityDetail?facilityId=epa-1000378","333","Heavy Manufacturing","80","high","corporate","direct_purchase","industrial_shift","1140","1717661","223296","5.1","2889759","","","","","Food manufacturing — 2022 EPA GHG Reporter. NAICS 311514. Pre-qualified high-energy solar candidate."
"Pinal Energy","Maricopa","AZ","epa_ghgrp","epa-1001831","https://ghgdata.epa.gov/ghgp/main.do#/facilityDetail?facilityId=epa-1001831","333","Heavy Manufacturing","80","high","corporate","direct_purchase","industrial_shift","1140","1717661","223296","5.1","2889759","","","","","Chemical manufacturing — 2022 EPA GHG Reporter. NAICS 325193. Pre-qualified high-energy solar candidate."
"Apache Nitrogen Products - Plant","St. David","AZ","epa_ghgrp","epa-1001908","https://ghgdata.epa.gov/ghgp/main.do#/facilityDetail?facilityId=epa-1001908","333","Heavy Manufacturing","80","high","corporate","direct_purchase","industrial_shift","1140","1717661","223296","5.1","2889759","","","","","Chemical manufacturing — 2022 EPA GHG Reporter. NAICS 325311. Pre-qualified high-energy solar candidate."
"Asarco Llc Hayden Operations","Hayden","AZ","epa_ghgrp","epa-1002486","https://ghgdata.epa.gov/ghgp/main.do#/facilityDetail?facilityId=epa-1002486","333","Heavy Manufacturing","80","high","corporate","direct_purchase","industrial_shift","1140","1717661","223296","5.1","2889759","","","","","Heavy manufacturing — 2022 EPA GHG Reporter. NAICS 331410. Pre-qualified high-energy solar candidate."
"Cmc Steel Arizona","Mesa","AZ","epa_ghgrp","epa-1004038","https://ghgdata.epa.gov/ghgp/main.do#/facilityDetail?facilityId=epa-1004038","333","Heavy Manufacturing","80","high","corporate","direct_purchase","industrial_shift","1140","1717661","223296","5.1","2889759","","","","","Heavy manufacturing — 2022 EPA GHG Reporter. NAICS 331110. Pre-qualified high-energy solar candidate."
"Intel Corporation - Ocotillo Campus","Chandler","AZ","epa_ghgrp","epa-1004371","https://ghgdata.epa.gov/ghgp/main.do#/facilityDetail?facilityId=epa-1004371","333","Heavy Manufacturing","80","high","corporate","direct_purchase","industrial_shift","1140","1717661","223296","5.1","2889759","","","","","Heavy manufacturing — 2022 EPA GHG Reporter. NAICS 334413. Pre-qualified high-energy solar candidate."
"United Dairymen Of Arizona - Dairy","Tempe","AZ","epa_ghgrp","epa-1006580","https://ghgdata.epa.gov/ghgp/main.do#/facilityDetail?facilityId=epa-1006580","333","Heavy Manufacturing","80","high","corporate","direct_purchase","industrial_shift","1140","1717661","223296","5.1","2889759","","","","","Food manufacturing — 2022 EPA GHG Reporter. NAICS 311514. Pre-qualified high-energy solar candidate."
"Sumco Southwest Corporation","Phoenix","AZ","epa_ghgrp","epa-1006681","https://ghgdata.epa.gov/ghgp/main.do#/facilityDetail?facilityId=epa-1006681","333","Heavy Manufacturing","80","high","corporate","direct_purchase","industrial_shift","1140","1717661","223296","5.1","2889759","","","","","Heavy manufacturing — 2022 EPA GHG Reporter. NAICS 334413. Pre-qualified high-energy solar candidate."
"Freeport-Mcmoran Miami Inc","Claypool","AZ","epa_ghgrp","epa-1006947","https://ghgdata.epa.gov/ghgp/main.do#/facilityDetail?facilityId=epa-1006947","333","Heavy Manufacturing","80","high","corporate","direct_purchase","industrial_shift","1140","1717661","223296","5.1","2889759","","","","","Heavy manufacturing — 2022 EPA GHG Reporter. NAICS 331410. Pre-qualified high-energy solar candidate."
"Microchip Technology Inc.","Tempe","AZ","epa_ghgrp","epa-1008768","https://ghgdata.epa.gov/ghgp/main.do#/facilityDetail?facilityId=epa-1008768","333","Heavy Manufacturing","80","high","corporate","direct_purchase","industrial_shift","1140","1717661","223296","5.1","2889759","","","","","Heavy manufacturing — 2022 EPA GHG Reporter. NAICS 334413. Pre-qualified high-energy solar candidate."
"Nxp Semiconductors Chandler Site","Chandler","AZ","epa_ghgrp","epa-1010083","https://ghgdata.epa.gov/ghgp/main.do#/facilityDetail?facilityId=epa-1010083","333","Heavy Manufacturing","80","high","corporate","direct_purchase","industrial_shift","1140","1717661","223296","5.1","2889759","","","","","Heavy manufacturing — 2022 EPA GHG Reporter. NAICS 334413. Pre-qualified high-energy solar candidate."
"Cemex","Avondale","AZ","osm_industrial","osm-764039642","https://www.openstreetmap.org/way/osm-764039642","333","Heavy Manufacturing","80","high","corporate","direct_purchase","industrial_shift","1140","1717661","223296","5.1","2889759","","","","","Concrete_plant building. Roof-suitable for rooftop PV. Verify ownership + contact before outreach."
"Cemex","Avondale","AZ","osm_industrial","osm-770762760","https://www.openstreetmap.org/way/osm-770762760","333","Heavy Manufacturing","80","high","corporate","direct_purchase","industrial_shift","1140","1717661","223296","5.1","2889759","","","","","Concrete_plant building. Roof-suitable for rooftop PV. Verify ownership + contact before outreach."
"Desert Metalworks Manufacturing","Chandler","AZ","auto_seed","solar-003","","333","Heavy Manufacturing","80","high","corporate","direct_purchase","industrial_shift","1140","1717661","223296","5.1","2889759","","","","","95,000 sqft metal-roof manufacturing"
"Northwest Regional Landfill","Surprise","AZ","epa_ghgrp","epa-1000031","https://ghgdata.epa.gov/ghgp/main.do#/facilityDetail?facilityId=epa-1000031","","","","","","","","600","904032","117524","5.6","1458342","","","","","Industrial facility — 2022 EPA GHG Reporter. NAICS 562212. Pre-qualified high-energy solar candidate."
"Mesquite Generating Station","Arlington","AZ","epa_ghgrp","epa-1000052","https://ghgdata.epa.gov/ghgp/main.do#/facilityDetail?facilityId=epa-1000052","","","","","","","","600","904032","117524","5.6","1458342","","","","","Power generation — 2022 EPA GHG Reporter. NAICS 221112. Pre-qualified high-energy solar candidate."
"Gila River Power Station","Gila Bend","AZ","epa_ghgrp","epa-1000097","https://ghgdata.epa.gov/ghgp/main.do#/facilityDetail?facilityId=epa-1000097","","","","","","","","600","904032","117524","5.6","1458342","","","","","Power generation — 2022 EPA GHG Reporter. NAICS 221112. Pre-qualified high-energy solar candidate."
"Harquahala Generating Company","Tonopah","AZ","epa_ghgrp","epa-1000100","https://ghgdata.epa.gov/ghgp/main.do#/facilityDetail?facilityId=epa-1000100","","","","","","","","600","904032","117524","5.6","1458342","","","","","Power generation — 2022 EPA GHG Reporter. NAICS 221112. Pre-qualified high-energy solar candidate."
"Sundance Power Plant","Casa Grande","AZ","epa_ghgrp","epa-1000237","https://ghgdata.epa.gov/ghgp/main.do#/facilityDetail?facilityId=epa-1000237","","","","","","","","600","904032","117524","5.6","1458342","","","","","Power generation — 2022 EPA GHG Reporter. NAICS 221112. Pre-qualified high-energy solar candidate."
"Kyrene Generating Station","Tempe","AZ","epa_ghgrp","epa-1000241","https://ghgdata.epa.gov/ghgp/main.do#/facilityDetail?facilityId=epa-1000241","","","","","","","","600","904032","117524","5.6","1458342","","","","","Power generation — 2022 EPA GHG Reporter. NAICS 221112. Pre-qualified high-energy solar candidate."
"Santan","Gilbert","AZ","epa_ghgrp","epa-1000250","https://ghgdata.epa.gov/ghgp/main.do#/facilityDetail?facilityId=epa-1000250","","","","","","","","600","904032","117524","5.6","1458342","","","","","Power generation — 2022 EPA GHG Reporter. NAICS 221112. Pre-qualified high-energy solar candidate."
"Black Mountain Generating Station","Golden Valley","AZ","epa_ghgrp","epa-1000489","https://ghgdata.epa.gov/ghgp/main.do#/facilityDetail?facilityId=epa-1000489","","","","","","","","600","904032","117524","5.6","1458342","","","","","Power generation — 2022 EPA GHG Reporter. NAICS 221112. Pre-qualified high-energy solar candidate."
"Uns Gas","Flagstaff","AZ","epa_ghgrp","epa-1000600","https://ghgdata.epa.gov/ghgp/main.do#/facilityDetail?facilityId=epa-1000600","","","","","","","","600","904032","117524","5.6","1458342","","","","","Power generation — 2022 EPA GHG Reporter. NAICS 221210. Pre-qualified high-energy solar candidate."
"Redhawk Generating Facility","Arlington","AZ","epa_ghgrp","epa-1000822","https://ghgdata.epa.gov/ghgp/main.do#/facilityDetail?facilityId=epa-1000822","","","","","","","","600","904032","117524","5.6","1458342","","","","","Power generation — 2022 EPA GHG Reporter. NAICS 221112. Pre-qualified high-energy solar candidate."
"Navajo Generating Station","Page","AZ","epa_ghgrp","epa-1000999","https://ghgdata.epa.gov/ghgp/main.do#/facilityDetail?facilityId=epa-1000999","","","","","","","","600","904032","117524","5.6","1458342","","","","","Power generation — 2022 EPA GHG Reporter. NAICS 221112. Pre-qualified high-energy solar candidate."
"Springerville Generating Station","Springerville","AZ","epa_ghgrp","epa-1001196","https://ghgdata.epa.gov/ghgp/main.do#/facilityDetail?facilityId=epa-1001196","","","","","","","","600","904032","117524","5.6","1458342","","","","","Power generation — 2022 EPA GHG Reporter. NAICS 221112. Pre-qualified high-energy solar candidate."
"Griffith Energy Project","Golden Valley","AZ","epa_ghgrp","epa-1001326","https://ghgdata.epa.gov/ghgp/main.do#/facilityDetail?facilityId=epa-1001326","","","","","","","","600","904032","117524","5.6","1458342","","","","","Power generation — 2022 EPA GHG Reporter. NAICS 221112. Pre-qualified high-energy solar candidate."
"Desert Basin Generating Station","Casa Grande","AZ","epa_ghgrp","epa-1001329","https://ghgdata.epa.gov/ghgp/main.do#/facilityDetail?facilityId=epa-1001329","","","","","","","","600","904032","117524","5.6","1458342","","","","","Power generation — 2022 EPA GHG Reporter. NAICS 221112. Pre-qualified high-energy solar candidate."
"South Point Energy Center, Llc","Mohave Valley","AZ","epa_ghgrp","epa-1001350","https://ghgdata.epa.gov/ghgp/main.do#/facilityDetail?facilityId=epa-1001350","","","","","","","","600","904032","117524","5.6","1458342","","","","","Power generation — 2022 EPA GHG Reporter. NAICS 221112. Pre-qualified high-energy solar candidate."
"Arlington Valley Energy Facility","Arlington","AZ","epa_ghgrp","epa-1001399","https://ghgdata.epa.gov/ghgp/main.do#/facilityDetail?facilityId=epa-1001399","","","","","","","","600","904032","117524","5.6","1458342","","","","","Power generation — 2022 EPA GHG Reporter. NAICS 221112. Pre-qualified high-energy solar candidate."
"Cholla","Joseph City","AZ","epa_ghgrp","epa-1001421","https://ghgdata.epa.gov/ghgp/main.do#/facilityDetail?facilityId=epa-1001421","","","","","","","","600","904032","117524","5.6","1458342","","","","","Power generation — 2022 EPA GHG Reporter. NAICS 221112. Pre-qualified high-energy solar candidate."
"Aps West Phoenix Power Plant","Phoenix","AZ","epa_ghgrp","epa-1001422","https://ghgdata.epa.gov/ghgp/main.do#/facilityDetail?facilityId=epa-1001422","","","","","","","","600","904032","117524","5.6","1458342","","","","","Power generation — 2022 EPA GHG Reporter. NAICS 221112. Pre-qualified high-energy solar candidate."
"Aps Saguaro Power Plant","Red Rock","AZ","epa_ghgrp","epa-1001423","https://ghgdata.epa.gov/ghgp/main.do#/facilityDetail?facilityId=epa-1001423","","","","","","","","600","904032","117524","5.6","1458342","","","","","Power generation — 2022 EPA GHG Reporter. NAICS 221112. Pre-qualified high-energy solar candidate."
"Yucca Power Plant","Yuma","AZ","epa_ghgrp","epa-1001424","https://ghgdata.epa.gov/ghgp/main.do#/facilityDetail?facilityId=epa-1001424","","","","","","","","600","904032","117524","5.6","1458342","","","","","Power generation — 2022 EPA GHG Reporter. NAICS 221112. Pre-qualified high-energy solar candidate."
"Irvington Generating Station","Tucson","AZ","epa_ghgrp","epa-1001425","https://ghgdata.epa.gov/ghgp/main.do#/facilityDetail?facilityId=epa-1001425","","","","","","","","600","904032","117524","5.6","1458342","","","","","Power generation — 2022 EPA GHG Reporter. NAICS 221112. Pre-qualified high-energy solar candidate."
"Drake Cement","Paulden","AZ","epa_ghgrp","epa-1001689","https://ghgdata.epa.gov/ghgp/main.do#/facilityDetail?facilityId=epa-1001689","","","","","","","","600","904032","117524","5.6","1458342","","","","","Cement / glass — 2022 EPA GHG Reporter. NAICS 327310. Pre-qualified high-energy solar candidate."
"Epng Station 6786 Seligman, Az","Seligman","AZ","epa_ghgrp","epa-1001976","https://ghgdata.epa.gov/ghgp/main.do#/facilityDetail?facilityId=epa-1001976","","","","","","","","600","904032","117524","5.6","1458342","","","","","Industrial facility — 2022 EPA GHG Reporter. NAICS 486210. Pre-qualified high-energy solar candidate."
"Epng Station 6735 Hackberry, Az","Hackberry","AZ","epa_ghgrp","epa-1001986","https://ghgdata.epa.gov/ghgp/main.do#/facilityDetail?facilityId=epa-1001986","","","","","","","","600","904032","117524","5.6","1458342","","","","","Industrial facility — 2022 EPA GHG Reporter. NAICS 486210. Pre-qualified high-energy solar candidate."
"Epng Station 6750 Leupp, Az","Leupp","AZ","epa_ghgrp","epa-1001996","https://ghgdata.epa.gov/ghgp/main.do#/facilityDetail?facilityId=epa-1001996","","","","","","","","600","904032","117524","5.6","1458342","","","","","Industrial facility — 2022 EPA GHG Reporter. NAICS 486210. Pre-qualified high-energy solar candidate."
"Epng Station 6741 Alamo Lake, Az","Wenden","AZ","epa_ghgrp","epa-1001997","https://ghgdata.epa.gov/ghgp/main.do#/facilityDetail?facilityId=epa-1001997","","","","","","","","600","904032","117524","5.6","1458342","","","","","Industrial facility — 2022 EPA GHG Reporter. NAICS 486210. Pre-qualified high-energy solar candidate."
"Epng Station 1775 Mojave Topock, Az","Topock","AZ","epa_ghgrp","epa-1002060","https://ghgdata.epa.gov/ghgp/main.do#/facilityDetail?facilityId=epa-1002060","","","","","","","","600","904032","117524","5.6","1458342","","","","","Industrial facility — 2022 EPA GHG Reporter. NAICS 486210. Pre-qualified high-energy solar candidate."
"Epng Station 6796 Window Rock, Az","St. Michaels","AZ","epa_ghgrp","epa-1002064","https://ghgdata.epa.gov/ghgp/main.do#/facilityDetail?facilityId=epa-1002064","","","","","","","","600","904032","117524","5.6","1458342","","","","","Industrial facility — 2022 EPA GHG Reporter. NAICS 486210. Pre-qualified high-energy solar candidate."
"Epng Station 6755 Navajo, Az","Ganado","AZ","epa_ghgrp","epa-1002117","https://ghgdata.epa.gov/ghgp/main.do#/facilityDetail?facilityId=epa-1002117","","","","","","","","600","904032","117524","5.6","1458342","","","","","Industrial facility — 2022 EPA GHG Reporter. NAICS 486210. Pre-qualified high-energy solar candidate."
"Epng Station 6793 Wenden, Az","Tonopah","AZ","epa_ghgrp","epa-1002196","https://ghgdata.epa.gov/ghgp/main.do#/facilityDetail?facilityId=epa-1002196","","","","","","","","600","904032","117524","5.6","1458342","","","","","Industrial facility — 2022 EPA GHG Reporter. NAICS 486210. Pre-qualified high-energy solar candidate."
"Harrison Landfill","Tucson","AZ","epa_ghgrp","epa-1002450","https://ghgdata.epa.gov/ghgp/main.do#/facilityDetail?facilityId=epa-1002450","","","","","","","","600","904032","117524","5.6","1458342","","","","","Industrial facility — 2022 EPA GHG Reporter. NAICS 562212. Pre-qualified high-energy solar candidate."
"Los Reales Landfill","Tucson","AZ","epa_ghgrp","epa-1002799","https://ghgdata.epa.gov/ghgp/main.do#/facilityDetail?facilityId=epa-1002799","","","","","","","","600","904032","117524","5.6","1458342","","","","","Industrial facility — 2022 EPA GHG Reporter. NAICS 562212. Pre-qualified high-energy solar candidate."
"Salt River Landfill","Scottsdale","AZ","epa_ghgrp","epa-1002831","https://ghgdata.epa.gov/ghgp/main.do#/facilityDetail?facilityId=epa-1002831","","","","","","","","600","904032","117524","5.6","1458342","","","","","Industrial facility — 2022 EPA GHG Reporter. NAICS 562212. Pre-qualified high-energy solar candidate."
"North Center Street Landfill","Scottsdale","AZ","epa_ghgrp","epa-1003046","https://ghgdata.epa.gov/ghgp/main.do#/facilityDetail?facilityId=epa-1003046","","","","","","","","600","904032","117524","5.6","1458342","","","","","Industrial facility — 2022 EPA GHG Reporter. NAICS 562212. Pre-qualified high-energy solar candidate."
"Station #1 - Kingman Cmp Stn","Seligman","AZ","epa_ghgrp","epa-1003131","https://ghgdata.epa.gov/ghgp/main.do#/facilityDetail?facilityId=epa-1003131","","","","","","","","600","904032","117524","5.6","1458342","","","","","Industrial facility — 2022 EPA GHG Reporter. NAICS 486210. Pre-qualified high-energy solar candidate."
"Tri Cities Landfill","Scottsdale","AZ","epa_ghgrp","epa-1003229","https://ghgdata.epa.gov/ghgp/main.do#/facilityDetail?facilityId=epa-1003229","","","","","","","","600","904032","117524","5.6","1458342","","","","","Industrial facility — 2022 EPA GHG Reporter. NAICS 562212. Pre-qualified high-energy solar candidate."
"Cave Creek Msw Landfill","Cave Creek","AZ","epa_ghgrp","epa-1003466","https://ghgdata.epa.gov/ghgp/main.do#/facilityDetail?facilityId=epa-1003466","","","","","","","","600","904032","117524","5.6","1458342","","","","","Industrial facility — 2022 EPA GHG Reporter. NAICS 562212. Pre-qualified high-energy solar candidate."
"Queen Creek Msw Landfill","Queen Creek","AZ","epa_ghgrp","epa-1003467","https://ghgdata.epa.gov/ghgp/main.do#/facilityDetail?facilityId=epa-1003467","","","","","","","","600","904032","117524","5.6","1458342","","","","","Industrial facility — 2022 EPA GHG Reporter. NAICS 562212. Pre-qualified high-energy solar candidate."
"Painted Desert Landfill","Joseph City","AZ","epa_ghgrp","epa-1003611","https://ghgdata.epa.gov/ghgp/main.do#/facilityDetail?facilityId=epa-1003611","","","","","","","","600","904032","117524","5.6","1458342","","","","","Industrial facility — 2022 EPA GHG Reporter. NAICS 562212. Pre-qualified high-energy solar candidate."
"Ironwood Landfill","Florence","AZ","epa_ghgrp","epa-1003612","https://ghgdata.epa.gov/ghgp/main.do#/facilityDetail?facilityId=epa-1003612","","","","","","","","600","904032","117524","5.6","1458342","","","","","Industrial facility — 2022 EPA GHG Reporter. NAICS 562212. Pre-qualified high-energy solar candidate."
"Phoenix Cement Company\S Clarkdale Facility","Clarkdale","AZ","epa_ghgrp","epa-1003643","https://ghgdata.epa.gov/ghgp/main.do#/facilityDetail?facilityId=epa-1003643","","","","","","","","600","904032","117524","5.6","1458342","","","","","Cement / glass — 2022 EPA GHG Reporter. NAICS 327310. Pre-qualified high-energy solar candidate."
"City Of Glendale - Landfill","Glendale","AZ","epa_ghgrp","epa-1003683","https://ghgdata.epa.gov/ghgp/main.do#/facilityDetail?facilityId=epa-1003683","","","","","","","","600","904032","117524","5.6","1458342","","","","","Industrial facility — 2022 EPA GHG Reporter. NAICS 562212. Pre-qualified high-energy solar candidate."
"Gila River Power Station Switchyard","Gila Bend","AZ","epa_ghgrp","epa-1003761","https://ghgdata.epa.gov/ghgp/main.do#/facilityDetail?facilityId=epa-1003761","","","","","","","","600","904032","117524","5.6","1458342","","","","","Power generation — 2022 EPA GHG Reporter. NAICS 221112. Pre-qualified high-energy solar candidate."
"Apache Junction Landfill","Apache Junction","AZ","epa_ghgrp","epa-1004003","https://ghgdata.epa.gov/ghgp/main.do#/facilityDetail?facilityId=epa-1004003","","","","","","","","600","904032","117524","5.6","1458342","","","","","Industrial facility — 2022 EPA GHG Reporter. NAICS 562212. Pre-qualified high-energy solar candidate."
"La Paz County Landfill","Parker","AZ","epa_ghgrp","epa-1004056","https://ghgdata.epa.gov/ghgp/main.do#/facilityDetail?facilityId=epa-1004056","","","","","","","","600","904032","117524","5.6","1458342","","","","","Industrial facility — 2022 EPA GHG Reporter. NAICS 562212. Pre-qualified high-energy solar candidate."
"Lake Havasu Landfill","Lake Havasu City","AZ","epa_ghgrp","epa-1004093","https://ghgdata.epa.gov/ghgp/main.do#/facilityDetail?facilityId=epa-1004093","","","","","","","","600","904032","117524","5.6","1458342","","","","","Industrial facility — 2022 EPA GHG Reporter. NAICS 562212. Pre-qualified high-energy solar candidate."
"Sr 85 Landfill","Buckeye","AZ","epa_ghgrp","epa-1004121","https://ghgdata.epa.gov/ghgp/main.do#/facilityDetail?facilityId=epa-1004121","","","","","","","","600","904032","117524","5.6","1458342","","","","","Industrial facility — 2022 EPA GHG Reporter. NAICS 562212. Pre-qualified high-energy solar candidate."
"City Of Flagstaff - Cinder Lake Landfill","Flagstaff","AZ","epa_ghgrp","epa-1004132","https://ghgdata.epa.gov/ghgp/main.do#/facilityDetail?facilityId=epa-1004132","","","","","","","","600","904032","117524","5.6","1458342","","","","","Industrial facility — 2022 EPA GHG Reporter. NAICS 562212. Pre-qualified high-energy solar candidate."
"Southwest Regional Landfill","Buckeye","AZ","epa_ghgrp","epa-1004240","https://ghgdata.epa.gov/ghgp/main.do#/facilityDetail?facilityId=epa-1004240","","","","","","","","600","904032","117524","5.6","1458342","","","","","Industrial facility — 2022 EPA GHG Reporter. NAICS 562212. Pre-qualified high-energy solar candidate."
"City Of Phoenix - Skunk Creek Landfill","Phoenix","AZ","epa_ghgrp","epa-1004261","https://ghgdata.epa.gov/ghgp/main.do#/facilityDetail?facilityId=epa-1004261","","","","","","","","600","904032","117524","5.6","1458342","","","","","Industrial facility — 2022 EPA GHG Reporter. NAICS 562212. Pre-qualified high-energy solar candidate."
"Tangerine Landfill","Marana","AZ","epa_ghgrp","epa-1004876","https://ghgdata.epa.gov/ghgp/main.do#/facilityDetail?facilityId=epa-1004876","","","","","","","","600","904032","117524","5.6","1458342","","","","","Industrial facility — 2022 EPA GHG Reporter. NAICS 562212. Pre-qualified high-energy solar candidate."
"Mohave Valley Landfill","Fort Mohave","AZ","epa_ghgrp","epa-1004980","https://ghgdata.epa.gov/ghgp/main.do#/facilityDetail?facilityId=epa-1004980","","","","","","","","600","904032","117524","5.6","1458342","","","","","Industrial facility — 2022 EPA GHG Reporter. NAICS 562212. Pre-qualified high-energy solar candidate."
"Navajo Tribal Utility Authority - Arizona","Fort Defiance","AZ","epa_ghgrp","epa-1005664","https://ghgdata.epa.gov/ghgp/main.do#/facilityDetail?facilityId=epa-1005664","","","","","","","","600","904032","117524","5.6","1458342","","","","","Power generation — 2022 EPA GHG Reporter. NAICS 221210. Pre-qualified high-energy solar candidate."
"Navajo Tribal Utility Authority - New Mexico","Fort Defiance","AZ","epa_ghgrp","epa-1005670","https://ghgdata.epa.gov/ghgp/main.do#/facilityDetail?facilityId=epa-1005670","","","","","","","","600","904032","117524","5.6","1458342","","","","","Power generation — 2022 EPA GHG Reporter. NAICS 221210. Pre-qualified high-energy solar candidate."
"Station #3 - Leupp Cmp Stn","Leupp","AZ","epa_ghgrp","epa-1005684","https://ghgdata.epa.gov/ghgp/main.do#/facilityDetail?facilityId=epa-1005684","","","","","","","","600","904032","117524","5.6","1458342","","","","","Industrial facility — 2022 EPA GHG Reporter. NAICS 486210. Pre-qualified high-energy solar candidate."
"Apache Station","Cochise","AZ","epa_ghgrp","epa-1005949","https://ghgdata.epa.gov/ghgp/main.do#/facilityDetail?facilityId=epa-1005949","","","","","","","","600","904032","117524","5.6","1458342","","","","","Power generation — 2022 EPA GHG Reporter. NAICS 221112. Pre-qualified high-energy solar candidate."
"Arizona State University","Tempe","AZ","epa_ghgrp","epa-1006199","https://ghgdata.epa.gov/ghgp/main.do#/facilityDetail?facilityId=epa-1006199","","","","","","","","600","904032","117524","5.6","1458342","","","","","Industrial facility — 2022 EPA GHG Reporter. NAICS 611310. Pre-qualified high-energy solar candidate."
"Cactus Landfill","Eloy","AZ","epa_ghgrp","epa-1006201","https://ghgdata.epa.gov/ghgp/main.do#/facilityDetail?facilityId=epa-1006201","","","","","","","","600","904032","117524","5.6","1458342","","","","","Industrial facility — 2022 EPA GHG Reporter. NAICS 562212. Pre-qualified high-energy solar candidate."
"Naturesweet Usa Llc. - Willcox Facility","Willcox","AZ","epa_ghgrp","epa-1006206","https://ghgdata.epa.gov/ghgp/main.do#/facilityDetail?facilityId=epa-1006206","","","","","","","","600","904032","117524","5.6","1458342","","","","","Industrial facility — 2022 EPA GHG Reporter. NAICS 111419. Pre-qualified high-energy solar candidate."
"City Of Phoenix 27th Ave Landfill","Phoenix","AZ","epa_ghgrp","epa-1006280","https://ghgdata.epa.gov/ghgp/main.do#/facilityDetail?facilityId=epa-1006280","","","","","","","","600","904032","117524","5.6","1458342","","","","","Industrial facility — 2022 EPA GHG Reporter. NAICS 562212. Pre-qualified high-energy solar candidate."
"Freeport-Mcmoran Morenci","Morenci","AZ","epa_ghgrp","epa-1006378","https://ghgdata.epa.gov/ghgp/main.do#/facilityDetail?facilityId=epa-1006378","","","","","","","","600","904032","117524","5.6","1458342","","","","","Industrial facility — 2022 EPA GHG Reporter. NAICS 212230. Pre-qualified high-energy solar candidate."
"University Of Arizona","Tucson","AZ","epa_ghgrp","epa-1006446","https://ghgdata.epa.gov/ghgp/main.do#/facilityDetail?facilityId=epa-1006446","","","","","","","","600","904032","117524","5.6","1458342","","","","","Industrial facility — 2022 EPA GHG Reporter. NAICS 611310. Pre-qualified high-energy solar candidate."
"South Yuma County Landfill","Yuma","AZ","epa_ghgrp","epa-1006485","https://ghgdata.epa.gov/ghgp/main.do#/facilityDetail?facilityId=epa-1006485","","","","","","","","600","904032","117524","5.6","1458342","","","","","Industrial facility — 2022 EPA GHG Reporter. NAICS 562212. Pre-qualified high-energy solar candidate."
"Novo Biopower","Snowflake","AZ","epa_ghgrp","epa-1006649","https://ghgdata.epa.gov/ghgp/main.do#/facilityDetail?facilityId=epa-1006649","","","","","","","","600","904032","117524","5.6","1458342","","","","","Power generation — 2022 EPA GHG Reporter. NAICS 221117. Pre-qualified high-energy solar candidate."
"Calportland Company Rillito Plant","Rillito","AZ","epa_ghgrp","epa-1006669","https://ghgdata.epa.gov/ghgp/main.do#/facilityDetail?facilityId=epa-1006669","","","","","","","","600","904032","117524","5.6","1458342","","","","","Cement / glass — 2022 EPA GHG Reporter. NAICS 327310. Pre-qualified high-energy solar candidate."
"Lhoist North America","Peach Springs","AZ","epa_ghgrp","epa-1006911","https://ghgdata.epa.gov/ghgp/main.do#/facilityDetail?facilityId=epa-1006911","","","","","","","","600","904032","117524","5.6","1458342","","","","","Cement / glass — 2022 EPA GHG Reporter. NAICS 327410. Pre-qualified high-energy solar candidate."
"Station #2 - Flagstaff Cmp Stn","Bellemont","AZ","epa_ghgrp","epa-1006931","https://ghgdata.epa.gov/ghgp/main.do#/facilityDetail?facilityId=epa-1006931","","","","","","","","600","904032","117524","5.6","1458342","","","","","Industrial facility — 2022 EPA GHG Reporter. NAICS 486210. Pre-qualified high-energy solar candidate."
"Coronado Generating Station","St Johns","AZ","epa_ghgrp","epa-1007103","https://ghgdata.epa.gov/ghgp/main.do#/facilityDetail?facilityId=epa-1007103","","","","","","","","600","904032","117524","5.6","1458342","","","","","Power generation — 2022 EPA GHG Reporter. NAICS 221112. Pre-qualified high-energy solar candidate."
"De Moss Petrie Generating Station","Tucson","AZ","epa_ghgrp","epa-1007187","https://ghgdata.epa.gov/ghgp/main.do#/facilityDetail?facilityId=epa-1007187","","","","","","","","600","904032","117524","5.6","1458342","","","","","Power generation — 2022 EPA GHG Reporter. NAICS 221112. Pre-qualified high-energy solar candidate."
"Agua Fria Generating Station","Glendale","AZ","epa_ghgrp","epa-1007206","https://ghgdata.epa.gov/ghgp/main.do#/facilityDetail?facilityId=epa-1007206","","","","","","","","600","904032","117524","5.6","1458342","","","","","Power generation — 2022 EPA GHG Reporter. NAICS 221112. Pre-qualified high-energy solar candidate."
"City Of Chandler Landfill","Chandler","AZ","epa_ghgrp","epa-1007279","https://ghgdata.epa.gov/ghgp/main.do#/facilityDetail?facilityId=epa-1007279","","","","","","","","600","904032","117524","5.6","1458342","","","","","Industrial facility — 2022 EPA GHG Reporter. NAICS 562212. Pre-qualified high-energy solar candidate."
"Ocotillo Power Plant","Tempe","AZ","epa_ghgrp","epa-1007299","https://ghgdata.epa.gov/ghgp/main.do#/facilityDetail?facilityId=epa-1007299","","","","","","","","600","904032","117524","5.6","1458342","","","","","Power generation — 2022 EPA GHG Reporter. NAICS 221112. Pre-qualified high-energy solar candidate."
"Epng Station 6794 Williams, Az","Williams","AZ","epa_ghgrp","epa-1007437","https://ghgdata.epa.gov/ghgp/main.do#/facilityDetail?facilityId=epa-1007437","","","","","","","","600","904032","117524","5.6","1458342","","","","","Industrial facility — 2022 EPA GHG Reporter. NAICS 486210. Pre-qualified high-energy solar candidate."
"Lone Cactus Landfill","Phoenix","AZ","epa_ghgrp","epa-1007543","https://ghgdata.epa.gov/ghgp/main.do#/facilityDetail?facilityId=epa-1007543","","","","","","","","600","904032","117524","5.6","1458342","","","","","Industrial facility — 2022 EPA GHG Reporter. NAICS 562212. Pre-qualified high-energy solar candidate."
"Butterfield Station Landfill","Mobile","AZ","epa_ghgrp","epa-1007815","https://ghgdata.epa.gov/ghgp/main.do#/facilityDetail?facilityId=epa-1007815","","","","","","","","600","904032","117524","5.6","1458342","","","","","Industrial facility — 2022 EPA GHG Reporter. NAICS 562212. Pre-qualified high-energy solar candidate."
"Gray Wolf Regional Landfill","Dewey","AZ","epa_ghgrp","epa-1007862","https://ghgdata.epa.gov/ghgp/main.do#/facilityDetail?facilityId=epa-1007862","","","","","","","","600","904032","117524","5.6","1458342","","","","","Industrial facility — 2022 EPA GHG Reporter. NAICS 562212. Pre-qualified high-energy solar candidate."
"Coolidge Generating Station","Randolph","AZ","epa_ghgrp","epa-1007962","https://ghgdata.epa.gov/ghgp/main.do#/facilityDetail?facilityId=epa-1007962","","","","","","","","600","904032","117524","5.6","1458342","","","","","Power generation — 2022 EPA GHG Reporter. NAICS 221112. Pre-qualified high-energy solar candidate."
"Copper Mountain Landfill","Wellton","AZ","epa_ghgrp","epa-1007963","https://ghgdata.epa.gov/ghgp/main.do#/facilityDetail?facilityId=epa-1007963","","","","","","","","600","904032","117524","5.6","1458342","","","","","Industrial facility — 2022 EPA GHG Reporter. NAICS 562212. Pre-qualified high-energy solar candidate."
"City Of Mesa","Mesa","AZ","epa_ghgrp","epa-1008098","https://ghgdata.epa.gov/ghgp/main.do#/facilityDetail?facilityId=epa-1008098","","","","","","","","600","904032","117524","5.6","1458342","","","","","Power generation — 2022 EPA GHG Reporter. NAICS 221210. Pre-qualified high-energy solar candidate."
"Tucson Electric Power Company","Tucson","AZ","epa_ghgrp","epa-1008193","https://ghgdata.epa.gov/ghgp/main.do#/facilityDetail?facilityId=epa-1008193","","","","","","","","600","904032","117524","5.6","1458342","","","","","Power generation — 2022 EPA GHG Reporter. NAICS 221122. Pre-qualified high-energy solar candidate."
"Epng Station 6770 Oracle, Az","Oracle","AZ","epa_ghgrp","epa-1008239","https://ghgdata.epa.gov/ghgp/main.do#/facilityDetail?facilityId=epa-1008239","","","","","","","","600","904032","117524","5.6","1458342","","","","","Industrial facility — 2022 EPA GHG Reporter. NAICS 486210. Pre-qualified high-energy solar candidate."
"Yuma Cogeneration Associates","Yuma","AZ","epa_ghgrp","epa-1009168","https://ghgdata.epa.gov/ghgp/main.do#/facilityDetail?facilityId=epa-1009168","","","","","","","","600","904032","117524","5.6","1458342","","","","","Power generation — 2022 EPA GHG Reporter. NAICS 221112. Pre-qualified high-energy solar candidate."
"Epng Station 6719 Dutch Flat, Az","Yucca","AZ","epa_ghgrp","epa-1009341","https://ghgdata.epa.gov/ghgp/main.do#/facilityDetail?facilityId=epa-1009341","","","","","","","","600","904032","117524","5.6","1458342","","","","","Industrial facility — 2022 EPA GHG Reporter. NAICS 486210. Pre-qualified high-energy solar candidate."
"Arizona Public Service Company","Phoenix","AZ","epa_ghgrp","epa-1009780","https://ghgdata.epa.gov/ghgp/main.do#/facilityDetail?facilityId=epa-1009780","","","","","","","","600","904032","117524","5.6","1458342","","","","","Power generation — 2022 EPA GHG Reporter. NAICS 221121. Pre-qualified high-energy solar candidate."
"North Baja Ehrenberg Cs","Ehrenberg","AZ","epa_ghgrp","epa-1009781","https://ghgdata.epa.gov/ghgp/main.do#/facilityDetail?facilityId=epa-1009781","","","","","","","","600","904032","117524","5.6","1458342","","","","","Industrial facility — 2022 EPA GHG Reporter. NAICS 486210. Pre-qualified high-energy solar candidate."
"Salt River Project - T & D Equipment","Tempe","AZ","epa_ghgrp","epa-1009888","https://ghgdata.epa.gov/ghgp/main.do#/facilityDetail?facilityId=epa-1009888","","","","","","","","600","904032","117524","5.6","1458342","","","","","Power generation — 2022 EPA GHG Reporter. NAICS 221121. Pre-qualified high-energy solar candidate."
"On Semiconductor","Phoenix","AZ","epa_ghgrp","epa-1010158","https://ghgdata.epa.gov/ghgp/main.do#/facilityDetail?facilityId=epa-1010158","","","","","","","","600","904032","117524","5.6","1458342","","","","","Industrial facility — 2022 EPA GHG Reporter. NAICS 551114. Pre-qualified high-energy solar candidate."
"Southwest Transmission Cooperative, Inc.","Benson","AZ","epa_ghgrp","epa-1010225","https://ghgdata.epa.gov/ghgp/main.do#/facilityDetail?facilityId=epa-1010225","","","","","","","","600","904032","117524","5.6","1458342","","","","","Power generation — 2022 EPA GHG Reporter. NAICS 221121. Pre-qualified high-energy solar candidate."
"Epng Station 6702 Cimarron, Az","Willcox","AZ","epa_ghgrp","epa-1011001","https://ghgdata.epa.gov/ghgp/main.do#/facilityDetail?facilityId=epa-1011001","","","","","","","","600","904032","117524","5.6","1458342","","","","","Industrial facility — 2022 EPA GHG Reporter. NAICS 486210. Pre-qualified high-energy solar candidate."
"Epng Station 6701 Tom Mix, Az","Saddlebrook","AZ","epa_ghgrp","epa-1011002","https://ghgdata.epa.gov/ghgp/main.do#/facilityDetail?facilityId=epa-1011002","","","","","","","","600","904032","117524","5.6","1458342","","","","","Industrial facility — 2022 EPA GHG Reporter. NAICS 486210. Pre-qualified high-energy solar candidate."
"Epng Station 6795 Willcox, Az","Willcox","AZ","epa_ghgrp","epa-1011003","https://ghgdata.epa.gov/ghgp/main.do#/facilityDetail?facilityId=epa-1011003","","","","","","","","600","904032","117524","5.6","1458342","","","","","Industrial facility — 2022 EPA GHG Reporter. NAICS 486210. Pre-qualified high-energy solar candidate."
"Mineral Park Mine","Golden Valley","AZ","epa_ghgrp","epa-1011200","https://ghgdata.epa.gov/ghgp/main.do#/facilityDetail?facilityId=epa-1011200","","","","","","","","600","904032","117524","5.6","1458342","","","","","Industrial facility — 2022 EPA GHG Reporter. NAICS 212230. Pre-qualified high-energy solar candidate."
"Epng Station 6715 Dilkon, Az","Dilkon","AZ","epa_ghgrp","epa-1011379","https://ghgdata.epa.gov/ghgp/main.do#/facilityDetail?facilityId=epa-1011379","","","","","","","","600","904032","117524","5.6","1458342","","","","","Industrial facility — 2022 EPA GHG Reporter. NAICS 486210. Pre-qualified high-energy solar candidate."
"Epng Station 6711 Casa Grande, Az","Maricopa","AZ","epa_ghgrp","epa-1011458","https://ghgdata.epa.gov/ghgp/main.do#/facilityDetail?facilityId=epa-1011458","","","","","","","","600","904032","117524","5.6","1458342","","","","","Industrial facility — 2022 EPA GHG Reporter. NAICS 486210. Pre-qualified high-energy solar candidate."
"Epng Station San Simon, Az","San Simon","AZ","epa_ghgrp","epa-1012916","https://ghgdata.epa.gov/ghgp/main.do#/facilityDetail?facilityId=epa-1012916","","","","","","","","600","904032","117524","5.6","1458342","","","","","Industrial facility — 2022 EPA GHG Reporter. NAICS 486210. Pre-qualified high-energy solar candidate."
"Marana Regional Landfill","Marana","AZ","epa_ghgrp","epa-1013218","https://ghgdata.epa.gov/ghgp/main.do#/facilityDetail?facilityId=epa-1013218","","","","","","","","600","904032","117524","5.6","1458342","","","","","Industrial facility — 2022 EPA GHG Reporter. NAICS 562212. Pre-qualified high-energy solar candidate."
"Durham Regional Landfill","Florence","AZ","epa_ghgrp","epa-1013630","https://ghgdata.epa.gov/ghgp/main.do#/facilityDetail?facilityId=epa-1013630","","","","","","","","600","904032","117524","5.6","1458342","","","","","Industrial facility — 2022 EPA GHG Reporter. NAICS 562212. Pre-qualified high-energy solar candidate."
"Northern Arizona University","Flagstaff","AZ","epa_ghgrp","epa-1013754","https://ghgdata.epa.gov/ghgp/main.do#/facilityDetail?facilityId=epa-1013754","","","","","","","","600","904032","117524","5.6","1458342","","","","","Industrial facility — 2022 EPA GHG Reporter. NAICS 611310. Pre-qualified high-energy solar candidate."
"Sgp Sierrita Compressor Station","Tucson","AZ","epa_ghgrp","epa-1013838","https://ghgdata.epa.gov/ghgp/main.do#/facilityDetail?facilityId=epa-1013838","","","","","","","","600","904032","117524","5.6","1458342","","","","","Industrial facility — 2022 EPA GHG Reporter. NAICS 486210. Pre-qualified high-energy solar candidate."
"Ability Refrigerants","Phoenix","AZ","epa_ghgrp","epa-1014535","https://ghgdata.epa.gov/ghgp/main.do#/facilityDetail?facilityId=epa-1014535","","","","","","","","600","904032","117524","5.6","1458342","","","","","Industrial facility — 2022 EPA GHG Reporter. NAICS 424690. Pre-qualified high-energy solar candidate."
"Intel Corporation (Chandler Campus)","Chandler","AZ","osm_industrial","osm-24166495","https://www.openstreetmap.org/way/osm-24166495","","","","","","","","600","904032","117524","5.6","1458342","","","","","Industrial building. Roof-suitable for rooftop PV. Verify ownership + contact before outreach."
"Central Arizona Water Conservation Dist","Phoenix","AZ","osm_industrial","osm-28802018","https://www.openstreetmap.org/way/osm-28802018","","","","","","","","600","904032","117524","5.6","1458342","","","","","Industrial building. Roof-suitable for rooftop PV. Verify ownership + contact before outreach."
"Central Plant","Tempe","AZ","osm_industrial","osm-29215860","https://www.openstreetmap.org/way/osm-29215860","","","","","","","","600","904032","117524","5.6","1458342","","","","","Industrial building. Roof-suitable for rooftop PV. Verify ownership + contact before outreach."
"Moody Substation","Phoenix","AZ","osm_industrial","osm-30140875","https://www.openstreetmap.org/way/osm-30140875","","","","","","","","600","904032","117524","5.6","1458342","","","","","Industrial building. Roof-suitable for rooftop PV. Verify ownership + contact before outreach."
"Arizona Public Service","Tempe","AZ","osm_industrial","osm-30408669","https://www.openstreetmap.org/way/osm-30408669","","","","","","","","600","904032","117524","5.6","1458342","","","","","Industrial building. Roof-suitable for rooftop PV. Verify ownership + contact before outreach."
"Srp Southside Water Service Center","Phoenix","AZ","osm_industrial","osm-32315952","https://www.openstreetmap.org/way/osm-32315952","","","","","","","","600","904032","117524","5.6","1458342","","","","","Industrial building. Roof-suitable for rooftop PV. Verify ownership + contact before outreach."
"Nxp Semiconductors Inc","Phoenix","AZ","osm_industrial","osm-32760863","https://www.openstreetmap.org/way/osm-32760863","","","","","","","","600","904032","117524","5.6","1458342","","","","","Industrial building. Roof-suitable for rooftop PV. Verify ownership + contact before outreach."
"Me Global Inc","Phoenix","AZ","osm_industrial","osm-33015568","https://www.openstreetmap.org/way/osm-33015568","","","","","","","","600","904032","117524","5.6","1458342","","","","","Industrial building. Roof-suitable for rooftop PV. Verify ownership + contact before outreach."
"Phoenix Airport Center","Phoenix","AZ","osm_industrial","osm-35883921","https://www.openstreetmap.org/way/osm-35883921","","","","","","","","600","904032","117524","5.6","1458342","","","","","Industrial building. Roof-suitable for rooftop PV. Verify ownership + contact before outreach."
"Phoenix South Mountain Water Storage","Phoenix","AZ","osm_industrial","osm-68778611","https://www.openstreetmap.org/way/osm-68778611","","","","","","","","600","904032","117524","5.6","1458342","","","","","Industrial building. Roof-suitable for rooftop PV. Verify ownership + contact before outreach."
"Paradise Valley School District Transportation","Phoenix","AZ","osm_industrial","osm-82163097","https://www.openstreetmap.org/way/osm-82163097","","","","","","","","600","904032","117524","5.6","1458342","","","","","Industrial building. Roof-suitable for rooftop PV. Verify ownership + contact before outreach."
"Sumco Usa","Phoenix","AZ","osm_industrial","osm-98331608","https://www.openstreetmap.org/way/osm-98331608","","","","","","","","600","904032","117524","5.6","1458342","","","","","Industrial building. Roof-suitable for rooftop PV. Verify ownership + contact before outreach."
"Wolfe'S Demolition, Llc","Phoenix","AZ","osm_industrial","osm-109835133","https://www.openstreetmap.org/way/osm-109835133","","","","","","","","600","904032","117524","5.6","1458342","","","","","Industrial building. Roof-suitable for rooftop PV. Verify ownership + contact before outreach."
"R C Lurie Co","Phoenix","AZ","osm_industrial","osm-115856352","https://www.openstreetmap.org/way/osm-115856352","","","","","","","","600","904032","117524","5.6","1458342","","","","","Industrial building. Roof-suitable for rooftop PV. Verify ownership + contact before outreach."
"S & L Contracting Co","Phoenix","AZ","osm_industrial","osm-122896553","https://www.openstreetmap.org/way/osm-122896553","","","","","","","","600","904032","117524","5.6","1458342","","","","","Industrial building. Roof-suitable for rooftop PV. Verify ownership + contact before outreach."
"Building 9","Phoenix","AZ","osm_industrial","osm-124482118","https://www.openstreetmap.org/way/osm-124482118","","","","","","","","600","904032","117524","5.6","1458342","","","","","Industrial building. Roof-suitable for rooftop PV. Verify ownership + contact before outreach."
"Building 100","Phoenix","AZ","osm_industrial","osm-124482119","https://www.openstreetmap.org/way/osm-124482119","","","","","","","","600","904032","117524","5.6","1458342","","","","","Industrial building. Roof-suitable for rooftop PV. Verify ownership + contact before outreach."
"Building 8","Phoenix","AZ","osm_industrial","osm-124482120","https://www.openstreetmap.org/way/osm-124482120","","","","","","","","600","904032","117524","5.6","1458342","","","","","Industrial building. Roof-suitable for rooftop PV. Verify ownership + contact before outreach."
"Hayden","Scottsdale","AZ","osm_industrial","osm-124482121","https://www.openstreetmap.org/way/osm-124482121","","","","","","","","600","904032","117524","5.6","1458342","","","","","Industrial building. Roof-suitable for rooftop PV. Verify ownership + contact before outreach."
"Roosevelt","Scottsdale","AZ","osm_industrial","osm-124482122","https://www.openstreetmap.org/way/osm-124482122","","","","","","","","600","904032","117524","5.6","1458342","","","","","Industrial building. Roof-suitable for rooftop PV. Verify ownership + contact before outreach."
"Washington Elementary School District Service Center","Phoenix","AZ","osm_industrial","osm-126162630","https://www.openstreetmap.org/way/osm-126162630","","","","","","","","600","904032","117524","5.6","1458342","","","","","Depot building. Roof-suitable for rooftop PV. Verify ownership + contact before outreach."
"Flyers Energy Supply Center","Phoenix","AZ","osm_industrial","osm-129620375","https://www.openstreetmap.org/way/osm-129620375","","","","","","","","600","904032","117524","5.6","1458342","","","","","Industrial building. Roof-suitable for rooftop PV. Verify ownership + contact before outreach."
"Ernest F Mariani Co.","Phoenix","AZ","osm_industrial","osm-129620376","https://www.openstreetmap.org/way/osm-129620376","","","","","","","","600","904032","117524","5.6","1458342","","","","","Industrial building. Roof-suitable for rooftop PV. Verify ownership + contact before outreach."
"Fiesta Latina","Phoenix","AZ","osm_industrial","osm-129620396","https://www.openstreetmap.org/way/osm-129620396","","","","","","","","600","904032","117524","5.6","1458342","","","","","Industrial building. Roof-suitable for rooftop PV. Verify ownership + contact before outreach."
"Vision Produce Company","Phoenix","AZ","osm_industrial","osm-130280871","https://www.openstreetmap.org/way/osm-130280871","","","","","","","","600","904032","117524","5.6","1458342","","","","","Industrial building. Roof-suitable for rooftop PV. Verify ownership + contact before outreach."
"Forms+Surfaces","Phoenix","AZ","osm_industrial","osm-130280872","https://www.openstreetmap.org/way/osm-130280872","","","","","","","","600","904032","117524","5.6","1458342","","","","","Industrial building. Roof-suitable for rooftop PV. Verify ownership + contact before outreach."
"Baseline Foothills","Phoenix","AZ","osm_industrial","osm-137849644","https://www.openstreetmap.org/way/osm-137849644","","","","","","","","600","904032","117524","5.6","1458342","","","","","Industrial building. Roof-suitable for rooftop PV. Verify ownership + contact before outreach."
"Asu Poly Water Tower","Mesa","AZ","osm_industrial","osm-152163712","https://www.openstreetmap.org/way/osm-152163712","","","","","","","","600","904032","117524","5.6","1458342","","","","","Industrial building. Roof-suitable for rooftop PV. Verify ownership + contact before outreach."
"Park Aldea","Phoenix","AZ","osm_industrial","osm-153309030","https://www.openstreetmap.org/way/osm-153309030","","","","","","","","600","904032","117524","5.6","1458342","","","","","Industrial building. Roof-suitable for rooftop PV. Verify ownership + contact before outreach."
"Warner Commerce Park","Phoenix","AZ","osm_industrial","osm-158716092","https://www.openstreetmap.org/way/osm-158716092","","","","","","","","600","904032","117524","5.6","1458342","","","","","Industrial building. Roof-suitable for rooftop PV. Verify ownership + contact before outreach."
"Basic Drilling Co.","Apache Junction","AZ","osm_industrial","osm-163406954","https://www.openstreetmap.org/way/osm-163406954","","","","","","","","600","904032","117524","5.6","1458342","","","","","Industrial building. Roof-suitable for rooftop PV. Verify ownership + contact before outreach."
"Arizona Frame And Fabrication","Apache Junction","AZ","osm_industrial","osm-163407342","https://www.openstreetmap.org/way/osm-163407342","","","","","","","","600","904032","117524","5.6","1458342","","","","","Industrial building. Roof-suitable for rooftop PV. Verify ownership + contact before outreach."
"Pioneer Landscaping Materials","Apache Junction","AZ","osm_industrial","osm-163407832","https://www.openstreetmap.org/way/osm-163407832","","","","","","","","600","904032","117524","5.6","1458342","","","","","Industrial building. Roof-suitable for rooftop PV. Verify ownership + contact before outreach."
"Apache Stone","Apache Junction","AZ","osm_industrial","osm-163408098","https://www.openstreetmap.org/way/osm-163408098","","","","","","","","600","904032","117524","5.6","1458342","","","","","Industrial building. Roof-suitable for rooftop PV. Verify ownership + contact before outreach."
"Cave'S Canopies And Steel","Apache Junction","AZ","osm_industrial","osm-163408384","https://www.openstreetmap.org/way/osm-163408384","","","","","","","","600","904032","117524","5.6","1458342","","","","","Industrial building. Roof-suitable for rooftop PV. Verify ownership + contact before outreach."
"Johnson Stewart Co Llc","Phoenix","AZ","osm_industrial","osm-174868244","https://www.openstreetmap.org/way/osm-174868244","","","","","","","","600","904032","117524","5.6","1458342","","","","","Industrial building. Roof-suitable for rooftop PV. Verify ownership + contact before outreach."
"Madison Granite Supply Inc.","Phoenix","AZ","osm_industrial","osm-177147753","https://www.openstreetmap.org/way/osm-177147753","","","","","","","","600","904032","117524","5.6","1458342","","","","","Mine building. Roof-suitable for rooftop PV. Verify ownership + contact before outreach."
"Intel Corporation (Ocotillo Campus)","Phoenix","AZ","osm_industrial","osm-182626525","https://www.openstreetmap.org/way/osm-182626525","","","","","","","","600","904032","117524","5.6","1458342","","","","","Industrial building. Roof-suitable for rooftop PV. Verify ownership + contact before outreach."
"Orbital Sciences Corporation","Chandler","AZ","osm_industrial","osm-197581294","https://www.openstreetmap.org/way/osm-197581294","","","","","","","","600","904032","117524","5.6","1458342","","","","","Industrial building. Roof-suitable for rooftop PV. Verify ownership + contact before outreach."
"Central Groundwater Treatment Facility","Phoenix","AZ","osm_industrial","osm-199119079","https://www.openstreetmap.org/way/osm-199119079","","","","","","","","600","904032","117524","5.6","1458342","","","","","Industrial building. Roof-suitable for rooftop PV. Verify ownership + contact before outreach."
"Monogram Aerospace Fasteners","Mesa","AZ","osm_industrial","osm-200304783","https://www.openstreetmap.org/way/osm-200304783","","","","","","","","600","904032","117524","5.6","1458342","","","","","Industrial building. Roof-suitable for rooftop PV. Verify ownership + contact before outreach."
"Turbineaero","Phoenix","AZ","osm_industrial","osm-203961715","https://www.openstreetmap.org/way/osm-203961715","","","","","","","","600","904032","117524","5.6","1458342","","","","","Industrial building. Roof-suitable for rooftop PV. Verify ownership + contact before outreach."
"Albertsons Warehouse","Tempe","AZ","osm_industrial","osm-203961724","https://www.openstreetmap.org/way/osm-203961724","","","","","","","","600","904032","117524","5.6","1458342","","","","","Industrial building. Roof-suitable for rooftop PV. Verify ownership + contact before outreach."
"Oc1","Phoenix","AZ","osm_industrial","osm-204813984","https://www.openstreetmap.org/way/osm-204813984","","","","","","","","600","904032","117524","5.6","1458342","","","","","Industrial building. Roof-suitable for rooftop PV. Verify ownership + contact before outreach."
"Oc3","Phoenix","AZ","osm_industrial","osm-204813985","https://www.openstreetmap.org/way/osm-204813985","","","","","","","","600","904032","117524","5.6","1458342","","","","","Industrial building. Roof-suitable for rooftop PV. Verify ownership + contact before outreach."
"Oc8","Phoenix","AZ","osm_industrial","osm-204813986","https://www.openstreetmap.org/way/osm-204813986","","","","","","","","600","904032","117524","5.6","1458342","","","","","Industrial building. Roof-suitable for rooftop PV. Verify ownership + contact before outreach."
"Oc4","Phoenix","AZ","osm_industrial","osm-204813989","https://www.openstreetmap.org/way/osm-204813989","","","","","","","","600","904032","117524","5.6","1458342","","","","","Industrial building. Roof-suitable for rooftop PV. Verify ownership + contact before outreach."
"Oc5","Phoenix","AZ","osm_industrial","osm-204814001","https://www.openstreetmap.org/way/osm-204814001","","","","","","","","600","904032","117524","5.6","1458342","","","","","Industrial building. Roof-suitable for rooftop PV. Verify ownership + contact before outreach."
"Oc12","Phoenix","AZ","osm_industrial","osm-204820054","https://www.openstreetmap.org/way/osm-204820054","","","","","","","","600","904032","117524","5.6","1458342","","","","","Industrial building. Roof-suitable for rooftop PV. Verify ownership + contact before outreach."
"Oc9","Phoenix","AZ","osm_industrial","osm-204822104","https://www.openstreetmap.org/way/osm-204822104","","","","","","","","600","904032","117524","5.6","1458342","","","","","Industrial building. Roof-suitable for rooftop PV. Verify ownership + contact before outreach."
"Swire Coca-Cola","Phoenix","AZ","osm_industrial","osm-221098297","https://www.openstreetmap.org/way/osm-221098297","","","","","","","","600","904032","117524","5.6","1458342","","","","","Industrial building. Roof-suitable for rooftop PV. Verify ownership + contact before outreach."
"Building 23","Scottsdale","AZ","osm_industrial","osm-221928816","https://www.openstreetmap.org/way/osm-221928816","","","","","","","","600","904032","117524","5.6","1458342","","","","","Industrial building. Roof-suitable for rooftop PV. Verify ownership + contact before outreach."
"Haifley Brothers Hotrods","Phoenix","AZ","osm_industrial","osm-223071800","https://www.openstreetmap.org/way/osm-223071800","","","","","","","","600","904032","117524","5.6","1458342","","","","","Industrial building. Roof-suitable for rooftop PV. Verify ownership + contact before outreach."
"North Gateway Transfer Station And Materials Recovery Facility","Phoenix","AZ","osm_industrial","osm-227580690","https://www.openstreetmap.org/way/osm-227580690","","","","","","","","600","904032","117524","5.6","1458342","","","","","Industrial building. Roof-suitable for rooftop PV. Verify ownership + contact before outreach."
"Mesa Custom Machining Corporation","Gilbert","AZ","osm_industrial","osm-228131330","https://www.openstreetmap.org/way/osm-228131330","","","","","","","","600","904032","117524","5.6","1458342","","","","","Industrial building. Roof-suitable for rooftop PV. Verify ownership + contact before outreach."
"Stara Technologies Corp","Gilbert","AZ","osm_industrial","osm-228131331","https://www.openstreetmap.org/way/osm-228131331","","","","","","","","600","904032","117524","5.6","1458342","","","","","Industrial building. Roof-suitable for rooftop PV. Verify ownership + contact before outreach."
"Building 21","Phoenix","AZ","osm_industrial","osm-230625102","https://www.openstreetmap.org/way/osm-230625102","","","","","","","","600","904032","117524","5.6","1458342","","","","","Industrial building. Roof-suitable for rooftop PV. Verify ownership + contact before outreach."
"Building 20","Phoenix","AZ","osm_industrial","osm-230625104","https://www.openstreetmap.org/way/osm-230625104","","","","","","","","600","904032","117524","5.6","1458342","","","","","Industrial building. Roof-suitable for rooftop PV. Verify ownership + contact before outreach."
"Epcor Sun City West Wellsite #1.1","Phoenix","AZ","osm_industrial","osm-233164637","https://www.openstreetmap.org/way/osm-233164637","","","","","","","","600","904032","117524","5.6","1458342","","","","","Industrial building. Roof-suitable for rooftop PV. Verify ownership + contact before outreach."
"Epcor Sun City West Wellsite #2.5","Phoenix","AZ","osm_industrial","osm-233930149","https://www.openstreetmap.org/way/osm-233930149","","","","","","","","600","904032","117524","5.6","1458342","","","","","Industrial building. Roof-suitable for rooftop PV. Verify ownership + contact before outreach."
"Water Tanks","Phoenix","AZ","osm_industrial","osm-234428180","https://www.openstreetmap.org/way/osm-234428180","","","","","","","","600","904032","117524","5.6","1458342","","","","","Industrial building. Roof-suitable for rooftop PV. Verify ownership + contact before outreach."
"Epcor Sun City West Wellsite #1.4","Phoenix","AZ","osm_industrial","osm-234564943","https://www.openstreetmap.org/way/osm-234564943","","","","","","","","600","904032","117524","5.6","1458342","","","","","Industrial building. Roof-suitable for rooftop PV. Verify ownership + contact before outreach."
"Epcor Sun City West Wellsite #1.2","Phoenix","AZ","osm_industrial","osm-234564944","https://www.openstreetmap.org/way/osm-234564944","","","","","","","","600","904032","117524","5.6","1458342","","","","","Industrial building. Roof-suitable for rooftop PV. Verify ownership + contact before outreach."
"Epcor Sun City West Wellsite #1.5","Sun City West","AZ","osm_industrial","osm-234671242","https://www.openstreetmap.org/way/osm-234671242","","","","","","","","600","904032","117524","5.6","1458342","","","","","Industrial building. Roof-suitable for rooftop PV. Verify ownership + contact before outreach."
"Epcor Sun City West Wellsite #1.3","Phoenix","AZ","osm_industrial","osm-234779541","https://www.openstreetmap.org/way/osm-234779541","","","","","","","","600","904032","117524","5.6","1458342","","","","","Industrial building. Roof-suitable for rooftop PV. Verify ownership + contact before outreach."
"Srp Wellsite 12.5e -13.1n","Phoenix","AZ","osm_industrial","osm-238000121","https://www.openstreetmap.org/way/osm-238000121","","","","","","","","600","904032","117524","5.6","1458342","","","","","Industrial building. Roof-suitable for rooftop PV. Verify ownership + contact before outreach."
"Water Tanks","Phoenix","AZ","osm_industrial","osm-239611778","https://www.openstreetmap.org/way/osm-239611778","","","","","","","","600","904032","117524","5.6","1458342","","","","","Industrial building. Roof-suitable for rooftop PV. Verify ownership + contact before outreach."
"Arizona Public Service","Phoenix","AZ","osm_industrial","osm-240352853","https://www.openstreetmap.org/way/osm-240352853","","","","","","","","600","904032","117524","5.6","1458342","","","","","Industrial building. Roof-suitable for rooftop PV. Verify ownership + contact before outreach."
"City Of Peoria","Peoria","AZ","osm_industrial","osm-241866113","https://www.openstreetmap.org/way/osm-241866113","","","","","","","","600","904032","117524","5.6","1458342","","","","","Industrial building. Roof-suitable for rooftop PV. Verify ownership + contact before outreach."
"Water Tanks","Phoenix","AZ","osm_industrial","osm-243593232","https://www.openstreetmap.org/way/osm-243593232","","","","","","","","600","904032","117524","5.6","1458342","","","","","Industrial building. Roof-suitable for rooftop PV. Verify ownership + contact before outreach."
"Asu Solar","Phoenix","AZ","osm_industrial","osm-243603545","https://www.openstreetmap.org/way/osm-243603545","","","","","","","","600","904032","117524","5.6","1458342","","","","","Industrial building. Roof-suitable for rooftop PV. Verify ownership + contact before outreach."
"S-114a","Phoenix","AZ","osm_industrial","osm-252388079","https://www.openstreetmap.org/way/osm-252388079","","","","","","","","600","904032","117524","5.6","1458342","","","","","Industrial building. Roof-suitable for rooftop PV. Verify ownership + contact before outreach."
"Richmond Industrial Park","Phoenix","AZ","osm_industrial","osm-253638489","https://www.openstreetmap.org/way/osm-253638489","","","","","","","","600","904032","117524","5.6","1458342","","","","","Industrial building. Roof-suitable for rooftop PV. Verify ownership + contact before outreach."
"Arizona Public Service","Phoenix","AZ","osm_industrial","osm-255220439","https://www.openstreetmap.org/way/osm-255220439","","","","","","","","600","904032","117524","5.6","1458342","","","","","Industrial building. Roof-suitable for rooftop PV. Verify ownership + contact before outreach."
"Parker Legris Usa","Mesa","AZ","osm_industrial","osm-255992054","https://www.openstreetmap.org/way/osm-255992054","","","","","","","","600","904032","117524","5.6","1458342","","","","","Industrial building. Roof-suitable for rooftop PV. Verify ownership + contact before outreach."
"Bt Molding","Phoenix","AZ","osm_industrial","osm-258066820","https://www.openstreetmap.org/way/osm-258066820","","","","","","","","600","904032","117524","5.6","1458342","","","","","Industrial building. Roof-suitable for rooftop PV. Verify ownership + contact before outreach."
"Water Utility","Phoenix","AZ","osm_industrial","osm-266078188","https://www.openstreetmap.org/way/osm-266078188","","","","","","","","600","904032","117524","5.6","1458342","","","","","Municipal building. Roof-suitable for rooftop PV. Verify ownership + contact before outreach."
"Ford Arizona Proving Grounds","Phoenix","AZ","osm_industrial","osm-274781623","https://www.openstreetmap.org/way/osm-274781623","","","","","","","","600","904032","117524","5.6","1458342","","","","","Industrial building. Roof-suitable for rooftop PV. Verify ownership + contact before outreach."
"City Of Phoenix Water Supply","Scottsdale","AZ","osm_industrial","osm-287077900","https://www.openstreetmap.org/way/osm-287077900","","","","","","","","600","904032","117524","5.6","1458342","","","","","Industrial building. Roof-suitable for rooftop PV. Verify ownership + contact before outreach."
"Salt River Project","Phoenix","AZ","osm_industrial","osm-288007122","https://www.openstreetmap.org/way/osm-288007122","","","","","","","","600","904032","117524","5.6","1458342","","","","","Industrial building. Roof-suitable for rooftop PV. Verify ownership + contact before outreach."
"Jgm Water Plant","Phoenix","AZ","osm_industrial","osm-288007123","https://www.openstreetmap.org/way/osm-288007123","","","","","","","","600","904032","117524","5.6","1458342","","","","","Industrial building. Roof-suitable for rooftop PV. Verify ownership + contact before outreach."
"Apple Inc.","Mesa","AZ","osm_industrial","osm-300974499","https://www.openstreetmap.org/way/osm-300974499","","","","","","","","600","904032","117524","5.6","1458342","","","","","Industrial building. Roof-suitable for rooftop PV. Verify ownership + contact before outreach."
"Herbally Yours","Gilbert","AZ","osm_industrial","osm-306355471","https://www.openstreetmap.org/way/osm-306355471","","","","","","","","600","904032","117524","5.6","1458342","","","","","Industrial building. Roof-suitable for rooftop PV. Verify ownership + contact before outreach."
"Arizona Public Service","Phoenix","AZ","osm_industrial","osm-306426474","https://www.openstreetmap.org/way/osm-306426474","","","","","","","","600","904032","117524","5.6","1458342","","","","","Distributor building. Roof-suitable for rooftop PV. Verify ownership + contact before outreach."
"Lockheed Martin Corporation","Gilbert","AZ","osm_industrial","osm-306448550","https://www.openstreetmap.org/way/osm-306448550","","","","","","","","600","904032","117524","5.6","1458342","","","","","Industrial building. Roof-suitable for rooftop PV. Verify ownership + contact before outreach."
"Curry Supply Truck Manufacturer","Gilbert","AZ","osm_industrial","osm-306448551","https://www.openstreetmap.org/way/osm-306448551","","","","","","","","600","904032","117524","5.6","1458342","","","","","Industrial building. Roof-suitable for rooftop PV. Verify ownership + contact before outreach."
"G&G Specialty Contractors","Gilbert","AZ","osm_industrial","osm-306448553","https://www.openstreetmap.org/way/osm-306448553","","","","","","","","600","904032","117524","5.6","1458342","","","","","Industrial building. Roof-suitable for rooftop PV. Verify ownership + contact before outreach."
"J F Ellis Corporation","Gilbert","AZ","osm_industrial","osm-306448554","https://www.openstreetmap.org/way/osm-306448554","","","","","","","","600","904032","117524","5.6","1458342","","","","","Industrial building. Roof-suitable for rooftop PV. Verify ownership + contact before outreach."
"Complete Spray Systems","Gilbert","AZ","osm_industrial","osm-306448555","https://www.openstreetmap.org/way/osm-306448555","","","","","","","","600","904032","117524","5.6","1458342","","","","","Industrial building. Roof-suitable for rooftop PV. Verify ownership + contact before outreach."
"Wrico Stamping","Gilbert","AZ","osm_industrial","osm-306448556","https://www.openstreetmap.org/way/osm-306448556","","","","","","","","600","904032","117524","5.6","1458342","","","","","Industrial building. Roof-suitable for rooftop PV. Verify ownership + contact before outreach."
"Bryce Security Fastener","Gilbert","AZ","osm_industrial","osm-306448558","https://www.openstreetmap.org/way/osm-306448558","","","","","","","","600","904032","117524","5.6","1458342","","","","","Industrial building. Roof-suitable for rooftop PV. Verify ownership + contact before outreach."
"Bite Size Bakery","Gilbert","AZ","osm_industrial","osm-306448559","https://www.openstreetmap.org/way/osm-306448559","","","","","","","","600","904032","117524","5.6","1458342","","","","","Industrial building. Roof-suitable for rooftop PV. Verify ownership + contact before outreach."
"Creative Home Engineering","Gilbert","AZ","osm_industrial","osm-306448560","https://www.openstreetmap.org/way/osm-306448560","","","","","","","","600","904032","117524","5.6","1458342","","","","","Industrial building. Roof-suitable for rooftop PV. Verify ownership + contact before outreach."
"Sanders & Wohrman Corporation","Gilbert","AZ","osm_industrial","osm-306448561","https://www.openstreetmap.org/way/osm-306448561","","","","","","","","600","904032","117524","5.6","1458342","","","","","Industrial building. Roof-suitable for rooftop PV. Verify ownership + contact before outreach."
"Cabco Cabinets","Gilbert","AZ","osm_industrial","osm-306448563","https://www.openstreetmap.org/way/osm-306448563","","","","","","","","600","904032","117524","5.6","1458342","","","","","Industrial building. Roof-suitable for rooftop PV. Verify ownership + contact before outreach."
"Arizona Floral Exchange","Gilbert","AZ","osm_industrial","osm-306448568","https://www.openstreetmap.org/way/osm-306448568","","","","","","","","600","904032","117524","5.6","1458342","","","","","Industrial building. Roof-suitable for rooftop PV. Verify ownership + contact before outreach."
"Western Air International","Gilbert","AZ","osm_industrial","osm-306448569","https://www.openstreetmap.org/way/osm-306448569","","","","","","","","600","904032","117524","5.6","1458342","","","","","Industrial building. Roof-suitable for rooftop PV. Verify ownership + contact before outreach."
"Hawkeye Precision","Gilbert","AZ","osm_industrial","osm-306448575","https://www.openstreetmap.org/way/osm-306448575","","","","","","","","600","904032","117524","5.6","1458342","","","","","Industrial building. Roof-suitable for rooftop PV. Verify ownership + contact before outreach."
"Bio Huma Netics","Gilbert","AZ","osm_industrial","osm-306448576","https://www.openstreetmap.org/way/osm-306448576","","","","","","","","600","904032","117524","5.6","1458342","","","","","Industrial building. Roof-suitable for rooftop PV. Verify ownership + contact before outreach."
"Ecology Auto Parts","Phoenix","AZ","osm_industrial","osm-306875402","https://www.openstreetmap.org/way/osm-306875402","","","","","","","","600","904032","117524","5.6","1458342","","","","","Scrap_yard building. Roof-suitable for rooftop PV. Verify ownership + contact before outreach."
"Pull-N-Save","Phoenix","AZ","osm_industrial","osm-306875405","https://www.openstreetmap.org/way/osm-306875405","","","","","","","","600","904032","117524","5.6","1458342","","","","","Scrap_yard building. Roof-suitable for rooftop PV. Verify ownership + contact before outreach."
"Arizona Desert Testing","Phoenix","AZ","osm_industrial","osm-307671297","https://www.openstreetmap.org/way/osm-307671297","","","","","","","","600","904032","117524","5.6","1458342","","","","","Industrial building. Roof-suitable for rooftop PV. Verify ownership + contact before outreach."
"Md Helicopters Llc","Phoenix","AZ","osm_industrial","osm-312876957","https://www.openstreetmap.org/way/osm-312876957","","","","","","","","600","904032","117524","5.6","1458342","","","","","Industrial building. Roof-suitable for rooftop PV. Verify ownership + contact before outreach."
"Jlg Supersite","Phoenix","AZ","osm_industrial","osm-314671461","https://www.openstreetmap.org/way/osm-314671461","","","","","","","","600","904032","117524","5.6","1458342","","","","","Industrial building. Roof-suitable for rooftop PV. Verify ownership + contact before outreach."
"Wingfoot Phoenix","Phoenix","AZ","osm_industrial","osm-318394005","https://www.openstreetmap.org/way/osm-318394005","","","","","","","","600","904032","117524","5.6","1458342","","","","","Industrial building. Roof-suitable for rooftop PV. Verify ownership + contact before outreach."
"Salt River Project","Gilbert","AZ","osm_industrial","osm-328304736","https://www.openstreetmap.org/way/osm-328304736","","","","","","","","600","904032","117524","5.6","1458342","","","","","Industrial building. Roof-suitable for rooftop PV. Verify ownership + contact before outreach."
"Quality Emulsions","Mesa","AZ","osm_industrial","osm-330316693","https://www.openstreetmap.org/way/osm-330316693","","","","","","","","600","904032","117524","5.6","1458342","","","","","Industrial building. Roof-suitable for rooftop PV. Verify ownership + contact before outreach."
"Maricopa County Office Of Vital Registration","Mesa","AZ","osm_industrial","osm-330467495","https://www.openstreetmap.org/way/osm-330467495","","","","","","","","600","904032","117524","5.6","1458342","","","","","Industrial building. Roof-suitable for rooftop PV. Verify ownership + contact before outreach."
"Cummins Sales & Service","Mesa","AZ","osm_industrial","osm-330467517","https://www.openstreetmap.org/way/osm-330467517","","","","","","","","600","904032","117524","5.6","1458342","","","","","Industrial building. Roof-suitable for rooftop PV. Verify ownership + contact before outreach."
"City Of Phoenix","Phoenix","AZ","osm_industrial","osm-332829486","https://www.openstreetmap.org/way/osm-332829486","","","","","","","","600","904032","117524","5.6","1458342","","","","","Industrial building. Roof-suitable for rooftop PV. Verify ownership + contact before outreach."
"Pyramid Peak Water Treatment Plant","Phoenix","AZ","osm_industrial","osm-337728314","https://www.openstreetmap.org/way/osm-337728314","","","","","","","","600","904032","117524","5.6","1458342","","","","","Industrial building. Roof-suitable for rooftop PV. Verify ownership + contact before outreach."
"56th Street Power Station","Phoenix","AZ","osm_industrial","osm-342401287","https://www.openstreetmap.org/way/osm-342401287","","","","","","","","600","904032","117524","5.6","1458342","","","","","Industrial building. Roof-suitable for rooftop PV. Verify ownership + contact before outreach."
"Grand Business Park","Phoenix","AZ","osm_industrial","osm-347141321","https://www.openstreetmap.org/way/osm-347141321","","","","","","","","600","904032","117524","5.6","1458342","","","","","Industrial building. Roof-suitable for rooftop PV. Verify ownership + contact before outreach."
"Hf Sinclair Asphalt Company","Glendale","AZ","osm_industrial","osm-348423435","https://www.openstreetmap.org/way/osm-348423435","","","","","","","","600","904032","117524","5.6","1458342","","","","","Industrial building. Roof-suitable for rooftop PV. Verify ownership + contact before outreach."
"Oc14","Phoenix","AZ","osm_industrial","osm-348423473","https://www.openstreetmap.org/way/osm-348423473","","","","","","","","600","904032","117524","5.6","1458342","","","","","Industrial building. Roof-suitable for rooftop PV. Verify ownership + contact before outreach."
"Peoria Crossings Industrial Park","Phoenix","AZ","osm_industrial","osm-356915194","https://www.openstreetmap.org/way/osm-356915194","","","","","","","","600","904032","117524","5.6","1458342","","","","","Industrial building. Roof-suitable for rooftop PV. Verify ownership + contact before outreach."
"Los Compadres","Phoenix","AZ","osm_industrial","osm-366004831","https://www.openstreetmap.org/way/osm-366004831","","","","","","","","600","904032","117524","5.6","1458342","","","","","Industrial building. Roof-suitable for rooftop PV. Verify ownership + contact before outreach."
"Dysart Unified School District Support Services Facility","Surprise","AZ","osm_industrial","osm-366520022","https://www.openstreetmap.org/way/osm-366520022","","","","","","","","600","904032","117524","5.6","1458342","","","","","Industrial building. Roof-suitable for rooftop PV. Verify ownership + contact before outreach."
"Dysart Unified School District Support Services","Phoenix","AZ","osm_industrial","osm-366520165","https://www.openstreetmap.org/way/osm-366520165","","","","","","","","600","904032","117524","5.6","1458342","","","","","Industrial building. Roof-suitable for rooftop PV. Verify ownership + contact before outreach."
"Safegaurd Security","Phoenix","AZ","osm_industrial","osm-368404891","https://www.openstreetmap.org/way/osm-368404891","","","","","","","","600","904032","117524","5.6","1458342","","","","","Industrial building. Roof-suitable for rooftop PV. Verify ownership + contact before outreach."
"Salt River Project","Phoenix","AZ","osm_industrial","osm-371314173","https://www.openstreetmap.org/way/osm-371314173","","","","","","","","600","904032","117524","5.6","1458342","","","","","Industrial building. Roof-suitable for rooftop PV. Verify ownership + contact before outreach."
"Maintenance Yard","Phoenix","AZ","osm_industrial","osm-371674516","https://www.openstreetmap.org/way/osm-371674516","","","","","","","","600","904032","117524","5.6","1458342","","","","","Industrial building. Roof-suitable for rooftop PV. Verify ownership + contact before outreach."
"City Of Surprise Public Works North Yard","Phoenix","AZ","osm_industrial","osm-375033608","https://www.openstreetmap.org/way/osm-375033608","","","","","","","","600","904032","117524","5.6","1458342","","","","","Works building. Roof-suitable for rooftop PV. Verify ownership + contact before outreach."
"Shutterfly Inc","Tempe","AZ","osm_industrial","osm-377477646","https://www.openstreetmap.org/way/osm-377477646","","","","","","","","600","904032","117524","5.6","1458342","","","","","Industrial building. Roof-suitable for rooftop PV. Verify ownership + contact before outreach."
"Salt River Project","Peoria","AZ","osm_industrial","osm-377793939","https://www.openstreetmap.org/way/osm-377793939","","","","","","","","600","904032","117524","5.6","1458342","","","","","Industrial building. Roof-suitable for rooftop PV. Verify ownership + contact before outreach."
"Juwi Solar","Queen Creek","AZ","osm_industrial","osm-380495986","https://www.openstreetmap.org/way/osm-380495986","","","","","","","","600","904032","117524","5.6","1458342","","","","","Power_panels building. Roof-suitable for rooftop PV. Verify ownership + contact before outreach."
"Salt River Project","Phoenix","AZ","osm_industrial","osm-388607635","https://www.openstreetmap.org/way/osm-388607635","","","","","","","","600","904032","117524","5.6","1458342","","","","","Industrial building. Roof-suitable for rooftop PV. Verify ownership + contact before outreach."
"Route 14 Investment Partners","Phoenix","AZ","osm_industrial","osm-389622139","https://www.openstreetmap.org/way/osm-389622139","","","","","","","","600","904032","117524","5.6","1458342","","","","","Proving_ground building. Roof-suitable for rooftop PV. Verify ownership + contact before outreach."
"New River Waste Transfer Center","Phoenix","AZ","osm_industrial","osm-396441829","https://www.openstreetmap.org/way/osm-396441829","","","","","","","","600","904032","117524","5.6","1458342","","","","","Industrial building. Roof-suitable for rooftop PV. Verify ownership + contact before outreach."
"Epcor Sun City West Wellsite #2.2","Phoenix","AZ","osm_industrial","osm-404496550","https://www.openstreetmap.org/way/osm-404496550","","","","","","","","600","904032","117524","5.6","1458342","","","","","Industrial building. Roof-suitable for rooftop PV. Verify ownership + contact before outreach."
"Epcor Sun City West Wellsite #2.3","Phoenix","AZ","osm_industrial","osm-404496551","https://www.openstreetmap.org/way/osm-404496551","","","","","","","","600","904032","117524","5.6","1458342","","","","","Industrial building. Roof-suitable for rooftop PV. Verify ownership + contact before outreach."
"(Former Wellsite)","Phoenix","AZ","osm_industrial","osm-405012872","https://www.openstreetmap.org/way/osm-405012872","","","","","","","","600","904032","117524","5.6","1458342","","","","","Industrial building. Roof-suitable for rooftop PV. Verify ownership + contact before outreach."
"General Dynamics Mission Systems (Scottsdale Campus)","Phoenix","AZ","osm_industrial","osm-407808385","https://www.openstreetmap.org/way/osm-407808385","","","","","","","","600","904032","117524","5.6","1458342","","","","","Industrial building. Roof-suitable for rooftop PV. Verify ownership + contact before outreach."
"Building 7","Phoenix","AZ","osm_industrial","osm-413748473","https://www.openstreetmap.org/way/osm-413748473","","","","","","","","600","904032","117524","5.6","1458342","","","","","Industrial building. Roof-suitable for rooftop PV. Verify ownership + contact before outreach."
"Peoria Industrial Park","Phoenix","AZ","osm_industrial","osm-416502949","https://www.openstreetmap.org/way/osm-416502949","","","","","","","","600","904032","117524","5.6","1458342","","","","","Industrial building. Roof-suitable for rooftop PV. Verify ownership + contact before outreach."
"Butler Water Reclamation Facility","Peoria","AZ","osm_industrial","osm-416502950","https://www.openstreetmap.org/way/osm-416502950","","","","","","","","600","904032","117524","5.6","1458342","","","","","Industrial building. Roof-suitable for rooftop PV. Verify ownership + contact before outreach."
"Glendale Steel Supply","Phoenix","AZ","osm_industrial","osm-416529331","https://www.openstreetmap.org/way/osm-416529331","","","","","","","","600","904032","117524","5.6","1458342","","","","","Industrial building. Roof-suitable for rooftop PV. Verify ownership + contact before outreach."
"Camelback Commerce Center","Phoenix","AZ","osm_industrial","osm-416648256","https://www.openstreetmap.org/way/osm-416648256","","","","","","","","600","904032","117524","5.6","1458342","","","","","Industrial building. Roof-suitable for rooftop PV. Verify ownership + contact before outreach."
"Maintenance Yard","Phoenix","AZ","osm_industrial","osm-419791807","https://www.openstreetmap.org/way/osm-419791807","","","","","","","","600","904032","117524","5.6","1458342","","","","","Industrial building. Roof-suitable for rooftop PV. Verify ownership + contact before outreach."
"Semflex Inc","Mesa","AZ","osm_industrial","osm-434937601","https://www.openstreetmap.org/way/osm-434937601","","","","","","","","600","904032","117524","5.6","1458342","","","","","Industrial building. Roof-suitable for rooftop PV. Verify ownership + contact before outreach."
"Castle Steel Inc","Phoenix","AZ","osm_industrial","osm-436054542","https://www.openstreetmap.org/way/osm-436054542","","","","","","","","600","904032","117524","5.6","1458342","","","","","Industrial building. Roof-suitable for rooftop PV. Verify ownership + contact before outreach."
"Musket Corporation","Phoenix","AZ","osm_industrial","osm-436497262","https://www.openstreetmap.org/way/osm-436497262","","","","","","","","600","904032","117524","5.6","1458342","","","","","Industrial building. Roof-suitable for rooftop PV. Verify ownership + contact before outreach."
"Amerigas","Phoenix","AZ","osm_industrial","osm-437676753","https://www.openstreetmap.org/way/osm-437676753","","","","","","","","600","904032","117524","5.6","1458342","","","","","Industrial building. Roof-suitable for rooftop PV. Verify ownership + contact before outreach."
"Simon And Sons","Phoenix","AZ","osm_industrial","osm-440441254","https://www.openstreetmap.org/way/osm-440441254","","","","","","","","600","904032","117524","5.6","1458342","","","","","Industrial building. Roof-suitable for rooftop PV. Verify ownership + contact before outreach."
"Rush Truck Centers - Phoenix East","Mesa","AZ","osm_industrial","osm-443127856","https://www.openstreetmap.org/way/osm-443127856","","","","","","","","600","904032","117524","5.6","1458342","","","","","Industrial building. Roof-suitable for rooftop PV. Verify ownership + contact before outreach."
"Power Box","Phoenix","AZ","osm_industrial","osm-468621795","https://www.openstreetmap.org/way/osm-468621795","","","","","","","","600","904032","117524","5.6","1458342","","","","","Industrial building. Roof-suitable for rooftop PV. Verify ownership + contact before outreach."
"Corridors Industrial Park","Phoenix","AZ","osm_industrial","osm-479424412","https://www.openstreetmap.org/way/osm-479424412","","","","","","","","600","904032","117524","5.6","1458342","","","","","Industrial building. Roof-suitable for rooftop PV. Verify ownership + contact before outreach."
"Salt River Project","Phoenix","AZ","osm_industrial","osm-479972714","https://www.openstreetmap.org/way/osm-479972714","","","","","","","","600","904032","117524","5.6","1458342","","","","","Industrial building. Roof-suitable for rooftop PV. Verify ownership + contact before outreach."
"Whitton","Phoenix","AZ","osm_industrial","osm-481687691","https://www.openstreetmap.org/way/osm-481687691","","","","","","","","600","904032","117524","5.6","1458342","","","","","Industrial building. Roof-suitable for rooftop PV. Verify ownership + contact before outreach."
"Pick A Part","Mesa","AZ","osm_industrial","osm-491793458","https://www.openstreetmap.org/way/osm-491793458","","","","","","","","600","904032","117524","5.6","1458342","","","","","Scrap_yard building. Roof-suitable for rooftop PV. Verify ownership + contact before outreach."
"Pick A Part","Phoenix","AZ","osm_industrial","osm-491793462","https://www.openstreetmap.org/way/osm-491793462","","","","","","","","600","904032","117524","5.6","1458342","","","","","Scrap_yard building. Roof-suitable for rooftop PV. Verify ownership + contact before outreach."
"Park Algodon","Phoenix","AZ","osm_industrial","osm-504756492","https://www.openstreetmap.org/way/osm-504756492","","","","","","","","600","904032","117524","5.6","1458342","","","","","Industrial building. Roof-suitable for rooftop PV. Verify ownership + contact before outreach."
"Mclane Sunwest","Phoenix","AZ","osm_industrial","osm-506370577","https://www.openstreetmap.org/way/osm-506370577","","","","","","","","600","904032","117524","5.6","1458342","","","","","Industrial building. Roof-suitable for rooftop PV. Verify ownership + contact before outreach."
"Salt River Project","Rio Verde","AZ","osm_industrial","osm-508436253","https://www.openstreetmap.org/way/osm-508436253","","","","","","","","600","904032","117524","5.6","1458342","","","","","Industrial building. Roof-suitable for rooftop PV. Verify ownership + contact before outreach."
"Golf Course Maintenance Yard","Rio Verde","AZ","osm_industrial","osm-509534653","https://www.openstreetmap.org/way/osm-509534653","","","","","","","","600","904032","117524","5.6","1458342","","","","","Industrial building. Roof-suitable for rooftop PV. Verify ownership + contact before outreach."
"Ups","Goodyear","AZ","osm_industrial","osm-528861327","https://www.openstreetmap.org/way/osm-528861327","","","","","","","","600","904032","117524","5.6","1458342","","","","","Industrial building. Roof-suitable for rooftop PV. Verify ownership + contact before outreach."
"Zapffe Silverplating","Phoenix","AZ","osm_industrial","osm-532070345","https://www.openstreetmap.org/way/osm-532070345","","","","","","","","600","904032","117524","5.6","1458342","","","","","Industrial building. Roof-suitable for rooftop PV. Verify ownership + contact before outreach."
"Addictive Desert Designs","Mesa","AZ","osm_industrial","osm-532070351","https://www.openstreetmap.org/way/osm-532070351","","","","","","","","600","904032","117524","5.6","1458342","","","","","Industrial building. Roof-suitable for rooftop PV. Verify ownership + contact before outreach."
"American Metals Company","Mesa","AZ","osm_industrial","osm-532070355","https://www.openstreetmap.org/way/osm-532070355","","","","","","","","600","904032","117524","5.6","1458342","","","","","Industrial building. Roof-suitable for rooftop PV. Verify ownership + contact before outreach."
"Lonestar Racing","Mesa","AZ","osm_industrial","osm-532070356","https://www.openstreetmap.org/way/osm-532070356","","","","","","","","600","904032","117524","5.6","1458342","","","","","Industrial building. Roof-suitable for rooftop PV. Verify ownership + contact before outreach."
"Building 22 (Integration Facility)","Phoenix","AZ","osm_industrial","osm-540208353","https://www.openstreetmap.org/way/osm-540208353","","","","","","","","600","904032","117524","5.6","1458342","","","","","Industrial building. Roof-suitable for rooftop PV. Verify ownership + contact before outreach."
"Sterling Institutional Food","Phoenix","AZ","osm_industrial","osm-543335943","https://www.openstreetmap.org/way/osm-543335943","","","","","","","","600","904032","117524","5.6","1458342","","","","","Slaughterhouse building. Roof-suitable for rooftop PV. Verify ownership + contact before outreach."
"Hayden Flour Mill","Phoenix","AZ","osm_industrial","osm-544822355","https://www.openstreetmap.org/way/osm-544822355","","","","","","","","600","904032","117524","5.6","1458342","","","","","Industrial building. Roof-suitable for rooftop PV. Verify ownership + contact before outreach."
"Hayden Silos","Phoenix","AZ","osm_industrial","osm-544822358","https://www.openstreetmap.org/way/osm-544822358","","","","","","","","600","904032","117524","5.6","1458342","","","","","Industrial building. Roof-suitable for rooftop PV. Verify ownership + contact before outreach."
"The Boeing Company","Phoenix","AZ","osm_industrial","osm-546678876","https://www.openstreetmap.org/way/osm-546678876","","","","","","","","600","904032","117524","5.6","1458342","","","","","Industrial building. Roof-suitable for rooftop PV. Verify ownership + contact before outreach."
"The Boeing Company","Mesa","AZ","osm_industrial","osm-546848871","https://www.openstreetmap.org/way/osm-546848871","","","","","","","","600","904032","117524","5.6","1458342","","","","","Industrial building. Roof-suitable for rooftop PV. Verify ownership + contact before outreach."
"Artisan Ice","Tempe","AZ","osm_industrial","osm-547797683","https://www.openstreetmap.org/way/osm-547797683","","","","","","","","600","904032","117524","5.6","1458342","","","","","Industrial building. Roof-suitable for rooftop PV. Verify ownership + contact before outreach."
"Precision Die & Stamping Inc","Tempe","AZ","osm_industrial","osm-548044437","https://www.openstreetmap.org/way/osm-548044437","","","","","","","","600","904032","117524","5.6","1458342","","","","","Industrial building. Roof-suitable for rooftop PV. Verify ownership + contact before outreach."
"Apple","Phoenix","AZ","osm_industrial","osm-567575428","https://www.openstreetmap.org/way/osm-567575428","","","","","","","","600","904032","117524","5.6","1458342","","","","","Data_centre building. Roof-suitable for rooftop PV. Verify ownership + contact before outreach."
"International Paper Company","Phoenix","AZ","osm_industrial","osm-567959060","https://www.openstreetmap.org/way/osm-567959060","","","","","","","","600","904032","117524","5.6","1458342","","","","","Industrial building. Roof-suitable for rooftop PV. Verify ownership + contact before outreach."
"International Paper Phoenix Recycling Collection Center","Phoenix","AZ","osm_industrial","osm-570010768","https://www.openstreetmap.org/way/osm-570010768","","","","","","","","600","904032","117524","5.6","1458342","","","","","Industrial building. Roof-suitable for rooftop PV. Verify ownership + contact before outreach."
"Pecos Commerce Center","Mesa","AZ","osm_industrial","osm-572244592","https://www.openstreetmap.org/way/osm-572244592","","","","","","","","600","904032","117524","5.6","1458342","","","","","Industrial building. Roof-suitable for rooftop PV. Verify ownership + contact before outreach."
"Salt River Project","Tempe","AZ","osm_industrial","osm-586453217","https://www.openstreetmap.org/way/osm-586453217","","","","","","","","600","904032","117524","5.6","1458342","","","","","Industrial building. Roof-suitable for rooftop PV. Verify ownership + contact before outreach."
"Aim Recycling Phoenix","Phoenix","AZ","osm_industrial","osm-590078272","https://www.openstreetmap.org/way/osm-590078272","","","","","","","","600","904032","117524","5.6","1458342","","","","","Industrial building. Roof-suitable for rooftop PV. Verify ownership + contact before outreach."
"Able Aerospace","Mesa","AZ","osm_industrial","osm-593081411","https://www.openstreetmap.org/way/osm-593081411","","","","","","","","600","904032","117524","5.6","1458342","","","","","Industrial building. Roof-suitable for rooftop PV. Verify ownership + contact before outreach."
"Advanced Material Solutions","Mesa","AZ","osm_industrial","osm-593081414","https://www.openstreetmap.org/way/osm-593081414","","","","","","","","600","904032","117524","5.6","1458342","","","","","Industrial building. Roof-suitable for rooftop PV. Verify ownership + contact before outreach."
"Md Helicopters Llc","Phoenix","AZ","osm_industrial","osm-593614312","https://www.openstreetmap.org/way/osm-593614312","","","","","","","","600","904032","117524","5.6","1458342","","","","","Industrial building. Roof-suitable for rooftop PV. Verify ownership + contact before outreach."
"Chandler Airport Commerce Park","Phoenix","AZ","osm_industrial","osm-604047071","https://www.openstreetmap.org/way/osm-604047071","","","","","","","","600","904032","117524","5.6","1458342","","","","","Industrial building. Roof-suitable for rooftop PV. Verify ownership + contact before outreach."
"B & R Industries Inc","Mesa","AZ","osm_industrial","osm-630019686","https://www.openstreetmap.org/way/osm-630019686","","","","","","","","600","904032","117524","5.6","1458342","","","","","Industrial building. Roof-suitable for rooftop PV. Verify ownership + contact before outreach."
"Accuwright","Gilbert","AZ","osm_industrial","osm-630342199","https://www.openstreetmap.org/way/osm-630342199","","","","","","","","600","904032","117524","5.6","1458342","","","","","Industrial building. Roof-suitable for rooftop PV. Verify ownership + contact before outreach."
"First Choice Restoration","Gilbert","AZ","osm_industrial","osm-630342209","https://www.openstreetmap.org/way/osm-630342209","","","","","","","","600","904032","117524","5.6","1458342","","","","","Industrial building. Roof-suitable for rooftop PV. Verify ownership + contact before outreach."
"Acme Metal Works","Gilbert","AZ","osm_industrial","osm-630342224","https://www.openstreetmap.org/way/osm-630342224","","","","","","","","600","904032","117524","5.6","1458342","","","","","Industrial building. Roof-suitable for rooftop PV. Verify ownership + contact before outreach."
"Get Control Inc","Gilbert","AZ","osm_industrial","osm-630342238","https://www.openstreetmap.org/way/osm-630342238","","","","","","","","600","904032","117524","5.6","1458342","","","","","Industrial building. Roof-suitable for rooftop PV. Verify ownership + contact before outreach."
"Ecodry Restoration","Gilbert","AZ","osm_industrial","osm-630342240","https://www.openstreetmap.org/way/osm-630342240","","","","","","","","600","904032","117524","5.6","1458342","","","","","Industrial building. Roof-suitable for rooftop PV. Verify ownership + contact before outreach."
"Branco Machinery","Gilbert","AZ","osm_industrial","osm-630342291","https://www.openstreetmap.org/way/osm-630342291","","","","","","","","600","904032","117524","5.6","1458342","","","","","Industrial building. Roof-suitable for rooftop PV. Verify ownership + contact before outreach."
"Herbally Yours","Gilbert","AZ","osm_industrial","osm-630342295","https://www.openstreetmap.org/way/osm-630342295","","","","","","","","600","904032","117524","5.6","1458342","","","","","Industrial building. Roof-suitable for rooftop PV. Verify ownership + contact before outreach."
"Southwestern Mechanical","Gilbert","AZ","osm_industrial","osm-630342297","https://www.openstreetmap.org/way/osm-630342297","","","","","","","","600","904032","117524","5.6","1458342","","","","","Industrial building. Roof-suitable for rooftop PV. Verify ownership + contact before outreach."
"Oc20","Phoenix","AZ","osm_industrial","osm-653266125","https://www.openstreetmap.org/way/osm-653266125","","","","","","","","600","904032","117524","5.6","1458342","","","","","Industrial building. Roof-suitable for rooftop PV. Verify ownership + contact before outreach."
"Honeywell Deer Valley Computer Park Groundwater Treatment Facility","Phoenix","AZ","osm_industrial","osm-666261623","https://www.openstreetmap.org/way/osm-666261623","","","","","","","","600","904032","117524","5.6","1458342","","","","","Industrial building. Roof-suitable for rooftop PV. Verify ownership + contact before outreach."
"Nammo Talley Inc","Mesa","AZ","osm_industrial","osm-667537102","https://www.openstreetmap.org/way/osm-667537102","","","","","","","","600","904032","117524","5.6","1458342","","","","","Industrial building. Roof-suitable for rooftop PV. Verify ownership + contact before outreach."
"Nammo Talley Inc","Phoenix","AZ","osm_industrial","osm-667537107","https://www.openstreetmap.org/way/osm-667537107","","","","","","","","600","904032","117524","5.6","1458342","","","","","Industrial building. Roof-suitable for rooftop PV. Verify ownership + contact before outreach."
"City Of Peoria - Butler Well","Phoenix","AZ","osm_industrial","osm-667560712","https://www.openstreetmap.org/way/osm-667560712","","","","","","","","600","904032","117524","5.6","1458342","","","","","Wellsite building. Roof-suitable for rooftop PV. Verify ownership + contact before outreach."
"City Of Peoria Sunnyboy Wellsite","Peoria","AZ","osm_industrial","osm-669383822","https://www.openstreetmap.org/way/osm-669383822","","","","","","","","600","904032","117524","5.6","1458342","","","","","Wellsite building. Roof-suitable for rooftop PV. Verify ownership + contact before outreach."
"City Of Scottsdale Lift Site Number 52","Phoenix","AZ","osm_industrial","osm-672725394","https://www.openstreetmap.org/way/osm-672725394","","","","","","","","600","904032","117524","5.6","1458342","","","","","Industrial building. Roof-suitable for rooftop PV. Verify ownership + contact before outreach."
"Arizona Department Of Transportation","Mesa","AZ","osm_industrial","osm-674809350","https://www.openstreetmap.org/way/osm-674809350","","","","","","","","600","904032","117524","5.6","1458342","","","","","Industrial building. Roof-suitable for rooftop PV. Verify ownership + contact before outreach."
"Oc2","Phoenix","AZ","osm_industrial","osm-680754170","https://www.openstreetmap.org/way/osm-680754170","","","","","","","","600","904032","117524","5.6","1458342","","","","","Industrial building. Roof-suitable for rooftop PV. Verify ownership + contact before outreach."
"Oc7","Phoenix","AZ","osm_industrial","osm-680754171","https://www.openstreetmap.org/way/osm-680754171","","","","","","","","600","904032","117524","5.6","1458342","","","","","Industrial building. Roof-suitable for rooftop PV. Verify ownership + contact before outreach."
"Queen Creek Public Works Yard","Phoenix","AZ","osm_industrial","osm-687876265","https://www.openstreetmap.org/way/osm-687876265","","","","","","","","600","904032","117524","5.6","1458342","","","","","Industrial building. Roof-suitable for rooftop PV. Verify ownership + contact before outreach."
"Allied Fire Protection","Mesa","AZ","osm_industrial","osm-689793564","https://www.openstreetmap.org/way/osm-689793564","","","","","","","","600","904032","117524","5.6","1458342","","","","","Industrial building. Roof-suitable for rooftop PV. Verify ownership + contact before outreach."
"Special Devices Inc.","Phoenix","AZ","osm_industrial","osm-706088936","https://www.openstreetmap.org/way/osm-706088936","","","","","","","","600","904032","117524","5.6","1458342","","","","","Industrial building. Roof-suitable for rooftop PV. Verify ownership + contact before outreach."
"Daicell Safety Systems America","Phoenix","AZ","osm_industrial","osm-706088937","https://www.openstreetmap.org/way/osm-706088937","","","","","","","","600","904032","117524","5.6","1458342","","","","","Industrial building. Roof-suitable for rooftop PV. Verify ownership + contact before outreach."
"Garmin International (Chandler Campus)","Chandler","AZ","osm_industrial","osm-707442537","https://www.openstreetmap.org/way/osm-707442537","","","","","","","","600","904032","117524","5.6","1458342","","","","","Industrial building. Roof-suitable for rooftop PV. Verify ownership + contact before outreach."
"Salt River Project","Phoenix","AZ","osm_industrial","osm-714977020","https://www.openstreetmap.org/way/osm-714977020","","","","","","","","600","904032","117524","5.6","1458342","","","","","Industrial building. Roof-suitable for rooftop PV. Verify ownership + contact before outreach."
"Gore Materials Phoenix","Phoenix","AZ","osm_industrial","osm-731817895","https://www.openstreetmap.org/way/osm-731817895","","","","","","","","600","904032","117524","5.6","1458342","","","","","Industrial building. Roof-suitable for rooftop PV. Verify ownership + contact before outreach."
"Dset Laboratories, Inc.","Phoenix","AZ","osm_industrial","osm-733143946","https://www.openstreetmap.org/way/osm-733143946","","","","","","","","600","904032","117524","5.6","1458342","","","","","Industrial building. Roof-suitable for rooftop PV. Verify ownership + contact before outreach."
"Microsoft Data Center","Phoenix","AZ","osm_industrial","osm-743231913","https://www.openstreetmap.org/way/osm-743231913","","","","","","","","600","904032","117524","5.6","1458342","","","","","Industrial building. Roof-suitable for rooftop PV. Verify ownership + contact before outreach."
"Red Bull Plant","Phoenix","AZ","osm_industrial","osm-743231914","https://www.openstreetmap.org/way/osm-743231914","","","","","","","","600","904032","117524","5.6","1458342","","","","","Industrial building. Roof-suitable for rooftop PV. Verify ownership + contact before outreach."
"Northrop Grumman","Phoenix","AZ","osm_industrial","osm-757382963","https://www.openstreetmap.org/way/osm-757382963","","","","","","","","600","904032","117524","5.6","1458342","","","","","Industrial building. Roof-suitable for rooftop PV. Verify ownership + contact before outreach."
"Metso","Mesa","AZ","osm_industrial","osm-760270113","https://www.openstreetmap.org/way/osm-760270113","","","","","","","","600","904032","117524","5.6","1458342","","","","","Industrial building. Roof-suitable for rooftop PV. Verify ownership + contact before outreach."
"Oc6","Phoenix","AZ","osm_industrial","osm-761542928","https://www.openstreetmap.org/way/osm-761542928","","","","","","","","600","904032","117524","5.6","1458342","","","","","Industrial building. Roof-suitable for rooftop PV. Verify ownership + contact before outreach."
"Oc11","Phoenix","AZ","osm_industrial","osm-761542929","https://www.openstreetmap.org/way/osm-761542929","","","","","","","","600","904032","117524","5.6","1458342","","","","","Industrial building. Roof-suitable for rooftop PV. Verify ownership + contact before outreach."
"Oc10","Phoenix","AZ","osm_industrial","osm-761542930","https://www.openstreetmap.org/way/osm-761542930","","","","","","","","600","904032","117524","5.6","1458342","","","","","Industrial building. Roof-suitable for rooftop PV. Verify ownership + contact before outreach."
"Oc19","Phoenix","AZ","osm_industrial","osm-761545661","https://www.openstreetmap.org/way/osm-761545661","","","","","","","","600","904032","117524","5.6","1458342","","","","","Industrial building. Roof-suitable for rooftop PV. Verify ownership + contact before outreach."
"Oc21 Annex","Phoenix","AZ","osm_industrial","osm-763246158","https://www.openstreetmap.org/way/osm-763246158","","","","","","","","600","904032","117524","5.6","1458342","","","","","Industrial building. Roof-suitable for rooftop PV. Verify ownership + contact before outreach."
"Vulcan Materials Company","Avondale","AZ","osm_industrial","osm-763509586","https://www.openstreetmap.org/way/osm-763509586","","","","","","","","600","904032","117524","5.6","1458342","","","","","Grinding_mill building. Roof-suitable for rooftop PV. Verify ownership + contact before outreach."
"Utilities","Phoenix","AZ","osm_industrial","osm-784363003","https://www.openstreetmap.org/way/osm-784363003","","","","","","","","600","904032","117524","5.6","1458342","","","","","Industrial building. Roof-suitable for rooftop PV. Verify ownership + contact before outreach."
"Sunset Healthcare Solutions","Phoenix","AZ","osm_industrial","osm-802772138","https://www.openstreetmap.org/way/osm-802772138","","","","","","","","600","904032","117524","5.6","1458342","","","","","Industrial building. Roof-suitable for rooftop PV. Verify ownership + contact before outreach."
"Logic Park 91","Phoenix","AZ","osm_industrial","osm-802781289","https://www.openstreetmap.org/way/osm-802781289","","","","","","","","600","904032","117524","5.6","1458342","","","","","Industrial building. Roof-suitable for rooftop PV. Verify ownership + contact before outreach."
"Elwood Logistics Center","Phoenix","AZ","osm_industrial","osm-802781291","https://www.openstreetmap.org/way/osm-802781291","","","","","","","","600","904032","117524","5.6","1458342","","","","","Industrial building. Roof-suitable for rooftop PV. Verify ownership + contact before outreach."
"Calportland","Phoenix","AZ","osm_industrial","osm-806220196","https://www.openstreetmap.org/way/osm-806220196","","","","","","","","600","904032","117524","5.6","1458342","","","","","Mine building. Roof-suitable for rooftop PV. Verify ownership + contact before outreach."
"Sierra Stucco","Gilbert","AZ","osm_industrial","osm-819581181","https://www.openstreetmap.org/way/osm-819581181","","","","","","","","600","904032","117524","5.6","1458342","","","","","Industrial building. Roof-suitable for rooftop PV. Verify ownership + contact before outreach."
"Lee Spring","Gilbert","AZ","osm_industrial","osm-819581187","https://www.openstreetmap.org/way/osm-819581187","","","","","","","","600","904032","117524","5.6","1458342","","","","","Industrial building. Roof-suitable for rooftop PV. Verify ownership + contact before outreach."
"Curry Builders","Gilbert","AZ","osm_industrial","osm-819666590","https://www.openstreetmap.org/way/osm-819666590","","","","","","","","600","904032","117524","5.6","1458342","","","","","Industrial building. Roof-suitable for rooftop PV. Verify ownership + contact before outreach."
"Exact Construction & Restoration","Gilbert","AZ","osm_industrial","osm-819666593","https://www.openstreetmap.org/way/osm-819666593","","","","","","","","600","904032","117524","5.6","1458342","","","","","Industrial building. Roof-suitable for rooftop PV. Verify ownership + contact before outreach."
"Fuel Depot","Tucson","AZ","osm_industrial","osm-159516467","https://www.openstreetmap.org/way/osm-159516467","","","","","","","","600","904032","117524","5.6","1458342","","","","","Depot building. Roof-suitable for rooftop PV. Verify ownership + contact before outreach."
"Hubg Storage Facility","Tucson","AZ","osm_industrial","osm-191633293","https://www.openstreetmap.org/way/osm-191633293","","","","","","","","600","904032","117524","5.6","1458342","","","","","Industrial building. Roof-suitable for rooftop PV. Verify ownership + contact before outreach."
"Arizona Canning Company Llc","Tucson","AZ","osm_industrial","osm-191983525","https://www.openstreetmap.org/way/osm-191983525","","","","","","","","600","904032","117524","5.6","1458342","","","","","Industrial building. Roof-suitable for rooftop PV. Verify ownership + contact before outreach."
"9016","Tucson","AZ","osm_industrial","osm-191983527","https://www.openstreetmap.org/way/osm-191983527","","","","","","","","600","904032","117524","5.6","1458342","","","","","Industrial building. Roof-suitable for rooftop PV. Verify ownership + contact before outreach."
"9012","Tucson","AZ","osm_industrial","osm-191983530","https://www.openstreetmap.org/way/osm-191983530","","","","","","","","600","904032","117524","5.6","1458342","","","","","Industrial building. Roof-suitable for rooftop PV. Verify ownership + contact before outreach."
"Coca-Cola","Tucson","AZ","osm_industrial","osm-231644849","https://www.openstreetmap.org/way/osm-231644849","","","","","","","","600","904032","117524","5.6","1458342","","","","","Yes building. Roof-suitable for rooftop PV. Verify ownership + contact before outreach."
"9018","Tucson","AZ","osm_industrial","osm-371858411","https://www.openstreetmap.org/way/osm-371858411","","","","","","","","600","904032","117524","5.6","1458342","","","","","Industrial building. Roof-suitable for rooftop PV. Verify ownership + contact before outreach."
"Metro Water Well Site","Tucson","AZ","osm_industrial","osm-398630281","https://www.openstreetmap.org/way/osm-398630281","","","","","","","","600","904032","117524","5.6","1458342","","","","","Wellsite building. Roof-suitable for rooftop PV. Verify ownership + contact before outreach."
"Cirrus Visual","Tucson","AZ","osm_industrial","osm-442480203","https://www.openstreetmap.org/way/osm-442480203","","","","","","","","600","904032","117524","5.6","1458342","","","","","Industrial building. Roof-suitable for rooftop PV. Verify ownership + contact before outreach."
"Central Arizona Block Company","Tucson","AZ","osm_industrial","osm-472064698","https://www.openstreetmap.org/way/osm-472064698","","","","","","","","600","904032","117524","5.6","1458342","","","","","Brickyard building. Roof-suitable for rooftop PV. Verify ownership + contact before outreach."
"Rocla Concrete Tie","Tucson","AZ","osm_industrial","osm-514608600","https://www.openstreetmap.org/way/osm-514608600","","","","","","","","600","904032","117524","5.6","1458342","","","","","Industrial building. Roof-suitable for rooftop PV. Verify ownership + contact before outreach."
"Black Mountain Pumping Plant","Tucson","AZ","osm_industrial","osm-558440586","https://www.openstreetmap.org/way/osm-558440586","","","","","","","","600","904032","117524","5.6","1458342","","","","","Industrial building. Roof-suitable for rooftop PV. Verify ownership + contact before outreach."
"Snyder Hill Pumping Plant","Tucson","AZ","osm_industrial","osm-558440587","https://www.openstreetmap.org/way/osm-558440587","","","","","","","","600","904032","117524","5.6","1458342","","","","","Industrial building. Roof-suitable for rooftop PV. Verify ownership + contact before outreach."
"Raytheon","Tucson","AZ","osm_industrial","osm-569159560","https://www.openstreetmap.org/way/osm-569159560","","","","","","","","600","904032","117524","5.6","1458342","","","","","Industrial building. Roof-suitable for rooftop PV. Verify ownership + contact before outreach."
"World View","Tucson","AZ","osm_industrial","osm-635454853","https://www.openstreetmap.org/way/osm-635454853","","","","","","","","600","904032","117524","5.6","1458342","","","","","Industrial building. Roof-suitable for rooftop PV. Verify ownership + contact before outreach."
"Hughes Mining And Gravel","Tucson","AZ","osm_industrial","osm-635454863","https://www.openstreetmap.org/way/osm-635454863","","","","","","","","600","904032","117524","5.6","1458342","","","","","Industrial building. Roof-suitable for rooftop PV. Verify ownership + contact before outreach."
"Granite Construction","Tucson","AZ","osm_industrial","osm-775449631","https://www.openstreetmap.org/way/osm-775449631","","","","","","","","600","904032","117524","5.6","1458342","","","","","Industrial building. Roof-suitable for rooftop PV. Verify ownership + contact before outreach."
"U-Haul 24-7 Self-Storage","Tucson","AZ","osm_industrial","osm-792387704","https://www.openstreetmap.org/way/osm-792387704","","","","","","","","600","904032","117524","5.6","1458342","","","","","Industrial building. Roof-suitable for rooftop PV. Verify ownership + contact before outreach."
"U-Haul 24/7 Self-Storage","Tucson","AZ","osm_industrial","osm-792387705","https://www.openstreetmap.org/way/osm-792387705","","","","","","","","600","904032","117524","5.6","1458342","","","","","Industrial building. Roof-suitable for rooftop PV. Verify ownership + contact before outreach."
"U-Haul 24-7 Self-Storage","Tucson","AZ","osm_industrial","osm-792387708","https://www.openstreetmap.org/way/osm-792387708","","","","","","","","600","904032","117524","5.6","1458342","","","","","Industrial building. Roof-suitable for rooftop PV. Verify ownership + contact before outreach."
"U-Haul 24-7 Self-Storage","Tucson","AZ","osm_industrial","osm-792387709","https://www.openstreetmap.org/way/osm-792387709","","","","","","","","600","904032","117524","5.6","1458342","","","","","Industrial building. Roof-suitable for rooftop PV. Verify ownership + contact before outreach."
"U-Haul 24-7 Self-Storage","Tucson","AZ","osm_industrial","osm-792387710","https://www.openstreetmap.org/way/osm-792387710","","","","","","","","600","904032","117524","5.6","1458342","","","","","Industrial building. Roof-suitable for rooftop PV. Verify ownership + contact before outreach."
"U-Haul 24-7 Self-Storage","Tucson","AZ","osm_industrial","osm-792387711","https://www.openstreetmap.org/way/osm-792387711","","","","","","","","600","904032","117524","5.6","1458342","","","","","Industrial building. Roof-suitable for rooftop PV. Verify ownership + contact before outreach."
"U-Haul 24-7 Self-Storage","Tucson","AZ","osm_industrial","osm-792387712","https://www.openstreetmap.org/way/osm-792387712","","","","","","","","600","904032","117524","5.6","1458342","","","","","Industrial building. Roof-suitable for rooftop PV. Verify ownership + contact before outreach."
"Brake Masters","Tucson","AZ","osm_industrial","osm-802301813","https://www.openstreetmap.org/way/osm-802301813","","","","","","","","600","904032","117524","5.6","1458342","","","","","Industrial building. Roof-suitable for rooftop PV. Verify ownership + contact before outreach."
"Tucson Electric Power","Tucson","AZ","osm_industrial","osm-960202501","https://www.openstreetmap.org/way/osm-960202501","","","","","","","","600","904032","117524","5.6","1458342","","","","","Industrial building. Roof-suitable for rooftop PV. Verify ownership + contact before outreach."
"Hayden-Udall Water Treatment Plant","Tucson","AZ","osm_industrial","osm-1054420835","https://www.openstreetmap.org/way/osm-1054420835","","","","","","","","600","904032","117524","5.6","1458342","","","","","Industrial building. Roof-suitable for rooftop PV. Verify ownership + contact before outreach."
"Grant Road Industrial Park","Tucson","AZ","osm_industrial","osm-1055211990","https://www.openstreetmap.org/way/osm-1055211990","","","","","","","","600","904032","117524","5.6","1458342","","","","","Industrial building. Roof-suitable for rooftop PV. Verify ownership + contact before outreach."
"Tucson Iron And Metal","Tucson","AZ","osm_industrial","osm-1057030353","https://www.openstreetmap.org/way/osm-1057030353","","","","","","","","600","904032","117524","5.6","1458342","","","","","Industrial building. Roof-suitable for rooftop PV. Verify ownership + contact before outreach."
"Borderland Construction Company","Tucson","AZ","osm_industrial","osm-1057030355","https://www.openstreetmap.org/way/osm-1057030355","","","","","","","","600","904032","117524","5.6","1458342","","","","","Industrial building. Roof-suitable for rooftop PV. Verify ownership + contact before outreach."
"Tucson Iron And Metal Surplus","Tucson","AZ","osm_industrial","osm-1057030356","https://www.openstreetmap.org/way/osm-1057030356","","","","","","","","600","904032","117524","5.6","1458342","","","","","Industrial building. Roof-suitable for rooftop PV. Verify ownership + contact before outreach."
"Source One Displays","Tucson","AZ","osm_industrial","osm-1057030363","https://www.openstreetmap.org/way/osm-1057030363","","","","","","","","600","904032","117524","5.6","1458342","","","","","Industrial building. Roof-suitable for rooftop PV. Verify ownership + contact before outreach."
"Pima Energy Storage System","Tucson","AZ","osm_industrial","osm-1089514839","https://www.openstreetmap.org/way/osm-1089514839","","","","","","","","600","904032","117524","5.6","1458342","","","","","Industrial building. Roof-suitable for rooftop PV. Verify ownership + contact before outreach."
"Valencia Plant","Tucson","AZ","osm_industrial","osm-1128342622","https://www.openstreetmap.org/way/osm-1128342622","","","","","","","","600","904032","117524","5.6","1458342","","","","","Industrial building. Roof-suitable for rooftop PV. Verify ownership + contact before outreach."
"Southside Industrial Sites","Tucson","AZ","osm_industrial","osm-1128350763","https://www.openstreetmap.org/way/osm-1128350763","","","","","","","","600","904032","117524","5.6","1458342","","","","","Industrial building. Roof-suitable for rooftop PV. Verify ownership + contact before outreach."
"Business Park Of The Desert","Tucson","AZ","osm_industrial","osm-1128350771","https://www.openstreetmap.org/way/osm-1128350771","","","","","","","","600","904032","117524","5.6","1458342","","","","","Industrial building. Roof-suitable for rooftop PV. Verify ownership + contact before outreach."
"Arizona Department Of Transportation Grant Road Facilities","Tucson","AZ","osm_industrial","osm-1174891091","https://www.openstreetmap.org/way/osm-1174891091","","","","","","","","600","904032","117524","5.6","1458342","","","","","Industrial building. Roof-suitable for rooftop PV. Verify ownership + contact before outreach."
"Palo Verde Business Center","Tucson","AZ","osm_industrial","osm-1225326877","https://www.openstreetmap.org/way/osm-1225326877","","","","","","","","600","904032","117524","5.6","1458342","","","","","Industrial building. Roof-suitable for rooftop PV. Verify ownership + contact before outreach."
"Los Reales Indusrial Park","Tucson","AZ","osm_industrial","osm-1225334698","https://www.openstreetmap.org/way/osm-1225334698","","","","","","","","600","904032","117524","5.6","1458342","","","","","Industrial building. Roof-suitable for rooftop PV. Verify ownership + contact before outreach."
"Kolb Road Business Park","Tucson","AZ","osm_industrial","osm-1225334706","https://www.openstreetmap.org/way/osm-1225334706","","","","","","","","600","904032","117524","5.6","1458342","","","","","Industrial building. Roof-suitable for rooftop PV. Verify ownership + contact before outreach."
"Allied Industrial Acres","Tucson","AZ","osm_industrial","osm-1225821882","https://www.openstreetmap.org/way/osm-1225821882","","","","","","","","600","904032","117524","5.6","1458342","","","","","Industrial building. Roof-suitable for rooftop PV. Verify ownership + contact before outreach."
"University Of Arizona","Tucson","AZ","osm_industrial","osm-1239188645","https://www.openstreetmap.org/way/osm-1239188645","","","","","","","","600","904032","117524","5.6","1458342","","","","","Industrial building. Roof-suitable for rooftop PV. Verify ownership + contact before outreach."
"HernáNdez Auto Repair","Tucson","AZ","osm_industrial","osm-1455832946","https://www.openstreetmap.org/way/osm-1455832946","","","","","","","","600","904032","117524","5.6","1458342","","","","","Scrap_yard building. Roof-suitable for rooftop PV. Verify ownership + contact before outreach."
"Jensen Infrastructure - Tucson","Tucson","AZ","osm_industrial","osm-1455832947","https://www.openstreetmap.org/way/osm-1455832947","","","","","","","","600","904032","117524","5.6","1458342","","","","","Depot building. Roof-suitable for rooftop PV. Verify ownership + contact before outreach."
"Aircraft Restoration & Marketing","Tucson","AZ","osm_industrial","osm-1455837872","https://www.openstreetmap.org/way/osm-1455837872","","","","","","","","600","904032","117524","5.6","1458342","","","","","Scrap_yard building. Roof-suitable for rooftop PV. Verify ownership + contact before outreach."
"Aligned Energy — Phoenix Campus","Phoenix","AZ","auto_seed","solar-dc-008","","","","","","","","","600","904032","117524","5.6","1458342","","","","","APS commercial customer — adaptive cooling load fits PV curve"
"Intel — Chandler Fab","Chandler","AZ","auto_seed","solar-mfg-009","","","","","","","","","600","904032","117524","5.6","1458342","","","","","Intel RE100 commitment — semiconductor fab continuous load"
"PepsiCo Frito-Lay — Casa Grande","Casa Grande","AZ","auto_seed","solar-mfg-011","","","","","","","","","600","904032","117524","5.6","1458342","","","","","PepsiCo PEP+ sustainability strategy — facility-level execution"
"Banner Health — Phoenix","Phoenix","AZ","auto_seed","solar-med-006","","","","","","","","","600","904032","117524","5.6","1458342","","","","","APS commercial + Banner net-zero goal"
"Arizona State University","Tempe","AZ","auto_seed","solar-edu-001","","","","","","","","","600","904032","117524","5.6","1458342","","","","","ASU already a solar leader — additionality projects + parking-lot canopies"
"Public Storage — Phoenix Portfolio","Phoenix","AZ","auto_seed","solar-ss-001","","","","","","","","","600","904032","117524","5.6","1458342","","","","","12-facility metro portfolio — APS commercial customer"
"Marriott — JW Marriott Phoenix","Phoenix","AZ","auto_seed","solar-hosp-001","","","","","","","","","600","904032","117524","5.6","1458342","","","","","Marriott Serve 360 — facility-level Scope 2 reporting"
"IKEA Tempe","Tempe","AZ","auto_seed","solar-ret-001","","","","","","","","","600","904032","117524","5.6","1458342","","","","","IKEA already has solar at most US stores — backfill opportunity"
"Lucid Motors — Casa Grande Plant","Casa Grande","AZ","auto_seed","solar-cln-003","","","","","","","","","600","904032","117524","5.6","1458342","","","","","Lucid 100% carbon-neutral target — APS commercial"
"Metro Phoenix Convention Center","Phoenix","AZ","auto_seed","solar-muni-002","","","","","","","","","600","904032","117524","5.6","1458342","","","","","Municipal — PPA + APS green tariff"
"Cactus Self Storage Portfolio","Mesa","AZ","auto_seed","solar-004","","","","","","","","","600","904032","117524","5.6","1458342","","","","","5-facility portfolio"