company,city,state,source,source_id,naics_code,naics_sector,solar_fit_score,energy_intensity,tax_appetite,recommended_ownership,load_profile,est_system_kw,est_annual_kwh,est_annual_savings_usd,est_net_payback_yrs,est_25yr_npv_p50_usd,sales_script,pitch_angle
"Port Logistics Refrigerated Services","Tampa","FL","osm_industrial","osm-1173515335","493120","Warehousing / Cold Storage","96","very_high","corporate","direct_purchase","flat_24_7","2000","3013440","361613","5.5","4527334","We help cold-storage facilities offset up to 40% of their peak refrigeration energy costs without changing operations. Worth a 15-minute call?","Refrigerated_warehouse building. Roof-suitable for rooftop PV. Verify ownership + contact before outreach."
"Gulf Coast Cold Storage","St. Petersburg","FL","auto_seed","solar-020","493120","Warehousing / Cold Storage","96","very_high","corporate","direct_purchase","flat_24_7","2000","3013440","361613","5.5","4527334","We help cold-storage facilities offset up to 40% of their peak refrigeration energy costs without changing operations. Worth a 15-minute call?","85,000 sqft refrigerated"
"709","Miami-Dade","FL","osm_industrial","osm-43689272","493110","Warehousing / Cold Storage","84","moderate","corporate","direct_purchase","daytime_peak","2000","3013440","361613","5.5","4527334","Distribution centers are the easiest commercial solar installs we do — large clear flat roofs, ground-level interconnect.","Warehouse building. Roof-suitable for rooftop PV. Verify ownership + contact before outreach."
"711","Miami-Dade","FL","osm_industrial","osm-43689289","493110","Warehousing / Cold Storage","84","moderate","corporate","direct_purchase","daytime_peak","2000","3013440","361613","5.5","4527334","Distribution centers are the easiest commercial solar installs we do — large clear flat roofs, ground-level interconnect.","Warehouse building. Roof-suitable for rooftop PV. Verify ownership + contact before outreach."
"712","Miami-Dade","FL","osm_industrial","osm-43689296","493110","Warehousing / Cold Storage","84","moderate","corporate","direct_purchase","daytime_peak","2000","3013440","361613","5.5","4527334","Distribution centers are the easiest commercial solar installs we do — large clear flat roofs, ground-level interconnect.","Warehouse building. Roof-suitable for rooftop PV. Verify ownership + contact before outreach."
"714","Miami-Dade","FL","osm_industrial","osm-43689303","493110","Warehousing / Cold Storage","84","moderate","corporate","direct_purchase","daytime_peak","2000","3013440","361613","5.5","4527334","Distribution centers are the easiest commercial solar installs we do — large clear flat roofs, ground-level interconnect.","Warehouse building. Roof-suitable for rooftop PV. Verify ownership + contact before outreach."
"Fed Ex","Miami-Dade","FL","osm_industrial","osm-104752758","493110","Warehousing / Cold Storage","84","moderate","corporate","direct_purchase","daytime_peak","2000","3013440","361613","5.5","4527334","Distribution centers are the easiest commercial solar installs we do — large clear flat roofs, ground-level interconnect.","Warehouse building. Roof-suitable for rooftop PV. Verify ownership + contact before outreach."
"Public Storage","Miami Beach","FL","osm_industrial","osm-263233283","493110","Warehousing / Cold Storage","84","moderate","corporate","direct_purchase","daytime_peak","2000","3013440","361613","5.5","4527334","Distribution centers are the easiest commercial solar installs we do — large clear flat roofs, ground-level interconnect.","Warehouse building. Roof-suitable for rooftop PV. Verify ownership + contact before outreach."
"Amazon Fullfilment Center","Miami-Dade","FL","osm_industrial","osm-294760890","493110","Warehousing / Cold Storage","84","moderate","corporate","direct_purchase","daytime_peak","2000","3013440","361613","5.5","4527334","Distribution centers are the easiest commercial solar installs we do — large clear flat roofs, ground-level interconnect.","Warehouse building. Roof-suitable for rooftop PV. Verify ownership + contact before outreach."
"805","Miami-Dade","FL","osm_industrial","osm-327462172","493110","Warehousing / Cold Storage","84","moderate","corporate","direct_purchase","daytime_peak","2000","3013440","361613","5.5","4527334","Distribution centers are the easiest commercial solar installs we do — large clear flat roofs, ground-level interconnect.","Warehouse building. Roof-suitable for rooftop PV. Verify ownership + contact before outreach."
"719","Miami-Dade","FL","osm_industrial","osm-346284111","493110","Warehousing / Cold Storage","84","moderate","corporate","direct_purchase","daytime_peak","2000","3013440","361613","5.5","4527334","Distribution centers are the easiest commercial solar installs we do — large clear flat roofs, ground-level interconnect.","Warehouse building. Roof-suitable for rooftop PV. Verify ownership + contact before outreach."
"Haiti Shipping Lines","Miami-Dade","FL","osm_industrial","osm-375885035","493110","Warehousing / Cold Storage","84","moderate","corporate","direct_purchase","daytime_peak","2000","3013440","361613","5.5","4527334","Distribution centers are the easiest commercial solar installs we do — large clear flat roofs, ground-level interconnect.","Warehouse building. Roof-suitable for rooftop PV. Verify ownership + contact before outreach."
"Southern Warehouse","Medley","FL","osm_industrial","osm-435236217","493110","Warehousing / Cold Storage","84","moderate","corporate","direct_purchase","daytime_peak","2000","3013440","361613","5.5","4527334","Distribution centers are the easiest commercial solar installs we do — large clear flat roofs, ground-level interconnect.","Warehouse building. Roof-suitable for rooftop PV. Verify ownership + contact before outreach."
"Dependable Warehouse & Distribution","Miami-Dade","FL","osm_industrial","osm-435883089","493110","Warehousing / Cold Storage","84","moderate","corporate","direct_purchase","daytime_peak","2000","3013440","361613","5.5","4527334","Distribution centers are the easiest commercial solar installs we do — large clear flat roofs, ground-level interconnect.","Warehouse building. Roof-suitable for rooftop PV. Verify ownership + contact before outreach."
"Omni Transload","Miami-Dade","FL","osm_industrial","osm-436031674","493110","Warehousing / Cold Storage","84","moderate","corporate","direct_purchase","daytime_peak","2000","3013440","361613","5.5","4527334","Distribution centers are the easiest commercial solar installs we do — large clear flat roofs, ground-level interconnect.","Warehouse building. Roof-suitable for rooftop PV. Verify ownership + contact before outreach."
"Cargo City","Miami-Dade","FL","osm_industrial","osm-485964503","493110","Warehousing / Cold Storage","84","moderate","corporate","direct_purchase","daytime_peak","2000","3013440","361613","5.5","4527334","Distribution centers are the easiest commercial solar installs we do — large clear flat roofs, ground-level interconnect.","Warehouse building. Roof-suitable for rooftop PV. Verify ownership + contact before outreach."
"710","Miami-Dade","FL","osm_industrial","osm-485964573","493110","Warehousing / Cold Storage","84","moderate","corporate","direct_purchase","daytime_peak","2000","3013440","361613","5.5","4527334","Distribution centers are the easiest commercial solar installs we do — large clear flat roofs, ground-level interconnect.","Warehouse building. Roof-suitable for rooftop PV. Verify ownership + contact before outreach."
"706","Miami-Dade","FL","osm_industrial","osm-635641203","493110","Warehousing / Cold Storage","84","moderate","corporate","direct_purchase","daytime_peak","2000","3013440","361613","5.5","4527334","Distribution centers are the easiest commercial solar installs we do — large clear flat roofs, ground-level interconnect.","Warehouse building. Roof-suitable for rooftop PV. Verify ownership + contact before outreach."
"707","Miami-Dade","FL","osm_industrial","osm-635641204","493110","Warehousing / Cold Storage","84","moderate","corporate","direct_purchase","daytime_peak","2000","3013440","361613","5.5","4527334","Distribution centers are the easiest commercial solar installs we do — large clear flat roofs, ground-level interconnect.","Warehouse building. Roof-suitable for rooftop PV. Verify ownership + contact before outreach."
"708","Miami-Dade","FL","osm_industrial","osm-635641205","493110","Warehousing / Cold Storage","84","moderate","corporate","direct_purchase","daytime_peak","2000","3013440","361613","5.5","4527334","Distribution centers are the easiest commercial solar installs we do — large clear flat roofs, ground-level interconnect.","Warehouse building. Roof-suitable for rooftop PV. Verify ownership + contact before outreach."
"700","Miami-Dade","FL","osm_industrial","osm-635728734","493110","Warehousing / Cold Storage","84","moderate","corporate","direct_purchase","daytime_peak","2000","3013440","361613","5.5","4527334","Distribution centers are the easiest commercial solar installs we do — large clear flat roofs, ground-level interconnect.","Warehouse building. Roof-suitable for rooftop PV. Verify ownership + contact before outreach."
"701","Miami-Dade","FL","osm_industrial","osm-635728736","493110","Warehousing / Cold Storage","84","moderate","corporate","direct_purchase","daytime_peak","2000","3013440","361613","5.5","4527334","Distribution centers are the easiest commercial solar installs we do — large clear flat roofs, ground-level interconnect.","Warehouse building. Roof-suitable for rooftop PV. Verify ownership + contact before outreach."
"702","Miami-Dade","FL","osm_industrial","osm-635728739","493110","Warehousing / Cold Storage","84","moderate","corporate","direct_purchase","daytime_peak","2000","3013440","361613","5.5","4527334","Distribution centers are the easiest commercial solar installs we do — large clear flat roofs, ground-level interconnect.","Warehouse building. Roof-suitable for rooftop PV. Verify ownership + contact before outreach."
"Coral Way Bus Maintenance Facility","Miami","FL","osm_industrial","osm-727192584","493110","Warehousing / Cold Storage","84","moderate","corporate","direct_purchase","daytime_peak","2000","3013440","361613","5.5","4527334","Distribution centers are the easiest commercial solar installs we do — large clear flat roofs, ground-level interconnect.","Warehouse building. Roof-suitable for rooftop PV. Verify ownership + contact before outreach."
"Ups Miami Gardens","Miami Gardens","FL","osm_industrial","osm-972313798","493110","Warehousing / Cold Storage","84","moderate","corporate","direct_purchase","daytime_peak","2000","3013440","361613","5.5","4527334","Distribution centers are the easiest commercial solar installs we do — large clear flat roofs, ground-level interconnect.","Warehouse building. Roof-suitable for rooftop PV. Verify ownership + contact before outreach."
"Amazon","Miami-Dade","FL","osm_industrial","osm-1112180301","493110","Warehousing / Cold Storage","84","moderate","corporate","direct_purchase","daytime_peak","2000","3013440","361613","5.5","4527334","Distribution centers are the easiest commercial solar installs we do — large clear flat roofs, ground-level interconnect.","Warehouse building. Roof-suitable for rooftop PV. Verify ownership + contact before outreach."
"Fedex","Miami-Dade","FL","osm_industrial","osm-1314223280","493110","Warehousing / Cold Storage","84","moderate","corporate","direct_purchase","daytime_peak","2000","3013440","361613","5.5","4527334","Distribution centers are the easiest commercial solar installs we do — large clear flat roofs, ground-level interconnect.","Warehouse building. Roof-suitable for rooftop PV. Verify ownership + contact before outreach."
"Building B","Miami Gardens","FL","osm_industrial","osm-1512736471","493110","Warehousing / Cold Storage","84","moderate","corporate","direct_purchase","daytime_peak","2000","3013440","361613","5.5","4527334","Distribution centers are the easiest commercial solar installs we do — large clear flat roofs, ground-level interconnect.","Warehouse building. Roof-suitable for rooftop PV. Verify ownership + contact before outreach."
"Building A","Miami Gardens","FL","osm_industrial","osm-1512736472","493110","Warehousing / Cold Storage","84","moderate","corporate","direct_purchase","daytime_peak","2000","3013440","361613","5.5","4527334","Distribution centers are the easiest commercial solar installs we do — large clear flat roofs, ground-level interconnect.","Warehouse building. Roof-suitable for rooftop PV. Verify ownership + contact before outreach."
"Pro Build","Largo","FL","osm_industrial","osm-162040180","493110","Warehousing / Cold Storage","84","moderate","corporate","direct_purchase","daytime_peak","2000","3013440","361613","5.5","4527334","Distribution centers are the easiest commercial solar installs we do — large clear flat roofs, ground-level interconnect.","Warehouse building. Roof-suitable for rooftop PV. Verify ownership + contact before outreach."
"Benson Worley Architecture","Saint Petersburg","FL","osm_industrial","osm-189242092","493110","Warehousing / Cold Storage","84","moderate","corporate","direct_purchase","daytime_peak","2000","3013440","361613","5.5","4527334","Distribution centers are the easiest commercial solar installs we do — large clear flat roofs, ground-level interconnect.","Warehouse building. Roof-suitable for rooftop PV. Verify ownership + contact before outreach."
"Budget Self Storage","Tampa","FL","osm_industrial","osm-192516441","493110","Warehousing / Cold Storage","84","moderate","corporate","direct_purchase","daytime_peak","2000","3013440","361613","5.5","4527334","Distribution centers are the easiest commercial solar installs we do — large clear flat roofs, ground-level interconnect.","Warehouse building. Roof-suitable for rooftop PV. Verify ownership + contact before outreach."
"Macy'S Furniture Gallery","Tampa","FL","osm_industrial","osm-212106766","493110","Warehousing / Cold Storage","84","moderate","corporate","direct_purchase","daytime_peak","2000","3013440","361613","5.5","4527334","Distribution centers are the easiest commercial solar installs we do — large clear flat roofs, ground-level interconnect.","Warehouse building. Roof-suitable for rooftop PV. Verify ownership + contact before outreach."
"Anchor Golf Carts","Tampa","FL","osm_industrial","osm-217914132","493110","Warehousing / Cold Storage","84","moderate","corporate","direct_purchase","daytime_peak","2000","3013440","361613","5.5","4527334","Distribution centers are the easiest commercial solar installs we do — large clear flat roofs, ground-level interconnect.","Warehouse building. Roof-suitable for rooftop PV. Verify ownership + contact before outreach."
"U-Haul","Largo","FL","osm_industrial","osm-217914162","493110","Warehousing / Cold Storage","84","moderate","corporate","direct_purchase","daytime_peak","2000","3013440","361613","5.5","4527334","Distribution centers are the easiest commercial solar installs we do — large clear flat roofs, ground-level interconnect.","Warehouse building. Roof-suitable for rooftop PV. Verify ownership + contact before outreach."
"Dow Technologies","Tampa","FL","osm_industrial","osm-263301576","493110","Warehousing / Cold Storage","84","moderate","corporate","direct_purchase","daytime_peak","2000","3013440","361613","5.5","4527334","Distribution centers are the easiest commercial solar installs we do — large clear flat roofs, ground-level interconnect.","Warehouse building. Roof-suitable for rooftop PV. Verify ownership + contact before outreach."
"Centerpoint Meats And Provisions","Saint Petersburg","FL","osm_industrial","osm-295556631","493110","Warehousing / Cold Storage","84","moderate","corporate","direct_purchase","daytime_peak","2000","3013440","361613","5.5","4527334","Distribution centers are the easiest commercial solar installs we do — large clear flat roofs, ground-level interconnect.","Warehouse building. Roof-suitable for rooftop PV. Verify ownership + contact before outreach."
"Rooms To Go","Tampa","FL","osm_industrial","osm-321242380","493110","Warehousing / Cold Storage","84","moderate","corporate","direct_purchase","daytime_peak","2000","3013440","361613","5.5","4527334","Distribution centers are the easiest commercial solar installs we do — large clear flat roofs, ground-level interconnect.","Warehouse building. Roof-suitable for rooftop PV. Verify ownership + contact before outreach."
"Coca-Cola Beverages Florida","Tampa","FL","osm_industrial","osm-501799747","493110","Warehousing / Cold Storage","84","moderate","corporate","direct_purchase","daytime_peak","2000","3013440","361613","5.5","4527334","Distribution centers are the easiest commercial solar installs we do — large clear flat roofs, ground-level interconnect.","Warehouse building. Roof-suitable for rooftop PV. Verify ownership + contact before outreach."
"Hd Supply - Facilities Maintenance","Tampa","FL","osm_industrial","osm-501799748","493110","Warehousing / Cold Storage","84","moderate","corporate","direct_purchase","daytime_peak","2000","3013440","361613","5.5","4527334","Distribution centers are the easiest commercial solar installs we do — large clear flat roofs, ground-level interconnect.","Warehouse building. Roof-suitable for rooftop PV. Verify ownership + contact before outreach."
"Rj Schinner","Tampa","FL","osm_industrial","osm-501799750","493110","Warehousing / Cold Storage","84","moderate","corporate","direct_purchase","daytime_peak","2000","3013440","361613","5.5","4527334","Distribution centers are the easiest commercial solar installs we do — large clear flat roofs, ground-level interconnect.","Warehouse building. Roof-suitable for rooftop PV. Verify ownership + contact before outreach."
"Fedex","Tampa","FL","osm_industrial","osm-523979337","493110","Warehousing / Cold Storage","84","moderate","corporate","direct_purchase","daytime_peak","2000","3013440","361613","5.5","4527334","Distribution centers are the easiest commercial solar installs we do — large clear flat roofs, ground-level interconnect.","Warehouse building. Roof-suitable for rooftop PV. Verify ownership + contact before outreach."
"Bougainvillea Warehouse","Tampa","FL","osm_industrial","osm-524037682","493110","Warehousing / Cold Storage","84","moderate","corporate","direct_purchase","daytime_peak","2000","3013440","361613","5.5","4527334","Distribution centers are the easiest commercial solar installs we do — large clear flat roofs, ground-level interconnect.","Warehouse building. Roof-suitable for rooftop PV. Verify ownership + contact before outreach."
"Culinary Warehouse","Tampa","FL","osm_industrial","osm-524038641","493110","Warehousing / Cold Storage","84","moderate","corporate","direct_purchase","daytime_peak","2000","3013440","361613","5.5","4527334","Distribution centers are the easiest commercial solar installs we do — large clear flat roofs, ground-level interconnect.","Warehouse building. Roof-suitable for rooftop PV. Verify ownership + contact before outreach."
"Park Services Warehouse","Tampa","FL","osm_industrial","osm-524038650","493110","Warehousing / Cold Storage","84","moderate","corporate","direct_purchase","daytime_peak","2000","3013440","361613","5.5","4527334","Distribution centers are the easiest commercial solar installs we do — large clear flat roofs, ground-level interconnect.","Warehouse building. Roof-suitable for rooftop PV. Verify ownership + contact before outreach."
"Park Electrical Warehouse","Tampa","FL","osm_industrial","osm-524038651","493110","Warehousing / Cold Storage","84","moderate","corporate","direct_purchase","daytime_peak","2000","3013440","361613","5.5","4527334","Distribution centers are the easiest commercial solar installs we do — large clear flat roofs, ground-level interconnect.","Warehouse building. Roof-suitable for rooftop PV. Verify ownership + contact before outreach."
"Amazon Last Mile Delivery Warehouse","Tampa","FL","osm_industrial","osm-535329142","493110","Warehousing / Cold Storage","84","moderate","corporate","direct_purchase","daytime_peak","2000","3013440","361613","5.5","4527334","Distribution centers are the easiest commercial solar installs we do — large clear flat roofs, ground-level interconnect.","Warehouse building. Roof-suitable for rooftop PV. Verify ownership + contact before outreach."
"Storage","St Petersburg","FL","osm_industrial","osm-560483446","493110","Warehousing / Cold Storage","84","moderate","corporate","direct_purchase","daytime_peak","2000","3013440","361613","5.5","4527334","Distribution centers are the easiest commercial solar installs we do — large clear flat roofs, ground-level interconnect.","Warehouse building. Roof-suitable for rooftop PV. Verify ownership + contact before outreach."
"Amazon Warehouse","Tampa","FL","osm_industrial","osm-904763009","493110","Warehousing / Cold Storage","84","moderate","corporate","direct_purchase","daytime_peak","2000","3013440","361613","5.5","4527334","Distribution centers are the easiest commercial solar installs we do — large clear flat roofs, ground-level interconnect.","Warehouse building. Roof-suitable for rooftop PV. Verify ownership + contact before outreach."
"Amazon","Tampa","FL","osm_industrial","osm-1079282672","493110","Warehousing / Cold Storage","84","moderate","corporate","direct_purchase","daytime_peak","2000","3013440","361613","5.5","4527334","Distribution centers are the easiest commercial solar installs we do — large clear flat roofs, ground-level interconnect.","Warehouse building. Roof-suitable for rooftop PV. Verify ownership + contact before outreach."
"Agora Edge","St. Petersburg","FL","osm_industrial","osm-1459303700","493110","Warehousing / Cold Storage","84","moderate","corporate","direct_purchase","daytime_peak","2000","3013440","361613","5.5","4527334","Distribution centers are the easiest commercial solar installs we do — large clear flat roofs, ground-level interconnect.","Warehouse building. Roof-suitable for rooftop PV. Verify ownership + contact before outreach."
"United States Army Corps Of Engineers","Jacksonville","FL","osm_industrial","osm-106649903","493110","Warehousing / Cold Storage","84","moderate","corporate","direct_purchase","daytime_peak","2000","3013440","361613","5.5","4527334","Distribution centers are the easiest commercial solar installs we do — large clear flat roofs, ground-level interconnect.","Warehouse building. Roof-suitable for rooftop PV. Verify ownership + contact before outreach."
"Bridgestone","Jacksonville","FL","osm_industrial","osm-244651008","493110","Warehousing / Cold Storage","84","moderate","corporate","direct_purchase","daytime_peak","2000","3013440","361613","5.5","4527334","Distribution centers are the easiest commercial solar installs we do — large clear flat roofs, ground-level interconnect.","Warehouse building. Roof-suitable for rooftop PV. Verify ownership + contact before outreach."
"Firestone Building Products","Jacksonville","FL","osm_industrial","osm-298821199","493110","Warehousing / Cold Storage","84","moderate","corporate","direct_purchase","daytime_peak","2000","3013440","361613","5.5","4527334","Distribution centers are the easiest commercial solar installs we do — large clear flat roofs, ground-level interconnect.","Warehouse building. Roof-suitable for rooftop PV. Verify ownership + contact before outreach."
"Safariland","Jacksonville","FL","osm_industrial","osm-313129363","493110","Warehousing / Cold Storage","84","moderate","corporate","direct_purchase","daytime_peak","2000","3013440","361613","5.5","4527334","Distribution centers are the easiest commercial solar installs we do — large clear flat roofs, ground-level interconnect.","Warehouse building. Roof-suitable for rooftop PV. Verify ownership + contact before outreach."
"Nfi","Jacksonville","FL","osm_industrial","osm-313129364","493110","Warehousing / Cold Storage","84","moderate","corporate","direct_purchase","daytime_peak","2000","3013440","361613","5.5","4527334","Distribution centers are the easiest commercial solar installs we do — large clear flat roofs, ground-level interconnect.","Warehouse building. Roof-suitable for rooftop PV. Verify ownership + contact before outreach."
"Coach Distribution Center","Jacksonville","FL","osm_industrial","osm-313129366","493110","Warehousing / Cold Storage","84","moderate","corporate","direct_purchase","daytime_peak","2000","3013440","361613","5.5","4527334","Distribution centers are the easiest commercial solar installs we do — large clear flat roofs, ground-level interconnect.","Warehouse building. Roof-suitable for rooftop PV. Verify ownership + contact before outreach."
"Cintas Facility Services","Jacksonville","FL","osm_industrial","osm-313129367","493110","Warehousing / Cold Storage","84","moderate","corporate","direct_purchase","daytime_peak","2000","3013440","361613","5.5","4527334","Distribution centers are the easiest commercial solar installs we do — large clear flat roofs, ground-level interconnect.","Warehouse building. Roof-suitable for rooftop PV. Verify ownership + contact before outreach."
"Sally Beauty Company","Jacksonville","FL","osm_industrial","osm-313129369","493110","Warehousing / Cold Storage","84","moderate","corporate","direct_purchase","daytime_peak","2000","3013440","361613","5.5","4527334","Distribution centers are the easiest commercial solar installs we do — large clear flat roofs, ground-level interconnect.","Warehouse building. Roof-suitable for rooftop PV. Verify ownership + contact before outreach."
"Caruso Logistics","Jacksonville","FL","osm_industrial","osm-313129371","493110","Warehousing / Cold Storage","84","moderate","corporate","direct_purchase","daytime_peak","2000","3013440","361613","5.5","4527334","Distribution centers are the easiest commercial solar installs we do — large clear flat roofs, ground-level interconnect.","Warehouse building. Roof-suitable for rooftop PV. Verify ownership + contact before outreach."
"Airvan","Jacksonville","FL","osm_industrial","osm-313129372","493110","Warehousing / Cold Storage","84","moderate","corporate","direct_purchase","daytime_peak","2000","3013440","361613","5.5","4527334","Distribution centers are the easiest commercial solar installs we do — large clear flat roofs, ground-level interconnect.","Warehouse building. Roof-suitable for rooftop PV. Verify ownership + contact before outreach."
"Dhl Express","Jacksonville","FL","osm_industrial","osm-313129375","493110","Warehousing / Cold Storage","84","moderate","corporate","direct_purchase","daytime_peak","2000","3013440","361613","5.5","4527334","Distribution centers are the easiest commercial solar installs we do — large clear flat roofs, ground-level interconnect.","Warehouse building. Roof-suitable for rooftop PV. Verify ownership + contact before outreach."
"Mercedes-Benz Usa","Jacksonville","FL","osm_industrial","osm-313129377","493110","Warehousing / Cold Storage","84","moderate","corporate","direct_purchase","daytime_peak","2000","3013440","361613","5.5","4527334","Distribution centers are the easiest commercial solar installs we do — large clear flat roofs, ground-level interconnect.","Warehouse building. Roof-suitable for rooftop PV. Verify ownership + contact before outreach."
"Laminations","Jacksonville","FL","osm_industrial","osm-313129380","493110","Warehousing / Cold Storage","84","moderate","corporate","direct_purchase","daytime_peak","2000","3013440","361613","5.5","4527334","Distribution centers are the easiest commercial solar installs we do — large clear flat roofs, ground-level interconnect.","Warehouse building. Roof-suitable for rooftop PV. Verify ownership + contact before outreach."
"Southeast Rigging","Jacksonville","FL","osm_industrial","osm-348359685","493110","Warehousing / Cold Storage","84","moderate","corporate","direct_purchase","daytime_peak","2000","3013440","361613","5.5","4527334","Distribution centers are the easiest commercial solar installs we do — large clear flat roofs, ground-level interconnect.","Warehouse building. Roof-suitable for rooftop PV. Verify ownership + contact before outreach."
"Woodwings Industrial Center","Jacksonville","FL","osm_industrial","osm-365158455","493110","Warehousing / Cold Storage","84","moderate","corporate","direct_purchase","daytime_peak","2000","3013440","361613","5.5","4527334","Distribution centers are the easiest commercial solar installs we do — large clear flat roofs, ground-level interconnect.","Warehouse building. Roof-suitable for rooftop PV. Verify ownership + contact before outreach."
"Magic Transport","Jacksonville","FL","osm_industrial","osm-365165391","493110","Warehousing / Cold Storage","84","moderate","corporate","direct_purchase","daytime_peak","2000","3013440","361613","5.5","4527334","Distribution centers are the easiest commercial solar installs we do — large clear flat roofs, ground-level interconnect.","Warehouse building. Roof-suitable for rooftop PV. Verify ownership + contact before outreach."
"Rockten","Jacksonville","FL","osm_industrial","osm-365165393","493110","Warehousing / Cold Storage","84","moderate","corporate","direct_purchase","daytime_peak","2000","3013440","361613","5.5","4527334","Distribution centers are the easiest commercial solar installs we do — large clear flat roofs, ground-level interconnect.","Warehouse building. Roof-suitable for rooftop PV. Verify ownership + contact before outreach."
"Crowley Liner & Logistics - Warehouse","Jacksonville","FL","osm_industrial","osm-521581818","493110","Warehousing / Cold Storage","84","moderate","corporate","direct_purchase","daytime_peak","2000","3013440","361613","5.5","4527334","Distribution centers are the easiest commercial solar installs we do — large clear flat roofs, ground-level interconnect.","Warehouse building. Roof-suitable for rooftop PV. Verify ownership + contact before outreach."
"Amazon Fulfillment Center Jax2","Jacksonville","FL","osm_industrial","osm-550342121","493110","Warehousing / Cold Storage","84","moderate","corporate","direct_purchase","daytime_peak","2000","3013440","361613","5.5","4527334","Distribution centers are the easiest commercial solar installs we do — large clear flat roofs, ground-level interconnect.","Warehouse building. Roof-suitable for rooftop PV. Verify ownership + contact before outreach."
"Falken Tire","Jacksonville","FL","osm_industrial","osm-558672595","493110","Warehousing / Cold Storage","84","moderate","corporate","direct_purchase","daytime_peak","2000","3013440","361613","5.5","4527334","Distribution centers are the easiest commercial solar installs we do — large clear flat roofs, ground-level interconnect.","Warehouse building. Roof-suitable for rooftop PV. Verify ownership + contact before outreach."
"Amazon Jax5","Jacksonville","FL","osm_industrial","osm-558672597","493110","Warehousing / Cold Storage","84","moderate","corporate","direct_purchase","daytime_peak","2000","3013440","361613","5.5","4527334","Distribution centers are the easiest commercial solar installs we do — large clear flat roofs, ground-level interconnect.","Warehouse building. Roof-suitable for rooftop PV. Verify ownership + contact before outreach."
"Volvo Parts North America","Jacksonville","FL","osm_industrial","osm-558672600","493110","Warehousing / Cold Storage","84","moderate","corporate","direct_purchase","daytime_peak","2000","3013440","361613","5.5","4527334","Distribution centers are the easiest commercial solar installs we do — large clear flat roofs, ground-level interconnect.","Warehouse building. Roof-suitable for rooftop PV. Verify ownership + contact before outreach."
"Grainger Distribution Center","Jacksonville","FL","osm_industrial","osm-558672635","493110","Warehousing / Cold Storage","84","moderate","corporate","direct_purchase","daytime_peak","2000","3013440","361613","5.5","4527334","Distribution centers are the easiest commercial solar installs we do — large clear flat roofs, ground-level interconnect.","Warehouse building. Roof-suitable for rooftop PV. Verify ownership + contact before outreach."
"Amazon Fulfillment Center Jax3","Jacksonville","FL","osm_industrial","osm-600835584","493110","Warehousing / Cold Storage","84","moderate","corporate","direct_purchase","daytime_peak","2000","3013440","361613","5.5","4527334","Distribution centers are the easiest commercial solar installs we do — large clear flat roofs, ground-level interconnect.","Warehouse building. Roof-suitable for rooftop PV. Verify ownership + contact before outreach."
"Ge Oil & Gas","Jacksonville","FL","osm_industrial","osm-646584921","493110","Warehousing / Cold Storage","84","moderate","corporate","direct_purchase","daytime_peak","2000","3013440","361613","5.5","4527334","Distribution centers are the easiest commercial solar installs we do — large clear flat roofs, ground-level interconnect.","Warehouse building. Roof-suitable for rooftop PV. Verify ownership + contact before outreach."
"Publix","Jacksonville","FL","osm_industrial","osm-661501218","493110","Warehousing / Cold Storage","84","moderate","corporate","direct_purchase","daytime_peak","2000","3013440","361613","5.5","4527334","Distribution centers are the easiest commercial solar installs we do — large clear flat roofs, ground-level interconnect.","Warehouse building. Roof-suitable for rooftop PV. Verify ownership + contact before outreach."
"Fedex Ground Jksv 320","Jacksonville","FL","osm_industrial","osm-672525711","493110","Warehousing / Cold Storage","84","moderate","corporate","direct_purchase","daytime_peak","2000","3013440","361613","5.5","4527334","Distribution centers are the easiest commercial solar installs we do — large clear flat roofs, ground-level interconnect.","Warehouse building. Roof-suitable for rooftop PV. Verify ownership + contact before outreach."
"Saft America Inc","Jacksonville","FL","osm_industrial","osm-672525713","493110","Warehousing / Cold Storage","84","moderate","corporate","direct_purchase","daytime_peak","2000","3013440","361613","5.5","4527334","Distribution centers are the easiest commercial solar installs we do — large clear flat roofs, ground-level interconnect.","Warehouse building. Roof-suitable for rooftop PV. Verify ownership + contact before outreach."
"Jinkosolar","Jacksonville","FL","osm_industrial","osm-703183053","493110","Warehousing / Cold Storage","84","moderate","corporate","direct_purchase","daytime_peak","2000","3013440","361613","5.5","4527334","Distribution centers are the easiest commercial solar installs we do — large clear flat roofs, ground-level interconnect.","Warehouse building. Roof-suitable for rooftop PV. Verify ownership + contact before outreach."
"Lakewood Mini Storage","Jacksonville","FL","osm_industrial","osm-727631186","493110","Warehousing / Cold Storage","84","moderate","corporate","direct_purchase","daytime_peak","2000","3013440","361613","5.5","4527334","Distribution centers are the easiest commercial solar installs we do — large clear flat roofs, ground-level interconnect.","Warehouse building. Roof-suitable for rooftop PV. Verify ownership + contact before outreach."
"Wayfair Distribution Center","Jacksonville","FL","osm_industrial","osm-864675174","493110","Warehousing / Cold Storage","84","moderate","corporate","direct_purchase","daytime_peak","2000","3013440","361613","5.5","4527334","Distribution centers are the easiest commercial solar installs we do — large clear flat roofs, ground-level interconnect.","Warehouse building. Roof-suitable for rooftop PV. Verify ownership + contact before outreach."
"Fedex Ground Jksv Annex","Jacksonville","FL","osm_industrial","osm-931931555","493110","Warehousing / Cold Storage","84","moderate","corporate","direct_purchase","daytime_peak","2000","3013440","361613","5.5","4527334","Distribution centers are the easiest commercial solar installs we do — large clear flat roofs, ground-level interconnect.","Warehouse building. Roof-suitable for rooftop PV. Verify ownership + contact before outreach."
"Amazon Fufillment Center","Jacksonville","FL","osm_industrial","osm-1081790733","493110","Warehousing / Cold Storage","84","moderate","corporate","direct_purchase","daytime_peak","2000","3013440","361613","5.5","4527334","Distribution centers are the easiest commercial solar installs we do — large clear flat roofs, ground-level interconnect.","Warehouse building. Roof-suitable for rooftop PV. Verify ownership + contact before outreach."
"Target Regional DC — Lake City","Lake City","FL","auto_seed","solar-dist-003","4225","Wholesale Distribution","82","moderate","corporate","direct_purchase","daytime_peak","1320","1988870","238664","5.5","2988030","Distribution facilities like yours often hit 4-5 year payback even before storage. Quick call to share numbers for your roof?","Target 30% carbon reduction target — distribution facilities prioritized"
"Florida'S Natural Growers, Inc.","Lake Wales","FL","epa_ghgrp","epa-1002184","333","Heavy Manufacturing","80","high","corporate","direct_purchase","industrial_shift","1140","1717661","206119","5.5","2580573","","Food manufacturing — 2022 EPA GHG Reporter. NAICS 311421. Pre-qualified high-energy solar candidate."
"Cmc Steel Florida","Baldwin","FL","epa_ghgrp","epa-1002216","333","Heavy Manufacturing","80","high","corporate","direct_purchase","industrial_shift","1140","1717661","206119","5.5","2580573","","Heavy manufacturing — 2022 EPA GHG Reporter. NAICS 331110. Pre-qualified high-energy solar candidate."
"Kraton Chemical","Panama City","FL","epa_ghgrp","epa-1002442","333","Heavy Manufacturing","80","high","corporate","direct_purchase","industrial_shift","1140","1717661","206119","5.5","2580573","","Chemical manufacturing — 2022 EPA GHG Reporter. NAICS 325211. Pre-qualified high-energy solar candidate."
"Armstrong World Industries Inc.","Pensacola","FL","epa_ghgrp","epa-1002968","333","Heavy Manufacturing","80","high","corporate","direct_purchase","industrial_shift","1140","1717661","206119","5.5","2580573","","Heavy manufacturing — 2022 EPA GHG Reporter. NAICS 339999. Pre-qualified high-energy solar candidate."
"Envirofocus Technologies Llc","Tampa","FL","epa_ghgrp","epa-1003951","333","Heavy Manufacturing","80","high","corporate","direct_purchase","industrial_shift","1140","1717661","206119","5.5","2580573","","Heavy manufacturing — 2022 EPA GHG Reporter. NAICS 331492. Pre-qualified high-energy solar candidate."
"Tropicana Manufacturing Co Inc","Bradenton","FL","epa_ghgrp","epa-1004365","333","Heavy Manufacturing","80","high","corporate","direct_purchase","industrial_shift","1140","1717661","206119","5.5","2580573","","Food manufacturing — 2022 EPA GHG Reporter. NAICS 311421. Pre-qualified high-energy solar candidate."
"Tropicana Manufacturing Company Inc","Fort Pierce","FL","epa_ghgrp","epa-1004369","333","Heavy Manufacturing","80","high","corporate","direct_purchase","industrial_shift","1140","1717661","206119","5.5","2580573","","Food manufacturing — 2022 EPA GHG Reporter. NAICS 311411. Pre-qualified high-energy solar candidate."
"Mosaic Fertilizer Llc, Plant City Facility","Plant City","FL","epa_ghgrp","epa-1004669","333","Heavy Manufacturing","80","high","corporate","direct_purchase","industrial_shift","1140","1717661","206119","5.5","2580573","","Chemical manufacturing — 2022 EPA GHG Reporter. NAICS 325312. Pre-qualified high-energy solar candidate."
"Ascend Performance Materials Llc","Cantonment","FL","epa_ghgrp","epa-1004962","333","Heavy Manufacturing","80","high","corporate","direct_purchase","industrial_shift","1140","1717661","206119","5.5","2580573","","Chemical manufacturing — 2022 EPA GHG Reporter. NAICS 325211. Pre-qualified high-energy solar candidate."
"Southern Gardens Citrus Processing","Clewiston","FL","epa_ghgrp","epa-1005311","333","Heavy Manufacturing","80","high","corporate","direct_purchase","industrial_shift","1140","1717661","206119","5.5","2580573","","Food manufacturing — 2022 EPA GHG Reporter. NAICS 311421. Pre-qualified high-energy solar candidate."
"Cutrale Citrus Juices Usa, Inc.","Auburndale","FL","epa_ghgrp","epa-1005361","333","Heavy Manufacturing","80","high","corporate","direct_purchase","industrial_shift","1140","1717661","206119","5.5","2580573","","Food manufacturing — 2022 EPA GHG Reporter. NAICS 311411. Pre-qualified high-energy solar candidate."
"Trademark Nitrogen Corp.","Tampa","FL","epa_ghgrp","epa-1005506","333","Heavy Manufacturing","80","high","corporate","direct_purchase","industrial_shift","1140","1717661","206119","5.5","2580573","","Chemical manufacturing — 2022 EPA GHG Reporter. NAICS 325311. Pre-qualified high-energy solar candidate."
"Mosaic Fertilizer, Llc","Lithia","FL","epa_ghgrp","epa-1005817","333","Heavy Manufacturing","80","high","corporate","direct_purchase","industrial_shift","1140","1717661","206119","5.5","2580573","","Chemical manufacturing — 2022 EPA GHG Reporter. NAICS 325312. Pre-qualified high-energy solar candidate."
"Clewiston Sugar House","Clewiston","FL","epa_ghgrp","epa-1006008","333","Heavy Manufacturing","80","high","corporate","direct_purchase","industrial_shift","1140","1717661","206119","5.5","2580573","","Food manufacturing — 2022 EPA GHG Reporter. NAICS 311314. Pre-qualified high-energy solar candidate."
"White Springs Agricultural Chemical, Inc.","White Springs","FL","epa_ghgrp","epa-1006467","333","Heavy Manufacturing","80","high","corporate","direct_purchase","industrial_shift","1140","1717661","206119","5.5","2580573","","Chemical manufacturing — 2022 EPA GHG Reporter. NAICS 325312. Pre-qualified high-energy solar candidate."
"Cutrale Citrus Juices Usa, Inc.","Leesburg","FL","epa_ghgrp","epa-1006667","333","Heavy Manufacturing","80","high","corporate","direct_purchase","industrial_shift","1140","1717661","206119","5.5","2580573","","Food manufacturing — 2022 EPA GHG Reporter. NAICS 311411. Pre-qualified high-energy solar candidate."
"Symrise","Jacksonville","FL","epa_ghgrp","epa-1007064","333","Heavy Manufacturing","80","high","corporate","direct_purchase","industrial_shift","1140","1717661","206119","5.5","2580573","","Chemical manufacturing — 2022 EPA GHG Reporter. NAICS 325199. Pre-qualified high-energy solar candidate."
"Iff Chemical Holdings Inc","Jacksonville","FL","epa_ghgrp","epa-1007956","333","Heavy Manufacturing","80","high","corporate","direct_purchase","industrial_shift","1140","1717661","206119","5.5","2580573","","Chemical manufacturing — 2022 EPA GHG Reporter. NAICS 325199. Pre-qualified high-energy solar candidate."
"Taminco Us Llc","Pace","FL","epa_ghgrp","epa-1008023","333","Heavy Manufacturing","80","high","corporate","direct_purchase","industrial_shift","1140","1717661","206119","5.5","2580573","","Chemical manufacturing — 2022 EPA GHG Reporter. NAICS 325199. Pre-qualified high-energy solar candidate."
"Mosaic Bartow Facility","Bartow","FL","epa_ghgrp","epa-1009708","333","Heavy Manufacturing","80","high","corporate","direct_purchase","industrial_shift","1140","1717661","206119","5.5","2580573","","Chemical manufacturing — 2022 EPA GHG Reporter. NAICS 325312. Pre-qualified high-energy solar candidate."
"Mosaic New Wales Facility","Mulberry","FL","epa_ghgrp","epa-1009709","333","Heavy Manufacturing","80","high","corporate","direct_purchase","industrial_shift","1140","1717661","206119","5.5","2580573","","Chemical manufacturing — 2022 EPA GHG Reporter. NAICS 325312. Pre-qualified high-energy solar candidate."
"Mosaic South Pierce Facility","Mulberry","FL","epa_ghgrp","epa-1009710","333","Heavy Manufacturing","80","high","corporate","direct_purchase","industrial_shift","1140","1717661","206119","5.5","2580573","","Chemical manufacturing — 2022 EPA GHG Reporter. NAICS 325312. Pre-qualified high-energy solar candidate."
"Mosaic Riverview Facility","Riverview","FL","epa_ghgrp","epa-1009711","333","Heavy Manufacturing","80","high","corporate","direct_purchase","industrial_shift","1140","1717661","206119","5.5","2580573","","Chemical manufacturing — 2022 EPA GHG Reporter. NAICS 325312. Pre-qualified high-energy solar candidate."
"Mosaic Greenbay Facility","Bartow","FL","epa_ghgrp","epa-1010755","333","Heavy Manufacturing","80","high","corporate","direct_purchase","industrial_shift","1140","1717661","206119","5.5","2580573","","Chemical manufacturing — 2022 EPA GHG Reporter. NAICS 325312. Pre-qualified high-energy solar candidate."
"Carrier Corporation","Palm Beach Gardens","FL","epa_ghgrp","epa-1011406","333","Heavy Manufacturing","80","high","corporate","direct_purchase","industrial_shift","1140","1717661","206119","5.5","2580573","","Heavy manufacturing — 2022 EPA GHG Reporter. NAICS 333415. Pre-qualified high-energy solar candidate."
"Renesas Electronics America Inc.","Palm Bay","FL","epa_ghgrp","epa-1011887","333","Heavy Manufacturing","80","high","corporate","direct_purchase","industrial_shift","1140","1717661","206119","5.5","2580573","","Heavy manufacturing — 2022 EPA GHG Reporter. NAICS 334413. Pre-qualified high-energy solar candidate."
"Hydro Extrusion Usa Llc","St. Augustine","FL","epa_ghgrp","epa-1013130","333","Heavy Manufacturing","80","high","corporate","direct_purchase","industrial_shift","1140","1717661","206119","5.5","2580573","","Heavy manufacturing — 2022 EPA GHG Reporter. NAICS 331314. Pre-qualified high-energy solar candidate."
"Nucor Steel Florida Inc.","Frostproof","FL","epa_ghgrp","epa-1013487","333","Heavy Manufacturing","80","high","corporate","direct_purchase","industrial_shift","1140","1717661","206119","5.5","2580573","","Heavy manufacturing — 2022 EPA GHG Reporter. NAICS 331110. Pre-qualified high-energy solar candidate."
"Sugar Cane Growers Cooperative Of Florida","Belle Glade","FL","epa_ghgrp","epa-1014109","333","Heavy Manufacturing","80","high","corporate","direct_purchase","industrial_shift","1140","1717661","206119","5.5","2580573","","Food manufacturing — 2022 EPA GHG Reporter. NAICS 311314. Pre-qualified high-energy solar candidate."
"Lane Construction","Tampa","FL","osm_industrial","osm-1173515334","333","Heavy Manufacturing","80","high","corporate","direct_purchase","industrial_shift","1140","1717661","206119","5.5","2580573","","Asphalt_plant building. Roof-suitable for rooftop PV. Verify ownership + contact before outreach."
"Titan America","Tampa","FL","osm_industrial","osm-1173515336","333","Heavy Manufacturing","80","high","corporate","direct_purchase","industrial_shift","1140","1717661","206119","5.5","2580573","","Concrete_plant building. Roof-suitable for rooftop PV. Verify ownership + contact before outreach."
"Cemex","Jacksonville","FL","osm_industrial","osm-882170649","333","Heavy Manufacturing","80","high","corporate","direct_purchase","industrial_shift","1140","1717661","206119","5.5","2580573","","Manufacturing building. Roof-suitable for rooftop PV. Verify ownership + contact before outreach."
"Canam Steel","Jacksonville","FL","osm_industrial","osm-884794728","333","Heavy Manufacturing","80","high","corporate","direct_purchase","industrial_shift","1140","1717661","206119","5.5","2580573","","Manufacturing building. Roof-suitable for rooftop PV. Verify ownership + contact before outreach."
"Jacksonville Marine Manufacturing","Jacksonville","FL","auto_seed","solar-019","333","Heavy Manufacturing","80","high","corporate","direct_purchase","industrial_shift","1140","1717661","206119","5.5","2580573","","110,000 sqft boat manufacturer"
"Santa Rosa Central Landfill","Milton","FL","epa_ghgrp","epa-1000010","","","","","","","","600","904032","108484","6.1","1295622","","Industrial facility — 2022 EPA GHG Reporter. NAICS 562212. Pre-qualified high-energy solar candidate."
"City Of Tallahassee Natural Gas Utility","Tallahassee","FL","epa_ghgrp","epa-1000054","","","","","","","","600","904032","108484","6.1","1295622","","Power generation — 2022 EPA GHG Reporter. NAICS 221210. Pre-qualified high-energy solar candidate."
"Springhill","Springhill","FL","epa_ghgrp","epa-1000083","","","","","","","","600","904032","108484","6.1","1295622","","Power generation — 2022 EPA GHG Reporter. NAICS 221210. Pre-qualified high-energy solar candidate."
"Seminole (136)","Palatka","FL","epa_ghgrp","epa-1000084","","","","","","","","600","904032","108484","6.1","1295622","","Power generation — 2022 EPA GHG Reporter. NAICS 221112. Pre-qualified high-energy solar candidate."
"Osprey Energy Center","Auburndale","FL","epa_ghgrp","epa-1000107","","","","","","","","600","904032","108484","6.1","1295622","","Power generation — 2022 EPA GHG Reporter. NAICS 221112. Pre-qualified high-energy solar candidate."
"Midulla Generating Station","Bowling Green","FL","epa_ghgrp","epa-1000110","","","","","","","","600","904032","108484","6.1","1295622","","Power generation — 2022 EPA GHG Reporter. NAICS 221112. Pre-qualified high-energy solar candidate."
"Osceola","Saint Cloud","FL","epa_ghgrp","epa-1000115","","","","","","","","600","904032","108484","6.1","1295622","","Power generation — 2022 EPA GHG Reporter. NAICS 221112. Pre-qualified high-energy solar candidate."
"Lake County Central Phase I Landfill","Tavares","FL","epa_ghgrp","epa-1000176","","","","","","","","600","904032","108484","6.1","1295622","","Industrial facility — 2022 EPA GHG Reporter. NAICS 562212. Pre-qualified high-energy solar candidate."
"International Paper - Pensacola Mill","Cantonment","FL","epa_ghgrp","epa-1000196","","","","","","","","600","904032","108484","6.1","1295622","","Pulp & paper — 2022 EPA GHG Reporter. NAICS 322130. Pre-qualified high-energy solar candidate."
"Okaloosa Gas District","Valparaiso","FL","epa_ghgrp","epa-1000205","","","","","","","","600","904032","108484","6.1","1295622","","Power generation — 2022 EPA GHG Reporter. NAICS 221210. Pre-qualified high-energy solar candidate."
"Pine Ridge Recycling & Disposal","Winter Garden","FL","epa_ghgrp","epa-1000218","","","","","","","","600","904032","108484","6.1","1295622","","Industrial facility — 2022 EPA GHG Reporter. NAICS 562212. Pre-qualified high-energy solar candidate."
"Foley Cellulose, Llc","Perry","FL","epa_ghgrp","epa-1000345","","","","","","","","600","904032","108484","6.1","1295622","","Pulp & paper — 2022 EPA GHG Reporter. NAICS 322110. Pre-qualified high-energy solar candidate."
"Osceola Landfill","Geneva","FL","epa_ghgrp","epa-1000349","","","","","","","","600","904032","108484","6.1","1295622","","Industrial facility — 2022 EPA GHG Reporter. NAICS 562212. Pre-qualified high-energy solar candidate."
"University Of Florida Cogeneration Plant","Gainesville","FL","epa_ghgrp","epa-1000402","","","","","","","","600","904032","108484","6.1","1295622","","Power generation — 2022 EPA GHG Reporter. NAICS 221112. Pre-qualified high-energy solar candidate."
"Florida Power Development","Brooksville","FL","epa_ghgrp","epa-1000492","","","","","","","","600","904032","108484","6.1","1295622","","Power generation — 2022 EPA GHG Reporter. NAICS 221112. Pre-qualified high-energy solar candidate."
"Cedar Bay Generating Co. Lp","Jacksonville","FL","epa_ghgrp","epa-1000496","","","","","","","","600","904032","108484","6.1","1295622","","Power generation — 2022 EPA GHG Reporter. NAICS 221112. Pre-qualified high-energy solar candidate."
"Indiantown Cogeneration, Lp","Indiantown","FL","epa_ghgrp","epa-1000505","","","","","","","","600","904032","108484","6.1","1295622","","Power generation — 2022 EPA GHG Reporter. NAICS 221112. Pre-qualified high-energy solar candidate."
"Roy E Hansel Power Plant","Kissimmee","FL","epa_ghgrp","epa-1000532","","","","","","","","600","904032","108484","6.1","1295622","","Power generation — 2022 EPA GHG Reporter. NAICS 221112. Pre-qualified high-energy solar candidate."
"Suwannee American Cement","Branford","FL","epa_ghgrp","epa-1000533","","","","","","","","600","904032","108484","6.1","1295622","","Cement / glass — 2022 EPA GHG Reporter. NAICS 327310. Pre-qualified high-energy solar candidate."
"Greenland Energy Center","Jacksonville","FL","epa_ghgrp","epa-1000544","","","","","","","","600","904032","108484","6.1","1295622","","Power generation — 2022 EPA GHG Reporter. NAICS 221112. Pre-qualified high-energy solar candidate."
"Auburndale Peaker Energy Center","Auburndale","FL","epa_ghgrp","epa-1000551","","","","","","","","600","904032","108484","6.1","1295622","","Power generation — 2022 EPA GHG Reporter. NAICS 221112. Pre-qualified high-energy solar candidate."
"Vandolah Power Project","Wauchula","FL","epa_ghgrp","epa-1000814","","","","","","","","600","904032","108484","6.1","1295622","","Power generation — 2022 EPA GHG Reporter. NAICS 221112. Pre-qualified high-energy solar candidate."
"Wheelabrator Ridge Energy Inc.","Auburndale","FL","epa_ghgrp","epa-1001000","","","","","","","","600","904032","108484","6.1","1295622","","Power generation — 2022 EPA GHG Reporter. NAICS 221117. Pre-qualified high-energy solar candidate."
"Martin","Indiantown","FL","epa_ghgrp","epa-1001013","","","","","","","","600","904032","108484","6.1","1295622","","Power generation — 2022 EPA GHG Reporter. NAICS 221112. Pre-qualified high-energy solar candidate."
"Debary Power Plant","Debary","FL","epa_ghgrp","epa-1001014","","","","","","","","600","904032","108484","6.1","1295622","","Power generation — 2022 EPA GHG Reporter. NAICS 221112. Pre-qualified high-energy solar candidate."
"Stock Island","Stock Island","FL","epa_ghgrp","epa-1001058","","","","","","","","600","904032","108484","6.1","1295622","","Power generation — 2022 EPA GHG Reporter. NAICS 221112. Pre-qualified high-energy solar candidate."
"Energy Services Of Pensacola","Pensacola","FL","epa_ghgrp","epa-1001088","","","","","","","","600","904032","108484","6.1","1295622","","Power generation — 2022 EPA GHG Reporter. NAICS 221210. Pre-qualified high-energy solar candidate."
"Cane Island","Intercession City","FL","epa_ghgrp","epa-1001098","","","","","","","","600","904032","108484","6.1","1295622","","Power generation — 2022 EPA GHG Reporter. NAICS 221112. Pre-qualified high-energy solar candidate."
"Polk","Mulberry","FL","epa_ghgrp","epa-1001100","","","","","","","","600","904032","108484","6.1","1295622","","Power generation — 2022 EPA GHG Reporter. NAICS 221112. Pre-qualified high-energy solar candidate."
"Hines Energy Complex","Bartow","FL","epa_ghgrp","epa-1001112","","","","","","","","600","904032","108484","6.1","1295622","","Power generation — 2022 EPA GHG Reporter. NAICS 221112. Pre-qualified high-energy solar candidate."
"Tiger Bay Cogeneration Facility","Fort Meade","FL","epa_ghgrp","epa-1001137","","","","","","","","600","904032","108484","6.1","1295622","","Power generation — 2022 EPA GHG Reporter. NAICS 221112. Pre-qualified high-energy solar candidate."
"Brandy Branch","Baldwin","FL","epa_ghgrp","epa-1001167","","","","","","","","600","904032","108484","6.1","1295622","","Power generation — 2022 EPA GHG Reporter. NAICS 221112. Pre-qualified high-energy solar candidate."
"Bayside Power Station","Tampa","FL","epa_ghgrp","epa-1001172","","","","","","","","600","904032","108484","6.1","1295622","","Power generation — 2022 EPA GHG Reporter. NAICS 221112. Pre-qualified high-energy solar candidate."
"Intercession City Power Plant","Intercession City","FL","epa_ghgrp","epa-1001188","","","","","","","","600","904032","108484","6.1","1295622","","Power generation — 2022 EPA GHG Reporter. NAICS 221112. Pre-qualified high-energy solar candidate."
"Hardee Power Station","Bowling Green","FL","epa_ghgrp","epa-1001254","","","","","","","","600","904032","108484","6.1","1295622","","Power generation — 2022 EPA GHG Reporter. NAICS 221112. Pre-qualified high-energy solar candidate."
"Orange Cogeneration Facility","Bartow","FL","epa_ghgrp","epa-1001272","","","","","","","","600","904032","108484","6.1","1295622","","Power generation — 2022 EPA GHG Reporter. NAICS 221112. Pre-qualified high-energy solar candidate."
"Lake Cogeneration","Umatilla","FL","epa_ghgrp","epa-1001273","","","","","","","","600","904032","108484","6.1","1295622","","Power generation — 2022 EPA GHG Reporter. NAICS 221112. Pre-qualified high-energy solar candidate."
"Quantum Pasco Power","Dade City","FL","epa_ghgrp","epa-1001274","","","","","","","","600","904032","108484","6.1","1295622","","Power generation — 2022 EPA GHG Reporter. NAICS 221112. Pre-qualified high-energy solar candidate."
"Mulberry Cogeneration Facility","Bartow","FL","epa_ghgrp","epa-1001275","","","","","","","","600","904032","108484","6.1","1295622","","Power generation — 2022 EPA GHG Reporter. NAICS 221112. Pre-qualified high-energy solar candidate."
"Orlando Cogen","Orlando","FL","epa_ghgrp","epa-1001276","","","","","","","","600","904032","108484","6.1","1295622","","Power generation — 2022 EPA GHG Reporter. NAICS 221112. Pre-qualified high-energy solar candidate."
"Indian River (55318)","Titusville","FL","epa_ghgrp","epa-1001411","","","","","","","","600","904032","108484","6.1","1295622","","Power generation — 2022 EPA GHG Reporter. NAICS 221112. Pre-qualified high-energy solar candidate."
"Curtis H. Stanton Energy Center","Orlando","FL","epa_ghgrp","epa-1001472","","","","","","","","600","904032","108484","6.1","1295622","","Power generation — 2022 EPA GHG Reporter. NAICS 221112. Pre-qualified high-energy solar candidate."
"Cutler","Miami","FL","epa_ghgrp","epa-1001482","","","","","","","","600","904032","108484","6.1","1295622","","Power generation — 2022 EPA GHG Reporter. NAICS 221112. Pre-qualified high-energy solar candidate."
"Fort Myers","Fort Myers","FL","epa_ghgrp","epa-1001483","","","","","","","","600","904032","108484","6.1","1295622","","Power generation — 2022 EPA GHG Reporter. NAICS 221112. Pre-qualified high-energy solar candidate."
"Port Everglades","Fort Lauderdale","FL","epa_ghgrp","epa-1001484","","","","","","","","600","904032","108484","6.1","1295622","","Power generation — 2022 EPA GHG Reporter. NAICS 221112. Pre-qualified high-energy solar candidate."
"Riviera","Riviera Beach","FL","epa_ghgrp","epa-1001485","","","","","","","","600","904032","108484","6.1","1295622","","Power generation — 2022 EPA GHG Reporter. NAICS 221112. Pre-qualified high-energy solar candidate."
"Crystal River Power Plant","Crystal River","FL","epa_ghgrp","epa-1001487","","","","","","","","600","904032","108484","6.1","1295622","","Power generation — 2022 EPA GHG Reporter. NAICS 221112. Pre-qualified high-energy solar candidate."
"P L Bartow Power Plant","Saint Petersburg","FL","epa_ghgrp","epa-1001489","","","","","","","","600","904032","108484","6.1","1295622","","Power generation — 2022 EPA GHG Reporter. NAICS 221112. Pre-qualified high-energy solar candidate."
"Suwannee River Power Plant","Live Oak","FL","epa_ghgrp","epa-1001490","","","","","","","","600","904032","108484","6.1","1295622","","Power generation — 2022 EPA GHG Reporter. NAICS 221112. Pre-qualified high-energy solar candidate."
"Lansing Smith Generating Plant","Southport","FL","epa_ghgrp","epa-1001491","","","","","","","","600","904032","108484","6.1","1295622","","Power generation — 2022 EPA GHG Reporter. NAICS 221112. Pre-qualified high-energy solar candidate."
"Big Bend","Apollo Beach","FL","epa_ghgrp","epa-1001492","","","","","","","","600","904032","108484","6.1","1295622","","Power generation — 2022 EPA GHG Reporter. NAICS 221112. Pre-qualified high-energy solar candidate."
"Deerhaven","Gainesville","FL","epa_ghgrp","epa-1001495","","","","","","","","600","904032","108484","6.1","1295622","","Power generation — 2022 EPA GHG Reporter. NAICS 221112. Pre-qualified high-energy solar candidate."
"J R Kelly","Gainesville","FL","epa_ghgrp","epa-1001496","","","","","","","","600","904032","108484","6.1","1295622","","Power generation — 2022 EPA GHG Reporter. NAICS 221112. Pre-qualified high-energy solar candidate."
"J D Kennedy","Jacksonville","FL","epa_ghgrp","epa-1001497","","","","","","","","600","904032","108484","6.1","1295622","","Power generation — 2022 EPA GHG Reporter. NAICS 221112. Pre-qualified high-energy solar candidate."
"Northside","Jacksonville","FL","epa_ghgrp","epa-1001498","","","","","","","","600","904032","108484","6.1","1295622","","Power generation — 2022 EPA GHG Reporter. NAICS 221112. Pre-qualified high-energy solar candidate."
"Charles Larsen Memorial Power Plant","Lakeland","FL","epa_ghgrp","epa-1001499","","","","","","","","600","904032","108484","6.1","1295622","","Power generation — 2022 EPA GHG Reporter. NAICS 221112. Pre-qualified high-energy solar candidate."
"C D Mcintosh Jr Power Plant","Lakeland","FL","epa_ghgrp","epa-1001500","","","","","","","","600","904032","108484","6.1","1295622","","Power generation — 2022 EPA GHG Reporter. NAICS 221112. Pre-qualified high-energy solar candidate."
"S O Purdom","St Marks","FL","epa_ghgrp","epa-1001501","","","","","","","","600","904032","108484","6.1","1295622","","Power generation — 2022 EPA GHG Reporter. NAICS 221112. Pre-qualified high-energy solar candidate."
"Vero Beach Municipal","Vero Beach","FL","epa_ghgrp","epa-1001502","","","","","","","","600","904032","108484","6.1","1295622","","Power generation — 2022 EPA GHG Reporter. NAICS 221112. Pre-qualified high-energy solar candidate."
"Lantana Landfill (Park Ridge Golf Course)","Lake Worth","FL","epa_ghgrp","epa-1001668","","","","","","","","600","904032","108484","6.1","1295622","","Industrial facility — 2022 EPA GHG Reporter. NAICS 562212. Pre-qualified high-energy solar candidate."
"Pinellas County Resource Recovery","St. Petersburg","FL","epa_ghgrp","epa-1001884","","","","","","","","600","904032","108484","6.1","1295622","","Industrial facility — 2022 EPA GHG Reporter. NAICS 562213. Pre-qualified high-energy solar candidate."
"Rayonier Performance Fibers Llc Fernandina Mill","Fernandina Beach","FL","epa_ghgrp","epa-1001906","","","","","","","","600","904032","108484","6.1","1295622","","Pulp & paper — 2022 EPA GHG Reporter. NAICS 322110. Pre-qualified high-energy solar candidate."
"Charlotte Co.Board Of Co.Commisioners","Punta Gorda","FL","epa_ghgrp","epa-1001909","","","","","","","","600","904032","108484","6.1","1295622","","Industrial facility — 2022 EPA GHG Reporter. NAICS 562212. Pre-qualified high-energy solar candidate."
"Hernando County Nw Landfill","Brooksville","FL","epa_ghgrp","epa-1002008","","","","","","","","600","904032","108484","6.1","1295622","","Industrial facility — 2022 EPA GHG Reporter. NAICS 562212. Pre-qualified high-energy solar candidate."
"Certainteed Gypsum Palatka, Llc.","Palatka","FL","epa_ghgrp","epa-1002012","","","","","","","","600","904032","108484","6.1","1295622","","Cement / glass — 2022 EPA GHG Reporter. NAICS 327420. Pre-qualified high-energy solar candidate."
"Us Gypsum - Jacksonville Plant","Jacksonville","FL","epa_ghgrp","epa-1002245","","","","","","","","600","904032","108484","6.1","1295622","","Cement / glass — 2022 EPA GHG Reporter. NAICS 327420. Pre-qualified high-energy solar candidate."
"Lee County Solid Waste Resource Recovery Facility","Fort Myers","FL","epa_ghgrp","epa-1002268","","","","","","","","600","904032","108484","6.1","1295622","","Industrial facility — 2022 EPA GHG Reporter. NAICS 562213. Pre-qualified high-energy solar candidate."
"Westrock Cp, Llc - Fernandina Beach Mill (Formerly Smurfit-Stone)","Fernandina Beach","FL","epa_ghgrp","epa-1002272","","","","","","","","600","904032","108484","6.1","1295622","","Pulp & paper — 2022 EPA GHG Reporter. NAICS 322130. Pre-qualified high-energy solar candidate."
"Gainesville Regional Utilities, South Energy Center","Gainesville","FL","epa_ghgrp","epa-1002404","","","","","","","","600","904032","108484","6.1","1295622","","Power generation — 2022 EPA GHG Reporter. NAICS 221112. Pre-qualified high-energy solar candidate."
"Pea Ridge","Pace","FL","epa_ghgrp","epa-1002500","","","","","","","","600","904032","108484","6.1","1295622","","Power generation — 2022 EPA GHG Reporter. NAICS 221112. Pre-qualified high-energy solar candidate."
"Indian River County Landfill","Vero Beach","FL","epa_ghgrp","epa-1002588","","","","","","","","600","904032","108484","6.1","1295622","","Industrial facility — 2022 EPA GHG Reporter. NAICS 562212. Pre-qualified high-energy solar candidate."
"Florida Gas Transmission Company - Brooker","Brooker","FL","epa_ghgrp","epa-1002780","","","","","","","","600","904032","108484","6.1","1295622","","Industrial facility — 2022 EPA GHG Reporter. NAICS 486210. Pre-qualified high-energy solar candidate."
"Florida Gas Transmission Company - Carryville","Caryville","FL","epa_ghgrp","epa-1002781","","","","","","","","600","904032","108484","6.1","1295622","","Industrial facility — 2022 EPA GHG Reporter. NAICS 486210. Pre-qualified high-energy solar candidate."
"Florida Gas Transmission Company - Fort Pierce","Ft Pierce","FL","epa_ghgrp","epa-1002783","","","","","","","","600","904032","108484","6.1","1295622","","Industrial facility — 2022 EPA GHG Reporter. NAICS 486210. Pre-qualified high-energy solar candidate."
"Treasure Coast Energy Center","Fort Pierce","FL","epa_ghgrp","epa-1002818","","","","","","","","600","904032","108484","6.1","1295622","","Power generation — 2022 EPA GHG Reporter. NAICS 221112. Pre-qualified high-energy solar candidate."
"Florida Gas Transmission Company - Lecanto","Lecanto","FL","epa_ghgrp","epa-1002825","","","","","","","","600","904032","108484","6.1","1295622","","Industrial facility — 2022 EPA GHG Reporter. NAICS 486210. Pre-qualified high-energy solar candidate."
"Florida Gas Transmission Company - Melbourne","West Melbourne","FL","epa_ghgrp","epa-1002826","","","","","","","","600","904032","108484","6.1","1295622","","Industrial facility — 2022 EPA GHG Reporter. NAICS 486210. Pre-qualified high-energy solar candidate."
"Florida Gas Transmission Company - Munson","Milton","FL","epa_ghgrp","epa-1002837","","","","","","","","600","904032","108484","6.1","1295622","","Industrial facility — 2022 EPA GHG Reporter. NAICS 486210. Pre-qualified high-energy solar candidate."
"Florida Gas Transmission Company - Orlando","Orlando","FL","epa_ghgrp","epa-1002838","","","","","","","","600","904032","108484","6.1","1295622","","Industrial facility — 2022 EPA GHG Reporter. NAICS 486210. Pre-qualified high-energy solar candidate."
"Florida Gas Transmission Company - Perry Station","Perry","FL","epa_ghgrp","epa-1002841","","","","","","","","600","904032","108484","6.1","1295622","","Industrial facility — 2022 EPA GHG Reporter. NAICS 486210. Pre-qualified high-energy solar candidate."
"Florida Gas Transmission Company - Quincy","Quincy","FL","epa_ghgrp","epa-1002844","","","","","","","","600","904032","108484","6.1","1295622","","Industrial facility — 2022 EPA GHG Reporter. NAICS 486210. Pre-qualified high-energy solar candidate."
"Central County Solid Waste Disposal Complex","Nokomis","FL","epa_ghgrp","epa-1002899","","","","","","","","600","904032","108484","6.1","1295622","","Industrial facility — 2022 EPA GHG Reporter. NAICS 562212. Pre-qualified high-energy solar candidate."
"Bee Ridge Landfill","Sarasota","FL","epa_ghgrp","epa-1002901","","","","","","","","600","904032","108484","6.1","1295622","","Industrial facility — 2022 EPA GHG Reporter. NAICS 562212. Pre-qualified high-energy solar candidate."
"Lee/Hendry County Regional Solid Waste Disposal Facility","Felda","FL","epa_ghgrp","epa-1002990","","","","","","","","600","904032","108484","6.1","1295622","","Industrial facility — 2022 EPA GHG Reporter. NAICS 562212. Pre-qualified high-energy solar candidate."
"City Of Leesburg Gas Ldc","Leesburg","FL","epa_ghgrp","epa-1003030","","","","","","","","600","904032","108484","6.1","1295622","","Power generation — 2022 EPA GHG Reporter. NAICS 221210. Pre-qualified high-energy solar candidate."
"Gold Bond - Apl Plant","Gibsonton","FL","epa_ghgrp","epa-1003042","","","","","","","","600","904032","108484","6.1","1295622","","Cement / glass — 2022 EPA GHG Reporter. NAICS 327420. Pre-qualified high-energy solar candidate."
"Fpl Transmission And Distribution System","Riviera Beach","FL","epa_ghgrp","epa-1003060","","","","","","","","600","904032","108484","6.1","1295622","","Power generation — 2022 EPA GHG Reporter. NAICS 221121. Pre-qualified high-energy solar candidate."
"Florida Gas Transmission Company - Trenton","Trenton","FL","epa_ghgrp","epa-1003148","","","","","","","","600","904032","108484","6.1","1295622","","Industrial facility — 2022 EPA GHG Reporter. NAICS 486210. Pre-qualified high-energy solar candidate."
"Florida Gas Transmission Company - W Palm","West Palm Beach","FL","epa_ghgrp","epa-1003189","","","","","","","","600","904032","108484","6.1","1295622","","Industrial facility — 2022 EPA GHG Reporter. NAICS 486210. Pre-qualified high-energy solar candidate."
"Covanta Lake Ii Inc","Okahumpka","FL","epa_ghgrp","epa-1003242","","","","","","","","600","904032","108484","6.1","1295622","","Industrial facility — 2022 EPA GHG Reporter. NAICS 562213. Pre-qualified high-energy solar candidate."
"Pcsw Resource Recovery Facility","Spring Hill","FL","epa_ghgrp","epa-1003243","","","","","","","","600","904032","108484","6.1","1295622","","Industrial facility — 2022 EPA GHG Reporter. NAICS 562213. Pre-qualified high-energy solar candidate."
"Brooksville South Cement Plant","Brooksville","FL","epa_ghgrp","epa-1003303","","","","","","","","600","904032","108484","6.1","1295622","","Cement / glass — 2022 EPA GHG Reporter. NAICS 327310. Pre-qualified high-energy solar candidate."
"Winfield Solid Waste Facility","Lake City","FL","epa_ghgrp","epa-1003536","","","","","","","","600","904032","108484","6.1","1295622","","Industrial facility — 2022 EPA GHG Reporter. NAICS 562212. Pre-qualified high-energy solar candidate."
"Broward County Landfill","Fort Lauderdale","FL","epa_ghgrp","epa-1003543","","","","","","","","600","904032","108484","6.1","1295622","","Industrial facility — 2022 EPA GHG Reporter. NAICS 562212. Pre-qualified high-energy solar candidate."
"Southeast County Landfill","Lithia","FL","epa_ghgrp","epa-1003560","","","","","","","","600","904032","108484","6.1","1295622","","Industrial facility — 2022 EPA GHG Reporter. NAICS 562212. Pre-qualified high-energy solar candidate."
"Okeechobee Landfill","Okeechobee","FL","epa_ghgrp","epa-1003619","","","","","","","","600","904032","108484","6.1","1295622","","Industrial facility — 2022 EPA GHG Reporter. NAICS 562212. Pre-qualified high-energy solar candidate."
"East Duval Slf (Greenfield Creek)","Jacksonville","FL","epa_ghgrp","epa-1003723","","","","","","","","600","904032","108484","6.1","1295622","","Industrial facility — 2022 EPA GHG Reporter. NAICS 562212. Pre-qualified high-energy solar candidate."
"Florida Gas Transmission Company - Silver Springs","Silver Springs","FL","epa_ghgrp","epa-1003725","","","","","","","","600","904032","108484","6.1","1295622","","Industrial facility — 2022 EPA GHG Reporter. NAICS 486210. Pre-qualified high-energy solar candidate."
"Florida Gas Transmission Company - Thonotosassa","Thonotosassa","FL","epa_ghgrp","epa-1003729","","","","","","","","600","904032","108484","6.1","1295622","","Industrial facility — 2022 EPA GHG Reporter. NAICS 486210. Pre-qualified high-energy solar candidate."
"Brooksville North Cement Plant","Brooksville","FL","epa_ghgrp","epa-1003872","","","","","","","","600","904032","108484","6.1","1295622","","Cement / glass — 2022 EPA GHG Reporter. NAICS 327310. Pre-qualified high-energy solar candidate."
"Suwannee American Cement Company, Llc","Sumterville","FL","epa_ghgrp","epa-1003883","","","","","","","","600","904032","108484","6.1","1295622","","Cement / glass — 2022 EPA GHG Reporter. NAICS 327310. Pre-qualified high-energy solar candidate."
"Citrus Co Central Landfill","Lecanto","FL","epa_ghgrp","epa-1003957","","","","","","","","600","904032","108484","6.1","1295622","","Industrial facility — 2022 EPA GHG Reporter. NAICS 562212. Pre-qualified high-energy solar candidate."
"Wheelabrator North Broward","Pompano Beach","FL","epa_ghgrp","epa-1004185","","","","","","","","600","904032","108484","6.1","1295622","","Industrial facility — 2022 EPA GHG Reporter. NAICS 562213. Pre-qualified high-energy solar candidate."
"Florida City Gas","Rockledge","FL","epa_ghgrp","epa-1004229","","","","","","","","600","904032","108484","6.1","1295622","","Power generation — 2022 EPA GHG Reporter. NAICS 221210. Pre-qualified high-energy solar candidate."
"Hillsborough Heights Lf","Seffner","FL","epa_ghgrp","epa-1004278","","","","","","","","600","904032","108484","6.1","1295622","","Industrial facility — 2022 EPA GHG Reporter. NAICS 562212. Pre-qualified high-energy solar candidate."
"Tom G.Smith Power Plant","Lake Worth","FL","epa_ghgrp","epa-1004420","","","","","","","","600","904032","108484","6.1","1295622","","Industrial facility — 2022 EPA GHG Reporter. NAICS 237130. Pre-qualified high-energy solar candidate."
"Jea Transmission & Distribution System","Jacksonville","FL","epa_ghgrp","epa-1004443","","","","","","","","600","904032","108484","6.1","1295622","","Power generation — 2022 EPA GHG Reporter. NAICS 221122. Pre-qualified high-energy solar candidate."
"Wheelabrator South Broward, Inc - Resource Recovery Facility","Ft. Lauderdale","FL","epa_ghgrp","epa-1004531","","","","","","","","600","904032","108484","6.1","1295622","","Industrial facility — 2022 EPA GHG Reporter. NAICS 562213. Pre-qualified high-energy solar candidate."
"Mckay Bay Facility","Tampa","FL","epa_ghgrp","epa-1004572","","","","","","","","600","904032","108484","6.1","1295622","","Industrial facility — 2022 EPA GHG Reporter. NAICS 562213. Pre-qualified high-energy solar candidate."
"Bay County Waste - To - Energy Facility","Panama City","FL","epa_ghgrp","epa-1004618","","","","","","","","600","904032","108484","6.1","1295622","","Industrial facility — 2022 EPA GHG Reporter. NAICS 562213. Pre-qualified high-energy solar candidate."
"58th St Lf (Main County Lf)","Miami","FL","epa_ghgrp","epa-1004680","","","","","","","","600","904032","108484","6.1","1295622","","Industrial facility — 2022 EPA GHG Reporter. NAICS 562212. Pre-qualified high-energy solar candidate."
"South Dade Solid Waste Disposal Facility","Goulds","FL","epa_ghgrp","epa-1004682","","","","","","","","600","904032","108484","6.1","1295622","","Industrial facility — 2022 EPA GHG Reporter. NAICS 562212. Pre-qualified high-energy solar candidate."
"Cedar Trails Class Iii","Bartow","FL","epa_ghgrp","epa-1004750","","","","","","","","600","904032","108484","6.1","1295622","","Industrial facility — 2022 EPA GHG Reporter. NAICS 562212. Pre-qualified high-energy solar candidate."
"J.E.D. Solid Waste Management Facility","St. Cloud","FL","epa_ghgrp","epa-1004752","","","","","","","","600","904032","108484","6.1","1295622","","Industrial facility — 2022 EPA GHG Reporter. NAICS 562212. Pre-qualified high-energy solar candidate."
"Cemex Miami","Miami","FL","epa_ghgrp","epa-1004758","","","","","","","","600","904032","108484","6.1","1295622","","Cement / glass — 2022 EPA GHG Reporter. NAICS 327310. Pre-qualified high-energy solar candidate."
"Lena Road Class I Landfill","Bradenton","FL","epa_ghgrp","epa-1004913","","","","","","","","600","904032","108484","6.1","1295622","","Industrial facility — 2022 EPA GHG Reporter. NAICS 562212. Pre-qualified high-energy solar candidate."
"Anchor Glass Container Corporation. - Plant 07","Jacksonville","FL","epa_ghgrp","epa-1004941","","","","","","","","600","904032","108484","6.1","1295622","","Cement / glass — 2022 EPA GHG Reporter. NAICS 327213. Pre-qualified high-energy solar candidate."
"Brevard Co Board Of County Commissioners","Cocoa","FL","epa_ghgrp","epa-1005023","","","","","","","","600","904032","108484","6.1","1295622","","Industrial facility — 2022 EPA GHG Reporter. NAICS 562212. Pre-qualified high-energy solar candidate."
"Southport Road Slf","Kissimmee","FL","epa_ghgrp","epa-1005089","","","","","","","","600","904032","108484","6.1","1295622","","Industrial facility — 2022 EPA GHG Reporter. NAICS 562212. Pre-qualified high-energy solar candidate."
"Volusia Solid Waste Management Division","Port Orange","FL","epa_ghgrp","epa-1005328","","","","","","","","600","904032","108484","6.1","1295622","","Industrial facility — 2022 EPA GHG Reporter. NAICS 562212. Pre-qualified high-energy solar candidate."
"Argos Cement Llc","Newberry","FL","epa_ghgrp","epa-1005458","","","","","","","","600","904032","108484","6.1","1295622","","Cement / glass — 2022 EPA GHG Reporter. NAICS 327310. Pre-qualified high-energy solar candidate."
"New River Solid Waste Association","Raiford","FL","epa_ghgrp","epa-1005630","","","","","","","","600","904032","108484","6.1","1295622","","Industrial facility — 2022 EPA GHG Reporter. NAICS 562212. Pre-qualified high-energy solar candidate."
"Perdido Landfill Construction - Phase 5","Cantonment","FL","epa_ghgrp","epa-1005656","","","","","","","","600","904032","108484","6.1","1295622","","Industrial facility — 2022 EPA GHG Reporter. NAICS 562212. Pre-qualified high-energy solar candidate."
"Florida State University","Tallahassee","FL","epa_ghgrp","epa-1005785","","","","","","","","600","904032","108484","6.1","1295622","","Industrial facility — 2022 EPA GHG Reporter. NAICS 611310. Pre-qualified high-energy solar candidate."
"Aucilla Area Solid Waste Facility","Greenville","FL","epa_ghgrp","epa-1005810","","","","","","","","600","904032","108484","6.1","1295622","","Industrial facility — 2022 EPA GHG Reporter. NAICS 562212. Pre-qualified high-energy solar candidate."
"Lake Apopka Natural Gas District","Winter Garden","FL","epa_ghgrp","epa-1005876","","","","","","","","600","904032","108484","6.1","1295622","","Power generation — 2022 EPA GHG Reporter. NAICS 221210. Pre-qualified high-energy solar candidate."
"Hillsborough County Resource Recovery Facility","Tampa","FL","epa_ghgrp","epa-1005920","","","","","","","","600","904032","108484","6.1","1295622","","Industrial facility — 2022 EPA GHG Reporter. NAICS 562213. Pre-qualified high-energy solar candidate."
"Martin County Solid Waste Transfer And Recycling Facility","Palm City","FL","epa_ghgrp","epa-1005942","","","","","","","","600","904032","108484","6.1","1295622","","Industrial facility — 2022 EPA GHG Reporter. NAICS 562212. Pre-qualified high-energy solar candidate."
"Desoto County Energy Park","Arcadia","FL","epa_ghgrp","epa-1006035","","","","","","","","600","904032","108484","6.1","1295622","","Power generation — 2022 EPA GHG Reporter. NAICS 221112. Pre-qualified high-energy solar candidate."
"Putnam County Central Landfill","Palatka","FL","epa_ghgrp","epa-1006049","","","","","","","","600","904032","108484","6.1","1295622","","Industrial facility — 2022 EPA GHG Reporter. NAICS 562212. Pre-qualified high-energy solar candidate."
"Anheuser-Busch Llc","Jacksonville","FL","epa_ghgrp","epa-1006147","","","","","","","","600","904032","108484","6.1","1295622","","Industrial facility — 2022 EPA GHG Reporter. NAICS 312120. Pre-qualified high-energy solar candidate."
"Jacksonville N Sanitary Landfill","Jacksonville","FL","epa_ghgrp","epa-1006191","","","","","","","","600","904032","108484","6.1","1295622","","Industrial facility — 2022 EPA GHG Reporter. NAICS 562212. Pre-qualified high-energy solar candidate."
"North Dade Landfill Miami-Dade Solid Waste Management","Miami","FL","epa_ghgrp","epa-1006292","","","","","","","","600","904032","108484","6.1","1295622","","Industrial facility — 2022 EPA GHG Reporter. NAICS 562212. Pre-qualified high-energy solar candidate."
"Florida Public Utilities","West Palm Beach","FL","epa_ghgrp","epa-1006381","","","","","","","","600","904032","108484","6.1","1295622","","Power generation — 2022 EPA GHG Reporter. NAICS 221210. Pre-qualified high-energy solar candidate."
"Dyer Boulevard Landfill (Dyer Park)","West Palm Beach","FL","epa_ghgrp","epa-1006389","","","","","","","","600","904032","108484","6.1","1295622","","Industrial facility — 2022 EPA GHG Reporter. NAICS 562212. Pre-qualified high-energy solar candidate."
"Orlando Utilities Commission Transmission And Distribution","Orlando","FL","epa_ghgrp","epa-1006480","","","","","","","","600","904032","108484","6.1","1295622","","Power generation — 2022 EPA GHG Reporter. NAICS 221121. Pre-qualified high-energy solar candidate."
"Toytown Slf","St Petersburg","FL","epa_ghgrp","epa-1006532","","","","","","","","600","904032","108484","6.1","1295622","","Industrial facility — 2022 EPA GHG Reporter. NAICS 562212. Pre-qualified high-energy solar candidate."
"New Hope Power Company","South Bay","FL","epa_ghgrp","epa-1006560","","","","","","","","600","904032","108484","6.1","1295622","","Power generation — 2022 EPA GHG Reporter. NAICS 221117. Pre-qualified high-energy solar candidate."
"St. Johns River Power","Jacksonville","FL","epa_ghgrp","epa-1006587","","","","","","","","600","904032","108484","6.1","1295622","","Power generation — 2022 EPA GHG Reporter. NAICS 221112. Pre-qualified high-energy solar candidate."
"Indian River (683)","Titusville","FL","epa_ghgrp","epa-1006591","","","","","","","","600","904032","108484","6.1","1295622","","Power generation — 2022 EPA GHG Reporter. NAICS 221112. Pre-qualified high-energy solar candidate."
"West Nassau Sanitary Landfill","Callahan","FL","epa_ghgrp","epa-1006597","","","","","","","","600","904032","108484","6.1","1295622","","Industrial facility — 2022 EPA GHG Reporter. NAICS 562212. Pre-qualified high-energy solar candidate."
"Shady Hills","Shady Hills","FL","epa_ghgrp","epa-1006678","","","","","","","","600","904032","108484","6.1","1295622","","Power generation — 2022 EPA GHG Reporter. NAICS 221112. Pre-qualified high-energy solar candidate."
"Gulf Clean Energy Center","Pensacola","FL","epa_ghgrp","epa-1006702","","","","","","","","600","904032","108484","6.1","1295622","","Power generation — 2022 EPA GHG Reporter. NAICS 221112. Pre-qualified high-energy solar candidate."
"Santa Rosa Energy Center","Pace","FL","epa_ghgrp","epa-1006707","","","","","","","","600","904032","108484","6.1","1295622","","Power generation — 2022 EPA GHG Reporter. NAICS 221112. Pre-qualified high-energy solar candidate."
"City Of Sunrise Gas Department","Sunrise","FL","epa_ghgrp","epa-1006716","","","","","","","","600","904032","108484","6.1","1295622","","Power generation — 2022 EPA GHG Reporter. NAICS 221210. Pre-qualified high-energy solar candidate."
"Teco Peoples Gas","Tampa","FL","epa_ghgrp","epa-1006771","","","","","","","","600","904032","108484","6.1","1295622","","Power generation — 2022 EPA GHG Reporter. NAICS 221210. Pre-qualified high-energy solar candidate."
"Sanford","Debary","FL","epa_ghgrp","epa-1006802","","","","","","","","600","904032","108484","6.1","1295622","","Power generation — 2022 EPA GHG Reporter. NAICS 221112. Pre-qualified high-energy solar candidate."
"Oleander Power Project","Cocoa","FL","epa_ghgrp","epa-1006808","","","","","","","","600","904032","108484","6.1","1295622","","Power generation — 2022 EPA GHG Reporter. NAICS 221112. Pre-qualified high-energy solar candidate."
"Leon County Landfill","Tallahassee","FL","epa_ghgrp","epa-1006816","","","","","","","","600","904032","108484","6.1","1295622","","Industrial facility — 2022 EPA GHG Reporter. NAICS 562212. Pre-qualified high-energy solar candidate."
"Polk County - North Central Landfill","Winter Haven","FL","epa_ghgrp","epa-1006859","","","","","","","","600","904032","108484","6.1","1295622","","Industrial facility — 2022 EPA GHG Reporter. NAICS 562212. Pre-qualified high-energy solar candidate."
"Marion County Baseline Landfill Solid Waste Transfer Station","Ocala","FL","epa_ghgrp","epa-1006881","","","","","","","","600","904032","108484","6.1","1295622","","Industrial facility — 2022 EPA GHG Reporter. NAICS 562212. Pre-qualified high-energy solar candidate."
"Westrock Cp, Llc - Panama City Mill (Formerly Rocktenn)","Panama City","FL","epa_ghgrp","epa-1006958","","","","","","","","600","904032","108484","6.1","1295622","","Pulp & paper — 2022 EPA GHG Reporter. NAICS 322110. Pre-qualified high-energy solar candidate."
"Tarmac Pennsuco Complex","Medley","FL","epa_ghgrp","epa-1007052","","","","","","","","600","904032","108484","6.1","1295622","","Cement / glass — 2022 EPA GHG Reporter. NAICS 327310. Pre-qualified high-energy solar candidate."
"Gulfstream Station 420","Palmetto","FL","epa_ghgrp","epa-1007080","","","","","","","","600","904032","108484","6.1","1295622","","Industrial facility — 2022 EPA GHG Reporter. NAICS 486210. Pre-qualified high-energy solar candidate."
"Sandler Rd Slf","Jacksonville","FL","epa_ghgrp","epa-1007091","","","","","","","","600","904032","108484","6.1","1295622","","Industrial facility — 2022 EPA GHG Reporter. NAICS 562212. Pre-qualified high-energy solar candidate."
"Georgia Pacific Palatka Llc","Palatka","FL","epa_ghgrp","epa-1007135","","","","","","","","600","904032","108484","6.1","1295622","","Pulp & paper — 2022 EPA GHG Reporter. NAICS 322120. Pre-qualified high-energy solar candidate."
"Clearwater Gas System","Clearwater","FL","epa_ghgrp","epa-1007136","","","","","","","","600","904032","108484","6.1","1295622","","Power generation — 2022 EPA GHG Reporter. NAICS 221210. Pre-qualified high-energy solar candidate."
"Turkey Point","Homestead","FL","epa_ghgrp","epa-1007159","","","","","","","","600","904032","108484","6.1","1295622","","Power generation — 2022 EPA GHG Reporter. NAICS 221112. Pre-qualified high-energy solar candidate."
"West County Energy Center","Loxahatchee","FL","epa_ghgrp","epa-1007171","","","","","","","","600","904032","108484","6.1","1295622","","Power generation — 2022 EPA GHG Reporter. NAICS 221112. Pre-qualified high-energy solar candidate."
"Arvah B Hopkins","Tallahassee","FL","epa_ghgrp","epa-1007189","","","","","","","","600","904032","108484","6.1","1295622","","Power generation — 2022 EPA GHG Reporter. NAICS 221112. Pre-qualified high-energy solar candidate."
"St. Lucie County Baling And Recycling Facility","Ft. Pierce","FL","epa_ghgrp","epa-1007219","","","","","","","","600","904032","108484","6.1","1295622","","Industrial facility — 2022 EPA GHG Reporter. NAICS 562212. Pre-qualified high-energy solar candidate."
"Anclote Power Plant","Holiday","FL","epa_ghgrp","epa-1007246","","","","","","","","600","904032","108484","6.1","1295622","","Power generation — 2022 EPA GHG Reporter. NAICS 221112. Pre-qualified high-energy solar candidate."
"Quantum Auburndale Power L.P.","Auburndale","FL","epa_ghgrp","epa-1007248","","","","","","","","600","904032","108484","6.1","1295622","","Power generation — 2022 EPA GHG Reporter. NAICS 221112. Pre-qualified high-energy solar candidate."
"Manatee","Parrish","FL","epa_ghgrp","epa-1007255","","","","","","","","600","904032","108484","6.1","1295622","","Power generation — 2022 EPA GHG Reporter. NAICS 221112. Pre-qualified high-energy solar candidate."
"Stanton A","Orlando","FL","epa_ghgrp","epa-1007317","","","","","","","","600","904032","108484","6.1","1295622","","Power generation — 2022 EPA GHG Reporter. NAICS 221112. Pre-qualified high-energy solar candidate."
"G E Turner Power Plant","Enterprise","FL","epa_ghgrp","epa-1007373","","","","","","","","600","904032","108484","6.1","1295622","","Power generation — 2022 EPA GHG Reporter. NAICS 221112. Pre-qualified high-energy solar candidate."
"Scholz Electric Generating Plant","Sneads","FL","epa_ghgrp","epa-1007432","","","","","","","","600","904032","108484","6.1","1295622","","Power generation — 2022 EPA GHG Reporter. NAICS 221112. Pre-qualified high-energy solar candidate."
"Lauderdale","Fort Lauderdale","FL","epa_ghgrp","epa-1007471","","","","","","","","600","904032","108484","6.1","1295622","","Power generation — 2022 EPA GHG Reporter. NAICS 221112. Pre-qualified high-energy solar candidate."
"Cape Canaveral","Cocoa","FL","epa_ghgrp","epa-1007650","","","","","","","","600","904032","108484","6.1","1295622","","Power generation — 2022 EPA GHG Reporter. NAICS 221112. Pre-qualified high-energy solar candidate."
"Palm Beach Renewable Energy Park (Pbrep)","West Palm Beach","FL","epa_ghgrp","epa-1007820","","","","","","","","600","904032","108484","6.1","1295622","","Industrial facility — 2022 EPA GHG Reporter. NAICS 562212. Pre-qualified high-energy solar candidate."
"Westrock Cp, Llc - Seminole Mill (Formerly Smurfit-Stone)","Jacksonville","FL","epa_ghgrp","epa-1007846","","","","","","","","600","904032","108484","6.1","1295622","","Pulp & paper — 2022 EPA GHG Reporter. NAICS 322130. Pre-qualified high-energy solar candidate."
"Naples Landfill","Naples","FL","epa_ghgrp","epa-1007855","","","","","","","","600","904032","108484","6.1","1295622","","Industrial facility — 2022 EPA GHG Reporter. NAICS 562212. Pre-qualified high-energy solar candidate."
"Monarch Hill","Pompano Beach","FL","epa_ghgrp","epa-1007856","","","","","","","","600","904032","108484","6.1","1295622","","Industrial facility — 2022 EPA GHG Reporter. NAICS 562212. Pre-qualified high-energy solar candidate."
"Medley Landfill","Medley","FL","epa_ghgrp","epa-1007857","","","","","","","","600","904032","108484","6.1","1295622","","Industrial facility — 2022 EPA GHG Reporter. NAICS 562212. Pre-qualified high-energy solar candidate."
"Reedy Creek Improvement District/Walt Disney World Resort","Lake Buena Vista","FL","epa_ghgrp","epa-1007870","","","","","","","","600","904032","108484","6.1","1295622","","Industrial facility — 2022 EPA GHG Reporter. NAICS 713110. Pre-qualified high-energy solar candidate."
"Trail Ridge Landfill Inc","Baldwin","FL","epa_ghgrp","epa-1007897","","","","","","","","600","904032","108484","6.1","1295622","","Industrial facility — 2022 EPA GHG Reporter. NAICS 562212. Pre-qualified high-energy solar candidate."
"Springhill Regional Landfill","Campbellton","FL","epa_ghgrp","epa-1007898","","","","","","","","600","904032","108484","6.1","1295622","","Industrial facility — 2022 EPA GHG Reporter. NAICS 562212. Pre-qualified high-energy solar candidate."
"Putnam","East Palatka","FL","epa_ghgrp","epa-1007982","","","","","","","","600","904032","108484","6.1","1295622","","Power generation — 2022 EPA GHG Reporter. NAICS 221112. Pre-qualified high-energy solar candidate."
"Gulf Coast Rdf","Fort Myers","FL","epa_ghgrp","epa-1007991","","","","","","","","600","904032","108484","6.1","1295622","","Industrial facility — 2022 EPA GHG Reporter. NAICS 562212. Pre-qualified high-energy solar candidate."
"Orange County Landfill","Orlando","FL","epa_ghgrp","epa-1008215","","","","","","","","600","904032","108484","6.1","1295622","","Industrial facility — 2022 EPA GHG Reporter. NAICS 562212. Pre-qualified high-energy solar candidate."
"Dade County Resources Recovery","Miami","FL","epa_ghgrp","epa-1009077","","","","","","","","600","904032","108484","6.1","1295622","","Industrial facility — 2022 EPA GHG Reporter. NAICS 562213. Pre-qualified high-energy solar candidate."
"T&D Florida","Saint Petersburg","FL","epa_ghgrp","epa-1009537","","","","","","","","600","904032","108484","6.1","1295622","","Power generation — 2022 EPA GHG Reporter. NAICS 221112. Pre-qualified high-energy solar candidate."
"Tampa Electric Company","Tampa","FL","epa_ghgrp","epa-1009645","","","","","","","","600","904032","108484","6.1","1295622","","Power generation — 2022 EPA GHG Reporter. NAICS 221121. Pre-qualified high-energy solar candidate."
"Rayonier Performance Fibers Llc - Yulee Landfill","Yulee","FL","epa_ghgrp","epa-1010287","","","","","","","","600","904032","108484","6.1","1295622","","Industrial facility — 2022 EPA GHG Reporter. NAICS 562212. Pre-qualified high-energy solar candidate."
"International Paper Rock Crossing Landfill","Cantonment","FL","epa_ghgrp","epa-1010299","","","","","","","","600","904032","108484","6.1","1295622","","Industrial facility — 2022 EPA GHG Reporter. NAICS 562212. Pre-qualified high-energy solar candidate."
"George E. Warren Corporation","Vero Beach","FL","epa_ghgrp","epa-1010416","","","","","","","","600","904032","108484","6.1","1295622","","Industrial facility — 2022 EPA GHG Reporter. NAICS 424720. Pre-qualified high-energy solar candidate."
"Oxbow Carbon & Mineral Holdings, Inc","West Palm Beach","FL","epa_ghgrp","epa-1010456","","","","","","","","600","904032","108484","6.1","1295622","","Petroleum refining — 2022 EPA GHG Reporter. NAICS 324199. Pre-qualified high-energy solar candidate."
"Siemens Energy, Inc.","Orlando","FL","epa_ghgrp","epa-1010627","","","","","","","","600","904032","108484","6.1","1295622","","Industrial facility — 2022 EPA GHG Reporter. NAICS 541330. Pre-qualified high-energy solar candidate."
"World Fuel Services Corporation","Miami","FL","epa_ghgrp","epa-1010720","","","","","","","","600","904032","108484","6.1","1295622","","Industrial facility — 2022 EPA GHG Reporter. NAICS 424720. Pre-qualified high-energy solar candidate."
"Breitburn Florida Llc","Immokalee","FL","epa_ghgrp","epa-1010765","","","","","","","","600","904032","108484","6.1","1295622","","Industrial facility — 2022 EPA GHG Reporter. NAICS 211120. Pre-qualified high-energy solar candidate."
"Automart Distributors Inc Dba Refrigerants Plus","Pompano Beach","FL","epa_ghgrp","epa-1010941","","","","","","","","600","904032","108484","6.1","1295622","","Industrial facility — 2022 EPA GHG Reporter. NAICS 424690. Pre-qualified high-energy solar candidate."
"Deerhaven Renewable","Gainesville","FL","epa_ghgrp","epa-1011204","","","","","","","","600","904032","108484","6.1","1295622","","Power generation — 2022 EPA GHG Reporter. NAICS 221112. Pre-qualified high-energy solar candidate."
"E I Du Pont De Nemours & Co - Trail Ridge","Starke","FL","epa_ghgrp","epa-1011559","","","","","","","","600","904032","108484","6.1","1295622","","Industrial facility — 2022 EPA GHG Reporter. NAICS 212299. Pre-qualified high-energy solar candidate."
"Reficenter Of Miami Inc.","Miami","FL","epa_ghgrp","epa-1011796","","","","","","","","600","904032","108484","6.1","1295622","","Industrial facility — 2022 EPA GHG Reporter. NAICS 423740. Pre-qualified high-energy solar candidate."
"Tradequim Llc","Fort Lauderdale","FL","epa_ghgrp","epa-1011835","","","","","","","","600","904032","108484","6.1","1295622","","Industrial facility — 2022 EPA GHG Reporter. NAICS 424690. Pre-qualified high-energy solar candidate."
"Wharf Enterprises Llc","Miami","FL","epa_ghgrp","epa-1011985","","","","","","","","600","904032","108484","6.1","1295622","","Industrial facility — 2022 EPA GHG Reporter. NAICS 424690. Pre-qualified high-energy solar candidate."
"A.C.M.S., Inc.","Lake Panasoffkee","FL","epa_ghgrp","epa-1012058","","","","","","","","600","904032","108484","6.1","1295622","","Industrial facility — 2022 EPA GHG Reporter. NAICS 562212. Pre-qualified high-energy solar candidate."
"Bmp International, Inc","Tampa","FL","epa_ghgrp","epa-1012123","","","","","","","","600","904032","108484","6.1","1295622","","Industrial facility — 2022 EPA GHG Reporter. NAICS 425120. Pre-qualified high-energy solar candidate."
"Fsd Group Llc","Miami","FL","epa_ghgrp","epa-1012137","","","","","","","","600","904032","108484","6.1","1295622","","Power generation — 2022 EPA GHG Reporter. NAICS 221330. Pre-qualified high-energy solar candidate."
"Alexander Orr, Jr. Water Treatment Plant","Miami","FL","epa_ghgrp","epa-1012573","","","","","","","","600","904032","108484","6.1","1295622","","Power generation — 2022 EPA GHG Reporter. NAICS 221310. Pre-qualified high-energy solar candidate."
"Eight Flags Energy, Llc","Fernandina Beach","FL","epa_ghgrp","epa-1012749","","","","","","","","600","904032","108484","6.1","1295622","","Power generation — 2022 EPA GHG Reporter. NAICS 221112. Pre-qualified high-energy solar candidate."
"West Fraser Mcdavid Lumber Mill","Mcdavid","FL","epa_ghgrp","epa-1012765","","","","","","","","600","904032","108484","6.1","1295622","","Industrial facility — 2022 EPA GHG Reporter. NAICS 321113. Pre-qualified high-energy solar candidate."
"Georgia Pacific Wood Products Llc","Hosford","FL","epa_ghgrp","epa-1013002","","","","","","","","600","904032","108484","6.1","1295622","","Industrial facility — 2022 EPA GHG Reporter. NAICS 321219. Pre-qualified high-energy solar candidate."
"Rlx Refrigerants","Fort Lauderdale","FL","epa_ghgrp","epa-1013163","","","","","","","","600","904032","108484","6.1","1295622","","Industrial facility — 2022 EPA GHG Reporter. NAICS 424690. Pre-qualified high-energy solar candidate."
"Suwannee Mill","Live Oak","FL","epa_ghgrp","epa-1013316","","","","","","","","600","904032","108484","6.1","1295622","","Industrial facility — 2022 EPA GHG Reporter. NAICS 321113. Pre-qualified high-energy solar candidate."
"Hildreth","O'Brien","FL","epa_ghgrp","epa-1013335","","","","","","","","600","904032","108484","6.1","1295622","","Industrial facility — 2022 EPA GHG Reporter. NAICS 486210. Pre-qualified high-energy solar candidate."
"James Hardie Building Products","Plant City","FL","epa_ghgrp","epa-1013362","","","","","","","","600","904032","108484","6.1","1295622","","Cement / glass — 2022 EPA GHG Reporter. NAICS 327390. Pre-qualified high-energy solar candidate."
"Gulf Power Company Transmission And Distribution","Pensacola","FL","epa_ghgrp","epa-1013499","","","","","","","","600","904032","108484","6.1","1295622","","Power generation — 2022 EPA GHG Reporter. NAICS 221121. Pre-qualified high-energy solar candidate."
"Okeechobee Clean Energy Center","Okeechobee","FL","epa_ghgrp","epa-1013640","","","","","","","","600","904032","108484","6.1","1295622","","Power generation — 2022 EPA GHG Reporter. NAICS 221112. Pre-qualified high-energy solar candidate."
"Reunion","Davenport","FL","epa_ghgrp","epa-1013704","","","","","","","","600","904032","108484","6.1","1295622","","Industrial facility — 2022 EPA GHG Reporter. NAICS 486210. Pre-qualified high-energy solar candidate."
"Igas Usa Inc","Tampa","FL","epa_ghgrp","epa-1013765","","","","","","","","600","904032","108484","6.1","1295622","","Industrial facility — 2022 EPA GHG Reporter. NAICS 425120. Pre-qualified high-energy solar candidate."
"Scales N Stuff","Tampa","FL","epa_ghgrp","epa-1013769","","","","","","","","600","904032","108484","6.1","1295622","","Industrial facility — 2022 EPA GHG Reporter. NAICS 425120. Pre-qualified high-energy solar candidate."
"Harp Usa Inc","Fort Lauderdale","FL","epa_ghgrp","epa-1013885","","","","","","","","600","904032","108484","6.1","1295622","","Industrial facility — 2022 EPA GHG Reporter. NAICS 423730. Pre-qualified high-energy solar candidate."
"Dunnellon","Marion","FL","epa_ghgrp","epa-1013910","","","","","","","","600","904032","108484","6.1","1295622","","Industrial facility — 2022 EPA GHG Reporter. NAICS 486210. Pre-qualified high-energy solar candidate."
"Your Source Products, Inc.","Tampa","FL","epa_ghgrp","epa-1014016","","","","","","","","600","904032","108484","6.1","1295622","","Industrial facility — 2022 EPA GHG Reporter. NAICS 811310. Pre-qualified high-energy solar candidate."
"Bmp Usa Inc","Tampa","FL","epa_ghgrp","epa-1014037","","","","","","","","600","904032","108484","6.1","1295622","","Industrial facility — 2022 EPA GHG Reporter. NAICS 425120. Pre-qualified high-energy solar candidate."
"Assured Comfort Ac Inc","Tampa","FL","epa_ghgrp","epa-1014038","","","","","","","","600","904032","108484","6.1","1295622","","Industrial facility — 2022 EPA GHG Reporter. NAICS 425120. Pre-qualified high-energy solar candidate."
"Golden G Imports Llc","Tampa","FL","epa_ghgrp","epa-1014039","","","","","","","","600","904032","108484","6.1","1295622","","Industrial facility — 2022 EPA GHG Reporter. NAICS 425120. Pre-qualified high-energy solar candidate."
"Lm Supply","Tampa","FL","epa_ghgrp","epa-1014040","","","","","","","","600","904032","108484","6.1","1295622","","Industrial facility — 2022 EPA GHG Reporter. NAICS 425120. Pre-qualified high-energy solar candidate."
"Cool Master U.S.A. Llc","Tampa","FL","epa_ghgrp","epa-1014042","","","","","","","","600","904032","108484","6.1","1295622","","Industrial facility — 2022 EPA GHG Reporter. NAICS 425120. Pre-qualified high-energy solar candidate."
"Ramj Enterprises Inc","Tampa","FL","epa_ghgrp","epa-1014043","","","","","","","","600","904032","108484","6.1","1295622","","Industrial facility — 2022 EPA GHG Reporter. NAICS 425120. Pre-qualified high-energy solar candidate."
"American Refrigerants","Bradenton","FL","epa_ghgrp","epa-1014140","","","","","","","","600","904032","108484","6.1","1295622","","Industrial facility — 2022 EPA GHG Reporter. NAICS 423740. Pre-qualified high-energy solar candidate."
"Igas Holdings, Inc.","Tampa","FL","epa_ghgrp","epa-1014232","","","","","","","","600","904032","108484","6.1","1295622","","Industrial facility — 2022 EPA GHG Reporter. NAICS 551112. Pre-qualified high-energy solar candidate."
"Eglin Afb","Eglin Afb","FL","epa_ghgrp","epa-1014249","","","","","","","","600","904032","108484","6.1","1295622","","Industrial facility — 2022 EPA GHG Reporter. NAICS 928110. Pre-qualified high-energy solar candidate."
"Jprp International Inc","Tampa","FL","epa_ghgrp","epa-1014365","","","","","","","","600","904032","108484","6.1","1295622","","Industrial facility — 2022 EPA GHG Reporter. NAICS 425120. Pre-qualified high-energy solar candidate."
"Rtr Suppliers Inc","Orlando","FL","epa_ghgrp","epa-1014430","","","","","","","","600","904032","108484","6.1","1295622","","Industrial facility — 2022 EPA GHG Reporter. NAICS 423740. Pre-qualified high-energy solar candidate."
"Carrier Inter America","Miami","FL","epa_ghgrp","epa-1014760","","","","","","","","600","904032","108484","6.1","1295622","","Industrial facility — 2022 EPA GHG Reporter. NAICS 423730. Pre-qualified high-energy solar candidate."
"Cross World Group Llc","Miami","FL","epa_ghgrp","epa-1014761","","","","","","","","600","904032","108484","6.1","1295622","","Industrial facility — 2022 EPA GHG Reporter. NAICS 424690. Pre-qualified high-energy solar candidate."
"Tradewinds Distributing Company, Llc","Jacksonville","FL","epa_ghgrp","epa-1014870","","","","","","","","600","904032","108484","6.1","1295622","","Industrial facility — 2022 EPA GHG Reporter. NAICS 423730. Pre-qualified high-energy solar candidate."
"Boreal International Corporation","Doral","FL","epa_ghgrp","epa-1014871","","","","","","","","600","904032","108484","6.1","1295622","","Industrial facility — 2022 EPA GHG Reporter. NAICS 423730. Pre-qualified high-energy solar candidate."
"Port Everglades","Miami-Dade","FL","osm_industrial","osm-41456764","","","","","","","","600","904032","108484","6.1","1295622","","Port building. Roof-suitable for rooftop PV. Verify ownership + contact before outreach."
"Miami-Dade County Water And Sewer Department","North Miami","FL","osm_industrial","osm-43708846","","","","","","","","600","904032","108484","6.1","1295622","","Industrial building. Roof-suitable for rooftop PV. Verify ownership + contact before outreach."
"Florida Power & Light","Miami-Dade","FL","osm_industrial","osm-116686106","","","","","","","","600","904032","108484","6.1","1295622","","Industrial building. Roof-suitable for rooftop PV. Verify ownership + contact before outreach."
"Central District Wastewater Treatment Deepwell Injection Site","Miami","FL","osm_industrial","osm-118022731","","","","","","","","600","904032","108484","6.1","1295622","","Industrial building. Roof-suitable for rooftop PV. Verify ownership + contact before outreach."
"Motorola Solutions","Plantation","FL","osm_industrial","osm-159091123","","","","","","","","600","904032","108484","6.1","1295622","","Industrial building. Roof-suitable for rooftop PV. Verify ownership + contact before outreach."
"Building Three (Model Trains)","Miami-Dade","FL","osm_industrial","osm-199120501","","","","","","","","600","904032","108484","6.1","1295622","","Industrial building. Roof-suitable for rooftop PV. Verify ownership + contact before outreach."
"Building Two","Miami-Dade","FL","osm_industrial","osm-199120503","","","","","","","","600","904032","108484","6.1","1295622","","Industrial building. Roof-suitable for rooftop PV. Verify ownership + contact before outreach."
"Building One","Miami-Dade","FL","osm_industrial","osm-199140236","","","","","","","","600","904032","108484","6.1","1295622","","Industrial building. Roof-suitable for rooftop PV. Verify ownership + contact before outreach."
"South District Wastewater Treatment Plant","Miami-Dade","FL","osm_industrial","osm-229151486","","","","","","","","600","904032","108484","6.1","1295622","","Industrial building. Roof-suitable for rooftop PV. Verify ownership + contact before outreach."
"Invicta Watch Corporate Headquarters","Hollywood","FL","osm_industrial","osm-294911259","","","","","","","","600","904032","108484","6.1","1295622","","Industrial building. Roof-suitable for rooftop PV. Verify ownership + contact before outreach."
"Wingfoot Lauderhill","Miami-Dade","FL","osm_industrial","osm-318661975","","","","","","","","600","904032","108484","6.1","1295622","","Industrial building. Roof-suitable for rooftop PV. Verify ownership + contact before outreach."
"704","Miami-Dade","FL","osm_industrial","osm-327462169","","","","","","","","600","904032","108484","6.1","1295622","","Industrial building. Roof-suitable for rooftop PV. Verify ownership + contact before outreach."
"City Of Sunrise Sawgrass Utility Complex","Miami-Dade","FL","osm_industrial","osm-337985213","","","","","","","","600","904032","108484","6.1","1295622","","Industrial building. Roof-suitable for rooftop PV. Verify ownership + contact before outreach."
"Mia Jet Fuel Storage","Miami-Dade","FL","osm_industrial","osm-345992102","","","","","","","","600","904032","108484","6.1","1295622","","Petroleum_terminal building. Roof-suitable for rooftop PV. Verify ownership + contact before outreach."
"703","Miami-Dade","FL","osm_industrial","osm-346284097","","","","","","","","600","904032","108484","6.1","1295622","","Industrial building. Roof-suitable for rooftop PV. Verify ownership + contact before outreach."
"Goya","Miami-Dade","FL","osm_industrial","osm-373232474","","","","","","","","600","904032","108484","6.1","1295622","","Industrial building. Roof-suitable for rooftop PV. Verify ownership + contact before outreach."
"Florida Power & Light","Miami-Dade","FL","osm_industrial","osm-376795363","","","","","","","","600","904032","108484","6.1","1295622","","Industrial building. Roof-suitable for rooftop PV. Verify ownership + contact before outreach."
"Florida Power & Light","Miami","FL","osm_industrial","osm-377577026","","","","","","","","600","904032","108484","6.1","1295622","","Industrial building. Roof-suitable for rooftop PV. Verify ownership + contact before outreach."
"Covanta Southeast Florida Renewable","Miami","FL","osm_industrial","osm-379327166","","","","","","","","600","904032","108484","6.1","1295622","","Industrial building. Roof-suitable for rooftop PV. Verify ownership + contact before outreach."
"Mdwasa John Preston","Miami-Dade","FL","osm_industrial","osm-381095266","","","","","","","","600","904032","108484","6.1","1295622","","Industrial building. Roof-suitable for rooftop PV. Verify ownership + contact before outreach."
"Safeguard","Miami","FL","osm_industrial","osm-391207341","","","","","","","","600","904032","108484","6.1","1295622","","Industrial building. Roof-suitable for rooftop PV. Verify ownership + contact before outreach."
"La Mesa","Miami","FL","osm_industrial","osm-391207342","","","","","","","","600","904032","108484","6.1","1295622","","Industrial building. Roof-suitable for rooftop PV. Verify ownership + contact before outreach."
"Publix Warehouse","Miami","FL","osm_industrial","osm-397505633","","","","","","","","600","904032","108484","6.1","1295622","","Industrial building. Roof-suitable for rooftop PV. Verify ownership + contact before outreach."
"At&T","Miami","FL","osm_industrial","osm-435518013","","","","","","","","600","904032","108484","6.1","1295622","","Industrial building. Roof-suitable for rooftop PV. Verify ownership + contact before outreach."
"Sherwood Aviation","Opa Locka","FL","osm_industrial","osm-435586035","","","","","","","","600","904032","108484","6.1","1295622","","Industrial building. Roof-suitable for rooftop PV. Verify ownership + contact before outreach."
"Florida Power & Light","Miami","FL","osm_industrial","osm-435881570","","","","","","","","600","904032","108484","6.1","1295622","","Industrial building. Roof-suitable for rooftop PV. Verify ownership + contact before outreach."
"Florida Gas Transmission","Miami-Dade","FL","osm_industrial","osm-451695484","","","","","","","","600","904032","108484","6.1","1295622","","Industrial building. Roof-suitable for rooftop PV. Verify ownership + contact before outreach."
"Betty K Line","Miami-Dade","FL","osm_industrial","osm-463040390","","","","","","","","600","904032","108484","6.1","1295622","","Port building. Roof-suitable for rooftop PV. Verify ownership + contact before outreach."
"Miami Dade Water & Sewer Department","Miami-Dade","FL","osm_industrial","osm-476755079","","","","","","","","600","904032","108484","6.1","1295622","","Yes building. Roof-suitable for rooftop PV. Verify ownership + contact before outreach."
"Florida Keys Aqueduct Authority","Miami-Dade","FL","osm_industrial","osm-522305716","","","","","","","","600","904032","108484","6.1","1295622","","Industrial building. Roof-suitable for rooftop PV. Verify ownership + contact before outreach."
"Florida Power & Light","Fort Lauderdale","FL","osm_industrial","osm-542155046","","","","","","","","600","904032","108484","6.1","1295622","","Industrial building. Roof-suitable for rooftop PV. Verify ownership + contact before outreach."
"Q'Straint","Oakland Park","FL","osm_industrial","osm-660649630","","","","","","","","600","904032","108484","6.1","1295622","","Industrial building. Roof-suitable for rooftop PV. Verify ownership + contact before outreach."
"Heico","Hollywood","FL","osm_industrial","osm-660650072","","","","","","","","600","904032","108484","6.1","1295622","","Industrial building. Roof-suitable for rooftop PV. Verify ownership + contact before outreach."
"Port Everglades","Miami-Dade","FL","osm_industrial","osm-808568520","","","","","","","","600","904032","108484","6.1","1295622","","Port building. Roof-suitable for rooftop PV. Verify ownership + contact before outreach."
"Turkey Point 5 Gas Power Plant","Miami-Dade","FL","osm_industrial","osm-922956654","","","","","","","","600","904032","108484","6.1","1295622","","Industrial building. Roof-suitable for rooftop PV. Verify ownership + contact before outreach."
"Flagler Station","Miami-Dade","FL","osm_industrial","osm-934994273","","","","","","","","600","904032","108484","6.1","1295622","","Industrial building. Roof-suitable for rooftop PV. Verify ownership + contact before outreach."
"National Trench Safety","Davie","FL","osm_industrial","osm-970976386","","","","","","","","600","904032","108484","6.1","1295622","","Industrial building. Roof-suitable for rooftop PV. Verify ownership + contact before outreach."
"Coca Cola Bottling Plant, Miami-Dade","Miami-Dade","FL","osm_industrial","osm-1022584091","","","","","","","","600","904032","108484","6.1","1295622","","Industrial building. Roof-suitable for rooftop PV. Verify ownership + contact before outreach."
"City Of Homestead","Homestead","FL","osm_industrial","osm-1034594318","","","","","","","","600","904032","108484","6.1","1295622","","Industrial building. Roof-suitable for rooftop PV. Verify ownership + contact before outreach."
"Miami-Dade Water & Sewer Department","Miami-Dade","FL","osm_industrial","osm-1034596561","","","","","","","","600","904032","108484","6.1","1295622","","Industrial building. Roof-suitable for rooftop PV. Verify ownership + contact before outreach."
"Florida Power & Light","Miami-Dade","FL","osm_industrial","osm-1035111262","","","","","","","","600","904032","108484","6.1","1295622","","Industrial building. Roof-suitable for rooftop PV. Verify ownership + contact before outreach."
"Florida Gas Transmission - Plantation","Miami-Dade","FL","osm_industrial","osm-1038858928","","","","","","","","600","904032","108484","6.1","1295622","","Gas building. Roof-suitable for rooftop PV. Verify ownership + contact before outreach."
"Florida Gas Transmission - Sunrise","Miami-Dade","FL","osm_industrial","osm-1038858929","","","","","","","","600","904032","108484","6.1","1295622","","Gas building. Roof-suitable for rooftop PV. Verify ownership + contact before outreach."
"Florida Gas Transmission - Dania","Miami-Dade","FL","osm_industrial","osm-1038858934","","","","","","","","600","904032","108484","6.1","1295622","","Gas building. Roof-suitable for rooftop PV. Verify ownership + contact before outreach."
"Florida Gas Transmission - Lake Forest","Miami-Dade","FL","osm_industrial","osm-1038858936","","","","","","","","600","904032","108484","6.1","1295622","","Industrial building. Roof-suitable for rooftop PV. Verify ownership + contact before outreach."
"Florida Gas Transmission - North Miami","Miami-Dade","FL","osm_industrial","osm-1038858938","","","","","","","","600","904032","108484","6.1","1295622","","Industrial building. Roof-suitable for rooftop PV. Verify ownership + contact before outreach."
"Florida Gas Transmission","Miami-Dade","FL","osm_industrial","osm-1038858940","","","","","","","","600","904032","108484","6.1","1295622","","Industrial building. Roof-suitable for rooftop PV. Verify ownership + contact before outreach."
"Florida Gas Transmission - Northwest Hialeah","Miami-Dade","FL","osm_industrial","osm-1038858942","","","","","","","","600","904032","108484","6.1","1295622","","Industrial building. Roof-suitable for rooftop PV. Verify ownership + contact before outreach."
"Florida Gas Transmission - Southeast Hialeah","Miami-Dade","FL","osm_industrial","osm-1038870637","","","","","","","","600","904032","108484","6.1","1295622","","Industrial building. Roof-suitable for rooftop PV. Verify ownership + contact before outreach."
"Florida Gas Transmission - Miami","Miami-Dade","FL","osm_industrial","osm-1038870638","","","","","","","","600","904032","108484","6.1","1295622","","Industrial building. Roof-suitable for rooftop PV. Verify ownership + contact before outreach."
"Florida Gas Transmission - West Miami","Miami-Dade","FL","osm_industrial","osm-1038870643","","","","","","","","600","904032","108484","6.1","1295622","","Industrial building. Roof-suitable for rooftop PV. Verify ownership + contact before outreach."
"Motiva Enterprises","Miami-Dade","FL","osm_industrial","osm-1039061274","","","","","","","","600","904032","108484","6.1","1295622","","Petroleum_terminal building. Roof-suitable for rooftop PV. Verify ownership + contact before outreach."
"Marathon","Miami-Dade","FL","osm_industrial","osm-1039061333","","","","","","","","600","904032","108484","6.1","1295622","","Petroleum_terminal building. Roof-suitable for rooftop PV. Verify ownership + contact before outreach."
"Citgo","Miami-Dade","FL","osm_industrial","osm-1039061334","","","","","","","","600","904032","108484","6.1","1295622","","Petroleum_terminal building. Roof-suitable for rooftop PV. Verify ownership + contact before outreach."
"Fll Jet Fuel Storage","Miami-Dade","FL","osm_industrial","osm-1039061336","","","","","","","","600","904032","108484","6.1","1295622","","Petroleum_terminal building. Roof-suitable for rooftop PV. Verify ownership + contact before outreach."
"Buckeye Pipeline","Miami-Dade","FL","osm_industrial","osm-1039061342","","","","","","","","600","904032","108484","6.1","1295622","","Petroleum_terminal building. Roof-suitable for rooftop PV. Verify ownership + contact before outreach."
"Buckeye Pipeline","Miami-Dade","FL","osm_industrial","osm-1039092752","","","","","","","","600","904032","108484","6.1","1295622","","Oil building. Roof-suitable for rooftop PV. Verify ownership + contact before outreach."
"Buckeye Pipeline","Miami-Dade","FL","osm_industrial","osm-1039092753","","","","","","","","600","904032","108484","6.1","1295622","","Oil building. Roof-suitable for rooftop PV. Verify ownership + contact before outreach."
"Buckeye Pipeline","Miami-Dade","FL","osm_industrial","osm-1039092754","","","","","","","","600","904032","108484","6.1","1295622","","Oil building. Roof-suitable for rooftop PV. Verify ownership + contact before outreach."
"Ppg Industries Inc. Atmospheric Test Site","Sunrise","FL","osm_industrial","osm-1117121655","","","","","","","","600","904032","108484","6.1","1295622","","Industrial building. Roof-suitable for rooftop PV. Verify ownership + contact before outreach."
"Wheelabrator Environmental Systems","Miami-Dade","FL","osm_industrial","osm-1118016621","","","","","","","","600","904032","108484","6.1","1295622","","Industrial building. Roof-suitable for rooftop PV. Verify ownership + contact before outreach."
"Florida Power & Light","Miami-Dade","FL","osm_industrial","osm-1264977673","","","","","","","","600","904032","108484","6.1","1295622","","Depot building. Roof-suitable for rooftop PV. Verify ownership + contact before outreach."
"Fiveash Regional Water Treatment Plant","Miami-Dade","FL","osm_industrial","osm-1286710833","","","","","","","","600","904032","108484","6.1","1295622","","Industrial building. Roof-suitable for rooftop PV. Verify ownership + contact before outreach."
"Miami Dade Water And Sewer Department","Miami","FL","osm_industrial","osm-1300576180","","","","","","","","600","904032","108484","6.1","1295622","","Industrial building. Roof-suitable for rooftop PV. Verify ownership + contact before outreach."
"Department Of Resilience And Public Works","Miami-Dade","FL","osm_industrial","osm-1422719795","","","","","","","","600","904032","108484","6.1","1295622","","Industrial building. Roof-suitable for rooftop PV. Verify ownership + contact before outreach."
"Miami-Dade Transit Central Bus Facility","Miami","FL","osm_industrial","osm-1474522000","","","","","","","","600","904032","108484","6.1","1295622","","Depot building. Roof-suitable for rooftop PV. Verify ownership + contact before outreach."
"Argos Cement","Tampa","FL","osm_industrial","osm-29705510","","","","","","","","600","904032","108484","6.1","1295622","","Industrial building. Roof-suitable for rooftop PV. Verify ownership + contact before outreach."
"Bhws Warehouse","Tampa","FL","osm_industrial","osm-32654226","","","","","","","","600","904032","108484","6.1","1295622","","Industrial building. Roof-suitable for rooftop PV. Verify ownership + contact before outreach."
"Pepsi Bottling","Tampa","FL","osm_industrial","osm-33296692","","","","","","","","600","904032","108484","6.1","1295622","","Industrial building. Roof-suitable for rooftop PV. Verify ownership + contact before outreach."
"Tampa Electric","Tampa","FL","osm_industrial","osm-95340240","","","","","","","","600","904032","108484","6.1","1295622","","Industrial building. Roof-suitable for rooftop PV. Verify ownership + contact before outreach."
"The Mosaic Company","Tampa","FL","osm_industrial","osm-95340653","","","","","","","","600","904032","108484","6.1","1295622","","Port building. Roof-suitable for rooftop PV. Verify ownership + contact before outreach."
"Chem-Tel","Tampa","FL","osm_industrial","osm-106091074","","","","","","","","600","904032","108484","6.1","1295622","","Industrial building. Roof-suitable for rooftop PV. Verify ownership + contact before outreach."
"Lonestar","Saint Petersburg","FL","osm_industrial","osm-148011278","","","","","","","","600","904032","108484","6.1","1295622","","Industrial building. Roof-suitable for rooftop PV. Verify ownership + contact before outreach."
"Florida Gas Transmission","Tampa","FL","osm_industrial","osm-178997683","","","","","","","","600","904032","108484","6.1","1295622","","Gas building. Roof-suitable for rooftop PV. Verify ownership + contact before outreach."
"Kimball Electronics Tampa","Tampa","FL","osm_industrial","osm-184642062","","","","","","","","600","904032","108484","6.1","1295622","","Industrial building. Roof-suitable for rooftop PV. Verify ownership + contact before outreach."
"Mayflower","Saint Petersburg","FL","osm_industrial","osm-189242103","","","","","","","","600","904032","108484","6.1","1295622","","Industrial building. Roof-suitable for rooftop PV. Verify ownership + contact before outreach."
"Oberly Pumping Station","Pinellas Park","FL","osm_industrial","osm-189254495","","","","","","","","600","904032","108484","6.1","1295622","","Industrial building. Roof-suitable for rooftop PV. Verify ownership + contact before outreach."
"F1rsteam Fabric Restoration Service Team","Saint Petersburg","FL","osm_industrial","osm-192566900","","","","","","","","600","904032","108484","6.1","1295622","","Industrial building. Roof-suitable for rooftop PV. Verify ownership + contact before outreach."
"West Coast Shutters","Saint Petersburg","FL","osm_industrial","osm-198367103","","","","","","","","600","904032","108484","6.1","1295622","","Industrial building. Roof-suitable for rooftop PV. Verify ownership + contact before outreach."
"West Coast Body Shop","Tampa","FL","osm_industrial","osm-211032892","","","","","","","","600","904032","108484","6.1","1295622","","Industrial building. Roof-suitable for rooftop PV. Verify ownership + contact before outreach."
"Pump Station 016","Tampa","FL","osm_industrial","osm-227003404","","","","","","","","600","904032","108484","6.1","1295622","","Industrial building. Roof-suitable for rooftop PV. Verify ownership + contact before outreach."
"City Recycling Center","Saint Petersburg","FL","osm_industrial","osm-228459718","","","","","","","","600","904032","108484","6.1","1295622","","Industrial building. Roof-suitable for rooftop PV. Verify ownership + contact before outreach."
"Duke Energy","Tampa","FL","osm_industrial","osm-258700391","","","","","","","","600","904032","108484","6.1","1295622","","Industrial building. Roof-suitable for rooftop PV. Verify ownership + contact before outreach."
"Tubby'S Customs","Pinellas Park","FL","osm_industrial","osm-273601379","","","","","","","","600","904032","108484","6.1","1295622","","Industrial building. Roof-suitable for rooftop PV. Verify ownership + contact before outreach."
"Tampa Bay Marine Center","Seminole","FL","osm_industrial","osm-280618826","","","","","","","","600","904032","108484","6.1","1295622","","Yes building. Roof-suitable for rooftop PV. Verify ownership + contact before outreach."
"Tse Industries","Clearwater","FL","osm_industrial","osm-291501513","","","","","","","","600","904032","108484","6.1","1295622","","Industrial building. Roof-suitable for rooftop PV. Verify ownership + contact before outreach."
"Pierce Manufacturing","Tampa","FL","osm_industrial","osm-291501555","","","","","","","","600","904032","108484","6.1","1295622","","Industrial building. Roof-suitable for rooftop PV. Verify ownership + contact before outreach."
"Duro-Glide Polymer Sheets","Clearwater","FL","osm_industrial","osm-291501627","","","","","","","","600","904032","108484","6.1","1295622","","Industrial building. Roof-suitable for rooftop PV. Verify ownership + contact before outreach."
"Brick Street Farms","Saint Petersburg","FL","osm_industrial","osm-295556697","","","","","","","","600","904032","108484","6.1","1295622","","Industrial building. Roof-suitable for rooftop PV. Verify ownership + contact before outreach."
"3 Daughters Brewing","Saint Petersburg","FL","osm_industrial","osm-295556744","","","","","","","","600","904032","108484","6.1","1295622","","Industrial building. Roof-suitable for rooftop PV. Verify ownership + contact before outreach."
"Wingfoot Clearwater","Tampa","FL","osm_industrial","osm-318541317","","","","","","","","600","904032","108484","6.1","1295622","","Industrial building. Roof-suitable for rooftop PV. Verify ownership + contact before outreach."
"Wingfoot Tampa","Tampa","FL","osm_industrial","osm-318662291","","","","","","","","600","904032","108484","6.1","1295622","","Industrial building. Roof-suitable for rooftop PV. Verify ownership + contact before outreach."
"Duke Energy","Tampa","FL","osm_industrial","osm-403198406","","","","","","","","600","904032","108484","6.1","1295622","","Industrial building. Roof-suitable for rooftop PV. Verify ownership + contact before outreach."
"Lithia Springs Park Maintenance Area","Tampa","FL","osm_industrial","osm-415388648","","","","","","","","600","904032","108484","6.1","1295622","","Industrial building. Roof-suitable for rooftop PV. Verify ownership + contact before outreach."
"Duke Energy","Tampa","FL","osm_industrial","osm-421339300","","","","","","","","600","904032","108484","6.1","1295622","","Industrial building. Roof-suitable for rooftop PV. Verify ownership + contact before outreach."
"Covanta","Tampa","FL","osm_industrial","osm-471247533","","","","","","","","600","904032","108484","6.1","1295622","","Industrial building. Roof-suitable for rooftop PV. Verify ownership + contact before outreach."
"M&B Products","Tampa","FL","osm_industrial","osm-486588502","","","","","","","","600","904032","108484","6.1","1295622","","Industrial building. Roof-suitable for rooftop PV. Verify ownership + contact before outreach."
"Vehicle Maintenance","Tampa","FL","osm_industrial","osm-524037733","","","","","","","","600","904032","108484","6.1","1295622","","Depot building. Roof-suitable for rooftop PV. Verify ownership + contact before outreach."
"Fedex Center","Tampa","FL","osm_industrial","osm-524312308","","","","","","","","600","904032","108484","6.1","1295622","","Industrial building. Roof-suitable for rooftop PV. Verify ownership + contact before outreach."
"Signature","Tampa","FL","osm_industrial","osm-524312648","","","","","","","","600","904032","108484","6.1","1295622","","Industrial building. Roof-suitable for rooftop PV. Verify ownership + contact before outreach."
"Florida Gas Transmission - Compressor Station #27","Tampa","FL","osm_industrial","osm-547743050","","","","","","","","600","904032","108484","6.1","1295622","","Gas building. Roof-suitable for rooftop PV. Verify ownership + contact before outreach."
"Control Structure","Tampa","FL","osm_industrial","osm-613165274","","","","","","","","600","904032","108484","6.1","1295622","","Industrial building. Roof-suitable for rooftop PV. Verify ownership + contact before outreach."
"Aero Simulation, Inc.","Tampa","FL","osm_industrial","osm-709299423","","","","","","","","600","904032","108484","6.1","1295622","","Industrial building. Roof-suitable for rooftop PV. Verify ownership + contact before outreach."
"National Gypsum","Tampa","FL","osm_industrial","osm-769415083","","","","","","","","600","904032","108484","6.1","1295622","","Gypsum building. Roof-suitable for rooftop PV. Verify ownership + contact before outreach."
"Pierce Manufacturing","Tampa","FL","osm_industrial","osm-784083621","","","","","","","","600","904032","108484","6.1","1295622","","Factory building. Roof-suitable for rooftop PV. Verify ownership + contact before outreach."
"Florida Gas Transmission","Tampa","FL","osm_industrial","osm-835273972","","","","","","","","600","904032","108484","6.1","1295622","","Gas building. Roof-suitable for rooftop PV. Verify ownership + contact before outreach."
"Buoy Yard","Tampa","FL","osm_industrial","osm-852027470","","","","","","","","600","904032","108484","6.1","1295622","","Industrial building. Roof-suitable for rooftop PV. Verify ownership + contact before outreach."
"Buoy Yard","Tampa","FL","osm_industrial","osm-852027475","","","","","","","","600","904032","108484","6.1","1295622","","Industrial building. Roof-suitable for rooftop PV. Verify ownership + contact before outreach."
"Citgo Petroleum Corporation","Tampa","FL","osm_industrial","osm-858035508","","","","","","","","600","904032","108484","6.1","1295622","","Petroleum_terminal building. Roof-suitable for rooftop PV. Verify ownership + contact before outreach."
"Buckeye Terminals, Llc","Tampa","FL","osm_industrial","osm-858035512","","","","","","","","600","904032","108484","6.1","1295622","","Petroleum_terminal building. Roof-suitable for rooftop PV. Verify ownership + contact before outreach."
"City Of Tampa","Tampa","FL","osm_industrial","osm-858035513","","","","","","","","600","904032","108484","6.1","1295622","","Industrial building. Roof-suitable for rooftop PV. Verify ownership + contact before outreach."
"West Pasco Industrial Park","Tampa","FL","osm_industrial","osm-905470825","","","","","","","","600","904032","108484","6.1","1295622","","Industrial building. Roof-suitable for rooftop PV. Verify ownership + contact before outreach."
"High Ridge Center","Tampa","FL","osm_industrial","osm-931992336","","","","","","","","600","904032","108484","6.1","1295622","","Industrial building. Roof-suitable for rooftop PV. Verify ownership + contact before outreach."
"Paw Materials","Tampa","FL","osm_industrial","osm-936157941","","","","","","","","600","904032","108484","6.1","1295622","","Industrial building. Roof-suitable for rooftop PV. Verify ownership + contact before outreach."
"Odessa Industrial Park","Tampa","FL","osm_industrial","osm-936167918","","","","","","","","600","904032","108484","6.1","1295622","","Industrial building. Roof-suitable for rooftop PV. Verify ownership + contact before outreach."
"The Mosaic Company","Tampa","FL","osm_industrial","osm-936461211","","","","","","","","600","904032","108484","6.1","1295622","","Mineral_processing building. Roof-suitable for rooftop PV. Verify ownership + contact before outreach."
"Peoples Gas System","Tampa","FL","osm_industrial","osm-941457634","","","","","","","","600","904032","108484","6.1","1295622","","Gas building. Roof-suitable for rooftop PV. Verify ownership + contact before outreach."
"Ardent Mills","Gibsonton","FL","osm_industrial","osm-941536247","","","","","","","","600","904032","108484","6.1","1295622","","Grinding_mill building. Roof-suitable for rooftop PV. Verify ownership + contact before outreach."
"Csx Auto Unloading","Tampa","FL","osm_industrial","osm-942333766","","","","","","","","600","904032","108484","6.1","1295622","","Industrial building. Roof-suitable for rooftop PV. Verify ownership + contact before outreach."
"Tampa Shipyard","Tampa","FL","osm_industrial","osm-971109706","","","","","","","","600","904032","108484","6.1","1295622","","Shipyard building. Roof-suitable for rooftop PV. Verify ownership + contact before outreach."
"Plains Lpg Services, L.P.","Tampa","FL","osm_industrial","osm-971109709","","","","","","","","600","904032","108484","6.1","1295622","","Petroleum_terminal building. Roof-suitable for rooftop PV. Verify ownership + contact before outreach."
"Martin Midstream Partners L.P.","Tampa","FL","osm_industrial","osm-971109711","","","","","","","","600","904032","108484","6.1","1295622","","Petroleum_terminal building. Roof-suitable for rooftop PV. Verify ownership + contact before outreach."
"Kinder Morgan - Port Sutton Terminal","Tampa","FL","osm_industrial","osm-971109712","","","","","","","","600","904032","108484","6.1","1295622","","Logistics building. Roof-suitable for rooftop PV. Verify ownership + contact before outreach."
"Pall Corporation Aerospace Division","Tampa","FL","osm_industrial","osm-1017989538","","","","","","","","600","904032","108484","6.1","1295622","","Industrial building. Roof-suitable for rooftop PV. Verify ownership + contact before outreach."
"Florida Gas Transmission","Tampa","FL","osm_industrial","osm-1023691642","","","","","","","","600","904032","108484","6.1","1295622","","Gas building. Roof-suitable for rooftop PV. Verify ownership + contact before outreach."
"Florida Gas Transmission","Tampa","FL","osm_industrial","osm-1023691644","","","","","","","","600","904032","108484","6.1","1295622","","Industrial building. Roof-suitable for rooftop PV. Verify ownership + contact before outreach."
"Peoples Gas System","Tampa","FL","osm_industrial","osm-1023909017","","","","","","","","600","904032","108484","6.1","1295622","","Gas building. Roof-suitable for rooftop PV. Verify ownership + contact before outreach."
"Peoples Gas System","Tampa","FL","osm_industrial","osm-1023909018","","","","","","","","600","904032","108484","6.1","1295622","","Gas building. Roof-suitable for rooftop PV. Verify ownership + contact before outreach."
"Florida Gas Transmission","Tampa","FL","osm_industrial","osm-1027314950","","","","","","","","600","904032","108484","6.1","1295622","","Gas building. Roof-suitable for rooftop PV. Verify ownership + contact before outreach."
"Florida Gas Transmission","Tampa","FL","osm_industrial","osm-1027314952","","","","","","","","600","904032","108484","6.1","1295622","","Industrial building. Roof-suitable for rooftop PV. Verify ownership + contact before outreach."
"Florida Gas Transmission","Tampa","FL","osm_industrial","osm-1027314954","","","","","","","","600","904032","108484","6.1","1295622","","Gas building. Roof-suitable for rooftop PV. Verify ownership + contact before outreach."
"Florida Gas Transmission","Tampa","FL","osm_industrial","osm-1027314958","","","","","","","","600","904032","108484","6.1","1295622","","Gas building. Roof-suitable for rooftop PV. Verify ownership + contact before outreach."
"Florida Gas Transmission","Tampa","FL","osm_industrial","osm-1027314960","","","","","","","","600","904032","108484","6.1","1295622","","Gas building. Roof-suitable for rooftop PV. Verify ownership + contact before outreach."
"Florida Gas Transmission","Tampa","FL","osm_industrial","osm-1027314961","","","","","","","","600","904032","108484","6.1","1295622","","Gas building. Roof-suitable for rooftop PV. Verify ownership + contact before outreach."
"Florida Gas Transmission","Tampa","FL","osm_industrial","osm-1027314968","","","","","","","","600","904032","108484","6.1","1295622","","Gas building. Roof-suitable for rooftop PV. Verify ownership + contact before outreach."
"Florida Gas Transmission","Tampa","FL","osm_industrial","osm-1027314970","","","","","","","","600","904032","108484","6.1","1295622","","Gas building. Roof-suitable for rooftop PV. Verify ownership + contact before outreach."
"Tampa Airport Fuel Storage","Tampa","FL","osm_industrial","osm-1027330526","","","","","","","","600","904032","108484","6.1","1295622","","Petroleum_terminal building. Roof-suitable for rooftop PV. Verify ownership + contact before outreach."
"Florida Gas Transmission - East Tampa","Tampa","FL","osm_industrial","osm-1027350813","","","","","","","","600","904032","108484","6.1","1295622","","Gas building. Roof-suitable for rooftop PV. Verify ownership + contact before outreach."
"Florida Gas Transmission","Tampa","FL","osm_industrial","osm-1027350819","","","","","","","","600","904032","108484","6.1","1295622","","Industrial building. Roof-suitable for rooftop PV. Verify ownership + contact before outreach."
"Florida Gas Transmission - Brandon","Tampa","FL","osm_industrial","osm-1030643553","","","","","","","","600","904032","108484","6.1","1295622","","Industrial building. Roof-suitable for rooftop PV. Verify ownership + contact before outreach."
"Tampa Bay Pipeline","Tampa","FL","osm_industrial","osm-1035814678","","","","","","","","600","904032","108484","6.1","1295622","","Industrial building. Roof-suitable for rooftop PV. Verify ownership + contact before outreach."
"Buckeye Terminals, Llc","Tampa","FL","osm_industrial","osm-1036070720","","","","","","","","600","904032","108484","6.1","1295622","","Petroleum_terminal building. Roof-suitable for rooftop PV. Verify ownership + contact before outreach."
"Central Florida Pipeline","Tampa","FL","osm_industrial","osm-1036070721","","","","","","","","600","904032","108484","6.1","1295622","","Oil building. Roof-suitable for rooftop PV. Verify ownership + contact before outreach."
"Compark 75","Tampa","FL","osm_industrial","osm-1047738280","","","","","","","","600","904032","108484","6.1","1295622","","Industrial building. Roof-suitable for rooftop PV. Verify ownership + contact before outreach."
"Custom Commerce Center","Tampa","FL","osm_industrial","osm-1059417028","","","","","","","","600","904032","108484","6.1","1295622","","Industrial building. Roof-suitable for rooftop PV. Verify ownership + contact before outreach."
"Hillsborough County","Tampa","FL","osm_industrial","osm-1073699591","","","","","","","","600","904032","108484","6.1","1295622","","Industrial building. Roof-suitable for rooftop PV. Verify ownership + contact before outreach."
"Tampa Electric Company","Tampa","FL","osm_industrial","osm-1116902057","","","","","","","","600","904032","108484","6.1","1295622","","Depot building. Roof-suitable for rooftop PV. Verify ownership + contact before outreach."
"Peoples Gas Company","Tampa","FL","osm_industrial","osm-1116902058","","","","","","","","600","904032","108484","6.1","1295622","","Industrial building. Roof-suitable for rooftop PV. Verify ownership + contact before outreach."
"Home Depot Distribution","Tampa","FL","osm_industrial","osm-1158991125","","","","","","","","600","904032","108484","6.1","1295622","","Distributor building. Roof-suitable for rooftop PV. Verify ownership + contact before outreach."
"Hillsborough County Solid Waste Transfer Station","Tampa","FL","osm_industrial","osm-1158991148","","","","","","","","600","904032","108484","6.1","1295622","","Waste_transfer building. Roof-suitable for rooftop PV. Verify ownership + contact before outreach."
"Amazon","Ruskin","FL","osm_industrial","osm-1158991177","","","","","","","","600","904032","108484","6.1","1295622","","Logistics building. Roof-suitable for rooftop PV. Verify ownership + contact before outreach."
"Ports America","Tampa","FL","osm_industrial","osm-1173515337","","","","","","","","600","904032","108484","6.1","1295622","","Port building. Roof-suitable for rooftop PV. Verify ownership + contact before outreach."
"Transmontaigne Operating Company L.P.","Tampa","FL","osm_industrial","osm-1173515342","","","","","","","","600","904032","108484","6.1","1295622","","Petroleum_terminal building. Roof-suitable for rooftop PV. Verify ownership + contact before outreach."
"The Mosaic Company","Tampa","FL","osm_industrial","osm-1173515345","","","","","","","","600","904032","108484","6.1","1295622","","Industrial building. Roof-suitable for rooftop PV. Verify ownership + contact before outreach."
"Kinder Morgan - Tampaplex Terminal","Tampa","FL","osm_industrial","osm-1173515347","","","","","","","","600","904032","108484","6.1","1295622","","Logistics building. Roof-suitable for rooftop PV. Verify ownership + contact before outreach."
"Cemex Terminal","Tampa","FL","osm_industrial","osm-1173515348","","","","","","","","600","904032","108484","6.1","1295622","","Industrial building. Roof-suitable for rooftop PV. Verify ownership + contact before outreach."
"Martin Midstream Partners L.P.","Tampa","FL","osm_industrial","osm-1173515350","","","","","","","","600","904032","108484","6.1","1295622","","Petroleum_terminal building. Roof-suitable for rooftop PV. Verify ownership + contact before outreach."
"Motiva Enterprises Llc","Tampa","FL","osm_industrial","osm-1173515351","","","","","","","","600","904032","108484","6.1","1295622","","Petroleum_terminal building. Roof-suitable for rooftop PV. Verify ownership + contact before outreach."
"Standart Concrete Products","Tampa","FL","osm_industrial","osm-1173515352","","","","","","","","600","904032","108484","6.1","1295622","","Concrete_processing building. Roof-suitable for rooftop PV. Verify ownership + contact before outreach."
"Chevron U.S.A. Inc.","Tampa","FL","osm_industrial","osm-1173515353","","","","","","","","600","904032","108484","6.1","1295622","","Petroleum_terminal building. Roof-suitable for rooftop PV. Verify ownership + contact before outreach."
"Compost Area And Firestation","Tampa","FL","osm_industrial","osm-1196843899","","","","","","","","600","904032","108484","6.1","1295622","","Industrial building. Roof-suitable for rooftop PV. Verify ownership + contact before outreach."
"Cae Usa","Tampa","FL","osm_industrial","osm-1230695425","","","","","","","","600","904032","108484","6.1","1295622","","Industrial building. Roof-suitable for rooftop PV. Verify ownership + contact before outreach."
"Coca-Cola Beverages Florida, St. Petersburg","St. Petersburg","FL","osm_industrial","osm-1234456858","","","","","","","","600","904032","108484","6.1","1295622","","Industrial building. Roof-suitable for rooftop PV. Verify ownership + contact before outreach."
"South Eastern Freight","Tampa","FL","osm_industrial","osm-1315118876","","","","","","","","600","904032","108484","6.1","1295622","","Industrial building. Roof-suitable for rooftop PV. Verify ownership + contact before outreach."
"Tampa Commerce Center","Tampa","FL","osm_industrial","osm-1336581982","","","","","","","","600","904032","108484","6.1","1295622","","Industrial building. Roof-suitable for rooftop PV. Verify ownership + contact before outreach."
"Lake Park Water Plant","Tampa","FL","osm_industrial","osm-1365672413","","","","","","","","600","904032","108484","6.1","1295622","","Industrial building. Roof-suitable for rooftop PV. Verify ownership + contact before outreach."
"Strada Services","Tampa","FL","osm_industrial","osm-1436238183","","","","","","","","600","904032","108484","6.1","1295622","","Industrial building. Roof-suitable for rooftop PV. Verify ownership + contact before outreach."
"Port Of Saint Petersburg","Tampa","FL","osm_industrial","osm-1463793072","","","","","","","","600","904032","108484","6.1","1295622","","Port building. Roof-suitable for rooftop PV. Verify ownership + contact before outreach."
"Jacksonville Electric Authority","Jacksonville","FL","osm_industrial","osm-103078970","","","","","","","","600","904032","108484","6.1","1295622","","Industrial building. Roof-suitable for rooftop PV. Verify ownership + contact before outreach."
"Omega Partners Pier","Jacksonville","FL","osm_industrial","osm-132636595","","","","","","","","600","904032","108484","6.1","1295622","","Port building. Roof-suitable for rooftop PV. Verify ownership + contact before outreach."
"Kc Petroleum","Jacksonville","FL","osm_industrial","osm-170072770","","","","","","","","600","904032","108484","6.1","1295622","","Industrial building. Roof-suitable for rooftop PV. Verify ownership + contact before outreach."
"Maxwell House Coffee Company","Jacksonville","FL","osm_industrial","osm-326792197","","","","","","","","600","904032","108484","6.1","1295622","","Industrial building. Roof-suitable for rooftop PV. Verify ownership + contact before outreach."
"Apex Color","Jacksonville","FL","osm_industrial","osm-346116528","","","","","","","","600","904032","108484","6.1","1295622","","Industrial building. Roof-suitable for rooftop PV. Verify ownership + contact before outreach."
"Pinnacle Central Company","Jacksonville","FL","osm_industrial","osm-348354130","","","","","","","","600","904032","108484","6.1","1295622","","Industrial building. Roof-suitable for rooftop PV. Verify ownership + contact before outreach."
"Petroleum Fuel & Terminal Company","Jacksonville","FL","osm_industrial","osm-348354133","","","","","","","","600","904032","108484","6.1","1295622","","Industrial building. Roof-suitable for rooftop PV. Verify ownership + contact before outreach."
"Lafarge North America Cement","Jacksonville","FL","osm_industrial","osm-348359669","","","","","","","","600","904032","108484","6.1","1295622","","Industrial building. Roof-suitable for rooftop PV. Verify ownership + contact before outreach."
"Lehigh Heidelberg Cement Group","Jacksonville","FL","osm_industrial","osm-348359670","","","","","","","","600","904032","108484","6.1","1295622","","Industrial building. Roof-suitable for rooftop PV. Verify ownership + contact before outreach."
"North Florida Shipyards","Jacksonville","FL","osm_industrial","osm-348359677","","","","","","","","600","904032","108484","6.1","1295622","","Port building. Roof-suitable for rooftop PV. Verify ownership + contact before outreach."
"Heidelberg Materials","Jacksonville","FL","osm_industrial","osm-348468719","","","","","","","","600","904032","108484","6.1","1295622","","Industrial building. Roof-suitable for rooftop PV. Verify ownership + contact before outreach."
"Sally Corp.","Jacksonville","FL","osm_industrial","osm-360209472","","","","","","","","600","904032","108484","6.1","1295622","","Industrial building. Roof-suitable for rooftop PV. Verify ownership + contact before outreach."
"Alsco Uniforms","Jacksonville","FL","osm_industrial","osm-362678978","","","","","","","","600","904032","108484","6.1","1295622","","Industrial building. Roof-suitable for rooftop PV. Verify ownership + contact before outreach."
"Jacksonville Production Studio","Jacksonville","FL","osm_industrial","osm-362678983","","","","","","","","600","904032","108484","6.1","1295622","","Industrial building. Roof-suitable for rooftop PV. Verify ownership + contact before outreach."
"Jacksonville Winlectric Co.","Jacksonville","FL","osm_industrial","osm-362678985","","","","","","","","600","904032","108484","6.1","1295622","","Industrial building. Roof-suitable for rooftop PV. Verify ownership + contact before outreach."
"Hugh'S Riverside Automotive","Jacksonville","FL","osm_industrial","osm-362678993","","","","","","","","600","904032","108484","6.1","1295622","","Industrial building. Roof-suitable for rooftop PV. Verify ownership + contact before outreach."
"Bae Systems","Jacksonville","FL","osm_industrial","osm-365349156","","","","","","","","600","904032","108484","6.1","1295622","","Industrial building. Roof-suitable for rooftop PV. Verify ownership + contact before outreach."
"Atlantic Self Storage","Jacksonville","FL","osm_industrial","osm-405948320","","","","","","","","600","904032","108484","6.1","1295622","","Industrial building. Roof-suitable for rooftop PV. Verify ownership + contact before outreach."
"Brownville Industrial Park","Jacksonville","FL","osm_industrial","osm-451330148","","","","","","","","600","904032","108484","6.1","1295622","","Industrial building. Roof-suitable for rooftop PV. Verify ownership + contact before outreach."
"Ashland","Jacksonville","FL","osm_industrial","osm-452074702","","","","","","","","600","904032","108484","6.1","1295622","","Industrial building. Roof-suitable for rooftop PV. Verify ownership + contact before outreach."
"Industrial Loop","Jacksonville","FL","osm_industrial","osm-452586861","","","","","","","","600","904032","108484","6.1","1295622","","Industrial building. Roof-suitable for rooftop PV. Verify ownership + contact before outreach."
"Apex Oil","Jacksonville","FL","osm_industrial","osm-478541870","","","","","","","","600","904032","108484","6.1","1295622","","Port building. Roof-suitable for rooftop PV. Verify ownership + contact before outreach."
"Naval Pier","Jacksonville","FL","osm_industrial","osm-490605423","","","","","","","","600","904032","108484","6.1","1295622","","Industrial building. Roof-suitable for rooftop PV. Verify ownership + contact before outreach."
"Chip'S Tree Service","Jacksonville","FL","osm_industrial","osm-500798956","","","","","","","","600","904032","108484","6.1","1295622","","Industrial building. Roof-suitable for rooftop PV. Verify ownership + contact before outreach."
"Cmc Steel","Jacksonville","FL","osm_industrial","osm-511270925","","","","","","","","600","904032","108484","6.1","1295622","","Steelmaking building. Roof-suitable for rooftop PV. Verify ownership + contact before outreach."
"Reichhold","Jacksonville","FL","osm_industrial","osm-655103935","","","","","","","","600","904032","108484","6.1","1295622","","Mineral_processing building. Roof-suitable for rooftop PV. Verify ownership + contact before outreach."
"Baptist Memorial Hospital","Jacksonville","FL","osm_industrial","osm-681882816","","","","","","","","600","904032","108484","6.1","1295622","","Industrial building. Roof-suitable for rooftop PV. Verify ownership + contact before outreach."
"Pilkington North America Inc.","Jacksonville","FL","osm_industrial","osm-759046148","","","","","","","","600","904032","108484","6.1","1295622","","Industrial building. Roof-suitable for rooftop PV. Verify ownership + contact before outreach."
"Peoples Gas System","Jacksonville","FL","osm_industrial","osm-797820419","","","","","","","","600","904032","108484","6.1","1295622","","Gas building. Roof-suitable for rooftop PV. Verify ownership + contact before outreach."
"Gilden","Jacksonville","FL","osm_industrial","osm-882078318","","","","","","","","600","904032","108484","6.1","1295622","","Industrial building. Roof-suitable for rooftop PV. Verify ownership + contact before outreach."
"Weyerheuser","Jacksonville","FL","osm_industrial","osm-882170648","","","","","","","","600","904032","108484","6.1","1295622","","Lumber_yard building. Roof-suitable for rooftop PV. Verify ownership + contact before outreach."
"Cemex","Jacksonville","FL","osm_industrial","osm-882170660","","","","","","","","600","904032","108484","6.1","1295622","","Mineral_processing building. Roof-suitable for rooftop PV. Verify ownership + contact before outreach."
"International Flavors & Fragrances","Jacksonville","FL","osm_industrial","osm-889043664","","","","","","","","600","904032","108484","6.1","1295622","","Chemical building. Roof-suitable for rooftop PV. Verify ownership + contact before outreach."
"Norfolk Southern Simpson Yard","Jacksonville","FL","osm_industrial","osm-911761454","","","","","","","","600","904032","108484","6.1","1295622","","Industrial building. Roof-suitable for rooftop PV. Verify ownership + contact before outreach."
"Jaxport Cruise Terminal","Jacksonville","FL","osm_industrial","osm-918823701","","","","","","","","600","904032","108484","6.1","1295622","","Port building. Roof-suitable for rooftop PV. Verify ownership + contact before outreach."
"Norfolk Southern Auto Distribution","Jacksonville","FL","osm_industrial","osm-931916614","","","","","","","","600","904032","108484","6.1","1295622","","Industrial building. Roof-suitable for rooftop PV. Verify ownership + contact before outreach."
"Southeast Toyota Distributors","Jacksonville","FL","osm_industrial","osm-931920032","","","","","","","","600","904032","108484","6.1","1295622","","Logistics building. Roof-suitable for rooftop PV. Verify ownership + contact before outreach."
"Blount Island Marine Terminal","Jacksonville","FL","osm_industrial","osm-932412411","","","","","","","","600","904032","108484","6.1","1295622","","Port building. Roof-suitable for rooftop PV. Verify ownership + contact before outreach."
"Southern Natural Gas","Jacksonville","FL","osm_industrial","osm-1014994328","","","","","","","","600","904032","108484","6.1","1295622","","Gas building. Roof-suitable for rooftop PV. Verify ownership + contact before outreach."
"Southern Natural Gas","Jacksonville","FL","osm_industrial","osm-1014994333","","","","","","","","600","904032","108484","6.1","1295622","","Gas building. Roof-suitable for rooftop PV. Verify ownership + contact before outreach."
"Peoples Gas System","Jacksonville","FL","osm_industrial","osm-1014994336","","","","","","","","600","904032","108484","6.1","1295622","","Gas building. Roof-suitable for rooftop PV. Verify ownership + contact before outreach."
"Florida Gas Transmission","Jacksonville","FL","osm_industrial","osm-1014994341","","","","","","","","600","904032","108484","6.1","1295622","","Gas building. Roof-suitable for rooftop PV. Verify ownership + contact before outreach."
"Florida Gas Transmission","Jacksonville","FL","osm_industrial","osm-1014994343","","","","","","","","600","904032","108484","6.1","1295622","","Gas building. Roof-suitable for rooftop PV. Verify ownership + contact before outreach."
"Southern Natural Gas","Jacksonville","FL","osm_industrial","osm-1014994344","","","","","","","","600","904032","108484","6.1","1295622","","Gas building. Roof-suitable for rooftop PV. Verify ownership + contact before outreach."
"Southern Natural Gas","Jacksonville","FL","osm_industrial","osm-1014994346","","","","","","","","600","904032","108484","6.1","1295622","","Gas building. Roof-suitable for rooftop PV. Verify ownership + contact before outreach."
"Southern Natural Gas","Jacksonville","FL","osm_industrial","osm-1014994351","","","","","","","","600","904032","108484","6.1","1295622","","Industrial building. Roof-suitable for rooftop PV. Verify ownership + contact before outreach."
"Seacoast Gas Transmission","Jacksonville","FL","osm_industrial","osm-1014994352","","","","","","","","600","904032","108484","6.1","1295622","","Industrial building. Roof-suitable for rooftop PV. Verify ownership + contact before outreach."
"Dantzler Lumber","Jacksonville","FL","osm_industrial","osm-1020085952","","","","","","","","600","904032","108484","6.1","1295622","","Industrial building. Roof-suitable for rooftop PV. Verify ownership + contact before outreach."
"Jacksonville Public Works","Jacksonville","FL","osm_industrial","osm-1025849945","","","","","","","","600","904032","108484","6.1","1295622","","Industrial building. Roof-suitable for rooftop PV. Verify ownership + contact before outreach."
"Westrock","Jacksonville","FL","osm_industrial","osm-1061358912","","","","","","","","600","904032","108484","6.1","1295622","","Industrial building. Roof-suitable for rooftop PV. Verify ownership + contact before outreach."
"Buoy Yard","Jacksonville","FL","osm_industrial","osm-1071046952","","","","","","","","600","904032","108484","6.1","1295622","","Depot building. Roof-suitable for rooftop PV. Verify ownership + contact before outreach."
"Buoy Yard","Jacksonville","FL","osm_industrial","osm-1155406915","","","","","","","","600","904032","108484","6.1","1295622","","Depot building. Roof-suitable for rooftop PV. Verify ownership + contact before outreach."
"Jax Lng","Jacksonville","FL","osm_industrial","osm-1220027878","","","","","","","","600","904032","108484","6.1","1295622","","Yes building. Roof-suitable for rooftop PV. Verify ownership + contact before outreach."
"Talleyrand Docks","Jacksonville","FL","osm_industrial","osm-1496471805","","","","","","","","600","904032","108484","6.1","1295622","","Port building. Roof-suitable for rooftop PV. Verify ownership + contact before outreach."
"Toyota Berth","Jacksonville","FL","osm_industrial","osm-1496471806","","","","","","","","600","904032","108484","6.1","1295622","","Port building. Roof-suitable for rooftop PV. Verify ownership + contact before outreach."
"Toyota Terminal","Jacksonville","FL","osm_industrial","osm-1496480548","","","","","","","","600","904032","108484","6.1","1295622","","Port building. Roof-suitable for rooftop PV. Verify ownership + contact before outreach."
"Talleyrand Terminal","Jacksonville","FL","osm_industrial","osm-1496480549","","","","","","","","600","904032","108484","6.1","1295622","","Port building. Roof-suitable for rooftop PV. Verify ownership + contact before outreach."
"Omega Partners","Jacksonville","FL","osm_industrial","osm-1496480550","","","","","","","","600","904032","108484","6.1","1295622","","Port building. Roof-suitable for rooftop PV. Verify ownership + contact before outreach."
"Apex Pier","Jacksonville","FL","osm_industrial","osm-1496521828","","","","","","","","600","904032","108484","6.1","1295622","","Port building. Roof-suitable for rooftop PV. Verify ownership + contact before outreach."
"Home Depot RDC — Lakeland","Lakeland","FL","auto_seed","solar-dist-005","","","","","","","","600","904032","108484","6.1","1295622","","FPL net-metering favorable + supplier ESG pressure"
"AdventHealth Orlando","Orlando","FL","auto_seed","solar-med-007","","","","","","","","600","904032","108484","6.1","1295622","","OUC service area — local rebate stacking with ITC"
"University of Florida","Gainesville","FL","auto_seed","solar-edu-005","","","","","","","","600","904032","108484","6.1","1295622","","UF carbon neutrality target + Gainesville Regional Utility partnership"
"CubeSmart — Tampa Bay Portfolio","Tampa","FL","auto_seed","solar-ss-003","","","","","","","","600","904032","108484","6.1","1295622","","FL net-metering 1:1 + portfolio of 6 facilities"
"Tampa Bay Distribution Co","Tampa","FL","auto_seed","solar-016","","","","","","","","600","904032","108484","6.1","1295622","","250,000 sqft flat roof"
"Miami Logistics Park","Doral","FL","auto_seed","solar-017","","","","","","","","600","904032","108484","6.1","1295622","","Hurricane-rated mounting opportunity"
"Orlando Self Storage Group","Orlando","FL","auto_seed","solar-018","","","","","","","","600","904032","108484","6.1","1295622","","4-property portfolio"