company,city,state,source,source_id,provenance_url,naics_code,naics_sector,solar_fit_score,energy_intensity,tax_appetite,recommended_ownership,load_profile,est_system_kw,est_annual_kwh,est_annual_savings_usd,est_net_payback_yrs,est_25yr_npv_p50_usd,sales_script,script_cfo,script_facilities,script_sustainability,pitch_angle
"Sunoco, Inc. (R&S) Eagle Point Facility","Westville","NJ","epa_ghgrp","epa-1001321","https://ghgdata.epa.gov/ghgp/main.do#/facilityDetail?facilityId=epa-1001321","493120","Warehousing / Cold Storage","96","very_high","corporate","direct_purchase","flat_24_7","2000","3013440","512285","","9221130","We help cold-storage facilities offset up to 40% of their peak refrigeration energy costs without changing operations. Worth a 15-minute call?","Your refrigeration is your single largest opex line item. A rooftop solar system locks in 40% of that cost at a fixed rate for 25 years — with full ITC + MACRS depreciation hitting your balance sheet in year one. Worth 15 minutes to see the model?","We specialize in cold-storage rooftop solar that installs without disrupting your temperature zones. Your roof membrane stays intact, and peak demand charges drop immediately. Can I walk you through how it works on a facility like yours?","Cold storage is one of the highest-emitting commercial verticals — but also one of the easiest to decarbonize with rooftop solar. We can help you cut Scope 2 emissions 30-50% without changing operations. Worth a quick conversation?","Refrigerated warehousing — 2022 EPA GHG Reporter. NAICS 493190. Pre-qualified high-energy solar candidate."
"Buckeye Port Reading Terminal","Pt. Reading","NJ","epa_ghgrp","epa-1007595","https://ghgdata.epa.gov/ghgp/main.do#/facilityDetail?facilityId=epa-1007595","493120","Warehousing / Cold Storage","96","very_high","corporate","direct_purchase","flat_24_7","2000","3013440","512285","","9221130","We help cold-storage facilities offset up to 40% of their peak refrigeration energy costs without changing operations. Worth a 15-minute call?","Your refrigeration is your single largest opex line item. A rooftop solar system locks in 40% of that cost at a fixed rate for 25 years — with full ITC + MACRS depreciation hitting your balance sheet in year one. Worth 15 minutes to see the model?","We specialize in cold-storage rooftop solar that installs without disrupting your temperature zones. Your roof membrane stays intact, and peak demand charges drop immediately. Can I walk you through how it works on a facility like yours?","Cold storage is one of the highest-emitting commercial verticals — but also one of the easiest to decarbonize with rooftop solar. We can help you cut Scope 2 emissions 30-50% without changing operations. Worth a quick conversation?","Refrigerated warehousing — 2022 EPA GHG Reporter. NAICS 493190. Pre-qualified high-energy solar candidate."
"US Cold Storage — Vineland","Vineland","NJ","auto_seed","solar-cs-004","","493120","Warehousing / Cold Storage","96","very_high","corporate","direct_purchase","flat_24_7","2000","3013440","512285","","9221130","We help cold-storage facilities offset up to 40% of their peak refrigeration energy costs without changing operations. Worth a 15-minute call?","Your refrigeration is your single largest opex line item. A rooftop solar system locks in 40% of that cost at a fixed rate for 25 years — with full ITC + MACRS depreciation hitting your balance sheet in year one. Worth 15 minutes to see the model?","We specialize in cold-storage rooftop solar that installs without disrupting your temperature zones. Your roof membrane stays intact, and peak demand charges drop immediately. Can I walk you through how it works on a facility like yours?","Cold storage is one of the highest-emitting commercial verticals — but also one of the easiest to decarbonize with rooftop solar. We can help you cut Scope 2 emissions 30-50% without changing operations. Worth a quick conversation?","NJ TREC + ITC stack — refrigerated warehouse with battery-pairing opportunity"
"Cvs Distribution Center","Nj-Phila Port","NJ","osm_industrial","osm-31068729","https://www.openstreetmap.org/way/osm-31068729","493110","Warehousing / Cold Storage","84","moderate","corporate","direct_purchase","daytime_peak","2000","3013440","512285","","9221130","Distribution centers are the easiest commercial solar installs we do — large clear flat roofs, ground-level interconnect.","Large flat-roof warehouses have the lowest $/W install cost in commercial solar — we typically see 4-year payback after ITC + MACRS. Worth a quick site-specific estimate?","Your roof is the ideal solar substrate — large, flat, unobstructed. We install without disrupting warehouse operations and connect at ground-level switchgear. Quick call to walk through the layout?","Warehouse Scope 2 emissions are an easy win — your flat-roof footprint generates enough solar to offset 60-80% of your grid consumption with zero operational changes.","Warehouse building. Roof-suitable for rooftop PV. Verify ownership + contact before outreach."
"Radwell International","Nj-Phila Port","NJ","osm_industrial","osm-31068746","https://www.openstreetmap.org/way/osm-31068746","493110","Warehousing / Cold Storage","84","moderate","corporate","direct_purchase","daytime_peak","2000","3013440","512285","","9221130","Distribution centers are the easiest commercial solar installs we do — large clear flat roofs, ground-level interconnect.","Large flat-roof warehouses have the lowest $/W install cost in commercial solar — we typically see 4-year payback after ITC + MACRS. Worth a quick site-specific estimate?","Your roof is the ideal solar substrate — large, flat, unobstructed. We install without disrupting warehouse operations and connect at ground-level switchgear. Quick call to walk through the layout?","Warehouse Scope 2 emissions are an easy win — your flat-roof footprint generates enough solar to offset 60-80% of your grid consumption with zero operational changes.","Warehouse building. Roof-suitable for rooftop PV. Verify ownership + contact before outreach."
"Simkar","Nj-Phila Port","NJ","osm_industrial","osm-177317554","https://www.openstreetmap.org/way/osm-177317554","493110","Warehousing / Cold Storage","84","moderate","corporate","direct_purchase","daytime_peak","2000","3013440","512285","","9221130","Distribution centers are the easiest commercial solar installs we do — large clear flat roofs, ground-level interconnect.","Large flat-roof warehouses have the lowest $/W install cost in commercial solar — we typically see 4-year payback after ITC + MACRS. Worth a quick site-specific estimate?","Your roof is the ideal solar substrate — large, flat, unobstructed. We install without disrupting warehouse operations and connect at ground-level switchgear. Quick call to walk through the layout?","Warehouse Scope 2 emissions are an easy win — your flat-roof footprint generates enough solar to offset 60-80% of your grid consumption with zero operational changes.","Warehouse building. Roof-suitable for rooftop PV. Verify ownership + contact before outreach."
"Pier 78 Annex","Nj-Phila Port","NJ","osm_industrial","osm-226298571","https://www.openstreetmap.org/way/osm-226298571","493110","Warehousing / Cold Storage","84","moderate","corporate","direct_purchase","daytime_peak","2000","3013440","512285","","9221130","Distribution centers are the easiest commercial solar installs we do — large clear flat roofs, ground-level interconnect.","Large flat-roof warehouses have the lowest $/W install cost in commercial solar — we typically see 4-year payback after ITC + MACRS. Worth a quick site-specific estimate?","Your roof is the ideal solar substrate — large, flat, unobstructed. We install without disrupting warehouse operations and connect at ground-level switchgear. Quick call to walk through the layout?","Warehouse Scope 2 emissions are an easy win — your flat-roof footprint generates enough solar to offset 60-80% of your grid consumption with zero operational changes.","Warehouse building. Roof-suitable for rooftop PV. Verify ownership + contact before outreach."
"Cube Smart","Nj-Phila Port","NJ","osm_industrial","osm-385417303","https://www.openstreetmap.org/way/osm-385417303","493110","Warehousing / Cold Storage","84","moderate","corporate","direct_purchase","daytime_peak","2000","3013440","512285","","9221130","Distribution centers are the easiest commercial solar installs we do — large clear flat roofs, ground-level interconnect.","Large flat-roof warehouses have the lowest $/W install cost in commercial solar — we typically see 4-year payback after ITC + MACRS. Worth a quick site-specific estimate?","Your roof is the ideal solar substrate — large, flat, unobstructed. We install without disrupting warehouse operations and connect at ground-level switchgear. Quick call to walk through the layout?","Warehouse Scope 2 emissions are an easy win — your flat-roof footprint generates enough solar to offset 60-80% of your grid consumption with zero operational changes.","Warehouse building. Roof-suitable for rooftop PV. Verify ownership + contact before outreach."
"Nfi","Cherry Hill","NJ","osm_industrial","osm-391070654","https://www.openstreetmap.org/way/osm-391070654","493110","Warehousing / Cold Storage","84","moderate","corporate","direct_purchase","daytime_peak","2000","3013440","512285","","9221130","Distribution centers are the easiest commercial solar installs we do — large clear flat roofs, ground-level interconnect.","Large flat-roof warehouses have the lowest $/W install cost in commercial solar — we typically see 4-year payback after ITC + MACRS. Worth a quick site-specific estimate?","Your roof is the ideal solar substrate — large, flat, unobstructed. We install without disrupting warehouse operations and connect at ground-level switchgear. Quick call to walk through the layout?","Warehouse Scope 2 emissions are an easy win — your flat-roof footprint generates enough solar to offset 60-80% of your grid consumption with zero operational changes.","Warehouse building. Roof-suitable for rooftop PV. Verify ownership + contact before outreach."
"Holman Parts Distribution","Nj-Phila Port","NJ","osm_industrial","osm-614803327","https://www.openstreetmap.org/way/osm-614803327","493110","Warehousing / Cold Storage","84","moderate","corporate","direct_purchase","daytime_peak","2000","3013440","512285","","9221130","Distribution centers are the easiest commercial solar installs we do — large clear flat roofs, ground-level interconnect.","Large flat-roof warehouses have the lowest $/W install cost in commercial solar — we typically see 4-year payback after ITC + MACRS. Worth a quick site-specific estimate?","Your roof is the ideal solar substrate — large, flat, unobstructed. We install without disrupting warehouse operations and connect at ground-level switchgear. Quick call to walk through the layout?","Warehouse Scope 2 emissions are an easy win — your flat-roof footprint generates enough solar to offset 60-80% of your grid consumption with zero operational changes.","Warehouse building. Roof-suitable for rooftop PV. Verify ownership + contact before outreach."
"B&H Fullfillment Center","Florence","NJ","osm_industrial","osm-708602064","https://www.openstreetmap.org/way/osm-708602064","493110","Warehousing / Cold Storage","84","moderate","corporate","direct_purchase","daytime_peak","2000","3013440","512285","","9221130","Distribution centers are the easiest commercial solar installs we do — large clear flat roofs, ground-level interconnect.","Large flat-roof warehouses have the lowest $/W install cost in commercial solar — we typically see 4-year payback after ITC + MACRS. Worth a quick site-specific estimate?","Your roof is the ideal solar substrate — large, flat, unobstructed. We install without disrupting warehouse operations and connect at ground-level switchgear. Quick call to walk through the layout?","Warehouse Scope 2 emissions are an easy win — your flat-roof footprint generates enough solar to offset 60-80% of your grid consumption with zero operational changes.","Warehouse building. Roof-suitable for rooftop PV. Verify ownership + contact before outreach."
"Amazon Fullfillment Center Abe8","Florence","NJ","osm_industrial","osm-708602065","https://www.openstreetmap.org/way/osm-708602065","493110","Warehousing / Cold Storage","84","moderate","corporate","direct_purchase","daytime_peak","2000","3013440","512285","","9221130","Distribution centers are the easiest commercial solar installs we do — large clear flat roofs, ground-level interconnect.","Large flat-roof warehouses have the lowest $/W install cost in commercial solar — we typically see 4-year payback after ITC + MACRS. Worth a quick site-specific estimate?","Your roof is the ideal solar substrate — large, flat, unobstructed. We install without disrupting warehouse operations and connect at ground-level switchgear. Quick call to walk through the layout?","Warehouse Scope 2 emissions are an easy win — your flat-roof footprint generates enough solar to offset 60-80% of your grid consumption with zero operational changes.","Warehouse building. Roof-suitable for rooftop PV. Verify ownership + contact before outreach."
"Amazon Fullfillment Center Acy2","Burlington Township","NJ","osm_industrial","osm-708602082","https://www.openstreetmap.org/way/osm-708602082","493110","Warehousing / Cold Storage","84","moderate","corporate","direct_purchase","daytime_peak","2000","3013440","512285","","9221130","Distribution centers are the easiest commercial solar installs we do — large clear flat roofs, ground-level interconnect.","Large flat-roof warehouses have the lowest $/W install cost in commercial solar — we typically see 4-year payback after ITC + MACRS. Worth a quick site-specific estimate?","Your roof is the ideal solar substrate — large, flat, unobstructed. We install without disrupting warehouse operations and connect at ground-level switchgear. Quick call to walk through the layout?","Warehouse Scope 2 emissions are an easy win — your flat-roof footprint generates enough solar to offset 60-80% of your grid consumption with zero operational changes.","Warehouse building. Roof-suitable for rooftop PV. Verify ownership + contact before outreach."
"Ashland Center Two","Folcroft","NJ","osm_industrial","osm-791393505","https://www.openstreetmap.org/way/osm-791393505","493110","Warehousing / Cold Storage","84","moderate","corporate","direct_purchase","daytime_peak","2000","3013440","512285","","9221130","Distribution centers are the easiest commercial solar installs we do — large clear flat roofs, ground-level interconnect.","Large flat-roof warehouses have the lowest $/W install cost in commercial solar — we typically see 4-year payback after ITC + MACRS. Worth a quick site-specific estimate?","Your roof is the ideal solar substrate — large, flat, unobstructed. We install without disrupting warehouse operations and connect at ground-level switchgear. Quick call to walk through the layout?","Warehouse Scope 2 emissions are an easy win — your flat-roof footprint generates enough solar to offset 60-80% of your grid consumption with zero operational changes.","Warehouse building. Roof-suitable for rooftop PV. Verify ownership + contact before outreach."
"Building 16","Nj-Phila Port","NJ","osm_industrial","osm-1080850150","https://www.openstreetmap.org/way/osm-1080850150","493110","Warehousing / Cold Storage","84","moderate","corporate","direct_purchase","daytime_peak","2000","3013440","512285","","9221130","Distribution centers are the easiest commercial solar installs we do — large clear flat roofs, ground-level interconnect.","Large flat-roof warehouses have the lowest $/W install cost in commercial solar — we typically see 4-year payback after ITC + MACRS. Worth a quick site-specific estimate?","Your roof is the ideal solar substrate — large, flat, unobstructed. We install without disrupting warehouse operations and connect at ground-level switchgear. Quick call to walk through the layout?","Warehouse Scope 2 emissions are an easy win — your flat-roof footprint generates enough solar to offset 60-80% of your grid consumption with zero operational changes.","Warehouse building. Roof-suitable for rooftop PV. Verify ownership + contact before outreach."
"Auto Store","Nj-Phila Port","NJ","osm_industrial","osm-1126044302","https://www.openstreetmap.org/way/osm-1126044302","493110","Warehousing / Cold Storage","84","moderate","corporate","direct_purchase","daytime_peak","2000","3013440","512285","","9221130","Distribution centers are the easiest commercial solar installs we do — large clear flat roofs, ground-level interconnect.","Large flat-roof warehouses have the lowest $/W install cost in commercial solar — we typically see 4-year payback after ITC + MACRS. Worth a quick site-specific estimate?","Your roof is the ideal solar substrate — large, flat, unobstructed. We install without disrupting warehouse operations and connect at ground-level switchgear. Quick call to walk through the layout?","Warehouse Scope 2 emissions are an easy win — your flat-roof footprint generates enough solar to offset 60-80% of your grid consumption with zero operational changes.","Warehouse building. Roof-suitable for rooftop PV. Verify ownership + contact before outreach."
"Titan Warehousing","Pemberton Township","NJ","osm_industrial","osm-1186571422","https://www.openstreetmap.org/way/osm-1186571422","493110","Warehousing / Cold Storage","84","moderate","corporate","direct_purchase","daytime_peak","2000","3013440","512285","","9221130","Distribution centers are the easiest commercial solar installs we do — large clear flat roofs, ground-level interconnect.","Large flat-roof warehouses have the lowest $/W install cost in commercial solar — we typically see 4-year payback after ITC + MACRS. Worth a quick site-specific estimate?","Your roof is the ideal solar substrate — large, flat, unobstructed. We install without disrupting warehouse operations and connect at ground-level switchgear. Quick call to walk through the layout?","Warehouse Scope 2 emissions are an easy win — your flat-roof footprint generates enough solar to offset 60-80% of your grid consumption with zero operational changes.","Warehouse building. Roof-suitable for rooftop PV. Verify ownership + contact before outreach."
"Target Sortation Center","Nj-Phila Port","NJ","osm_industrial","osm-1335776110","https://www.openstreetmap.org/way/osm-1335776110","493110","Warehousing / Cold Storage","84","moderate","corporate","direct_purchase","daytime_peak","2000","3013440","512285","","9221130","Distribution centers are the easiest commercial solar installs we do — large clear flat roofs, ground-level interconnect.","Large flat-roof warehouses have the lowest $/W install cost in commercial solar — we typically see 4-year payback after ITC + MACRS. Worth a quick site-specific estimate?","Your roof is the ideal solar substrate — large, flat, unobstructed. We install without disrupting warehouse operations and connect at ground-level switchgear. Quick call to walk through the layout?","Warehouse Scope 2 emissions are an easy win — your flat-roof footprint generates enough solar to offset 60-80% of your grid consumption with zero operational changes.","Warehouse building. Roof-suitable for rooftop PV. Verify ownership + contact before outreach."
"East Coast Warehouse","Newark","NJ","osm_industrial","osm-95492589","https://www.openstreetmap.org/way/osm-95492589","493110","Warehousing / Cold Storage","84","moderate","corporate","direct_purchase","daytime_peak","2000","3013440","512285","","9221130","Distribution centers are the easiest commercial solar installs we do — large clear flat roofs, ground-level interconnect.","Large flat-roof warehouses have the lowest $/W install cost in commercial solar — we typically see 4-year payback after ITC + MACRS. Worth a quick site-specific estimate?","Your roof is the ideal solar substrate — large, flat, unobstructed. We install without disrupting warehouse operations and connect at ground-level switchgear. Quick call to walk through the layout?","Warehouse Scope 2 emissions are an easy win — your flat-roof footprint generates enough solar to offset 60-80% of your grid consumption with zero operational changes.","Warehouse building. Roof-suitable for rooftop PV. Verify ownership + contact before outreach."
"Prodalim","Elizabeth","NJ","osm_industrial","osm-96721418","https://www.openstreetmap.org/way/osm-96721418","493110","Warehousing / Cold Storage","84","moderate","corporate","direct_purchase","daytime_peak","2000","3013440","512285","","9221130","Distribution centers are the easiest commercial solar installs we do — large clear flat roofs, ground-level interconnect.","Large flat-roof warehouses have the lowest $/W install cost in commercial solar — we typically see 4-year payback after ITC + MACRS. Worth a quick site-specific estimate?","Your roof is the ideal solar substrate — large, flat, unobstructed. We install without disrupting warehouse operations and connect at ground-level switchgear. Quick call to walk through the layout?","Warehouse Scope 2 emissions are an easy win — your flat-roof footprint generates enough solar to offset 60-80% of your grid consumption with zero operational changes.","Warehouse building. Roof-suitable for rooftop PV. Verify ownership + contact before outreach."
"Amazon Sort Center Ewr5","Avenel","NJ","osm_industrial","osm-149919076","https://www.openstreetmap.org/way/osm-149919076","493110","Warehousing / Cold Storage","84","moderate","corporate","direct_purchase","daytime_peak","2000","3013440","512285","","9221130","Distribution centers are the easiest commercial solar installs we do — large clear flat roofs, ground-level interconnect.","Large flat-roof warehouses have the lowest $/W install cost in commercial solar — we typically see 4-year payback after ITC + MACRS. Worth a quick site-specific estimate?","Your roof is the ideal solar substrate — large, flat, unobstructed. We install without disrupting warehouse operations and connect at ground-level switchgear. Quick call to walk through the layout?","Warehouse Scope 2 emissions are an easy win — your flat-roof footprint generates enough solar to offset 60-80% of your grid consumption with zero operational changes.","Warehouse building. Roof-suitable for rooftop PV. Verify ownership + contact before outreach."
"Best Transportation","Newark","NJ","osm_industrial","osm-167890828","https://www.openstreetmap.org/way/osm-167890828","493110","Warehousing / Cold Storage","84","moderate","corporate","direct_purchase","daytime_peak","2000","3013440","512285","","9221130","Distribution centers are the easiest commercial solar installs we do — large clear flat roofs, ground-level interconnect.","Large flat-roof warehouses have the lowest $/W install cost in commercial solar — we typically see 4-year payback after ITC + MACRS. Worth a quick site-specific estimate?","Your roof is the ideal solar substrate — large, flat, unobstructed. We install without disrupting warehouse operations and connect at ground-level switchgear. Quick call to walk through the layout?","Warehouse Scope 2 emissions are an easy win — your flat-roof footprint generates enough solar to offset 60-80% of your grid consumption with zero operational changes.","Warehouse building. Roof-suitable for rooftop PV. Verify ownership + contact before outreach."
"Harbor Freight Transport","Newark","NJ","osm_industrial","osm-167890829","https://www.openstreetmap.org/way/osm-167890829","493110","Warehousing / Cold Storage","84","moderate","corporate","direct_purchase","daytime_peak","2000","3013440","512285","","9221130","Distribution centers are the easiest commercial solar installs we do — large clear flat roofs, ground-level interconnect.","Large flat-roof warehouses have the lowest $/W install cost in commercial solar — we typically see 4-year payback after ITC + MACRS. Worth a quick site-specific estimate?","Your roof is the ideal solar substrate — large, flat, unobstructed. We install without disrupting warehouse operations and connect at ground-level switchgear. Quick call to walk through the layout?","Warehouse Scope 2 emissions are an easy win — your flat-roof footprint generates enough solar to offset 60-80% of your grid consumption with zero operational changes.","Warehouse building. Roof-suitable for rooftop PV. Verify ownership + contact before outreach."
"Eastern Warehouse","Newark","NJ","osm_industrial","osm-167890831","https://www.openstreetmap.org/way/osm-167890831","493110","Warehousing / Cold Storage","84","moderate","corporate","direct_purchase","daytime_peak","2000","3013440","512285","","9221130","Distribution centers are the easiest commercial solar installs we do — large clear flat roofs, ground-level interconnect.","Large flat-roof warehouses have the lowest $/W install cost in commercial solar — we typically see 4-year payback after ITC + MACRS. Worth a quick site-specific estimate?","Your roof is the ideal solar substrate — large, flat, unobstructed. We install without disrupting warehouse operations and connect at ground-level switchgear. Quick call to walk through the layout?","Warehouse Scope 2 emissions are an easy win — your flat-roof footprint generates enough solar to offset 60-80% of your grid consumption with zero operational changes.","Warehouse building. Roof-suitable for rooftop PV. Verify ownership + contact before outreach."
"Salson Logistics","Newark","NJ","osm_industrial","osm-167890833","https://www.openstreetmap.org/way/osm-167890833","493110","Warehousing / Cold Storage","84","moderate","corporate","direct_purchase","daytime_peak","2000","3013440","512285","","9221130","Distribution centers are the easiest commercial solar installs we do — large clear flat roofs, ground-level interconnect.","Large flat-roof warehouses have the lowest $/W install cost in commercial solar — we typically see 4-year payback after ITC + MACRS. Worth a quick site-specific estimate?","Your roof is the ideal solar substrate — large, flat, unobstructed. We install without disrupting warehouse operations and connect at ground-level switchgear. Quick call to walk through the layout?","Warehouse Scope 2 emissions are an easy win — your flat-roof footprint generates enough solar to offset 60-80% of your grid consumption with zero operational changes.","Warehouse building. Roof-suitable for rooftop PV. Verify ownership + contact before outreach."
"Trt International","Newark","NJ","osm_industrial","osm-167890836","https://www.openstreetmap.org/way/osm-167890836","493110","Warehousing / Cold Storage","84","moderate","corporate","direct_purchase","daytime_peak","2000","3013440","512285","","9221130","Distribution centers are the easiest commercial solar installs we do — large clear flat roofs, ground-level interconnect.","Large flat-roof warehouses have the lowest $/W install cost in commercial solar — we typically see 4-year payback after ITC + MACRS. Worth a quick site-specific estimate?","Your roof is the ideal solar substrate — large, flat, unobstructed. We install without disrupting warehouse operations and connect at ground-level switchgear. Quick call to walk through the layout?","Warehouse Scope 2 emissions are an easy win — your flat-roof footprint generates enough solar to offset 60-80% of your grid consumption with zero operational changes.","Warehouse building. Roof-suitable for rooftop PV. Verify ownership + contact before outreach."
"Amrod","Newark","NJ","osm_industrial","osm-167890841","https://www.openstreetmap.org/way/osm-167890841","493110","Warehousing / Cold Storage","84","moderate","corporate","direct_purchase","daytime_peak","2000","3013440","512285","","9221130","Distribution centers are the easiest commercial solar installs we do — large clear flat roofs, ground-level interconnect.","Large flat-roof warehouses have the lowest $/W install cost in commercial solar — we typically see 4-year payback after ITC + MACRS. Worth a quick site-specific estimate?","Your roof is the ideal solar substrate — large, flat, unobstructed. We install without disrupting warehouse operations and connect at ground-level switchgear. Quick call to walk through the layout?","Warehouse Scope 2 emissions are an easy win — your flat-roof footprint generates enough solar to offset 60-80% of your grid consumption with zero operational changes.","Warehouse building. Roof-suitable for rooftop PV. Verify ownership + contact before outreach."
"Xpo Logistics","Newark","NJ","osm_industrial","osm-167890845","https://www.openstreetmap.org/way/osm-167890845","493110","Warehousing / Cold Storage","84","moderate","corporate","direct_purchase","daytime_peak","2000","3013440","512285","","9221130","Distribution centers are the easiest commercial solar installs we do — large clear flat roofs, ground-level interconnect.","Large flat-roof warehouses have the lowest $/W install cost in commercial solar — we typically see 4-year payback after ITC + MACRS. Worth a quick site-specific estimate?","Your roof is the ideal solar substrate — large, flat, unobstructed. We install without disrupting warehouse operations and connect at ground-level switchgear. Quick call to walk through the layout?","Warehouse Scope 2 emissions are an easy win — your flat-roof footprint generates enough solar to offset 60-80% of your grid consumption with zero operational changes.","Warehouse building. Roof-suitable for rooftop PV. Verify ownership + contact before outreach."
"J & J Tristate Delivery Services","Wayne","NJ","osm_industrial","osm-274174803","https://www.openstreetmap.org/way/osm-274174803","493110","Warehousing / Cold Storage","84","moderate","corporate","direct_purchase","daytime_peak","2000","3013440","512285","","9221130","Distribution centers are the easiest commercial solar installs we do — large clear flat roofs, ground-level interconnect.","Large flat-roof warehouses have the lowest $/W install cost in commercial solar — we typically see 4-year payback after ITC + MACRS. Worth a quick site-specific estimate?","Your roof is the ideal solar substrate — large, flat, unobstructed. We install without disrupting warehouse operations and connect at ground-level switchgear. Quick call to walk through the layout?","Warehouse Scope 2 emissions are an easy win — your flat-roof footprint generates enough solar to offset 60-80% of your grid consumption with zero operational changes.","Warehouse building. Roof-suitable for rooftop PV. Verify ownership + contact before outreach."
"Dolan & Traynor Marketing Distributor","Wayne","NJ","osm_industrial","osm-274174808","https://www.openstreetmap.org/way/osm-274174808","493110","Warehousing / Cold Storage","84","moderate","corporate","direct_purchase","daytime_peak","2000","3013440","512285","","9221130","Distribution centers are the easiest commercial solar installs we do — large clear flat roofs, ground-level interconnect.","Large flat-roof warehouses have the lowest $/W install cost in commercial solar — we typically see 4-year payback after ITC + MACRS. Worth a quick site-specific estimate?","Your roof is the ideal solar substrate — large, flat, unobstructed. We install without disrupting warehouse operations and connect at ground-level switchgear. Quick call to walk through the layout?","Warehouse Scope 2 emissions are an easy win — your flat-roof footprint generates enough solar to offset 60-80% of your grid consumption with zero operational changes.","Warehouse building. Roof-suitable for rooftop PV. Verify ownership + contact before outreach."
"Patriot Pickle","Wayne","NJ","osm_industrial","osm-274174811","https://www.openstreetmap.org/way/osm-274174811","493110","Warehousing / Cold Storage","84","moderate","corporate","direct_purchase","daytime_peak","2000","3013440","512285","","9221130","Distribution centers are the easiest commercial solar installs we do — large clear flat roofs, ground-level interconnect.","Large flat-roof warehouses have the lowest $/W install cost in commercial solar — we typically see 4-year payback after ITC + MACRS. Worth a quick site-specific estimate?","Your roof is the ideal solar substrate — large, flat, unobstructed. We install without disrupting warehouse operations and connect at ground-level switchgear. Quick call to walk through the layout?","Warehouse Scope 2 emissions are an easy win — your flat-roof footprint generates enough solar to offset 60-80% of your grid consumption with zero operational changes.","Warehouse building. Roof-suitable for rooftop PV. Verify ownership + contact before outreach."
"Freedom Moving & Storage","Wayne","NJ","osm_industrial","osm-274174812","https://www.openstreetmap.org/way/osm-274174812","493110","Warehousing / Cold Storage","84","moderate","corporate","direct_purchase","daytime_peak","2000","3013440","512285","","9221130","Distribution centers are the easiest commercial solar installs we do — large clear flat roofs, ground-level interconnect.","Large flat-roof warehouses have the lowest $/W install cost in commercial solar — we typically see 4-year payback after ITC + MACRS. Worth a quick site-specific estimate?","Your roof is the ideal solar substrate — large, flat, unobstructed. We install without disrupting warehouse operations and connect at ground-level switchgear. Quick call to walk through the layout?","Warehouse Scope 2 emissions are an easy win — your flat-roof footprint generates enough solar to offset 60-80% of your grid consumption with zero operational changes.","Warehouse building. Roof-suitable for rooftop PV. Verify ownership + contact before outreach."
"Meyer Berkshire","Wayne","NJ","osm_industrial","osm-274174813","https://www.openstreetmap.org/way/osm-274174813","493110","Warehousing / Cold Storage","84","moderate","corporate","direct_purchase","daytime_peak","2000","3013440","512285","","9221130","Distribution centers are the easiest commercial solar installs we do — large clear flat roofs, ground-level interconnect.","Large flat-roof warehouses have the lowest $/W install cost in commercial solar — we typically see 4-year payback after ITC + MACRS. Worth a quick site-specific estimate?","Your roof is the ideal solar substrate — large, flat, unobstructed. We install without disrupting warehouse operations and connect at ground-level switchgear. Quick call to walk through the layout?","Warehouse Scope 2 emissions are an easy win — your flat-roof footprint generates enough solar to offset 60-80% of your grid consumption with zero operational changes.","Warehouse building. Roof-suitable for rooftop PV. Verify ownership + contact before outreach."
"Mink Hair Ltd","Wayne","NJ","osm_industrial","osm-274177245","https://www.openstreetmap.org/way/osm-274177245","493110","Warehousing / Cold Storage","84","moderate","corporate","direct_purchase","daytime_peak","2000","3013440","512285","","9221130","Distribution centers are the easiest commercial solar installs we do — large clear flat roofs, ground-level interconnect.","Large flat-roof warehouses have the lowest $/W install cost in commercial solar — we typically see 4-year payback after ITC + MACRS. Worth a quick site-specific estimate?","Your roof is the ideal solar substrate — large, flat, unobstructed. We install without disrupting warehouse operations and connect at ground-level switchgear. Quick call to walk through the layout?","Warehouse Scope 2 emissions are an easy win — your flat-roof footprint generates enough solar to offset 60-80% of your grid consumption with zero operational changes.","Warehouse building. Roof-suitable for rooftop PV. Verify ownership + contact before outreach."
"Caravan Ingredients","Wayne","NJ","osm_industrial","osm-274180998","https://www.openstreetmap.org/way/osm-274180998","493110","Warehousing / Cold Storage","84","moderate","corporate","direct_purchase","daytime_peak","2000","3013440","512285","","9221130","Distribution centers are the easiest commercial solar installs we do — large clear flat roofs, ground-level interconnect.","Large flat-roof warehouses have the lowest $/W install cost in commercial solar — we typically see 4-year payback after ITC + MACRS. Worth a quick site-specific estimate?","Your roof is the ideal solar substrate — large, flat, unobstructed. We install without disrupting warehouse operations and connect at ground-level switchgear. Quick call to walk through the layout?","Warehouse Scope 2 emissions are an easy win — your flat-roof footprint generates enough solar to offset 60-80% of your grid consumption with zero operational changes.","Warehouse building. Roof-suitable for rooftop PV. Verify ownership + contact before outreach."
"Coco International","Wayne","NJ","osm_industrial","osm-313635959","https://www.openstreetmap.org/way/osm-313635959","493110","Warehousing / Cold Storage","84","moderate","corporate","direct_purchase","daytime_peak","2000","3013440","512285","","9221130","Distribution centers are the easiest commercial solar installs we do — large clear flat roofs, ground-level interconnect.","Large flat-roof warehouses have the lowest $/W install cost in commercial solar — we typically see 4-year payback after ITC + MACRS. Worth a quick site-specific estimate?","Your roof is the ideal solar substrate — large, flat, unobstructed. We install without disrupting warehouse operations and connect at ground-level switchgear. Quick call to walk through the layout?","Warehouse Scope 2 emissions are an easy win — your flat-roof footprint generates enough solar to offset 60-80% of your grid consumption with zero operational changes.","Warehouse building. Roof-suitable for rooftop PV. Verify ownership + contact before outreach."
"Lineage Logistics","Linden","NJ","osm_industrial","osm-378252069","https://www.openstreetmap.org/way/osm-378252069","493110","Warehousing / Cold Storage","84","moderate","corporate","direct_purchase","daytime_peak","2000","3013440","512285","","9221130","Distribution centers are the easiest commercial solar installs we do — large clear flat roofs, ground-level interconnect.","Large flat-roof warehouses have the lowest $/W install cost in commercial solar — we typically see 4-year payback after ITC + MACRS. Worth a quick site-specific estimate?","Your roof is the ideal solar substrate — large, flat, unobstructed. We install without disrupting warehouse operations and connect at ground-level switchgear. Quick call to walk through the layout?","Warehouse Scope 2 emissions are an easy win — your flat-roof footprint generates enough solar to offset 60-80% of your grid consumption with zero operational changes.","Warehouse building. Roof-suitable for rooftop PV. Verify ownership + contact before outreach."
"United States Postal Service","Jersey City","NJ","osm_industrial","osm-400865194","https://www.openstreetmap.org/way/osm-400865194","493110","Warehousing / Cold Storage","84","moderate","corporate","direct_purchase","daytime_peak","2000","3013440","512285","","9221130","Distribution centers are the easiest commercial solar installs we do — large clear flat roofs, ground-level interconnect.","Large flat-roof warehouses have the lowest $/W install cost in commercial solar — we typically see 4-year payback after ITC + MACRS. Worth a quick site-specific estimate?","Your roof is the ideal solar substrate — large, flat, unobstructed. We install without disrupting warehouse operations and connect at ground-level switchgear. Quick call to walk through the layout?","Warehouse Scope 2 emissions are an easy win — your flat-roof footprint generates enough solar to offset 60-80% of your grid consumption with zero operational changes.","Warehouse building. Roof-suitable for rooftop PV. Verify ownership + contact before outreach."
"Florence Warehouse","Jersey City","NJ","osm_industrial","osm-409705820","https://www.openstreetmap.org/way/osm-409705820","493110","Warehousing / Cold Storage","84","moderate","corporate","direct_purchase","daytime_peak","2000","3013440","512285","","9221130","Distribution centers are the easiest commercial solar installs we do — large clear flat roofs, ground-level interconnect.","Large flat-roof warehouses have the lowest $/W install cost in commercial solar — we typically see 4-year payback after ITC + MACRS. Worth a quick site-specific estimate?","Your roof is the ideal solar substrate — large, flat, unobstructed. We install without disrupting warehouse operations and connect at ground-level switchgear. Quick call to walk through the layout?","Warehouse Scope 2 emissions are an easy win — your flat-roof footprint generates enough solar to offset 60-80% of your grid consumption with zero operational changes.","Warehouse building. Roof-suitable for rooftop PV. Verify ownership + contact before outreach."
"Lineage Logistics","Elizabeth","NJ","osm_industrial","osm-414862525","https://www.openstreetmap.org/way/osm-414862525","493110","Warehousing / Cold Storage","84","moderate","corporate","direct_purchase","daytime_peak","2000","3013440","512285","","9221130","Distribution centers are the easiest commercial solar installs we do — large clear flat roofs, ground-level interconnect.","Large flat-roof warehouses have the lowest $/W install cost in commercial solar — we typically see 4-year payback after ITC + MACRS. Worth a quick site-specific estimate?","Your roof is the ideal solar substrate — large, flat, unobstructed. We install without disrupting warehouse operations and connect at ground-level switchgear. Quick call to walk through the layout?","Warehouse Scope 2 emissions are an easy win — your flat-roof footprint generates enough solar to offset 60-80% of your grid consumption with zero operational changes.","Warehouse building. Roof-suitable for rooftop PV. Verify ownership + contact before outreach."
"Amazon Sny1","Kearny","NJ","osm_industrial","osm-415682125","https://www.openstreetmap.org/way/osm-415682125","493110","Warehousing / Cold Storage","84","moderate","corporate","direct_purchase","daytime_peak","2000","3013440","512285","","9221130","Distribution centers are the easiest commercial solar installs we do — large clear flat roofs, ground-level interconnect.","Large flat-roof warehouses have the lowest $/W install cost in commercial solar — we typically see 4-year payback after ITC + MACRS. Worth a quick site-specific estimate?","Your roof is the ideal solar substrate — large, flat, unobstructed. We install without disrupting warehouse operations and connect at ground-level switchgear. Quick call to walk through the layout?","Warehouse Scope 2 emissions are an easy win — your flat-roof footprint generates enough solar to offset 60-80% of your grid consumption with zero operational changes.","Warehouse building. Roof-suitable for rooftop PV. Verify ownership + contact before outreach."
"Walong Marketing Inc.","Jersey City","NJ","osm_industrial","osm-421187484","https://www.openstreetmap.org/way/osm-421187484","493110","Warehousing / Cold Storage","84","moderate","corporate","direct_purchase","daytime_peak","2000","3013440","512285","","9221130","Distribution centers are the easiest commercial solar installs we do — large clear flat roofs, ground-level interconnect.","Large flat-roof warehouses have the lowest $/W install cost in commercial solar — we typically see 4-year payback after ITC + MACRS. Worth a quick site-specific estimate?","Your roof is the ideal solar substrate — large, flat, unobstructed. We install without disrupting warehouse operations and connect at ground-level switchgear. Quick call to walk through the layout?","Warehouse Scope 2 emissions are an easy win — your flat-roof footprint generates enough solar to offset 60-80% of your grid consumption with zero operational changes.","Warehouse building. Roof-suitable for rooftop PV. Verify ownership + contact before outreach."
"Saia Ltl Freight","Newark","NJ","osm_industrial","osm-435775739","https://www.openstreetmap.org/way/osm-435775739","493110","Warehousing / Cold Storage","84","moderate","corporate","direct_purchase","daytime_peak","2000","3013440","512285","","9221130","Distribution centers are the easiest commercial solar installs we do — large clear flat roofs, ground-level interconnect.","Large flat-roof warehouses have the lowest $/W install cost in commercial solar — we typically see 4-year payback after ITC + MACRS. Worth a quick site-specific estimate?","Your roof is the ideal solar substrate — large, flat, unobstructed. We install without disrupting warehouse operations and connect at ground-level switchgear. Quick call to walk through the layout?","Warehouse Scope 2 emissions are an easy win — your flat-roof footprint generates enough solar to offset 60-80% of your grid consumption with zero operational changes.","Warehouse building. Roof-suitable for rooftop PV. Verify ownership + contact before outreach."
"Garden State Cold Storage","Newark","NJ","osm_industrial","osm-435781326","https://www.openstreetmap.org/way/osm-435781326","493110","Warehousing / Cold Storage","84","moderate","corporate","direct_purchase","daytime_peak","2000","3013440","512285","","9221130","Distribution centers are the easiest commercial solar installs we do — large clear flat roofs, ground-level interconnect.","Large flat-roof warehouses have the lowest $/W install cost in commercial solar — we typically see 4-year payback after ITC + MACRS. Worth a quick site-specific estimate?","Your roof is the ideal solar substrate — large, flat, unobstructed. We install without disrupting warehouse operations and connect at ground-level switchgear. Quick call to walk through the layout?","Warehouse Scope 2 emissions are an easy win — your flat-roof footprint generates enough solar to offset 60-80% of your grid consumption with zero operational changes.","Warehouse building. Roof-suitable for rooftop PV. Verify ownership + contact before outreach."
"Njtransit North Bergen","North Bergen","NJ","osm_industrial","osm-453063154","https://www.openstreetmap.org/way/osm-453063154","493110","Warehousing / Cold Storage","84","moderate","corporate","direct_purchase","daytime_peak","2000","3013440","512285","","9221130","Distribution centers are the easiest commercial solar installs we do — large clear flat roofs, ground-level interconnect.","Large flat-roof warehouses have the lowest $/W install cost in commercial solar — we typically see 4-year payback after ITC + MACRS. Worth a quick site-specific estimate?","Your roof is the ideal solar substrate — large, flat, unobstructed. We install without disrupting warehouse operations and connect at ground-level switchgear. Quick call to walk through the layout?","Warehouse Scope 2 emissions are an easy win — your flat-roof footprint generates enough solar to offset 60-80% of your grid consumption with zero operational changes.","Warehouse building. Roof-suitable for rooftop PV. Verify ownership + contact before outreach."
"Newark Distribution Terminal","Newark","NJ","auto_seed","solar-021","","493110","Warehousing / Cold Storage","84","moderate","corporate","direct_purchase","daytime_peak","2000","3013440","512285","","9221130","Distribution centers are the easiest commercial solar installs we do — large clear flat roofs, ground-level interconnect.","Large flat-roof warehouses have the lowest $/W install cost in commercial solar — we typically see 4-year payback after ITC + MACRS. Worth a quick site-specific estimate?","Your roof is the ideal solar substrate — large, flat, unobstructed. We install without disrupting warehouse operations and connect at ground-level switchgear. Quick call to walk through the layout?","Warehouse Scope 2 emissions are an easy win — your flat-roof footprint generates enough solar to offset 60-80% of your grid consumption with zero operational changes.","380,000 sqft warehouse"
"Nestle Usa Inc","Freehold","NJ","epa_ghgrp","epa-1001562","https://ghgdata.epa.gov/ghgp/main.do#/facilityDetail?facilityId=epa-1001562","333","Heavy Manufacturing","80","high","corporate","direct_purchase","industrial_shift","1140","1717661","292002","","5256036","","","","","Food manufacturing — 2022 EPA GHG Reporter. NAICS 311920. Pre-qualified high-energy solar candidate."
"Dsm Nutritional Products Llc","Belvidere","NJ","epa_ghgrp","epa-1001741","https://ghgdata.epa.gov/ghgp/main.do#/facilityDetail?facilityId=epa-1001741","333","Heavy Manufacturing","80","high","corporate","direct_purchase","industrial_shift","1140","1717661","292002","","5256036","","","","","Chemical manufacturing — 2022 EPA GHG Reporter. NAICS 325411. Pre-qualified high-energy solar candidate."
"Mcwane Ductile-New Jersey","Phillipsburg","NJ","epa_ghgrp","epa-1001878","https://ghgdata.epa.gov/ghgp/main.do#/facilityDetail?facilityId=epa-1001878","333","Heavy Manufacturing","80","high","corporate","direct_purchase","industrial_shift","1140","1717661","292002","","5256036","","","","","Heavy manufacturing — 2022 EPA GHG Reporter. NAICS 331511. Pre-qualified high-energy solar candidate."
"Praxair Inc","Carneys Point","NJ","epa_ghgrp","epa-1002021","https://ghgdata.epa.gov/ghgp/main.do#/facilityDetail?facilityId=epa-1002021","333","Heavy Manufacturing","80","high","corporate","direct_purchase","industrial_shift","1140","1717661","292002","","5256036","","","","","Chemical manufacturing — 2022 EPA GHG Reporter. NAICS 325120. Pre-qualified high-energy solar candidate."
"Samsung Electronics Co., Ltd.","Pine Brook","NJ","epa_ghgrp","epa-1002366","https://ghgdata.epa.gov/ghgp/main.do#/facilityDetail?facilityId=epa-1002366","333","Heavy Manufacturing","80","high","corporate","direct_purchase","industrial_shift","1140","1717661","292002","","5256036","","","","","Heavy manufacturing — 2022 EPA GHG Reporter. NAICS 335220. Pre-qualified high-energy solar candidate."
"Chemours Chambers Works","Deepwater","NJ","epa_ghgrp","epa-1002618","https://ghgdata.epa.gov/ghgp/main.do#/facilityDetail?facilityId=epa-1002618","333","Heavy Manufacturing","80","high","corporate","direct_purchase","industrial_shift","1140","1717661","292002","","5256036","","","","","Chemical manufacturing — 2022 EPA GHG Reporter. NAICS 325199. Pre-qualified high-energy solar candidate."
"Solvay Specialty Polymers Usa, Llc","Thorofare","NJ","epa_ghgrp","epa-1002925","https://ghgdata.epa.gov/ghgp/main.do#/facilityDetail?facilityId=epa-1002925","333","Heavy Manufacturing","80","high","corporate","direct_purchase","industrial_shift","1140","1717661","292002","","5256036","","","","","Chemical manufacturing — 2022 EPA GHG Reporter. NAICS 325211. Pre-qualified high-energy solar candidate."
"Novartis Pharmaceuticals Corporation","East Hanover","NJ","epa_ghgrp","epa-1003098","https://ghgdata.epa.gov/ghgp/main.do#/facilityDetail?facilityId=epa-1003098","333","Heavy Manufacturing","80","high","corporate","direct_purchase","industrial_shift","1140","1717661","292002","","5256036","","","","","Chemical manufacturing — 2022 EPA GHG Reporter. NAICS 325412. Pre-qualified high-energy solar candidate."
"Merck Sharp & Dohme Llc - Rahway","Rahway","NJ","epa_ghgrp","epa-1003261","https://ghgdata.epa.gov/ghgp/main.do#/facilityDetail?facilityId=epa-1003261","333","Heavy Manufacturing","80","high","corporate","direct_purchase","industrial_shift","1140","1717661","292002","","5256036","","","","","Chemical manufacturing — 2022 EPA GHG Reporter. NAICS 325412. Pre-qualified high-energy solar candidate."
"Shapes Delair","Delair","NJ","epa_ghgrp","epa-1003424","https://ghgdata.epa.gov/ghgp/main.do#/facilityDetail?facilityId=epa-1003424","333","Heavy Manufacturing","80","high","corporate","direct_purchase","industrial_shift","1140","1717661","292002","","5256036","","","","","Heavy manufacturing — 2022 EPA GHG Reporter. NAICS 331316. Pre-qualified high-energy solar candidate."
"Linde Electronics And Specialty Gases","Hampton","NJ","epa_ghgrp","epa-1003529","https://ghgdata.epa.gov/ghgp/main.do#/facilityDetail?facilityId=epa-1003529","333","Heavy Manufacturing","80","high","corporate","direct_purchase","industrial_shift","1140","1717661","292002","","5256036","","","","","Chemical manufacturing — 2022 EPA GHG Reporter. NAICS 325120. Pre-qualified high-energy solar candidate."
"Mars Wrigley Confectionery Us, Llc","Hackettstown","NJ","epa_ghgrp","epa-1005417","https://ghgdata.epa.gov/ghgp/main.do#/facilityDetail?facilityId=epa-1005417","333","Heavy Manufacturing","80","high","corporate","direct_purchase","industrial_shift","1140","1717661","292002","","5256036","","","","","Food manufacturing — 2022 EPA GHG Reporter. NAICS 311352. Pre-qualified high-energy solar candidate."
"Cmc Steel New Jersey","Sayreville","NJ","epa_ghgrp","epa-1006708","https://ghgdata.epa.gov/ghgp/main.do#/facilityDetail?facilityId=epa-1006708","333","Heavy Manufacturing","80","high","corporate","direct_purchase","industrial_shift","1140","1717661","292002","","5256036","","","","","Heavy manufacturing — 2022 EPA GHG Reporter. NAICS 331110. Pre-qualified high-energy solar candidate."
"Bristol Myers Squibb Inc","North Brunswick","NJ","epa_ghgrp","epa-1006828","https://ghgdata.epa.gov/ghgp/main.do#/facilityDetail?facilityId=epa-1006828","333","Heavy Manufacturing","80","high","corporate","direct_purchase","industrial_shift","1140","1717661","292002","","5256036","","","","","Chemical manufacturing — 2022 EPA GHG Reporter. NAICS 325412. Pre-qualified high-energy solar candidate."
"E R Squibb & Sons Llc","Lawrenceville","NJ","epa_ghgrp","epa-1007271","https://ghgdata.epa.gov/ghgp/main.do#/facilityDetail?facilityId=epa-1007271","333","Heavy Manufacturing","80","high","corporate","direct_purchase","industrial_shift","1140","1717661","292002","","5256036","","","","","Chemical manufacturing — 2022 EPA GHG Reporter. NAICS 325412. Pre-qualified high-energy solar candidate."
"Concorde Specialty Gases","Eatontown","NJ","epa_ghgrp","epa-1010153","https://ghgdata.epa.gov/ghgp/main.do#/facilityDetail?facilityId=epa-1010153","333","Heavy Manufacturing","80","high","corporate","direct_purchase","industrial_shift","1140","1717661","292002","","5256036","","","","","Chemical manufacturing — 2022 EPA GHG Reporter. NAICS 325120. Pre-qualified high-energy solar candidate."
"Juno International, Llc","Eatontown","NJ","epa_ghgrp","epa-1010195","https://ghgdata.epa.gov/ghgp/main.do#/facilityDetail?facilityId=epa-1010195","333","Heavy Manufacturing","80","high","corporate","direct_purchase","industrial_shift","1140","1717661","292002","","5256036","","","","","Chemical manufacturing — 2022 EPA GHG Reporter. NAICS 325120. Pre-qualified high-energy solar candidate."
"Subaru Of America, Inc.","Camden","NJ","epa_ghgrp","epa-1010248","https://ghgdata.epa.gov/ghgp/main.do#/facilityDetail?facilityId=epa-1010248","333","Heavy Manufacturing","80","high","corporate","direct_purchase","industrial_shift","1140","1717661","292002","","5256036","","","","","Heavy manufacturing — 2022 EPA GHG Reporter. NAICS 336110. Pre-qualified high-energy solar candidate."
"Volvo Car Usa Llc","Rockleigh","NJ","epa_ghgrp","epa-1010326","https://ghgdata.epa.gov/ghgp/main.do#/facilityDetail?facilityId=epa-1010326","333","Heavy Manufacturing","80","high","corporate","direct_purchase","industrial_shift","1140","1717661","292002","","5256036","","","","","Heavy manufacturing — 2022 EPA GHG Reporter. NAICS 336111. Pre-qualified high-energy solar candidate."
"Basf Corporation","Florham Park","NJ","epa_ghgrp","epa-1010695","https://ghgdata.epa.gov/ghgp/main.do#/facilityDetail?facilityId=epa-1010695","333","Heavy Manufacturing","80","high","corporate","direct_purchase","industrial_shift","1140","1717661","292002","","5256036","","","","","Chemical manufacturing — 2022 EPA GHG Reporter. NAICS 325110. Pre-qualified high-energy solar candidate."
"Matheson Tri-Gas","Warren","NJ","epa_ghgrp","epa-1011779","https://ghgdata.epa.gov/ghgp/main.do#/facilityDetail?facilityId=epa-1011779","333","Heavy Manufacturing","80","high","corporate","direct_purchase","industrial_shift","1140","1717661","292002","","5256036","","","","","Chemical manufacturing — 2022 EPA GHG Reporter. NAICS 325120. Pre-qualified high-energy solar candidate."
"Mexichem Specialty Resins, Inc.","Pedricktown","NJ","epa_ghgrp","epa-1012948","https://ghgdata.epa.gov/ghgp/main.do#/facilityDetail?facilityId=epa-1012948","333","Heavy Manufacturing","80","high","corporate","direct_purchase","industrial_shift","1140","1717661","292002","","5256036","","","","","Chemical manufacturing — 2022 EPA GHG Reporter. NAICS 325211. Pre-qualified high-energy solar candidate."
"Calpine Newark","Newark","NJ","epa_ghgrp","epa-1000055","https://ghgdata.epa.gov/ghgp/main.do#/facilityDetail?facilityId=epa-1000055","","","","","","","","600","904032","153685","","2766330","","","","","Power generation — 2022 EPA GHG Reporter. NAICS 221112. Pre-qualified high-energy solar candidate."
"Red Oak Power Llc","Sayreville","NJ","epa_ghgrp","epa-1000095","https://ghgdata.epa.gov/ghgp/main.do#/facilityDetail?facilityId=epa-1000095","","","","","","","","600","904032","153685","","2766330","","","","","Power generation — 2022 EPA GHG Reporter. NAICS 221112. Pre-qualified high-energy solar candidate."
"Camden Cnty Resource Recovery Assoc","Camden","NJ","epa_ghgrp","epa-1000362","https://ghgdata.epa.gov/ghgp/main.do#/facilityDetail?facilityId=epa-1000362","","","","","","","","600","904032","153685","","2766330","","","","","Industrial facility — 2022 EPA GHG Reporter. NAICS 562213. Pre-qualified high-energy solar candidate."
"Ocean Peaking Power, Lp","Lakewood","NJ","epa_ghgrp","epa-1000373","https://ghgdata.epa.gov/ghgp/main.do#/facilityDetail?facilityId=epa-1000373","","","","","","","","600","904032","153685","","2766330","","","","","Power generation — 2022 EPA GHG Reporter. NAICS 221112. Pre-qualified high-energy solar candidate."
"Pennsauken Sanitary Landfill","Pennsauken","NJ","epa_ghgrp","epa-1000429","https://ghgdata.epa.gov/ghgp/main.do#/facilityDetail?facilityId=epa-1000429","","","","","","","","600","904032","153685","","2766330","","","","","Industrial facility — 2022 EPA GHG Reporter. NAICS 562212. Pre-qualified high-energy solar candidate."
"Usa Refrigerants","Old Bridge","NJ","epa_ghgrp","epa-1000474","https://ghgdata.epa.gov/ghgp/main.do#/facilityDetail?facilityId=epa-1000474","","","","","","","","600","904032","153685","","2766330","","","","","Industrial facility — 2022 EPA GHG Reporter. NAICS 424690. Pre-qualified high-energy solar candidate."
"Bayonne Energy Center","Bayonne","NJ","epa_ghgrp","epa-1000555","https://ghgdata.epa.gov/ghgp/main.do#/facilityDetail?facilityId=epa-1000555","","","","","","","","600","904032","153685","","2766330","","","","","Power generation — 2022 EPA GHG Reporter. NAICS 221112. Pre-qualified high-energy solar candidate."
"Somerset Power Llc","Princeton","NJ","epa_ghgrp","epa-1000660","https://ghgdata.epa.gov/ghgp/main.do#/facilityDetail?facilityId=epa-1000660","","","","","","","","600","904032","153685","","2766330","","","","","Power generation — 2022 EPA GHG Reporter. NAICS 221112. Pre-qualified high-energy solar candidate."
"B L England","Marmora","NJ","epa_ghgrp","epa-1000732","https://ghgdata.epa.gov/ghgp/main.do#/facilityDetail?facilityId=epa-1000732","","","","","","","","600","904032","153685","","2766330","","","","","Power generation — 2022 EPA GHG Reporter. NAICS 221112. Pre-qualified high-energy solar candidate."
"Carlls Corner Energy Center","Upper Deerfield Twp","NJ","epa_ghgrp","epa-1000733","https://ghgdata.epa.gov/ghgp/main.do#/facilityDetail?facilityId=epa-1000733","","","","","","","","600","904032","153685","","2766330","","","","","Power generation — 2022 EPA GHG Reporter. NAICS 221112. Pre-qualified high-energy solar candidate."
"Cedar Energy Station","Cedar Run","NJ","epa_ghgrp","epa-1000734","https://ghgdata.epa.gov/ghgp/main.do#/facilityDetail?facilityId=epa-1000734","","","","","","","","600","904032","153685","","2766330","","","","","Power generation — 2022 EPA GHG Reporter. NAICS 221112. Pre-qualified high-energy solar candidate."
"Middle Energy Center","Rio Grande","NJ","epa_ghgrp","epa-1000735","https://ghgdata.epa.gov/ghgp/main.do#/facilityDetail?facilityId=epa-1000735","","","","","","","","600","904032","153685","","2766330","","","","","Power generation — 2022 EPA GHG Reporter. NAICS 221112. Pre-qualified high-energy solar candidate."
"Deepwater","Pennsville","NJ","epa_ghgrp","epa-1000737","https://ghgdata.epa.gov/ghgp/main.do#/facilityDetail?facilityId=epa-1000737","","","","","","","","600","904032","153685","","2766330","","","","","Power generation — 2022 EPA GHG Reporter. NAICS 221112. Pre-qualified high-energy solar candidate."
"Werner","South Amboy","NJ","epa_ghgrp","epa-1000738","https://ghgdata.epa.gov/ghgp/main.do#/facilityDetail?facilityId=epa-1000738","","","","","","","","600","904032","153685","","2766330","","","","","Power generation — 2022 EPA GHG Reporter. NAICS 221112. Pre-qualified high-energy solar candidate."
"Sayreville","Sayreville","NJ","epa_ghgrp","epa-1000740","https://ghgdata.epa.gov/ghgp/main.do#/facilityDetail?facilityId=epa-1000740","","","","","","","","600","904032","153685","","2766330","","","","","Power generation — 2022 EPA GHG Reporter. NAICS 221112. Pre-qualified high-energy solar candidate."
"Gilbert Generating Station","Milford","NJ","epa_ghgrp","epa-1000741","https://ghgdata.epa.gov/ghgp/main.do#/facilityDetail?facilityId=epa-1000741","","","","","","","","600","904032","153685","","2766330","","","","","Power generation — 2022 EPA GHG Reporter. NAICS 221112. Pre-qualified high-energy solar candidate."
"Bergen","Ridgefield","NJ","epa_ghgrp","epa-1000742","https://ghgdata.epa.gov/ghgp/main.do#/facilityDetail?facilityId=epa-1000742","","","","","","","","600","904032","153685","","2766330","","","","","Power generation — 2022 EPA GHG Reporter. NAICS 221112. Pre-qualified high-energy solar candidate."
"Burlington Generating Station","Burlington","NJ","epa_ghgrp","epa-1000743","https://ghgdata.epa.gov/ghgp/main.do#/facilityDetail?facilityId=epa-1000743","","","","","","","","600","904032","153685","","2766330","","","","","Power generation — 2022 EPA GHG Reporter. NAICS 221112. Pre-qualified high-energy solar candidate."
"Edison","Edison","NJ","epa_ghgrp","epa-1000744","https://ghgdata.epa.gov/ghgp/main.do#/facilityDetail?facilityId=epa-1000744","","","","","","","","600","904032","153685","","2766330","","","","","Power generation — 2022 EPA GHG Reporter. NAICS 221112. Pre-qualified high-energy solar candidate."
"Essex","Newark","NJ","epa_ghgrp","epa-1000745","https://ghgdata.epa.gov/ghgp/main.do#/facilityDetail?facilityId=epa-1000745","","","","","","","","600","904032","153685","","2766330","","","","","Power generation — 2022 EPA GHG Reporter. NAICS 221112. Pre-qualified high-energy solar candidate."
"Hudson Generating Station","Jersey City","NJ","epa_ghgrp","epa-1000746","https://ghgdata.epa.gov/ghgp/main.do#/facilityDetail?facilityId=epa-1000746","","","","","","","","600","904032","153685","","2766330","","","","","Power generation — 2022 EPA GHG Reporter. NAICS 221112. Pre-qualified high-energy solar candidate."
"Kearny Generating Station","Kearny","NJ","epa_ghgrp","epa-1000747","https://ghgdata.epa.gov/ghgp/main.do#/facilityDetail?facilityId=epa-1000747","","","","","","","","600","904032","153685","","2766330","","","","","Power generation — 2022 EPA GHG Reporter. NAICS 221112. Pre-qualified high-energy solar candidate."
"Mercer Generating Station","Hamilton","NJ","epa_ghgrp","epa-1000748","https://ghgdata.epa.gov/ghgp/main.do#/facilityDetail?facilityId=epa-1000748","","","","","","","","600","904032","153685","","2766330","","","","","Power generation — 2022 EPA GHG Reporter. NAICS 221112. Pre-qualified high-energy solar candidate."
"Salem","Hancocks Bridge","NJ","epa_ghgrp","epa-1000750","https://ghgdata.epa.gov/ghgp/main.do#/facilityDetail?facilityId=epa-1000750","","","","","","","","600","904032","153685","","2766330","","","","","Power generation — 2022 EPA GHG Reporter. NAICS 221113. Pre-qualified high-energy solar candidate."
"Howard M Down","Vineland","NJ","epa_ghgrp","epa-1000751","https://ghgdata.epa.gov/ghgp/main.do#/facilityDetail?facilityId=epa-1000751","","","","","","","","600","904032","153685","","2766330","","","","","Power generation — 2022 EPA GHG Reporter. NAICS 221112. Pre-qualified high-energy solar candidate."
"West Station","Vineland","NJ","epa_ghgrp","epa-1001065","https://ghgdata.epa.gov/ghgp/main.do#/facilityDetail?facilityId=epa-1001065","","","","","","","","600","904032","153685","","2766330","","","","","Power generation — 2022 EPA GHG Reporter. NAICS 221112. Pre-qualified high-energy solar candidate."
"Forked River","Forked River","NJ","epa_ghgrp","epa-1001076","https://ghgdata.epa.gov/ghgp/main.do#/facilityDetail?facilityId=epa-1001076","","","","","","","","600","904032","153685","","2766330","","","","","Power generation — 2022 EPA GHG Reporter. NAICS 221112. Pre-qualified high-energy solar candidate."
"Sherman Avenue","Vineland","NJ","epa_ghgrp","epa-1001110","https://ghgdata.epa.gov/ghgp/main.do#/facilityDetail?facilityId=epa-1001110","","","","","","","","600","904032","153685","","2766330","","","","","Power generation — 2022 EPA GHG Reporter. NAICS 221112. Pre-qualified high-energy solar candidate."
"Mickleton Energy Center","Mickleton","NJ","epa_ghgrp","epa-1001184","https://ghgdata.epa.gov/ghgp/main.do#/facilityDetail?facilityId=epa-1001184","","","","","","","","600","904032","153685","","2766330","","","","","Power generation — 2022 EPA GHG Reporter. NAICS 221112. Pre-qualified high-energy solar candidate."
"Logan Generating Plant","Swedesboro","NJ","epa_ghgrp","epa-1001201","https://ghgdata.epa.gov/ghgp/main.do#/facilityDetail?facilityId=epa-1001201","","","","","","","","600","904032","153685","","2766330","","","","","Power generation — 2022 EPA GHG Reporter. NAICS 221112. Pre-qualified high-energy solar candidate."
"Pedricktown Cogeneration Plant","Pedricktown","NJ","epa_ghgrp","epa-1001202","https://ghgdata.epa.gov/ghgp/main.do#/facilityDetail?facilityId=epa-1001202","","","","","","","","600","904032","153685","","2766330","","","","","Power generation — 2022 EPA GHG Reporter. NAICS 221112. Pre-qualified high-energy solar candidate."
"Sayreville Power Lp","Sayreville","NJ","epa_ghgrp","epa-1001208","https://ghgdata.epa.gov/ghgp/main.do#/facilityDetail?facilityId=epa-1001208","","","","","","","","600","904032","153685","","2766330","","","","","Power generation — 2022 EPA GHG Reporter. NAICS 221112. Pre-qualified high-energy solar candidate."
"Passaic Valley Sewer Comm","Newark","NJ","epa_ghgrp","epa-1001215","https://ghgdata.epa.gov/ghgp/main.do#/facilityDetail?facilityId=epa-1001215","","","","","","","","600","904032","153685","","2766330","","","","","Power generation — 2022 EPA GHG Reporter. NAICS 221320. Pre-qualified high-energy solar candidate."
"Camden Plant Holding, Llc","Camden","NJ","epa_ghgrp","epa-1001226","https://ghgdata.epa.gov/ghgp/main.do#/facilityDetail?facilityId=epa-1001226","","","","","","","","600","904032","153685","","2766330","","","","","Power generation — 2022 EPA GHG Reporter. NAICS 221112. Pre-qualified high-energy solar candidate."
"Linden Cogeneration Facility","Linden","NJ","epa_ghgrp","epa-1001232","https://ghgdata.epa.gov/ghgp/main.do#/facilityDetail?facilityId=epa-1001232","","","","","","","","600","904032","153685","","2766330","","","","","Power generation — 2022 EPA GHG Reporter. NAICS 221112. Pre-qualified high-energy solar candidate."
"Newark Bay Cogen","Newark","NJ","epa_ghgrp","epa-1001239","https://ghgdata.epa.gov/ghgp/main.do#/facilityDetail?facilityId=epa-1001239","","","","","","","","600","904032","153685","","2766330","","","","","Power generation — 2022 EPA GHG Reporter. NAICS 221112. Pre-qualified high-energy solar candidate."
"Bayonne Plant Holding, Llc","Bayonne","NJ","epa_ghgrp","epa-1001246","https://ghgdata.epa.gov/ghgp/main.do#/facilityDetail?facilityId=epa-1001246","","","","","","","","600","904032","153685","","2766330","","","","","Power generation — 2022 EPA GHG Reporter. NAICS 221112. Pre-qualified high-energy solar candidate."
"Eagle Point Power Generation","Westville","NJ","epa_ghgrp","epa-1001248","https://ghgdata.epa.gov/ghgp/main.do#/facilityDetail?facilityId=epa-1001248","","","","","","","","600","904032","153685","","2766330","","","","","Power generation — 2022 EPA GHG Reporter. NAICS 221112. Pre-qualified high-energy solar candidate."
"Efs Parlin Holdings, Llc","Parlin","NJ","epa_ghgrp","epa-1001253","https://ghgdata.epa.gov/ghgp/main.do#/facilityDetail?facilityId=epa-1001253","","","","","","","","600","904032","153685","","2766330","","","","","Power generation — 2022 EPA GHG Reporter. NAICS 221112. Pre-qualified high-energy solar candidate."
"Lakewood Cogeneration","Lakewood","NJ","epa_ghgrp","epa-1001283","https://ghgdata.epa.gov/ghgp/main.do#/facilityDetail?facilityId=epa-1001283","","","","","","","","600","904032","153685","","2766330","","","","","Power generation — 2022 EPA GHG Reporter. NAICS 221112. Pre-qualified high-energy solar candidate."
"Pb Nutclif Master, Llc","Nutley","NJ","epa_ghgrp","epa-1001714","https://ghgdata.epa.gov/ghgp/main.do#/facilityDetail?facilityId=epa-1001714","","","","","","","","600","904032","153685","","2766330","","","","","Industrial facility — 2022 EPA GHG Reporter. NAICS 531210. Pre-qualified high-energy solar candidate."
"Atlantic County Landfill","Egg Harbor Township","NJ","epa_ghgrp","epa-1001858","https://ghgdata.epa.gov/ghgp/main.do#/facilityDetail?facilityId=epa-1001858","","","","","","","","600","904032","153685","","2766330","","","","","Industrial facility — 2022 EPA GHG Reporter. NAICS 562212. Pre-qualified high-energy solar candidate."
"Trustees Of Princeton University","Princeton","NJ","epa_ghgrp","epa-1001868","https://ghgdata.epa.gov/ghgp/main.do#/facilityDetail?facilityId=epa-1001868","","","","","","","","600","904032","153685","","2766330","","","","","Industrial facility — 2022 EPA GHG Reporter. NAICS 611310. Pre-qualified high-energy solar candidate."
"Covanta Warren Energy Resource Co","Oxford","NJ","epa_ghgrp","epa-1001869","https://ghgdata.epa.gov/ghgp/main.do#/facilityDetail?facilityId=epa-1001869","","","","","","","","600","904032","153685","","2766330","","","","","Industrial facility — 2022 EPA GHG Reporter. NAICS 562213. Pre-qualified high-energy solar candidate."
"Ardagh Glass Inc. (Salem)","Salem","NJ","epa_ghgrp","epa-1002009","https://ghgdata.epa.gov/ghgp/main.do#/facilityDetail?facilityId=epa-1002009","","","","","","","","600","904032","153685","","2766330","","","","","Cement / glass — 2022 EPA GHG Reporter. NAICS 327213. Pre-qualified high-energy solar candidate."
"Cpi Operations Llc","Paulsboro","NJ","epa_ghgrp","epa-1002103","https://ghgdata.epa.gov/ghgp/main.do#/facilityDetail?facilityId=epa-1002103","","","","","","","","600","904032","153685","","2766330","","","","","Petroleum refining — 2022 EPA GHG Reporter. NAICS 324121. Pre-qualified high-energy solar candidate."
"Coe Bridgewater Llc C/O Thor Equities, Llc","Bridgewater","NJ","epa_ghgrp","epa-1002260","https://ghgdata.epa.gov/ghgp/main.do#/facilityDetail?facilityId=epa-1002260","","","","","","","","600","904032","153685","","2766330","","","","","Industrial facility — 2022 EPA GHG Reporter. NAICS 531210. Pre-qualified high-energy solar candidate."
"Union County Resource Recovery Facility","Rahway","NJ","epa_ghgrp","epa-1002269","https://ghgdata.epa.gov/ghgp/main.do#/facilityDetail?facilityId=epa-1002269","","","","","","","","600","904032","153685","","2766330","","","","","Industrial facility — 2022 EPA GHG Reporter. NAICS 562213. Pre-qualified high-energy solar candidate."
"Ardagh Glass Inc. (Bridgeton)","Bridgeton","NJ","epa_ghgrp","epa-1002504","https://ghgdata.epa.gov/ghgp/main.do#/facilityDetail?facilityId=epa-1002504","","","","","","","","600","904032","153685","","2766330","","","","","Cement / glass — 2022 EPA GHG Reporter. NAICS 327213. Pre-qualified high-energy solar candidate."
"New Jersey Resources","Wall Township","NJ","epa_ghgrp","epa-1002582","https://ghgdata.epa.gov/ghgp/main.do#/facilityDetail?facilityId=epa-1002582","","","","","","","","600","904032","153685","","2766330","","","","","Power generation — 2022 EPA GHG Reporter. NAICS 221210. Pre-qualified high-energy solar candidate."
"Ocean County Landfill","Manchester","NJ","epa_ghgrp","epa-1002667","https://ghgdata.epa.gov/ghgp/main.do#/facilityDetail?facilityId=epa-1002667","","","","","","","","600","904032","153685","","2766330","","","","","Industrial facility — 2022 EPA GHG Reporter. NAICS 562212. Pre-qualified high-energy solar candidate."
"Cumberland County Improvement Authority Swc","Millville","NJ","epa_ghgrp","epa-1002702","https://ghgdata.epa.gov/ghgp/main.do#/facilityDetail?facilityId=epa-1002702","","","","","","","","600","904032","153685","","2766330","","","","","Industrial facility — 2022 EPA GHG Reporter. NAICS 562212. Pre-qualified high-energy solar candidate."
"Pse&G","Newark","NJ","epa_ghgrp","epa-1002812","https://ghgdata.epa.gov/ghgp/main.do#/facilityDetail?facilityId=epa-1002812","","","","","","","","600","904032","153685","","2766330","","","","","Power generation — 2022 EPA GHG Reporter. NAICS 221210. Pre-qualified high-energy solar candidate."
"Montclair State University","Montclair","NJ","epa_ghgrp","epa-1002987","https://ghgdata.epa.gov/ghgp/main.do#/facilityDetail?facilityId=epa-1002987","","","","","","","","600","904032","153685","","2766330","","","","","Industrial facility — 2022 EPA GHG Reporter. NAICS 611310. Pre-qualified high-energy solar candidate."
"Vicinity Energy Trenton, L.P.","Trenton","NJ","epa_ghgrp","epa-1003084","https://ghgdata.epa.gov/ghgp/main.do#/facilityDetail?facilityId=epa-1003084","","","","","","","","600","904032","153685","","2766330","","","","","Power generation — 2022 EPA GHG Reporter. NAICS 221330. Pre-qualified high-energy solar candidate."
"Mid-Town Thermal Center","Atlantic City","NJ","epa_ghgrp","epa-1003391","https://ghgdata.epa.gov/ghgp/main.do#/facilityDetail?facilityId=epa-1003391","","","","","","","","600","904032","153685","","2766330","","","","","Power generation — 2022 EPA GHG Reporter. NAICS 221330. Pre-qualified high-energy solar candidate."
"Anheuser-Busch, Inc. Newark Brewery","Newark","NJ","epa_ghgrp","epa-1003525","https://ghgdata.epa.gov/ghgp/main.do#/facilityDetail?facilityId=epa-1003525","","","","","","","","600","904032","153685","","2766330","","","","","Industrial facility — 2022 EPA GHG Reporter. NAICS 312120. Pre-qualified high-energy solar candidate."
"Elizabethtown Gas","Berkeley Heights","NJ","epa_ghgrp","epa-1004054","https://ghgdata.epa.gov/ghgp/main.do#/facilityDetail?facilityId=epa-1004054","","","","","","","","600","904032","153685","","2766330","","","","","Power generation — 2022 EPA GHG Reporter. NAICS 221210. Pre-qualified high-energy solar candidate."
"Warren County District Landfill","Oxford","NJ","epa_ghgrp","epa-1004095","https://ghgdata.epa.gov/ghgp/main.do#/facilityDetail?facilityId=epa-1004095","","","","","","","","600","904032","153685","","2766330","","","","","Industrial facility — 2022 EPA GHG Reporter. NAICS 562212. Pre-qualified high-energy solar candidate."
"Marcal Manufacturing, Llc.","Elmwood Park","NJ","epa_ghgrp","epa-1004098","https://ghgdata.epa.gov/ghgp/main.do#/facilityDetail?facilityId=epa-1004098","","","","","","","","600","904032","153685","","2766330","","","","","Pulp & paper — 2022 EPA GHG Reporter. NAICS 322291. Pre-qualified high-energy solar candidate."
"Cape May County Mua Secure Landfill","Woodbine","NJ","epa_ghgrp","epa-1004200","https://ghgdata.epa.gov/ghgp/main.do#/facilityDetail?facilityId=epa-1004200","","","","","","","","600","904032","153685","","2766330","","","","","Industrial facility — 2022 EPA GHG Reporter. NAICS 562212. Pre-qualified high-energy solar candidate."
"Epp Cumberland County Gas To Energy Plant","Upper Deerfield Township","NJ","epa_ghgrp","epa-1004203","https://ghgdata.epa.gov/ghgp/main.do#/facilityDetail?facilityId=epa-1004203","","","","","","","","600","904032","153685","","2766330","","","","","Power generation — 2022 EPA GHG Reporter. NAICS 221119. Pre-qualified high-energy solar candidate."
"Essex County Resource Recovery Facility","Newark","NJ","epa_ghgrp","epa-1004216","https://ghgdata.epa.gov/ghgp/main.do#/facilityDetail?facilityId=epa-1004216","","","","","","","","600","904032","153685","","2766330","","","","","Industrial facility — 2022 EPA GHG Reporter. NAICS 562213. Pre-qualified high-energy solar candidate."
"Gloucester County Solid Waste Complex","Swedesboro","NJ","epa_ghgrp","epa-1004235","https://ghgdata.epa.gov/ghgp/main.do#/facilityDetail?facilityId=epa-1004235","","","","","","","","600","904032","153685","","2766330","","","","","Industrial facility — 2022 EPA GHG Reporter. NAICS 562212. Pre-qualified high-energy solar candidate."
"Wheelabrator Gloucester Company, L.P.","Westville","NJ","epa_ghgrp","epa-1004279","https://ghgdata.epa.gov/ghgp/main.do#/facilityDetail?facilityId=epa-1004279","","","","","","","","600","904032","153685","","2766330","","","","","Industrial facility — 2022 EPA GHG Reporter. NAICS 562213. Pre-qualified high-energy solar candidate."
"Phillips 66 Bayway Refinery","Linden","NJ","epa_ghgrp","epa-1004305","https://ghgdata.epa.gov/ghgp/main.do#/facilityDetail?facilityId=epa-1004305","","","","","","","","600","904032","153685","","2766330","","","","","Petroleum refining — 2022 EPA GHG Reporter. NAICS 324110. Pre-qualified high-energy solar candidate."
"Kinsley\S Landfill","Sewell","NJ","epa_ghgrp","epa-1004741","https://ghgdata.epa.gov/ghgp/main.do#/facilityDetail?facilityId=epa-1004741","","","","","","","","600","904032","153685","","2766330","","","","","Industrial facility — 2022 EPA GHG Reporter. NAICS 562212. Pre-qualified high-energy solar candidate."
"Sussex Cnty Mua Slf 1e","Lafayette","NJ","epa_ghgrp","epa-1005034","https://ghgdata.epa.gov/ghgp/main.do#/facilityDetail?facilityId=epa-1005034","","","","","","","","600","904032","153685","","2766330","","","","","Industrial facility — 2022 EPA GHG Reporter. NAICS 562212. Pre-qualified high-energy solar candidate."
"Monmouth County Reclamation Center","Tinton Falls","NJ","epa_ghgrp","epa-1005054","https://ghgdata.epa.gov/ghgp/main.do#/facilityDetail?facilityId=epa-1005054","","","","","","","","600","904032","153685","","2766330","","","","","Industrial facility — 2022 EPA GHG Reporter. NAICS 562212. Pre-qualified high-energy solar candidate."
"Bp Lubricants Usa, Inc","Wayne","NJ","epa_ghgrp","epa-1005272","https://ghgdata.epa.gov/ghgp/main.do#/facilityDetail?facilityId=epa-1005272","","","","","","","","600","904032","153685","","2766330","","","","","Petroleum refining — 2022 EPA GHG Reporter. NAICS 324191. Pre-qualified high-energy solar candidate."
"Castrol Industrial North America, Inc","Wayne","NJ","epa_ghgrp","epa-1005273","https://ghgdata.epa.gov/ghgp/main.do#/facilityDetail?facilityId=epa-1005273","","","","","","","","600","904032","153685","","2766330","","","","","Petroleum refining — 2022 EPA GHG Reporter. NAICS 324191. Pre-qualified high-energy solar candidate."
"Altair Partners Lp","Millburn","NJ","epa_ghgrp","epa-1005454","https://ghgdata.epa.gov/ghgp/main.do#/facilityDetail?facilityId=epa-1005454","","","","","","","","600","904032","153685","","2766330","","","","","Industrial facility — 2022 EPA GHG Reporter. NAICS 424690. Pre-qualified high-energy solar candidate."
"Hunterdon Cogeneration Limited Partnership","Clinton","NJ","epa_ghgrp","epa-1005463","https://ghgdata.epa.gov/ghgp/main.do#/facilityDetail?facilityId=epa-1005463","","","","","","","","600","904032","153685","","2766330","","","","","Industrial facility — 2022 EPA GHG Reporter. NAICS 561210. Pre-qualified high-energy solar candidate."
"Rutgers Health Science Campus At Newark","Newark","NJ","epa_ghgrp","epa-1005495","https://ghgdata.epa.gov/ghgp/main.do#/facilityDetail?facilityId=epa-1005495","","","","","","","","600","904032","153685","","2766330","","","","","Industrial facility — 2022 EPA GHG Reporter. NAICS 611310. Pre-qualified high-energy solar candidate."
"Sewaren Generating Station","Sewaren","NJ","epa_ghgrp","epa-1005737","https://ghgdata.epa.gov/ghgp/main.do#/facilityDetail?facilityId=epa-1005737","","","","","","","","600","904032","153685","","2766330","","","","","Power generation — 2022 EPA GHG Reporter. NAICS 221112. Pre-qualified high-energy solar candidate."
"Carneys Point","Carneys Point","NJ","epa_ghgrp","epa-1005877","https://ghgdata.epa.gov/ghgp/main.do#/facilityDetail?facilityId=epa-1005877","","","","","","","","600","904032","153685","","2766330","","","","","Power generation — 2022 EPA GHG Reporter. NAICS 221112. Pre-qualified high-energy solar candidate."
"E F Kenilworth, Inc.","Kenilworth","NJ","epa_ghgrp","epa-1005905","https://ghgdata.epa.gov/ghgp/main.do#/facilityDetail?facilityId=epa-1005905","","","","","","","","600","904032","153685","","2766330","","","","","Power generation — 2022 EPA GHG Reporter. NAICS 221330. Pre-qualified high-energy solar candidate."
"Corning Pharmaceutical Glass, Llc","Vineland","NJ","epa_ghgrp","epa-1005984","https://ghgdata.epa.gov/ghgp/main.do#/facilityDetail?facilityId=epa-1005984","","","","","","","","600","904032","153685","","2766330","","","","","Cement / glass — 2022 EPA GHG Reporter. NAICS 327212. Pre-qualified high-energy solar candidate."
"Rowan Univ","Glassboro","NJ","epa_ghgrp","epa-1006073","https://ghgdata.epa.gov/ghgp/main.do#/facilityDetail?facilityId=epa-1006073","","","","","","","","600","904032","153685","","2766330","","","","","Industrial facility — 2022 EPA GHG Reporter. NAICS 611310. Pre-qualified high-energy solar candidate."
"The College Of New Jersey","Ewing","NJ","epa_ghgrp","epa-1006075","https://ghgdata.epa.gov/ghgp/main.do#/facilityDetail?facilityId=epa-1006075","","","","","","","","600","904032","153685","","2766330","","","","","Industrial facility — 2022 EPA GHG Reporter. NAICS 611310. Pre-qualified high-energy solar candidate."
"Rutgers University Busch - Livingston Campuse","Piscataway","NJ","epa_ghgrp","epa-1006187","https://ghgdata.epa.gov/ghgp/main.do#/facilityDetail?facilityId=epa-1006187","","","","","","","","600","904032","153685","","2766330","","","","","Industrial facility — 2022 EPA GHG Reporter. NAICS 611310. Pre-qualified high-energy solar candidate."
"Edgeboro Landfill","East Brunswick","NJ","epa_ghgrp","epa-1006390","https://ghgdata.epa.gov/ghgp/main.do#/facilityDetail?facilityId=epa-1006390","","","","","","","","600","904032","153685","","2766330","","","","","Industrial facility — 2022 EPA GHG Reporter. NAICS 562212. Pre-qualified high-energy solar candidate."
"Linden City Slf","Linden","NJ","epa_ghgrp","epa-1006684","https://ghgdata.epa.gov/ghgp/main.do#/facilityDetail?facilityId=epa-1006684","","","","","","","","600","904032","153685","","2766330","","","","","Industrial facility — 2022 EPA GHG Reporter. NAICS 562212. Pre-qualified high-energy solar candidate."
"Gold Bond- Bur Plant","Burlington","NJ","epa_ghgrp","epa-1006704","https://ghgdata.epa.gov/ghgp/main.do#/facilityDetail?facilityId=epa-1006704","","","","","","","","600","904032","153685","","2766330","","","","","Cement / glass — 2022 EPA GHG Reporter. NAICS 327420. Pre-qualified high-energy solar candidate."
"Cumberland Energy Center","Millville","NJ","epa_ghgrp","epa-1006939","https://ghgdata.epa.gov/ghgp/main.do#/facilityDetail?facilityId=epa-1006939","","","","","","","","600","904032","153685","","2766330","","","","","Power generation — 2022 EPA GHG Reporter. NAICS 221112. Pre-qualified high-energy solar candidate."
"Burlington Cnty Resource Recovery Complex","Columbus","NJ","epa_ghgrp","epa-1006969","https://ghgdata.epa.gov/ghgp/main.do#/facilityDetail?facilityId=epa-1006969","","","","","","","","600","904032","153685","","2766330","","","","","Industrial facility — 2022 EPA GHG Reporter. NAICS 562212. Pre-qualified high-energy solar candidate."
"Landfill And Development Company","Mt. Holly","NJ","epa_ghgrp","epa-1007225","https://ghgdata.epa.gov/ghgp/main.do#/facilityDetail?facilityId=epa-1007225","","","","","","","","600","904032","153685","","2766330","","","","","Industrial facility — 2022 EPA GHG Reporter. NAICS 562212. Pre-qualified high-energy solar candidate."
"Salem County Improvement Authority Landfill","Alloway","NJ","epa_ghgrp","epa-1007261","https://ghgdata.epa.gov/ghgp/main.do#/facilityDetail?facilityId=epa-1007261","","","","","","","","600","904032","153685","","2766330","","","","","Industrial facility — 2022 EPA GHG Reporter. NAICS 562212. Pre-qualified high-energy solar candidate."
"Merck Sharp & Dohme Corp.-Union","Union","NJ","epa_ghgrp","epa-1007268","https://ghgdata.epa.gov/ghgp/main.do#/facilityDetail?facilityId=epa-1007268","","","","","","","","600","904032","153685","","2766330","","","","","Industrial facility — 2022 EPA GHG Reporter. NAICS 541711. Pre-qualified high-energy solar candidate."
"Elmwood Power - Llc","Elmwood Park","NJ","epa_ghgrp","epa-1007297","https://ghgdata.epa.gov/ghgp/main.do#/facilityDetail?facilityId=epa-1007297","","","","","","","","600","904032","153685","","2766330","","","","","Power generation — 2022 EPA GHG Reporter. NAICS 221112. Pre-qualified high-energy solar candidate."
"Middlesex County Landfill","East Brunswick","NJ","epa_ghgrp","epa-1007298","https://ghgdata.epa.gov/ghgp/main.do#/facilityDetail?facilityId=epa-1007298","","","","","","","","600","904032","153685","","2766330","","","","","Industrial facility — 2022 EPA GHG Reporter. NAICS 562212. Pre-qualified high-energy solar candidate."
"Linden Generating Station","Linden","NJ","epa_ghgrp","epa-1007330","https://ghgdata.epa.gov/ghgp/main.do#/facilityDetail?facilityId=epa-1007330","","","","","","","","600","904032","153685","","2766330","","","","","Power generation — 2022 EPA GHG Reporter. NAICS 221112. Pre-qualified high-energy solar candidate."
"Pinelands Park","Egg Harbor Township","NJ","epa_ghgrp","epa-1007557","https://ghgdata.epa.gov/ghgp/main.do#/facilityDetail?facilityId=epa-1007557","","","","","","","","600","904032","153685","","2766330","","","","","Industrial facility — 2022 EPA GHG Reporter. NAICS 562212. Pre-qualified high-energy solar candidate."
"South Jersey Gas Company","Folsom","NJ","epa_ghgrp","epa-1007602","https://ghgdata.epa.gov/ghgp/main.do#/facilityDetail?facilityId=epa-1007602","","","","","","","","600","904032","153685","","2766330","","","","","Power generation — 2022 EPA GHG Reporter. NAICS 221210. Pre-qualified high-energy solar candidate."
"Paulsboro Refining Company Llc","Paulsboro","NJ","epa_ghgrp","epa-1007844","https://ghgdata.epa.gov/ghgp/main.do#/facilityDetail?facilityId=epa-1007844","","","","","","","","600","904032","153685","","2766330","","","","","Petroleum refining — 2022 EPA GHG Reporter. NAICS 324110. Pre-qualified high-energy solar candidate."
"Interstate Waste Removal Parklands Reclm Slf","Bordentown","NJ","epa_ghgrp","epa-1007953","https://ghgdata.epa.gov/ghgp/main.do#/facilityDetail?facilityId=epa-1007953","","","","","","","","600","904032","153685","","2766330","","","","","Industrial facility — 2022 EPA GHG Reporter. NAICS 562212. Pre-qualified high-energy solar candidate."
"Durand Glass Manufacturing Co Inc","Millville","NJ","epa_ghgrp","epa-1007966","https://ghgdata.epa.gov/ghgp/main.do#/facilityDetail?facilityId=epa-1007966","","","","","","","","600","904032","153685","","2766330","","","","","Cement / glass — 2022 EPA GHG Reporter. NAICS 327212. Pre-qualified high-energy solar candidate."
"Chevron Oil Co @ Perth Amboy Refinery","Perth Amboy","NJ","epa_ghgrp","epa-1007995","https://ghgdata.epa.gov/ghgp/main.do#/facilityDetail?facilityId=epa-1007995","","","","","","","","600","904032","153685","","2766330","","","","","Petroleum refining — 2022 EPA GHG Reporter. NAICS 324110. Pre-qualified high-energy solar candidate."
"Hanover (Agt) Station","Morristown","NJ","epa_ghgrp","epa-1008149","https://ghgdata.epa.gov/ghgp/main.do#/facilityDetail?facilityId=epa-1008149","","","","","","","","600","904032","153685","","2766330","","","","","Industrial facility — 2022 EPA GHG Reporter. NAICS 486210. Pre-qualified high-energy solar candidate."
"Lambertville Station","Lambertville","NJ","epa_ghgrp","epa-1008150","https://ghgdata.epa.gov/ghgp/main.do#/facilityDetail?facilityId=epa-1008150","","","","","","","","600","904032","153685","","2766330","","","","","Industrial facility — 2022 EPA GHG Reporter. NAICS 486210. Pre-qualified high-energy solar candidate."
"Tgp Station 325 Sussex","Sussex","NJ","epa_ghgrp","epa-1008247","https://ghgdata.epa.gov/ghgp/main.do#/facilityDetail?facilityId=epa-1008247","","","","","","","","600","904032","153685","","2766330","","","","","Industrial facility — 2022 EPA GHG Reporter. NAICS 486210. Pre-qualified high-energy solar candidate."
"Dte Atlantic, Llc","Atlantic City","NJ","epa_ghgrp","epa-1008787","https://ghgdata.epa.gov/ghgp/main.do#/facilityDetail?facilityId=epa-1008787","","","","","","","","600","904032","153685","","2766330","","","","","Power generation — 2022 EPA GHG Reporter. NAICS 221112. Pre-qualified high-energy solar candidate."
"Kingsland Landfill","North Arlington","NJ","epa_ghgrp","epa-1009136","https://ghgdata.epa.gov/ghgp/main.do#/facilityDetail?facilityId=epa-1009136","","","","","","","","600","904032","153685","","2766330","","","","","Industrial facility — 2022 EPA GHG Reporter. NAICS 562212. Pre-qualified high-energy solar candidate."
"Njmc 1-E Landfill","North Arlington","NJ","epa_ghgrp","epa-1009137","https://ghgdata.epa.gov/ghgp/main.do#/facilityDetail?facilityId=epa-1009137","","","","","","","","600","904032","153685","","2766330","","","","","Industrial facility — 2022 EPA GHG Reporter. NAICS 562212. Pre-qualified high-energy solar candidate."
"Cogen Technologies Linden Venture, L.P.","Linden","NJ","epa_ghgrp","epa-1009583","https://ghgdata.epa.gov/ghgp/main.do#/facilityDetail?facilityId=epa-1009583","","","","","","","","600","904032","153685","","2766330","","","","","Power generation — 2022 EPA GHG Reporter. NAICS 221112. Pre-qualified high-energy solar candidate."
"Atlantic City Electric","Carneys Point","NJ","epa_ghgrp","epa-1009651","https://ghgdata.epa.gov/ghgp/main.do#/facilityDetail?facilityId=epa-1009651","","","","","","","","600","904032","153685","","2766330","","","","","Power generation — 2022 EPA GHG Reporter. NAICS 221122. Pre-qualified high-energy solar candidate."
"De Longhi America Inc","Upper Saddle River","NJ","epa_ghgrp","epa-1009865","https://ghgdata.epa.gov/ghgp/main.do#/facilityDetail?facilityId=epa-1009865","","","","","","","","600","904032","153685","","2766330","","","","","Industrial facility — 2022 EPA GHG Reporter. NAICS 423620. Pre-qualified high-energy solar candidate."
"Lg Electronics Usa Inc.","Englewood Cliffs","NJ","epa_ghgrp","epa-1010226","https://ghgdata.epa.gov/ghgp/main.do#/facilityDetail?facilityId=epa-1010226","","","","","","","","600","904032","153685","","2766330","","","","","Industrial facility — 2022 EPA GHG Reporter. NAICS 423620. Pre-qualified high-energy solar candidate."
"Bmw Of North America, Llc","Woodcliff Lake","NJ","epa_ghgrp","epa-1010267","https://ghgdata.epa.gov/ghgp/main.do#/facilityDetail?facilityId=epa-1010267","","","","","","","","600","904032","153685","","2766330","","","","","Industrial facility — 2022 EPA GHG Reporter. NAICS 423110. Pre-qualified high-energy solar candidate."
"Hess Corporation","Woodbridge","NJ","epa_ghgrp","epa-1010390","https://ghgdata.epa.gov/ghgp/main.do#/facilityDetail?facilityId=epa-1010390","","","","","","","","600","904032","153685","","2766330","","","","","Industrial facility — 2022 EPA GHG Reporter. NAICS 211111. Pre-qualified high-energy solar candidate."
"Castrol Caribbean And Central America","Wayne","NJ","epa_ghgrp","epa-1010435","https://ghgdata.epa.gov/ghgp/main.do#/facilityDetail?facilityId=epa-1010435","","","","","","","","600","904032","153685","","2766330","","","","","Petroleum refining — 2022 EPA GHG Reporter. NAICS 324191. Pre-qualified high-energy solar candidate."
"Inlet District Energy Center","Atlantic City","NJ","epa_ghgrp","epa-1010692","https://ghgdata.epa.gov/ghgp/main.do#/facilityDetail?facilityId=epa-1010692","","","","","","","","600","904032","153685","","2766330","","","","","Power generation — 2022 EPA GHG Reporter. NAICS 221112. Pre-qualified high-energy solar candidate."
"Pse&G Subpart Dd","Newark","NJ","epa_ghgrp","epa-1010796","https://ghgdata.epa.gov/ghgp/main.do#/facilityDetail?facilityId=epa-1010796","","","","","","","","600","904032","153685","","2766330","","","","","Power generation — 2022 EPA GHG Reporter. NAICS 221121. Pre-qualified high-energy solar candidate."
"Newark Energy Center, Llc","Newark","NJ","epa_ghgrp","epa-1010973","https://ghgdata.epa.gov/ghgp/main.do#/facilityDetail?facilityId=epa-1010973","","","","","","","","600","904032","153685","","2766330","","","","","Power generation — 2022 EPA GHG Reporter. NAICS 221112. Pre-qualified high-energy solar candidate."
"Kearny Msla : 1-D Landfill","Kearny","NJ","epa_ghgrp","epa-1011381","https://ghgdata.epa.gov/ghgp/main.do#/facilityDetail?facilityId=epa-1011381","","","","","","","","600","904032","153685","","2766330","","","","","Industrial facility — 2022 EPA GHG Reporter. NAICS 562212. Pre-qualified high-energy solar candidate."
"West Deptford Energy Station","West Deptford","NJ","epa_ghgrp","epa-1011543","https://ghgdata.epa.gov/ghgp/main.do#/facilityDetail?facilityId=epa-1011543","","","","","","","","600","904032","153685","","2766330","","","","","Power generation — 2022 EPA GHG Reporter. NAICS 221112. Pre-qualified high-energy solar candidate."
"Hanover (Te)","Florham Park","NJ","epa_ghgrp","epa-1011617","https://ghgdata.epa.gov/ghgp/main.do#/facilityDetail?facilityId=epa-1011617","","","","","","","","600","904032","153685","","2766330","","","","","Industrial facility — 2022 EPA GHG Reporter. NAICS 486210. Pre-qualified high-energy solar candidate."
"Woodbridge Energy Center","Keasbey","NJ","epa_ghgrp","epa-1012054","https://ghgdata.epa.gov/ghgp/main.do#/facilityDetail?facilityId=epa-1012054","","","","","","","","600","904032","153685","","2766330","","","","","Power generation — 2022 EPA GHG Reporter. NAICS 221112. Pre-qualified high-energy solar candidate."
"Clayville","Vineland","NJ","epa_ghgrp","epa-1012074","https://ghgdata.epa.gov/ghgp/main.do#/facilityDetail?facilityId=epa-1012074","","","","","","","","600","904032","153685","","2766330","","","","","Power generation — 2022 EPA GHG Reporter. NAICS 221112. Pre-qualified high-energy solar candidate."
"First Continental International (N.J.) Inc.","Rochelle Park","NJ","epa_ghgrp","epa-1012116","https://ghgdata.epa.gov/ghgp/main.do#/facilityDetail?facilityId=epa-1012116","","","","","","","","600","904032","153685","","2766330","","","","","Industrial facility — 2022 EPA GHG Reporter. NAICS 424690. Pre-qualified high-energy solar candidate."
"Quality Chemical International Inc","Rochelle Park","NJ","epa_ghgrp","epa-1012166","https://ghgdata.epa.gov/ghgp/main.do#/facilityDetail?facilityId=epa-1012166","","","","","","","","600","904032","153685","","2766330","","","","","Industrial facility — 2022 EPA GHG Reporter. NAICS 424690. Pre-qualified high-energy solar candidate."
"Pbf Holding Company Llc","Parsippany","NJ","epa_ghgrp","epa-1012865","https://ghgdata.epa.gov/ghgp/main.do#/facilityDetail?facilityId=epa-1012865","","","","","","","","600","904032","153685","","2766330","","","","","Petroleum refining — 2022 EPA GHG Reporter. NAICS 324110. Pre-qualified high-energy solar candidate."
"United States Army Garrison","Picatinny Arsenal","NJ","epa_ghgrp","epa-1013188","https://ghgdata.epa.gov/ghgp/main.do#/facilityDetail?facilityId=epa-1013188","","","","","","","","600","904032","153685","","2766330","","","","","Industrial facility — 2022 EPA GHG Reporter. NAICS 928110. Pre-qualified high-energy solar candidate."
"Fci Usa Inc","Rochelle Park","NJ","epa_ghgrp","epa-1013648","https://ghgdata.epa.gov/ghgp/main.do#/facilityDetail?facilityId=epa-1013648","","","","","","","","600","904032","153685","","2766330","","","","","Industrial facility — 2022 EPA GHG Reporter. NAICS 424690. Pre-qualified high-energy solar candidate."
"Artsen Chemical America, Llc","Madison","NJ","epa_ghgrp","epa-1014005","https://ghgdata.epa.gov/ghgp/main.do#/facilityDetail?facilityId=epa-1014005","","","","","","","","600","904032","153685","","2766330","","","","","Industrial facility — 2022 EPA GHG Reporter. NAICS 424690. Pre-qualified high-energy solar candidate."
"Lina Trade","Saddle Brook","NJ","epa_ghgrp","epa-1014065","https://ghgdata.epa.gov/ghgp/main.do#/facilityDetail?facilityId=epa-1014065","","","","","","","","600","904032","153685","","2766330","","","","","Industrial facility — 2022 EPA GHG Reporter. NAICS 423740. Pre-qualified high-energy solar candidate."
"Saalok","Union City","NJ","epa_ghgrp","epa-1014670","https://ghgdata.epa.gov/ghgp/main.do#/facilityDetail?facilityId=epa-1014670","","","","","","","","600","904032","153685","","2766330","","","","","Industrial facility — 2022 EPA GHG Reporter. NAICS 424690. Pre-qualified high-energy solar candidate."
"Pse&G Burlington Lng","Burlington","NJ","epa_ghgrp","epa-1014691","https://ghgdata.epa.gov/ghgp/main.do#/facilityDetail?facilityId=epa-1014691","","","","","","","","600","904032","153685","","2766330","","","","","Power generation — 2022 EPA GHG Reporter. NAICS 221210. Pre-qualified high-energy solar candidate."
"Wesco Hmb, Inc.","Metuchen","NJ","epa_ghgrp","epa-1014762","https://ghgdata.epa.gov/ghgp/main.do#/facilityDetail?facilityId=epa-1014762","","","","","","","","600","904032","153685","","2766330","","","","","Industrial facility — 2022 EPA GHG Reporter. NAICS 424690. Pre-qualified high-energy solar candidate."
"Port Of Camden","Nj-Phila Port","NJ","osm_industrial","osm-29874880","https://www.openstreetmap.org/way/osm-29874880","","","","","","","","600","904032","153685","","2766330","","","","","Port building. Roof-suitable for rooftop PV. Verify ownership + contact before outreach."
"Camden County Municipal Utilities Authority","Nj-Phila Port","NJ","osm_industrial","osm-29874895","https://www.openstreetmap.org/way/osm-29874895","","","","","","","","600","904032","153685","","2766330","","","","","Industrial building. Roof-suitable for rooftop PV. Verify ownership + contact before outreach."
"Sunhillo Corp.","West Berlin","NJ","osm_industrial","osm-30011072","https://www.openstreetmap.org/way/osm-30011072","","","","","","","","600","904032","153685","","2766330","","","","","Industrial building. Roof-suitable for rooftop PV. Verify ownership + contact before outreach."
"Njta Maintenance Yard","Nj-Phila Port","NJ","osm_industrial","osm-30175149","https://www.openstreetmap.org/way/osm-30175149","","","","","","","","600","904032","153685","","2766330","","","","","Industrial building. Roof-suitable for rooftop PV. Verify ownership + contact before outreach."
"Pureland Industrial Complex","Nj-Phila Port","NJ","osm_industrial","osm-30930554","https://www.openstreetmap.org/way/osm-30930554","","","","","","","","600","904032","153685","","2766330","","","","","Industrial building. Roof-suitable for rooftop PV. Verify ownership + contact before outreach."
"Moorestown Industrial Common","Nj-Phila Port","NJ","osm_industrial","osm-34364163","https://www.openstreetmap.org/way/osm-34364163","","","","","","","","600","904032","153685","","2766330","","","","","Industrial building. Roof-suitable for rooftop PV. Verify ownership + contact before outreach."
"Industry Centre At Cinnaminson","Nj-Phila Port","NJ","osm_industrial","osm-34364406","https://www.openstreetmap.org/way/osm-34364406","","","","","","","","600","904032","153685","","2766330","","","","","Industrial building. Roof-suitable for rooftop PV. Verify ownership + contact before outreach."
"Cinnaminson Industrial Park","Nj-Phila Port","NJ","osm_industrial","osm-34364701","https://www.openstreetmap.org/way/osm-34364701","","","","","","","","600","904032","153685","","2766330","","","","","Industrial building. Roof-suitable for rooftop PV. Verify ownership + contact before outreach."
"Citadel Industrial Park","Nj-Phila Port","NJ","osm_industrial","osm-34364708","https://www.openstreetmap.org/way/osm-34364708","","","","","","","","600","904032","153685","","2766330","","","","","Industrial building. Roof-suitable for rooftop PV. Verify ownership + contact before outreach."
"Hainesport Industrial Park","Nj-Phila Port","NJ","osm_industrial","osm-34387976","https://www.openstreetmap.org/way/osm-34387976","","","","","","","","600","904032","153685","","2766330","","","","","Industrial building. Roof-suitable for rooftop PV. Verify ownership + contact before outreach."
"Hainesport And Lumberton Industrial Park","Nj-Phila Port","NJ","osm_industrial","osm-34388035","https://www.openstreetmap.org/way/osm-34388035","","","","","","","","600","904032","153685","","2766330","","","","","Industrial building. Roof-suitable for rooftop PV. Verify ownership + contact before outreach."
"Delanco Industrial Park","Nj-Phila Port","NJ","osm_industrial","osm-34403145","https://www.openstreetmap.org/way/osm-34403145","","","","","","","","600","904032","153685","","2766330","","","","","Industrial building. Roof-suitable for rooftop PV. Verify ownership + contact before outreach."
"Crossroads Business Centre","Nj-Phila Port","NJ","osm_industrial","osm-34447565","https://www.openstreetmap.org/way/osm-34447565","","","","","","","","600","904032","153685","","2766330","","","","","Industrial building. Roof-suitable for rooftop PV. Verify ownership + contact before outreach."
"Pseg Fossil Llc","Nj-Phila Port","NJ","osm_industrial","osm-34447997","https://www.openstreetmap.org/way/osm-34447997","","","","","","","","600","904032","153685","","2766330","","","","","Industrial building. Roof-suitable for rooftop PV. Verify ownership + contact before outreach."
"Ocean Spray","Nj-Phila Port","NJ","osm_industrial","osm-39834779","https://www.openstreetmap.org/way/osm-39834779","","","","","","","","600","904032","153685","","2766330","","","","","Industrial building. Roof-suitable for rooftop PV. Verify ownership + contact before outreach."
"Covanta Energy","Nj-Phila Port","NJ","osm_industrial","osm-40321351","https://www.openstreetmap.org/way/osm-40321351","","","","","","","","600","904032","153685","","2766330","","","","","Industrial building. Roof-suitable for rooftop PV. Verify ownership + contact before outreach."
"Interstate Storage & Pipeline Company","Nj-Phila Port","NJ","osm_industrial","osm-40332237","https://www.openstreetmap.org/way/osm-40332237","","","","","","","","600","904032","153685","","2766330","","","","","Oil building. Roof-suitable for rooftop PV. Verify ownership + contact before outreach."
"Axeon Specialty Products Refinery","Nj-Phila Port","NJ","osm_industrial","osm-40410867","https://www.openstreetmap.org/way/osm-40410867","","","","","","","","600","904032","153685","","2766330","","","","","Industrial building. Roof-suitable for rooftop PV. Verify ownership + contact before outreach."
"Lanxess","Pemberton","NJ","osm_industrial","osm-40561887","https://www.openstreetmap.org/way/osm-40561887","","","","","","","","600","904032","153685","","2766330","","","","","Industrial building. Roof-suitable for rooftop PV. Verify ownership + contact before outreach."
"Nj Transit","Nj-Phila Port","NJ","osm_industrial","osm-67660072","https://www.openstreetmap.org/way/osm-67660072","","","","","","","","600","904032","153685","","2766330","","","","","Industrial building. Roof-suitable for rooftop PV. Verify ownership + contact before outreach."
"North Entrance House, Fairmount Water Works","Nj-Phila Port","NJ","osm_industrial","osm-74728242","https://www.openstreetmap.org/way/osm-74728242","","","","","","","","600","904032","153685","","2766330","","","","","Industrial building. Roof-suitable for rooftop PV. Verify ownership + contact before outreach."
"Watering Committee Building","Nj-Phila Port","NJ","osm_industrial","osm-74728261","https://www.openstreetmap.org/way/osm-74728261","","","","","","","","600","904032","153685","","2766330","","","","","Industrial building. Roof-suitable for rooftop PV. Verify ownership + contact before outreach."
"Transit Storage","Nj-Phila Port","NJ","osm_industrial","osm-115599511","https://www.openstreetmap.org/way/osm-115599511","","","","","","","","600","904032","153685","","2766330","","","","","Industrial building. Roof-suitable for rooftop PV. Verify ownership + contact before outreach."
"Cold Storage","Nj-Phila Port","NJ","osm_industrial","osm-115599525","https://www.openstreetmap.org/way/osm-115599525","","","","","","","","600","904032","153685","","2766330","","","","","Industrial building. Roof-suitable for rooftop PV. Verify ownership + contact before outreach."
"Carpenter Shop","Nj-Phila Port","NJ","osm_industrial","osm-115599558","https://www.openstreetmap.org/way/osm-115599558","","","","","","","","600","904032","153685","","2766330","","","","","Industrial building. Roof-suitable for rooftop PV. Verify ownership + contact before outreach."
"Pbf Energy","Nj-Phila Port","NJ","osm_industrial","osm-143732010","https://www.openstreetmap.org/way/osm-143732010","","","","","","","","600","904032","153685","","2766330","","","","","Refinery building. Roof-suitable for rooftop PV. Verify ownership + contact before outreach."
"Exelon Corporation","Fairless Hills","NJ","osm_industrial","osm-162514115","https://www.openstreetmap.org/way/osm-162514115","","","","","","","","600","904032","153685","","2766330","","","","","Industrial building. Roof-suitable for rooftop PV. Verify ownership + contact before outreach."
"Henderson Industrial Park West","Nj-Phila Port","NJ","osm_industrial","osm-171795839","https://www.openstreetmap.org/way/osm-171795839","","","","","","","","600","904032","153685","","2766330","","","","","Industrial building. Roof-suitable for rooftop PV. Verify ownership + contact before outreach."
"Henderson Industrial Park East","Nj-Phila Port","NJ","osm_industrial","osm-171795845","https://www.openstreetmap.org/way/osm-171795845","","","","","","","","600","904032","153685","","2766330","","","","","Industrial building. Roof-suitable for rooftop PV. Verify ownership + contact before outreach."
"Atlantic Express","Nj-Phila Port","NJ","osm_industrial","osm-213255055","https://www.openstreetmap.org/way/osm-213255055","","","","","","","","600","904032","153685","","2766330","","","","","Industrial building. Roof-suitable for rooftop PV. Verify ownership + contact before outreach."
"Kingsbury, Inc","Philadelphia","NJ","osm_industrial","osm-256875379","https://www.openstreetmap.org/way/osm-256875379","","","","","","","","600","904032","153685","","2766330","","","","","Industrial building. Roof-suitable for rooftop PV. Verify ownership + contact before outreach."
"Eagle Point Sunoco Oil Refineries","Nj-Phila Port","NJ","osm_industrial","osm-257652593","https://www.openstreetmap.org/way/osm-257652593","","","","","","","","600","904032","153685","","2766330","","","","","Oil building. Roof-suitable for rooftop PV. Verify ownership + contact before outreach."
"Camden Tool Inc.","Camden","NJ","osm_industrial","osm-264982781","https://www.openstreetmap.org/way/osm-264982781","","","","","","","","600","904032","153685","","2766330","","","","","Industrial building. Roof-suitable for rooftop PV. Verify ownership + contact before outreach."
"Capitol Interior Products","Camden","NJ","osm_industrial","osm-265436709","https://www.openstreetmap.org/way/osm-265436709","","","","","","","","600","904032","153685","","2766330","","","","","Industrial building. Roof-suitable for rooftop PV. Verify ownership + contact before outreach."
"Weeks Marine","Nj-Phila Port","NJ","osm_industrial","osm-265436710","https://www.openstreetmap.org/way/osm-265436710","","","","","","","","600","904032","153685","","2766330","","","","","Industrial building. Roof-suitable for rooftop PV. Verify ownership + contact before outreach."
"Philadelphia Inquirer","King Of Prussia","NJ","osm_industrial","osm-265545593","https://www.openstreetmap.org/way/osm-265545593","","","","","","","","600","904032","153685","","2766330","","","","","Industrial building. Roof-suitable for rooftop PV. Verify ownership + contact before outreach."
"National Paper Recycling","Nj-Phila Port","NJ","osm_industrial","osm-265962083","https://www.openstreetmap.org/way/osm-265962083","","","","","","","","600","904032","153685","","2766330","","","","","Industrial building. Roof-suitable for rooftop PV. Verify ownership + contact before outreach."
"Georgia Pacific - Camden Gypsum","Nj-Phila Port","NJ","osm_industrial","osm-265962084","https://www.openstreetmap.org/way/osm-265962084","","","","","","","","600","904032","153685","","2766330","","","","","Industrial building. Roof-suitable for rooftop PV. Verify ownership + contact before outreach."
"Extreme Powder Coating","Nj-Phila Port","NJ","osm_industrial","osm-265962085","https://www.openstreetmap.org/way/osm-265962085","","","","","","","","600","904032","153685","","2766330","","","","","Industrial building. Roof-suitable for rooftop PV. Verify ownership + contact before outreach."
"Building 80","Nj-Phila Port","NJ","osm_industrial","osm-265972855","https://www.openstreetmap.org/way/osm-265972855","","","","","","","","600","904032","153685","","2766330","","","","","Industrial building. Roof-suitable for rooftop PV. Verify ownership + contact before outreach."
"Camden Iron & Metal","Nj-Phila Port","NJ","osm_industrial","osm-265973823","https://www.openstreetmap.org/way/osm-265973823","","","","","","","","600","904032","153685","","2766330","","","","","Industrial building. Roof-suitable for rooftop PV. Verify ownership + contact before outreach."
"Heritages Warehouse","Nj-Phila Port","NJ","osm_industrial","osm-267239188","https://www.openstreetmap.org/way/osm-267239188","","","","","","","","600","904032","153685","","2766330","","","","","Industrial building. Roof-suitable for rooftop PV. Verify ownership + contact before outreach."
"Art Metalcraft Plating Co.","Nj-Phila Port","NJ","osm_industrial","osm-268534067","https://www.openstreetmap.org/way/osm-268534067","","","","","","","","600","904032","153685","","2766330","","","","","Industrial building. Roof-suitable for rooftop PV. Verify ownership + contact before outreach."
"Broadway Family Center","Nj-Phila Port","NJ","osm_industrial","osm-268534932","https://www.openstreetmap.org/way/osm-268534932","","","","","","","","600","904032","153685","","2766330","","","","","Industrial building. Roof-suitable for rooftop PV. Verify ownership + contact before outreach."
"Astra Foods","Nj-Phila Port","NJ","osm_industrial","osm-293803269","https://www.openstreetmap.org/way/osm-293803269","","","","","","","","600","904032","153685","","2766330","","","","","Factory building. Roof-suitable for rooftop PV. Verify ownership + contact before outreach."
"Philabundance","Philadelphia","NJ","osm_industrial","osm-298694140","https://www.openstreetmap.org/way/osm-298694140","","","","","","","","600","904032","153685","","2766330","","","","","Industrial building. Roof-suitable for rooftop PV. Verify ownership + contact before outreach."
"Cherry Hill Department Of Public Works","Nj-Phila Port","NJ","osm_industrial","osm-304796245","https://www.openstreetmap.org/way/osm-304796245","","","","","","","","600","904032","153685","","2766330","","","","","Industrial building. Roof-suitable for rooftop PV. Verify ownership + contact before outreach."
"E-Zpass Customer Service Center","Camden","NJ","osm_industrial","osm-307620096","https://www.openstreetmap.org/way/osm-307620096","","","","","","","","600","904032","153685","","2766330","","","","","Industrial building. Roof-suitable for rooftop PV. Verify ownership + contact before outreach."
"Delaware River Port Authority","Camden","NJ","osm_industrial","osm-307620097","https://www.openstreetmap.org/way/osm-307620097","","","","","","","","600","904032","153685","","2766330","","","","","Industrial building. Roof-suitable for rooftop PV. Verify ownership + contact before outreach."
"Delaware River Port Authority Maintenance Building","Nj-Phila Port","NJ","osm_industrial","osm-307620098","https://www.openstreetmap.org/way/osm-307620098","","","","","","","","600","904032","153685","","2766330","","","","","Industrial building. Roof-suitable for rooftop PV. Verify ownership + contact before outreach."
"Heated Storage","Nj-Phila Port","NJ","osm_industrial","osm-334018455","https://www.openstreetmap.org/way/osm-334018455","","","","","","","","600","904032","153685","","2766330","","","","","Industrial building. Roof-suitable for rooftop PV. Verify ownership + contact before outreach."
"Dry Storage Shed","Nj-Phila Port","NJ","osm_industrial","osm-334022370","https://www.openstreetmap.org/way/osm-334022370","","","","","","","","600","904032","153685","","2766330","","","","","Industrial building. Roof-suitable for rooftop PV. Verify ownership + contact before outreach."
"Heated Storage","Nj-Phila Port","NJ","osm_industrial","osm-334022371","https://www.openstreetmap.org/way/osm-334022371","","","","","","","","600","904032","153685","","2766330","","","","","Industrial building. Roof-suitable for rooftop PV. Verify ownership + contact before outreach."
"Laforce Tower","Nj-Phila Port","NJ","osm_industrial","osm-335140326","https://www.openstreetmap.org/way/osm-335140326","","","","","","","","600","904032","153685","","2766330","","","","","Industrial building. Roof-suitable for rooftop PV. Verify ownership + contact before outreach."
"Incineration Recycling Services Inc.","Nj-Phila Port","NJ","osm_industrial","osm-362334095","https://www.openstreetmap.org/way/osm-362334095","","","","","","","","600","904032","153685","","2766330","","","","","Industrial building. Roof-suitable for rooftop PV. Verify ownership + contact before outreach."
"Comarco Products","Nj-Phila Port","NJ","osm_industrial","osm-362827814","https://www.openstreetmap.org/way/osm-362827814","","","","","","","","600","904032","153685","","2766330","","","","","Industrial building. Roof-suitable for rooftop PV. Verify ownership + contact before outreach."
"Camden Plant Holdings Llc","Nj-Phila Port","NJ","osm_industrial","osm-365010225","https://www.openstreetmap.org/way/osm-365010225","","","","","","","","600","904032","153685","","2766330","","","","","Industrial building. Roof-suitable for rooftop PV. Verify ownership + contact before outreach."
"Port Of Camden","Nj-Phila Port","NJ","osm_industrial","osm-365017913","https://www.openstreetmap.org/way/osm-365017913","","","","","","","","600","904032","153685","","2766330","","","","","Industrial building. Roof-suitable for rooftop PV. Verify ownership + contact before outreach."
"Sims Metal","Nj-Phila Port","NJ","osm_industrial","osm-365400264","https://www.openstreetmap.org/way/osm-365400264","","","","","","","","600","904032","153685","","2766330","","","","","Industrial building. Roof-suitable for rooftop PV. Verify ownership + contact before outreach."
"Orthodox Auto","Camden","NJ","osm_industrial","osm-365401804","https://www.openstreetmap.org/way/osm-365401804","","","","","","","","600","904032","153685","","2766330","","","","","Scrap_yard building. Roof-suitable for rooftop PV. Verify ownership + contact before outreach."
"Frank Donio, Inc.","Hammonton","NJ","osm_industrial","osm-366209896","https://www.openstreetmap.org/way/osm-366209896","","","","","","","","600","904032","153685","","2766330","","","","","Industrial building. Roof-suitable for rooftop PV. Verify ownership + contact before outreach."
"Suveto","Nj-Phila Port","NJ","osm_industrial","osm-373085848","https://www.openstreetmap.org/way/osm-373085848","","","","","","","","600","904032","153685","","2766330","","","","","Industrial building. Roof-suitable for rooftop PV. Verify ownership + contact before outreach."
"Princeton Tec","Pennsauken","NJ","osm_industrial","osm-392299854","https://www.openstreetmap.org/way/osm-392299854","","","","","","","","600","904032","153685","","2766330","","","","","Industrial building. Roof-suitable for rooftop PV. Verify ownership + contact before outreach."
"American Airlines C-6","Nj-Phila Port","NJ","osm_industrial","osm-403710324","https://www.openstreetmap.org/way/osm-403710324","","","","","","","","600","904032","153685","","2766330","","","","","Industrial building. Roof-suitable for rooftop PV. Verify ownership + contact before outreach."
"Remington & Vernick Engineers","Nj-Phila Port","NJ","osm_industrial","osm-446584840","https://www.openstreetmap.org/way/osm-446584840","","","","","","","","600","904032","153685","","2766330","","","","","Industrial building. Roof-suitable for rooftop PV. Verify ownership + contact before outreach."
"Leonardo Helicopters","Nj-Phila Port","NJ","osm_industrial","osm-458686687","https://www.openstreetmap.org/way/osm-458686687","","","","","","","","600","904032","153685","","2766330","","","","","Industrial building. Roof-suitable for rooftop PV. Verify ownership + contact before outreach."
"Agusta Westland","Nj-Phila Port","NJ","osm_industrial","osm-458686693","https://www.openstreetmap.org/way/osm-458686693","","","","","","","","600","904032","153685","","2766330","","","","","Industrial building. Roof-suitable for rooftop PV. Verify ownership + contact before outreach."
"Pepsi","Nj-Phila Port","NJ","osm_industrial","osm-493966716","https://www.openstreetmap.org/way/osm-493966716","","","","","","","","600","904032","153685","","2766330","","","","","Industrial building. Roof-suitable for rooftop PV. Verify ownership + contact before outreach."
"Eastwick Business Center","Nj-Phila Port","NJ","osm_industrial","osm-493966719","https://www.openstreetmap.org/way/osm-493966719","","","","","","","","600","904032","153685","","2766330","","","","","Industrial building. Roof-suitable for rooftop PV. Verify ownership + contact before outreach."
"Building 57","Nj-Phila Port","NJ","osm_industrial","osm-498593279","https://www.openstreetmap.org/way/osm-498593279","","","","","","","","600","904032","153685","","2766330","","","","","Industrial building. Roof-suitable for rooftop PV. Verify ownership + contact before outreach."
"Drpa","Nj-Phila Port","NJ","osm_industrial","osm-528473134","https://www.openstreetmap.org/way/osm-528473134","","","","","","","","600","904032","153685","","2766330","","","","","Storage building. Roof-suitable for rooftop PV. Verify ownership + contact before outreach."
"Exelon","Nj-Phila Port","NJ","osm_industrial","osm-539131523","https://www.openstreetmap.org/way/osm-539131523","","","","","","","","600","904032","153685","","2766330","","","","","Industrial building. Roof-suitable for rooftop PV. Verify ownership + contact before outreach."
"Liberty Electric Power Llc","Nj-Phila Port","NJ","osm_industrial","osm-539131530","https://www.openstreetmap.org/way/osm-539131530","","","","","","","","600","904032","153685","","2766330","","","","","Industrial building. Roof-suitable for rooftop PV. Verify ownership + contact before outreach."
"Grays Ferry Cogen Partnership","Nj-Phila Port","NJ","osm_industrial","osm-539763159","https://www.openstreetmap.org/way/osm-539763159","","","","","","","","600","904032","153685","","2766330","","","","","Industrial building. Roof-suitable for rooftop PV. Verify ownership + contact before outreach."
"Iron Mountain","Nj-Phila Port","NJ","osm_industrial","osm-543911977","https://www.openstreetmap.org/way/osm-543911977","","","","","","","","600","904032","153685","","2766330","","","","","Industrial building. Roof-suitable for rooftop PV. Verify ownership + contact before outreach."
"Philadelphia Regional Port Authority (Philaport)","Nj-Phila Port","NJ","osm_industrial","osm-544007426","https://www.openstreetmap.org/way/osm-544007426","","","","","","","","600","904032","153685","","2766330","","","","","Port building. Roof-suitable for rooftop PV. Verify ownership + contact before outreach."
"Pepsi","Nj-Phila Port","NJ","osm_industrial","osm-549961347","https://www.openstreetmap.org/way/osm-549961347","","","","","","","","600","904032","153685","","2766330","","","","","Industrial building. Roof-suitable for rooftop PV. Verify ownership + contact before outreach."
"Reefer Plugs","Nj-Phila Port","NJ","osm_industrial","osm-581018098","https://www.openstreetmap.org/way/osm-581018098","","","","","","","","600","904032","153685","","2766330","","","","","Industrial building. Roof-suitable for rooftop PV. Verify ownership + contact before outreach."
"Reefer Plugs","Nj-Phila Port","NJ","osm_industrial","osm-581018101","https://www.openstreetmap.org/way/osm-581018101","","","","","","","","600","904032","153685","","2766330","","","","","Industrial building. Roof-suitable for rooftop PV. Verify ownership + contact before outreach."
"Hanwha","Nj-Phila Port","NJ","osm_industrial","osm-588943442","https://www.openstreetmap.org/way/osm-588943442","","","","","","","","600","904032","153685","","2766330","","","","","Shipyard building. Roof-suitable for rooftop PV. Verify ownership + contact before outreach."
"Philadelphia Auto Processing Facility","Nj-Phila Port","NJ","osm_industrial","osm-589081489","https://www.openstreetmap.org/way/osm-589081489","","","","","","","","600","904032","153685","","2766330","","","","","Industrial building. Roof-suitable for rooftop PV. Verify ownership + contact before outreach."
"Bright Lights Manufacturing","Nj-Phila Port","NJ","osm_industrial","osm-600703957","https://www.openstreetmap.org/way/osm-600703957","","","","","","","","600","904032","153685","","2766330","","","","","Industrial building. Roof-suitable for rooftop PV. Verify ownership + contact before outreach."
"Building 611","Nj-Phila Port","NJ","osm_industrial","osm-607473252","https://www.openstreetmap.org/way/osm-607473252","","","","","","","","600","904032","153685","","2766330","","","","","Industrial building. Roof-suitable for rooftop PV. Verify ownership + contact before outreach."
"Gloucester Township Department Of Public Works","Nj-Phila Port","NJ","osm_industrial","osm-608663152","https://www.openstreetmap.org/way/osm-608663152","","","","","","","","600","904032","153685","","2766330","","","","","Industrial building. Roof-suitable for rooftop PV. Verify ownership + contact before outreach."
"Kellogg Co","Nj-Phila Port","NJ","osm_industrial","osm-609538249","https://www.openstreetmap.org/way/osm-609538249","","","","","","","","600","904032","153685","","2766330","","","","","Industrial building. Roof-suitable for rooftop PV. Verify ownership + contact before outreach."
"Z Brothers Enterprises","Nj-Phila Port","NJ","osm_industrial","osm-643104779","https://www.openstreetmap.org/way/osm-643104779","","","","","","","","600","904032","153685","","2766330","","","","","Industrial building. Roof-suitable for rooftop PV. Verify ownership + contact before outreach."
"Septa 5800 Bustleton Ave Shop","Nj-Phila Port","NJ","osm_industrial","osm-644556602","https://www.openstreetmap.org/way/osm-644556602","","","","","","","","600","904032","153685","","2766330","","","","","Industrial building. Roof-suitable for rooftop PV. Verify ownership + contact before outreach."
"J.A. Emilius' Sons, Inc","Nj-Phila Port","NJ","osm_industrial","osm-686512361","https://www.openstreetmap.org/way/osm-686512361","","","","","","","","600","904032","153685","","2766330","","","","","Industrial building. Roof-suitable for rooftop PV. Verify ownership + contact before outreach."
"A & S Sprinkler Company","Nj-Phila Port","NJ","osm_industrial","osm-686512377","https://www.openstreetmap.org/way/osm-686512377","","","","","","","","600","904032","153685","","2766330","","","","","Industrial building. Roof-suitable for rooftop PV. Verify ownership + contact before outreach."
"Delaware Generating Station","Nj-Phila Port","NJ","osm_industrial","osm-705316964","https://www.openstreetmap.org/way/osm-705316964","","","","","","","","600","904032","153685","","2766330","","","","","Industrial building. Roof-suitable for rooftop PV. Verify ownership + contact before outreach."
"Pier 40","Nj-Phila Port","NJ","osm_industrial","osm-707134560","https://www.openstreetmap.org/way/osm-707134560","","","","","","","","600","904032","153685","","2766330","","","","","Port building. Roof-suitable for rooftop PV. Verify ownership + contact before outreach."
"Pier 39","Nj-Phila Port","NJ","osm_industrial","osm-707134561","https://www.openstreetmap.org/way/osm-707134561","","","","","","","","600","904032","153685","","2766330","","","","","Port building. Roof-suitable for rooftop PV. Verify ownership + contact before outreach."
"Pier 38","Nj-Phila Port","NJ","osm_industrial","osm-707134571","https://www.openstreetmap.org/way/osm-707134571","","","","","","","","600","904032","153685","","2766330","","","","","Port building. Roof-suitable for rooftop PV. Verify ownership + contact before outreach."
"Exelon","Nj-Phila Port","NJ","osm_industrial","osm-707135992","https://www.openstreetmap.org/way/osm-707135992","","","","","","","","600","904032","153685","","2766330","","","","","Industrial building. Roof-suitable for rooftop PV. Verify ownership + contact before outreach."
"Southport Auto Terminal","Nj-Phila Port","NJ","osm_industrial","osm-707137778","https://www.openstreetmap.org/way/osm-707137778","","","","","","","","600","904032","153685","","2766330","","","","","Industrial building. Roof-suitable for rooftop PV. Verify ownership + contact before outreach."
"Berth B","Nj-Phila Port","NJ","osm_industrial","osm-707350995","https://www.openstreetmap.org/way/osm-707350995","","","","","","","","600","904032","153685","","2766330","","","","","Oil building. Roof-suitable for rooftop PV. Verify ownership + contact before outreach."
"Berth A","Nj-Phila Port","NJ","osm_industrial","osm-707350998","https://www.openstreetmap.org/way/osm-707350998","","","","","","","","600","904032","153685","","2766330","","","","","Oil building. Roof-suitable for rooftop PV. Verify ownership + contact before outreach."
"Sun Pipe Line Co., Fort Mifflin Terminal","Nj-Phila Port","NJ","osm_industrial","osm-707351001","https://www.openstreetmap.org/way/osm-707351001","","","","","","","","600","904032","153685","","2766330","","","","","Oil building. Roof-suitable for rooftop PV. Verify ownership + contact before outreach."
"Pier 2","Nj-Phila Port","NJ","osm_industrial","osm-707489049","https://www.openstreetmap.org/way/osm-707489049","","","","","","","","600","904032","153685","","2766330","","","","","Shipyard building. Roof-suitable for rooftop PV. Verify ownership + contact before outreach."
"Pier 5","Nj-Phila Port","NJ","osm_industrial","osm-707489050","https://www.openstreetmap.org/way/osm-707489050","","","","","","","","600","904032","153685","","2766330","","","","","Shipyard building. Roof-suitable for rooftop PV. Verify ownership + contact before outreach."
"Pier 1","Nj-Phila Port","NJ","osm_industrial","osm-707489053","https://www.openstreetmap.org/way/osm-707489053","","","","","","","","600","904032","153685","","2766330","","","","","Shipyard building. Roof-suitable for rooftop PV. Verify ownership + contact before outreach."
"Pier 4","Nj-Phila Port","NJ","osm_industrial","osm-707489056","https://www.openstreetmap.org/way/osm-707489056","","","","","","","","600","904032","153685","","2766330","","","","","Shipyard building. Roof-suitable for rooftop PV. Verify ownership + contact before outreach."
"Usdot - U.S. Maritime Administration","Nj-Phila Port","NJ","osm_industrial","osm-707489058","https://www.openstreetmap.org/way/osm-707489058","","","","","","","","600","904032","153685","","2766330","","","","","Shipyard building. Roof-suitable for rooftop PV. Verify ownership + contact before outreach."
"Pier 6a","Nj-Phila Port","NJ","osm_industrial","osm-707489064","https://www.openstreetmap.org/way/osm-707489064","","","","","","","","600","904032","153685","","2766330","","","","","Shipyard building. Roof-suitable for rooftop PV. Verify ownership + contact before outreach."
"Building 546","Nj-Phila Port","NJ","osm_industrial","osm-707497018","https://www.openstreetmap.org/way/osm-707497018","","","","","","","","600","904032","153685","","2766330","","","","","Industrial building. Roof-suitable for rooftop PV. Verify ownership + contact before outreach."
"Building 920","Nj-Phila Port","NJ","osm_industrial","osm-707497019","https://www.openstreetmap.org/way/osm-707497019","","","","","","","","600","904032","153685","","2766330","","","","","Industrial building. Roof-suitable for rooftop PV. Verify ownership + contact before outreach."
"Building 68","Nj-Phila Port","NJ","osm_industrial","osm-707497020","https://www.openstreetmap.org/way/osm-707497020","","","","","","","","600","904032","153685","","2766330","","","","","Industrial building. Roof-suitable for rooftop PV. Verify ownership + contact before outreach."
"Building 20","Nj-Phila Port","NJ","osm_industrial","osm-707497022","https://www.openstreetmap.org/way/osm-707497022","","","","","","","","600","904032","153685","","2766330","","","","","Industrial building. Roof-suitable for rooftop PV. Verify ownership + contact before outreach."
"Bldg 1000","Philadelphia","NJ","osm_industrial","osm-707497023","https://www.openstreetmap.org/way/osm-707497023","","","","","","","","600","904032","153685","","2766330","","","","","Industrial building. Roof-suitable for rooftop PV. Verify ownership + contact before outreach."
"Building 568","Nj-Phila Port","NJ","osm_industrial","osm-707497025","https://www.openstreetmap.org/way/osm-707497025","","","","","","","","600","904032","153685","","2766330","","","","","Industrial building. Roof-suitable for rooftop PV. Verify ownership + contact before outreach."
"Building 1029","Nj-Phila Port","NJ","osm_industrial","osm-707497033","https://www.openstreetmap.org/way/osm-707497033","","","","","","","","600","904032","153685","","2766330","","","","","Industrial building. Roof-suitable for rooftop PV. Verify ownership + contact before outreach."
"Building 69","Nj-Phila Port","NJ","osm_industrial","osm-707497034","https://www.openstreetmap.org/way/osm-707497034","","","","","","","","600","904032","153685","","2766330","","","","","Industrial building. Roof-suitable for rooftop PV. Verify ownership + contact before outreach."
"Septa 3 Southern District","Nj-Phila Port","NJ","osm_industrial","osm-708288115","https://www.openstreetmap.org/way/osm-708288115","","","","","","","","600","904032","153685","","2766330","","","","","Depot building. Roof-suitable for rooftop PV. Verify ownership + contact before outreach."
"Brite Star Manufacturing Company","Nj-Phila Port","NJ","osm_industrial","osm-708288117","https://www.openstreetmap.org/way/osm-708288117","","","","","","","","600","904032","153685","","2766330","","","","","Industrial building. Roof-suitable for rooftop PV. Verify ownership + contact before outreach."
"Waste Management Philadelphia Transfer Station","Nj-Phila Port","NJ","osm_industrial","osm-709384430","https://www.openstreetmap.org/way/osm-709384430","","","","","","","","600","904032","153685","","2766330","","","","","Industrial building. Roof-suitable for rooftop PV. Verify ownership + contact before outreach."
"Transflo Philadelphia East Yard","Nj-Phila Port","NJ","osm_industrial","osm-711395706","https://www.openstreetmap.org/way/osm-711395706","","","","","","","","600","904032","153685","","2766330","","","","","Industrial building. Roof-suitable for rooftop PV. Verify ownership + contact before outreach."
"West Philadelphia Sewer Maintenance Facility","Nj-Phila Port","NJ","osm_industrial","osm-734198952","https://www.openstreetmap.org/way/osm-734198952","","","","","","","","600","904032","153685","","2766330","","","","","Industrial building. Roof-suitable for rooftop PV. Verify ownership + contact before outreach."
"Airport Business Complex","Nj-Phila Port","NJ","osm_industrial","osm-738068001","https://www.openstreetmap.org/way/osm-738068001","","","","","","","","600","904032","153685","","2766330","","","","","Industrial building. Roof-suitable for rooftop PV. Verify ownership + contact before outreach."
"Boeing","Nj-Phila Port","NJ","osm_industrial","osm-738068021","https://www.openstreetmap.org/way/osm-738068021","","","","","","","","600","904032","153685","","2766330","","","","","Industrial building. Roof-suitable for rooftop PV. Verify ownership + contact before outreach."
"Boeing Helicopters","Nj-Phila Port","NJ","osm_industrial","osm-738068022","https://www.openstreetmap.org/way/osm-738068022","","","","","","","","600","904032","153685","","2766330","","","","","Industrial building. Roof-suitable for rooftop PV. Verify ownership + contact before outreach."
"Njdot Maintenance Yard Bridgeport","Nj-Phila Port","NJ","osm_industrial","osm-738992007","https://www.openstreetmap.org/way/osm-738992007","","","","","","","","600","904032","153685","","2766330","","","","","Industrial building. Roof-suitable for rooftop PV. Verify ownership + contact before outreach."
"City Of Philadelphia Sanitation Collection Areas #2 & 3 Fleet Mgmt Shop #357","Nj-Phila Port","NJ","osm_industrial","osm-739161324","https://www.openstreetmap.org/way/osm-739161324","","","","","","","","600","904032","153685","","2766330","","","","","Industrial building. Roof-suitable for rooftop PV. Verify ownership + contact before outreach."
"Amazon Distribution Center","Nj-Phila Port","NJ","osm_industrial","osm-743533071","https://www.openstreetmap.org/way/osm-743533071","","","","","","","","600","904032","153685","","2766330","","","","","Industrial building. Roof-suitable for rooftop PV. Verify ownership + contact before outreach."
"Edward G. Budd Manufacturing","Nj-Phila Port","NJ","osm_industrial","osm-743543487","https://www.openstreetmap.org/way/osm-743543487","","","","","","","","600","904032","153685","","2766330","","","","","Industrial building. Roof-suitable for rooftop PV. Verify ownership + contact before outreach."
"Colonial Pipeline Company","Nj-Phila Port","NJ","osm_industrial","osm-763760055","https://www.openstreetmap.org/way/osm-763760055","","","","","","","","600","904032","153685","","2766330","","","","","Oil building. Roof-suitable for rooftop PV. Verify ownership + contact before outreach."
"Budd Company Hunting Park Plant","Nj-Phila Port","NJ","osm_industrial","osm-765567833","https://www.openstreetmap.org/way/osm-765567833","","","","","","","","600","904032","153685","","2766330","","","","","Industrial building. Roof-suitable for rooftop PV. Verify ownership + contact before outreach."
"Septa Germantown Depot","Nj-Phila Port","NJ","osm_industrial","osm-770773889","https://www.openstreetmap.org/way/osm-770773889","","","","","","","","600","904032","153685","","2766330","","","","","Depot building. Roof-suitable for rooftop PV. Verify ownership + contact before outreach."
"Njta Maintenance Yard","Nj-Phila Port","NJ","osm_industrial","osm-776600766","https://www.openstreetmap.org/way/osm-776600766","","","","","","","","600","904032","153685","","2766330","","","","","Industrial building. Roof-suitable for rooftop PV. Verify ownership + contact before outreach."
"Bud Concrete Inc.","Sewell","NJ","osm_industrial","osm-783349257","https://www.openstreetmap.org/way/osm-783349257","","","","","","","","600","904032","153685","","2766330","","","","","Industrial building. Roof-suitable for rooftop PV. Verify ownership + contact before outreach."
"Gold Metal Environmental","Sewell","NJ","osm_industrial","osm-783349260","https://www.openstreetmap.org/way/osm-783349260","","","","","","","","600","904032","153685","","2766330","","","","","Industrial building. Roof-suitable for rooftop PV. Verify ownership + contact before outreach."
"United Scrap Metal","Nj-Phila Port","NJ","osm_industrial","osm-783991403","https://www.openstreetmap.org/way/osm-783991403","","","","","","","","600","904032","153685","","2766330","","","","","Industrial building. Roof-suitable for rooftop PV. Verify ownership + contact before outreach."
"Comcast","Nj-Phila Port","NJ","osm_industrial","osm-783994851","https://www.openstreetmap.org/way/osm-783994851","","","","","","","","600","904032","153685","","2766330","","","","","Industrial building. Roof-suitable for rooftop PV. Verify ownership + contact before outreach."
"Septa","Nj-Phila Port","NJ","osm_industrial","osm-784001553","https://www.openstreetmap.org/way/osm-784001553","","","","","","","","600","904032","153685","","2766330","","","","","Industrial building. Roof-suitable for rooftop PV. Verify ownership + contact before outreach."
"Case Paper","Nj-Phila Port","NJ","osm_industrial","osm-784006172","https://www.openstreetmap.org/way/osm-784006172","","","","","","","","600","904032","153685","","2766330","","","","","Industrial building. Roof-suitable for rooftop PV. Verify ownership + contact before outreach."
"Dependable Distribution","Nj-Phila Port","NJ","osm_industrial","osm-784028104","https://www.openstreetmap.org/way/osm-784028104","","","","","","","","600","904032","153685","","2766330","","","","","Industrial building. Roof-suitable for rooftop PV. Verify ownership + contact before outreach."
"Peco Energy","Nj-Phila Port","NJ","osm_industrial","osm-784028106","https://www.openstreetmap.org/way/osm-784028106","","","","","","","","600","904032","153685","","2766330","","","","","Electrical building. Roof-suitable for rooftop PV. Verify ownership + contact before outreach."
"Septa","Nj-Phila Port","NJ","osm_industrial","osm-784628462","https://www.openstreetmap.org/way/osm-784628462","","","","","","","","600","904032","153685","","2766330","","","","","Industrial building. Roof-suitable for rooftop PV. Verify ownership + contact before outreach."
"Mipc Philadelphia Facility","Nj-Phila Port","NJ","osm_industrial","osm-785215531","https://www.openstreetmap.org/way/osm-785215531","","","","","","","","600","904032","153685","","2766330","","","","","Industrial building. Roof-suitable for rooftop PV. Verify ownership + contact before outreach."
"Philadelphia Electric Company","Nj-Phila Port","NJ","osm_industrial","osm-785215541","https://www.openstreetmap.org/way/osm-785215541","","","","","","","","600","904032","153685","","2766330","","","","","Industrial building. Roof-suitable for rooftop PV. Verify ownership + contact before outreach."
"Simkar Corporation","Nj-Phila Port","NJ","osm_industrial","osm-785215542","https://www.openstreetmap.org/way/osm-785215542","","","","","","","","600","904032","153685","","2766330","","","","","Industrial building. Roof-suitable for rooftop PV. Verify ownership + contact before outreach."
"Philadelphia Department Of Streets Highway Services Garage","Nj-Phila Port","NJ","osm_industrial","osm-785218142","https://www.openstreetmap.org/way/osm-785218142","","","","","","","","600","904032","153685","","2766330","","","","","Industrial building. Roof-suitable for rooftop PV. Verify ownership + contact before outreach."
"City Of Philadelphia Office Of Fleet Management Shop 134","Nj-Phila Port","NJ","osm_industrial","osm-785218143","https://www.openstreetmap.org/way/osm-785218143","","","","","","","","600","904032","153685","","2766330","","","","","Industrial building. Roof-suitable for rooftop PV. Verify ownership + contact before outreach."
"Tony Depaul And Son Materials","Nj-Phila Port","NJ","osm_industrial","osm-785221554","https://www.openstreetmap.org/way/osm-785221554","","","","","","","","600","904032","153685","","2766330","","","","","Industrial building. Roof-suitable for rooftop PV. Verify ownership + contact before outreach."
"Philadelphia Gas Works","Nj-Phila Port","NJ","osm_industrial","osm-786055528","https://www.openstreetmap.org/way/osm-786055528","","","","","","","","600","904032","153685","","2766330","","","","","Industrial building. Roof-suitable for rooftop PV. Verify ownership + contact before outreach."
"American Box And Recycling","Nj-Phila Port","NJ","osm_industrial","osm-786645130","https://www.openstreetmap.org/way/osm-786645130","","","","","","","","600","904032","153685","","2766330","","","","","Industrial building. Roof-suitable for rooftop PV. Verify ownership + contact before outreach."
"Septa","Nj-Phila Port","NJ","osm_industrial","osm-786953891","https://www.openstreetmap.org/way/osm-786953891","","","","","","","","600","904032","153685","","2766330","","","","","Industrial building. Roof-suitable for rooftop PV. Verify ownership + contact before outreach."
"Septa","Nj-Phila Port","NJ","osm_industrial","osm-787243029","https://www.openstreetmap.org/way/osm-787243029","","","","","","","","600","904032","153685","","2766330","","","","","Industrial building. Roof-suitable for rooftop PV. Verify ownership + contact before outreach."
"City Of Philadelphia Citizen Convenience Center For Recycling And Trash","Nj-Phila Port","NJ","osm_industrial","osm-787261259","https://www.openstreetmap.org/way/osm-787261259","","","","","","","","600","904032","153685","","2766330","","","","","Industrial building. Roof-suitable for rooftop PV. Verify ownership + contact before outreach."
"Exelon","Nj-Phila Port","NJ","osm_industrial","osm-787261269","https://www.openstreetmap.org/way/osm-787261269","","","","","","","","600","904032","153685","","2766330","","","","","Industrial building. Roof-suitable for rooftop PV. Verify ownership + contact before outreach."
"City Of Philadelphia Department Of Streets Fleet Management Shop 332","Nj-Phila Port","NJ","osm_industrial","osm-787261272","https://www.openstreetmap.org/way/osm-787261272","","","","","","","","600","904032","153685","","2766330","","","","","Industrial building. Roof-suitable for rooftop PV. Verify ownership + contact before outreach."
"Philadelphia Regional Port Authority (Philaport)","Nj-Phila Port","NJ","osm_industrial","osm-787261284","https://www.openstreetmap.org/way/osm-787261284","","","","","","","","600","904032","153685","","2766330","","","","","Port building. Roof-suitable for rooftop PV. Verify ownership + contact before outreach."
"Dietz & Watson","Nj-Phila Port","NJ","osm_industrial","osm-787692238","https://www.openstreetmap.org/way/osm-787692238","","","","","","","","600","904032","153685","","2766330","","","","","Industrial building. Roof-suitable for rooftop PV. Verify ownership + contact before outreach."
"James J. Anderson Construction & Riverside Materials","Nj-Phila Port","NJ","osm_industrial","osm-788711999","https://www.openstreetmap.org/way/osm-788711999","","","","","","","","600","904032","153685","","2766330","","","","","Industrial building. Roof-suitable for rooftop PV. Verify ownership + contact before outreach."
"Contanda Terminals","Nj-Phila Port","NJ","osm_industrial","osm-788712002","https://www.openstreetmap.org/way/osm-788712002","","","","","","","","600","904032","153685","","2766330","","","","","Industrial building. Roof-suitable for rooftop PV. Verify ownership + contact before outreach."
"Philadelphia Gas Works","Nj-Phila Port","NJ","osm_industrial","osm-788714888","https://www.openstreetmap.org/way/osm-788714888","","","","","","","","600","904032","153685","","2766330","","","","","Industrial building. Roof-suitable for rooftop PV. Verify ownership + contact before outreach."
"Delaware Valley Recycling","Nj-Phila Port","NJ","osm_industrial","osm-789679337","https://www.openstreetmap.org/way/osm-789679337","","","","","","","","600","904032","153685","","2766330","","","","","Industrial building. Roof-suitable for rooftop PV. Verify ownership + contact before outreach."
"Kinder Morgan Terminals","Nj-Phila Port","NJ","osm_industrial","osm-794189442","https://www.openstreetmap.org/way/osm-794189442","","","","","","","","600","904032","153685","","2766330","","","","","Industrial building. Roof-suitable for rooftop PV. Verify ownership + contact before outreach."
"Olde Yankee Terminal","Nj-Phila Port","NJ","osm_industrial","osm-794189446","https://www.openstreetmap.org/way/osm-794189446","","","","","","","","600","904032","153685","","2766330","","","","","Industrial building. Roof-suitable for rooftop PV. Verify ownership + contact before outreach."
"Essington Avenue Used Auto Parts","Nj-Phila Port","NJ","osm_industrial","osm-794189448","https://www.openstreetmap.org/way/osm-794189448","","","","","","","","600","904032","153685","","2766330","","","","","Industrial building. Roof-suitable for rooftop PV. Verify ownership + contact before outreach."
"Philadelphia Water Department Torresdale Pumping Station","Nj-Phila Port","NJ","osm_industrial","osm-794991220","https://www.openstreetmap.org/way/osm-794991220","","","","","","","","600","904032","153685","","2766330","","","","","Industrial building. Roof-suitable for rooftop PV. Verify ownership + contact before outreach."
"Philadelphia Department Of Streets Sanitation Division: Torresdale","Nj-Phila Port","NJ","osm_industrial","osm-794991225","https://www.openstreetmap.org/way/osm-794991225","","","","","","","","600","904032","153685","","2766330","","","","","Industrial building. Roof-suitable for rooftop PV. Verify ownership + contact before outreach."
"Washington Township Municipal Utilities Authority","Turnersville","NJ","osm_industrial","osm-795815851","https://www.openstreetmap.org/way/osm-795815851","","","","","","","","600","904032","153685","","2766330","","","","","Industrial building. Roof-suitable for rooftop PV. Verify ownership + contact before outreach."
"Philadelphia County Maintenance District 6-5","Nj-Phila Port","NJ","osm_industrial","osm-797700249","https://www.openstreetmap.org/way/osm-797700249","","","","","","","","600","904032","153685","","2766330","","","","","Industrial building. Roof-suitable for rooftop PV. Verify ownership + contact before outreach."
"Chaes Food","Nj-Phila Port","NJ","osm_industrial","osm-803480587","https://www.openstreetmap.org/way/osm-803480587","","","","","","","","600","904032","153685","","2766330","","","","","Industrial building. Roof-suitable for rooftop PV. Verify ownership + contact before outreach."
"Covanta Plymouth Renewable Energy L P","Nj-Phila Port","NJ","osm_industrial","osm-835803203","https://www.openstreetmap.org/way/osm-835803203","","","","","","","","600","904032","153685","","2766330","","","","","Industrial building. Roof-suitable for rooftop PV. Verify ownership + contact before outreach."
"Exelon","Nj-Phila Port","NJ","osm_industrial","osm-835823474","https://www.openstreetmap.org/way/osm-835823474","","","","","","","","600","904032","153685","","2766330","","","","","Industrial building. Roof-suitable for rooftop PV. Verify ownership + contact before outreach."
"Advansix’S Frankford Facility","Nj-Phila Port","NJ","osm_industrial","osm-835823478","https://www.openstreetmap.org/way/osm-835823478","","","","","","","","600","904032","153685","","2766330","","","","","Industrial building. Roof-suitable for rooftop PV. Verify ownership + contact before outreach."
"Engine House, Fairmount Water Works","Nj-Phila Port","NJ","osm_industrial","osm-865740087","https://www.openstreetmap.org/way/osm-865740087","","","","","","","","600","904032","153685","","2766330","","","","","Industrial building. Roof-suitable for rooftop PV. Verify ownership + contact before outreach."
"Old Mill House, Fairmount Water Works","Nj-Phila Port","NJ","osm_industrial","osm-865740088","https://www.openstreetmap.org/way/osm-865740088","","","","","","","","600","904032","153685","","2766330","","","","","Industrial building. Roof-suitable for rooftop PV. Verify ownership + contact before outreach."
"Caretaker'S House, Fairmount Water Works","Nj-Phila Port","NJ","osm_industrial","osm-865740089","https://www.openstreetmap.org/way/osm-865740089","","","","","","","","600","904032","153685","","2766330","","","","","Industrial building. Roof-suitable for rooftop PV. Verify ownership + contact before outreach."
"Ge Apparatus Services Center","Nj-Phila Port","NJ","osm_industrial","osm-872023559","https://www.openstreetmap.org/way/osm-872023559","","","","","","","","600","904032","153685","","2766330","","","","","Industrial building. Roof-suitable for rooftop PV. Verify ownership + contact before outreach."
"Philadelphia Coca-Cola Bottling Co.","Nj-Phila Port","NJ","osm_industrial","osm-872023562","https://www.openstreetmap.org/way/osm-872023562","","","","","","","","600","904032","153685","","2766330","","","","","Industrial building. Roof-suitable for rooftop PV. Verify ownership + contact before outreach."
"Charles Jacquin Et Cie Inc.","Nj-Phila Port","NJ","osm_industrial","osm-876443270","https://www.openstreetmap.org/way/osm-876443270","","","","","","","","600","904032","153685","","2766330","","","","","Industrial building. Roof-suitable for rooftop PV. Verify ownership + contact before outreach."
"Interstate Business Park","Nj-Phila Port","NJ","osm_industrial","osm-923502775","https://www.openstreetmap.org/way/osm-923502775","","","","","","","","600","904032","153685","","2766330","","","","","Industrial building. Roof-suitable for rooftop PV. Verify ownership + contact before outreach."
"Sunoco Power Generation","Nj-Phila Port","NJ","osm_industrial","osm-938252444","https://www.openstreetmap.org/way/osm-938252444","","","","","","","","600","904032","153685","","2766330","","","","","Industrial building. Roof-suitable for rooftop PV. Verify ownership + contact before outreach."
"West Deptford Energy Llc","Nj-Phila Port","NJ","osm_industrial","osm-951697217","https://www.openstreetmap.org/way/osm-951697217","","","","","","","","600","904032","153685","","2766330","","","","","Industrial building. Roof-suitable for rooftop PV. Verify ownership + contact before outreach."
"Metro Self Storage","Nj-Phila Port","NJ","osm_industrial","osm-956641940","https://www.openstreetmap.org/way/osm-956641940","","","","","","","","600","904032","153685","","2766330","","","","","Industrial building. Roof-suitable for rooftop PV. Verify ownership + contact before outreach."
"Philadelphia Gas Works","Nj-Phila Port","NJ","osm_industrial","osm-964096885","https://www.openstreetmap.org/way/osm-964096885","","","","","","","","600","904032","153685","","2766330","","","","","Industrial building. Roof-suitable for rooftop PV. Verify ownership + contact before outreach."
"Philadelphia Design And Distribution Center","Nj-Phila Port","NJ","osm_industrial","osm-965316499","https://www.openstreetmap.org/way/osm-965316499","","","","","","","","600","904032","153685","","2766330","","","","","Industrial building. Roof-suitable for rooftop PV. Verify ownership + contact before outreach."
"Paulsboro Marine Terminal","Nj-Phila Port","NJ","osm_industrial","osm-967116888","https://www.openstreetmap.org/way/osm-967116888","","","","","","","","600","904032","153685","","2766330","","","","","Port building. Roof-suitable for rooftop PV. Verify ownership + contact before outreach."
"Lawnj 0819","Lawnside","NJ","osm_industrial","osm-1011445733","https://www.openstreetmap.org/way/osm-1011445733","","","","","","","","600","904032","153685","","2766330","","","","","Industrial building. Roof-suitable for rooftop PV. Verify ownership + contact before outreach."
"Abc Supply Co. Inc.","Nj-Phila Port","NJ","osm_industrial","osm-1012131883","https://www.openstreetmap.org/way/osm-1012131883","","","","","","","","600","904032","153685","","2766330","","","","","Industrial building. Roof-suitable for rooftop PV. Verify ownership + contact before outreach."
"Calpine New Jersey Generation Llc","Nj-Phila Port","NJ","osm_industrial","osm-1077852041","https://www.openstreetmap.org/way/osm-1077852041","","","","","","","","600","904032","153685","","2766330","","","","","Industrial building. Roof-suitable for rooftop PV. Verify ownership + contact before outreach."
"Exelon","Nj-Phila Port","NJ","osm_industrial","osm-1089181022","https://www.openstreetmap.org/way/osm-1089181022","","","","","","","","600","904032","153685","","2766330","","","","","Industrial building. Roof-suitable for rooftop PV. Verify ownership + contact before outreach."
"Philadelphia Authority For Industrial Development","Nj-Phila Port","NJ","osm_industrial","osm-1089181031","https://www.openstreetmap.org/way/osm-1089181031","","","","","","","","600","904032","153685","","2766330","","","","","Industrial building. Roof-suitable for rooftop PV. Verify ownership + contact before outreach."
"Paulsboro Refining Company - Llc","Nj-Phila Port","NJ","osm_industrial","osm-1089181037","https://www.openstreetmap.org/way/osm-1089181037","","","","","","","","600","904032","153685","","2766330","","","","","Industrial building. Roof-suitable for rooftop PV. Verify ownership + contact before outreach."
"Elbo Road Tank Farm","Nj-Phila Port","NJ","osm_industrial","osm-1098553318","https://www.openstreetmap.org/way/osm-1098553318","","","","","","","","600","904032","153685","","2766330","","","","","Oil building. Roof-suitable for rooftop PV. Verify ownership + contact before outreach."
"Philadelphia Water Department","Nj-Phila Port","NJ","osm_industrial","osm-1110686903","https://www.openstreetmap.org/way/osm-1110686903","","","","","","","","600","904032","153685","","2766330","","","","","Depot building. Roof-suitable for rooftop PV. Verify ownership + contact before outreach."
"Willingboro Industrial Park","Nj-Phila Port","NJ","osm_industrial","osm-1110735728","https://www.openstreetmap.org/way/osm-1110735728","","","","","","","","600","904032","153685","","2766330","","","","","Industrial building. Roof-suitable for rooftop PV. Verify ownership + contact before outreach."
"Buoy Yard","Nj-Phila Port","NJ","osm_industrial","osm-1147610409","https://www.openstreetmap.org/way/osm-1147610409","","","","","","","","600","904032","153685","","2766330","","","","","Depot building. Roof-suitable for rooftop PV. Verify ownership + contact before outreach."
"Mutual Industries Inc.","Nj-Phila Port","NJ","osm_industrial","osm-1158045579","https://www.openstreetmap.org/way/osm-1158045579","","","","","","","","600","904032","153685","","2766330","","","","","Industrial building. Roof-suitable for rooftop PV. Verify ownership + contact before outreach."
"Plumsted 537 Llc","Nj-Phila Port","NJ","osm_industrial","osm-1215856778","https://www.openstreetmap.org/way/osm-1215856778","","","","","","","","600","904032","153685","","2766330","","","","","Industrial building. Roof-suitable for rooftop PV. Verify ownership + contact before outreach."
"Lab Building Walkway Bridge","Nj-Phila Port","NJ","osm_industrial","osm-1252041363","https://www.openstreetmap.org/way/osm-1252041363","","","","","","","","600","904032","153685","","2766330","","","","","Industrial building. Roof-suitable for rooftop PV. Verify ownership + contact before outreach."
"Inductotherm Corp.","Rancocas","NJ","osm_industrial","osm-1287752778","https://www.openstreetmap.org/way/osm-1287752778","","","","","","","","600","904032","153685","","2766330","","","","","Industrial building. Roof-suitable for rooftop PV. Verify ownership + contact before outreach."
"Thomas H. Cook Building For Large Systems","Nj-Phila Port","NJ","osm_industrial","osm-1288114781","https://www.openstreetmap.org/way/osm-1288114781","","","","","","","","600","904032","153685","","2766330","","","","","Industrial building. Roof-suitable for rooftop PV. Verify ownership + contact before outreach."
"Inductotherm Coil Annex","Nj-Phila Port","NJ","osm_industrial","osm-1288114782","https://www.openstreetmap.org/way/osm-1288114782","","","","","","","","600","904032","153685","","2766330","","","","","Industrial building. Roof-suitable for rooftop PV. Verify ownership + contact before outreach."
"Pemberton Fabricators","Rancocas","NJ","osm_industrial","osm-1288114783","https://www.openstreetmap.org/way/osm-1288114783","","","","","","","","600","904032","153685","","2766330","","","","","Industrial building. Roof-suitable for rooftop PV. Verify ownership + contact before outreach."
"Septa","Nj-Phila Port","NJ","osm_industrial","osm-1335090127","https://www.openstreetmap.org/way/osm-1335090127","","","","","","","","600","904032","153685","","2766330","","","","","Depot building. Roof-suitable for rooftop PV. Verify ownership + contact before outreach."
"Adm","Mount Holly","NJ","osm_industrial","osm-1378068376","https://www.openstreetmap.org/way/osm-1378068376","","","","","","","","600","904032","153685","","2766330","","","","","Industrial building. Roof-suitable for rooftop PV. Verify ownership + contact before outreach."
"Envision Gymnastics & Cheerleading","Mount Holly","NJ","osm_industrial","osm-1378068377","https://www.openstreetmap.org/way/osm-1378068377","","","","","","","","600","904032","153685","","2766330","","","","","Industrial building. Roof-suitable for rooftop PV. Verify ownership + contact before outreach."
"Pemberton School Bus Garage","Browns Mills","NJ","osm_industrial","osm-1414311273","https://www.openstreetmap.org/way/osm-1414311273","","","","","","","","600","904032","153685","","2766330","","","","","Depot building. Roof-suitable for rooftop PV. Verify ownership + contact before outreach."
"Nextera Renewable Fuels, Llc","Nj-Phila Port","NJ","osm_industrial","osm-1464600029","https://www.openstreetmap.org/way/osm-1464600029","","","","","","","","600","904032","153685","","2766330","","","","","Industrial building. Roof-suitable for rooftop PV. Verify ownership + contact before outreach."
"Silvi Concrete","Lumberton","NJ","osm_industrial","osm-1469324613","https://www.openstreetmap.org/way/osm-1469324613","","","","","","","","600","904032","153685","","2766330","","","","","Industrial building. Roof-suitable for rooftop PV. Verify ownership + contact before outreach."
"Miller Truck Shop","Nj-Phila Port","NJ","osm_industrial","osm-1470143872","https://www.openstreetmap.org/way/osm-1470143872","","","","","","","","600","904032","153685","","2766330","","","","","Depot building. Roof-suitable for rooftop PV. Verify ownership + contact before outreach."
"Essex County Department Of Public Works Division Of Fleet Management","Cedar Grove","NJ","osm_industrial","osm-39830164","https://www.openstreetmap.org/way/osm-39830164","","","","","","","","600","904032","153685","","2766330","","","","","Industrial building. Roof-suitable for rooftop PV. Verify ownership + contact before outreach."
"Garden State Corporate Center","Bloomfield","NJ","osm_industrial","osm-39830904","https://www.openstreetmap.org/way/osm-39830904","","","","","","","","600","904032","153685","","2766330","","","","","Industrial building. Roof-suitable for rooftop PV. Verify ownership + contact before outreach."
"Pseg Fossil Llc","Ny-Nj Port","NJ","osm_industrial","osm-39836037","https://www.openstreetmap.org/way/osm-39836037","","","","","","","","600","904032","153685","","2766330","","","","","Industrial building. Roof-suitable for rooftop PV. Verify ownership + contact before outreach."
"Pseg Fossil Llc","Ny-Nj Port","NJ","osm_industrial","osm-39836042","https://www.openstreetmap.org/way/osm-39836042","","","","","","","","600","904032","153685","","2766330","","","","","Industrial building. Roof-suitable for rooftop PV. Verify ownership + contact before outreach."
"Goya Foods","Jersey City","NJ","osm_industrial","osm-40136590","https://www.openstreetmap.org/way/osm-40136590","","","","","","","","600","904032","153685","","2766330","","","","","Industrial building. Roof-suitable for rooftop PV. Verify ownership + contact before outreach."
"New Jersey Transit - Rail Operation Center","Kearny","NJ","osm_industrial","osm-96143903","https://www.openstreetmap.org/way/osm-96143903","","","","","","","","600","904032","153685","","2766330","","","","","Industrial building. Roof-suitable for rooftop PV. Verify ownership + contact before outreach."
"Domino'S Pizza","Wayne","NJ","osm_industrial","osm-239512335","https://www.openstreetmap.org/way/osm-239512335","","","","","","","","600","904032","153685","","2766330","","","","","Industrial building. Roof-suitable for rooftop PV. Verify ownership + contact before outreach."
"Van Varick & Sons","Wayne","NJ","osm_industrial","osm-239512337","https://www.openstreetmap.org/way/osm-239512337","","","","","","","","600","904032","153685","","2766330","","","","","Industrial building. Roof-suitable for rooftop PV. Verify ownership + contact before outreach."
"Home Dynamix","North Arlington","NJ","osm_industrial","osm-253853719","https://www.openstreetmap.org/way/osm-253853719","","","","","","","","600","904032","153685","","2766330","","","","","Industrial building. Roof-suitable for rooftop PV. Verify ownership + contact before outreach."
"Diversitech Inc.","Riverdale","NJ","osm_industrial","osm-261174356","https://www.openstreetmap.org/way/osm-261174356","","","","","","","","600","904032","153685","","2766330","","","","","Industrial building. Roof-suitable for rooftop PV. Verify ownership + contact before outreach."
"Carl Stahl Sava Industries, Inc.","Riverdale","NJ","osm_industrial","osm-261324090","https://www.openstreetmap.org/way/osm-261324090","","","","","","","","600","904032","153685","","2766330","","","","","Industrial building. Roof-suitable for rooftop PV. Verify ownership + contact before outreach."
"Getinge","Wayne","NJ","osm_industrial","osm-262152378","https://www.openstreetmap.org/way/osm-262152378","","","","","","","","600","904032","153685","","2766330","","","","","Industrial building. Roof-suitable for rooftop PV. Verify ownership + contact before outreach."
"Bae Systems","Wayne","NJ","osm_industrial","osm-268949452","https://www.openstreetmap.org/way/osm-268949452","","","","","","","","600","904032","153685","","2766330","","","","","Industrial building. Roof-suitable for rooftop PV. Verify ownership + contact before outreach."
"Retro Fitness","Wayne","NJ","osm_industrial","osm-272916741","https://www.openstreetmap.org/way/osm-272916741","","","","","","","","600","904032","153685","","2766330","","","","","Industrial building. Roof-suitable for rooftop PV. Verify ownership + contact before outreach."
"Ps2 Athletics","Wayne","NJ","osm_industrial","osm-272918140","https://www.openstreetmap.org/way/osm-272918140","","","","","","","","600","904032","153685","","2766330","","","","","Industrial building. Roof-suitable for rooftop PV. Verify ownership + contact before outreach."
"Passaic County Welders Inc","Wayne","NJ","osm_industrial","osm-274120802","https://www.openstreetmap.org/way/osm-274120802","","","","","","","","600","904032","153685","","2766330","","","","","Industrial building. Roof-suitable for rooftop PV. Verify ownership + contact before outreach."
"Pro Line","Wayne","NJ","osm_industrial","osm-274120803","https://www.openstreetmap.org/way/osm-274120803","","","","","","","","600","904032","153685","","2766330","","","","","Industrial building. Roof-suitable for rooftop PV. Verify ownership + contact before outreach."
"Vision Research Inc","Wayne","NJ","osm_industrial","osm-274120806","https://www.openstreetmap.org/way/osm-274120806","","","","","","","","600","904032","153685","","2766330","","","","","Industrial building. Roof-suitable for rooftop PV. Verify ownership + contact before outreach."
"Saint-Gobain Performance Plastics","Wayne","NJ","osm_industrial","osm-274120807","https://www.openstreetmap.org/way/osm-274120807","","","","","","","","600","904032","153685","","2766330","","","","","Industrial building. Roof-suitable for rooftop PV. Verify ownership + contact before outreach."
"Patriot Pickle Inc","Wayne","NJ","osm_industrial","osm-274174810","https://www.openstreetmap.org/way/osm-274174810","","","","","","","","600","904032","153685","","2766330","","","","","Industrial building. Roof-suitable for rooftop PV. Verify ownership + contact before outreach."
"Berkshire General Store","Wayne","NJ","osm_industrial","osm-274174814","https://www.openstreetmap.org/way/osm-274174814","","","","","","","","600","904032","153685","","2766330","","","","","Industrial building. Roof-suitable for rooftop PV. Verify ownership + contact before outreach."
"Bendheim","Wayne","NJ","osm_industrial","osm-274181003","https://www.openstreetmap.org/way/osm-274181003","","","","","","","","600","904032","153685","","2766330","","","","","Industrial building. Roof-suitable for rooftop PV. Verify ownership + contact before outreach."
"Tornqvist Custom Metal Fabricator","Wayne","NJ","osm_industrial","osm-274194742","https://www.openstreetmap.org/way/osm-274194742","","","","","","","","600","904032","153685","","2766330","","","","","Industrial building. Roof-suitable for rooftop PV. Verify ownership + contact before outreach."
"Caled Chemical","Wayne","NJ","osm_industrial","osm-274194743","https://www.openstreetmap.org/way/osm-274194743","","","","","","","","600","904032","153685","","2766330","","","","","Industrial building. Roof-suitable for rooftop PV. Verify ownership + contact before outreach."
"Amazon","Carteret","NJ","osm_industrial","osm-274648002","https://www.openstreetmap.org/way/osm-274648002","","","","","","","","600","904032","153685","","2766330","","","","","Industrial building. Roof-suitable for rooftop PV. Verify ownership + contact before outreach."
"Harris Corporation","Clifton","NJ","osm_industrial","osm-277926631","https://www.openstreetmap.org/way/osm-277926631","","","","","","","","600","904032","153685","","2766330","","","","","Industrial building. Roof-suitable for rooftop PV. Verify ownership + contact before outreach."
"Joseph L Muscarelle Inc","Wayne","NJ","osm_industrial","osm-304177503","https://www.openstreetmap.org/way/osm-304177503","","","","","","","","600","904032","153685","","2766330","","","","","Industrial building. Roof-suitable for rooftop PV. Verify ownership + contact before outreach."
"Selini Ny, Inc.","Wayne","NJ","osm_industrial","osm-307854461","https://www.openstreetmap.org/way/osm-307854461","","","","","","","","600","904032","153685","","2766330","","","","","Industrial building. Roof-suitable for rooftop PV. Verify ownership + contact before outreach."
"Krowne Metal Corporation","Wayne","NJ","osm_industrial","osm-313635958","https://www.openstreetmap.org/way/osm-313635958","","","","","","","","600","904032","153685","","2766330","","","","","Industrial building. Roof-suitable for rooftop PV. Verify ownership + contact before outreach."
"Radburn Car Care Center","Fair Lawn","NJ","osm_industrial","osm-330946780","https://www.openstreetmap.org/way/osm-330946780","","","","","","","","600","904032","153685","","2766330","","","","","Industrial building. Roof-suitable for rooftop PV. Verify ownership + contact before outreach."
"Sponge Factory","Newark","NJ","osm_industrial","osm-352691438","https://www.openstreetmap.org/way/osm-352691438","","","","","","","","600","904032","153685","","2766330","","","","","Industrial building. Roof-suitable for rooftop PV. Verify ownership + contact before outreach."
"Internation Plastic Bags Factory","Newark","NJ","osm_industrial","osm-352691990","https://www.openstreetmap.org/way/osm-352691990","","","","","","","","600","904032","153685","","2766330","","","","","Industrial building. Roof-suitable for rooftop PV. Verify ownership + contact before outreach."
"Csx","North Bergen","NJ","osm_industrial","osm-354673995","https://www.openstreetmap.org/way/osm-354673995","","","","","","","","600","904032","153685","","2766330","","","","","Industrial building. Roof-suitable for rooftop PV. Verify ownership + contact before outreach."
"Dart - Interstate Waste Services","Newark","NJ","osm_industrial","osm-378387467","https://www.openstreetmap.org/way/osm-378387467","","","","","","","","600","904032","153685","","2766330","","","","","Industrial building. Roof-suitable for rooftop PV. Verify ownership + contact before outreach."
"Aldi","Linden","NJ","osm_industrial","osm-393920162","https://www.openstreetmap.org/way/osm-393920162","","","","","","","","600","904032","153685","","2766330","","","","","Industrial building. Roof-suitable for rooftop PV. Verify ownership + contact before outreach."
"Sgs North America Inc","Fairfield","NJ","osm_industrial","osm-404359558","https://www.openstreetmap.org/way/osm-404359558","","","","","","","","600","904032","153685","","2766330","","","","","Industrial building. Roof-suitable for rooftop PV. Verify ownership + contact before outreach."
"Command Nutritionals","Fairfield","NJ","osm_industrial","osm-404359559","https://www.openstreetmap.org/way/osm-404359559","","","","","","","","600","904032","153685","","2766330","","","","","Industrial building. Roof-suitable for rooftop PV. Verify ownership + contact before outreach."
"Vapon Inc.","Fairfield","NJ","osm_industrial","osm-404359565","https://www.openstreetmap.org/way/osm-404359565","","","","","","","","600","904032","153685","","2766330","","","","","Factory building. Roof-suitable for rooftop PV. Verify ownership + contact before outreach."
"Sgs Life Science Service","Fairfield","NJ","osm_industrial","osm-404359574","https://www.openstreetmap.org/way/osm-404359574","","","","","","","","600","904032","153685","","2766330","","","","","Industrial building. Roof-suitable for rooftop PV. Verify ownership + contact before outreach."
"Ferguson Bath, Kitchen & Lighting Gallery","Fairfield","NJ","osm_industrial","osm-404359575","https://www.openstreetmap.org/way/osm-404359575","","","","","","","","600","904032","153685","","2766330","","","","","Industrial building. Roof-suitable for rooftop PV. Verify ownership + contact before outreach."
"West Essex Graphics","Fairfield","NJ","osm_industrial","osm-404359581","https://www.openstreetmap.org/way/osm-404359581","","","","","","","","600","904032","153685","","2766330","","","","","Industrial building. Roof-suitable for rooftop PV. Verify ownership + contact before outreach."
"Cream-O-Land","Jersey City","NJ","osm_industrial","osm-424974455","https://www.openstreetmap.org/way/osm-424974455","","","","","","","","600","904032","153685","","2766330","","","","","Industrial building. Roof-suitable for rooftop PV. Verify ownership + contact before outreach."
"Kearny Steel Container","Newark","NJ","osm_industrial","osm-435220433","https://www.openstreetmap.org/way/osm-435220433","","","","","","","","600","904032","153685","","2766330","","","","","Industrial building. Roof-suitable for rooftop PV. Verify ownership + contact before outreach."
"Fernicola Fibre & Steel Drums","Newark","NJ","osm_industrial","osm-436582170","https://www.openstreetmap.org/way/osm-436582170","","","","","","","","600","904032","153685","","2766330","","","","","Industrial building. Roof-suitable for rooftop PV. Verify ownership + contact before outreach."
"New Jersey Motor Vehicle Commission","Paramus","NJ","osm_industrial","osm-442283978","https://www.openstreetmap.org/way/osm-442283978","","","","","","","","600","904032","153685","","2766330","","","","","Industrial building. Roof-suitable for rooftop PV. Verify ownership + contact before outreach."
"Enterprise","Newark","NJ","osm_industrial","osm-444554976","https://www.openstreetmap.org/way/osm-444554976","","","","","","","","600","904032","153685","","2766330","","","","","Industrial building. Roof-suitable for rooftop PV. Verify ownership + contact before outreach."
"Digital Realty","Clifton","NJ","osm_industrial","osm-460177088","https://www.openstreetmap.org/way/osm-460177088","","","","","","","","600","904032","153685","","2766330","","","","","Industrial building. Roof-suitable for rooftop PV. Verify ownership + contact before outreach."
"Preferred Freezer Services","Newark","NJ","auto_seed","solar-cs-007","","","","","","","","","600","904032","153685","","2766330","","","","","PSEG service area + NJ TREC — 280,000 sqft cold chain"
"Garden State Self Storage","Edison","NJ","auto_seed","solar-024","","","","","","","","","600","904032","153685","","2766330","","","","","3-facility portfolio"