company,city,state,source,source_id,naics_code,naics_sector,solar_fit_score,energy_intensity,tax_appetite,recommended_ownership,load_profile,est_system_kw,est_annual_kwh,est_annual_savings_usd,est_net_payback_yrs,est_25yr_npv_p50_usd,sales_script,pitch_angle
"Lineage Logistics — Riverside","Riverside","CA","auto_seed","solar-cs-003","493120","Warehousing / Cold Storage","96","very_high","corporate","direct_purchase","flat_24_7","2000","3013440","813629","2.4","12663622","We help cold-storage facilities offset up to 40% of their peak refrigeration energy costs without changing operations. Worth a 15-minute call?","Largest cold storage operator in N. America — Inland Empire flagship"
"Kroger DC — Compton","Compton","CA","auto_seed","solar-dist-008","493120","Warehousing / Cold Storage","96","very_high","corporate","direct_purchase","flat_24_7","2000","3013440","813629","2.4","12663622","We help cold-storage facilities offset up to 40% of their peak refrigeration energy costs without changing operations. Worth a 15-minute call?","Grocery DC — refrigeration heavy, NEM 3.0 → battery pairing essential"
"San Bernardino Cold Chain","San Bernardino","CA","auto_seed","solar-012","493120","Warehousing / Cold Storage","96","very_high","corporate","direct_purchase","flat_24_7","2000","3013440","813629","2.4","12663622","We help cold-storage facilities offset up to 40% of their peak refrigeration energy costs without changing operations. Worth a 15-minute call?","195,000 sqft cold storage"
"Lee Fasteners","San Gabriel","CA","osm_industrial","osm-25205961","493110","Warehousing / Cold Storage","84","moderate","corporate","direct_purchase","daytime_peak","2000","3013440","813629","2.4","12663622","Distribution centers are the easiest commercial solar installs we do — large clear flat roofs, ground-level interconnect.","Warehouse building. Roof-suitable for rooftop PV. Verify ownership + contact before outreach."
"Asian Youth Center","San Gabriel","CA","osm_industrial","osm-25205966","493110","Warehousing / Cold Storage","84","moderate","corporate","direct_purchase","daytime_peak","2000","3013440","813629","2.4","12663622","Distribution centers are the easiest commercial solar installs we do — large clear flat roofs, ground-level interconnect.","Warehouse building. Roof-suitable for rooftop PV. Verify ownership + contact before outreach."
"Borrman Steel","Los Angeles","CA","osm_industrial","osm-31986075","493110","Warehousing / Cold Storage","84","moderate","corporate","direct_purchase","daytime_peak","2000","3013440","813629","2.4","12663622","Distribution centers are the easiest commercial solar installs we do — large clear flat roofs, ground-level interconnect.","Warehouse building. Roof-suitable for rooftop PV. Verify ownership + contact before outreach."
"American-De Rosa Lamparts","Commerce","CA","osm_industrial","osm-42342494","493110","Warehousing / Cold Storage","84","moderate","corporate","direct_purchase","daytime_peak","2000","3013440","813629","2.4","12663622","Distribution centers are the easiest commercial solar installs we do — large clear flat roofs, ground-level interconnect.","Warehouse building. Roof-suitable for rooftop PV. Verify ownership + contact before outreach."
"Atlas Carpet Mills, Inc.","Commerce","CA","osm_industrial","osm-42342507","493110","Warehousing / Cold Storage","84","moderate","corporate","direct_purchase","daytime_peak","2000","3013440","813629","2.4","12663622","Distribution centers are the easiest commercial solar installs we do — large clear flat roofs, ground-level interconnect.","Warehouse building. Roof-suitable for rooftop PV. Verify ownership + contact before outreach."
"Taylor Freezers","Commerce","CA","osm_industrial","osm-42342607","493110","Warehousing / Cold Storage","84","moderate","corporate","direct_purchase","daytime_peak","2000","3013440","813629","2.4","12663622","Distribution centers are the easiest commercial solar installs we do — large clear flat roofs, ground-level interconnect.","Warehouse building. Roof-suitable for rooftop PV. Verify ownership + contact before outreach."
"Industrial Metal Supply Company","Sun Valley","CA","osm_industrial","osm-43189659","493110","Warehousing / Cold Storage","84","moderate","corporate","direct_purchase","daytime_peak","2000","3013440","813629","2.4","12663622","Distribution centers are the easiest commercial solar installs we do — large clear flat roofs, ground-level interconnect.","Warehouse building. Roof-suitable for rooftop PV. Verify ownership + contact before outreach."
"Public Storage","Los Angeles","CA","osm_industrial","osm-43314113","493110","Warehousing / Cold Storage","84","moderate","corporate","direct_purchase","daytime_peak","2000","3013440","813629","2.4","12663622","Distribution centers are the easiest commercial solar installs we do — large clear flat roofs, ground-level interconnect.","Warehouse building. Roof-suitable for rooftop PV. Verify ownership + contact before outreach."
"Fedex","Los Angeles","CA","osm_industrial","osm-54580363","493110","Warehousing / Cold Storage","84","moderate","corporate","direct_purchase","daytime_peak","2000","3013440","813629","2.4","12663622","Distribution centers are the easiest commercial solar installs we do — large clear flat roofs, ground-level interconnect.","Warehouse building. Roof-suitable for rooftop PV. Verify ownership + contact before outreach."
"Custom Creations","San Gabriel","CA","osm_industrial","osm-59192375","493110","Warehousing / Cold Storage","84","moderate","corporate","direct_purchase","daytime_peak","2000","3013440","813629","2.4","12663622","Distribution centers are the easiest commercial solar installs we do — large clear flat roofs, ground-level interconnect.","Warehouse building. Roof-suitable for rooftop PV. Verify ownership + contact before outreach."
"Base Productions, Inc.","Burbank","CA","osm_industrial","osm-99870793","493110","Warehousing / Cold Storage","84","moderate","corporate","direct_purchase","daytime_peak","2000","3013440","813629","2.4","12663622","Distribution centers are the easiest commercial solar installs we do — large clear flat roofs, ground-level interconnect.","Warehouse building. Roof-suitable for rooftop PV. Verify ownership + contact before outreach."
"Americold Logistics","Compton","CA","osm_industrial","osm-109631110","493110","Warehousing / Cold Storage","84","moderate","corporate","direct_purchase","daytime_peak","2000","3013440","813629","2.4","12663622","Distribution centers are the easiest commercial solar installs we do — large clear flat roofs, ground-level interconnect.","Warehouse building. Roof-suitable for rooftop PV. Verify ownership + contact before outreach."
"Mitsuwa Corp. (Offices)","Rancho Dominguez","CA","osm_industrial","osm-109631407","493110","Warehousing / Cold Storage","84","moderate","corporate","direct_purchase","daytime_peak","2000","3013440","813629","2.4","12663622","Distribution centers are the easiest commercial solar installs we do — large clear flat roofs, ground-level interconnect.","Warehouse building. Roof-suitable for rooftop PV. Verify ownership + contact before outreach."
"Cvs Pharmacy Distribution Center","Los Angeles","CA","osm_industrial","osm-122741212","493110","Warehousing / Cold Storage","84","moderate","corporate","direct_purchase","daytime_peak","2000","3013440","813629","2.4","12663622","Distribution centers are the easiest commercial solar installs we do — large clear flat roofs, ground-level interconnect.","Warehouse building. Roof-suitable for rooftop PV. Verify ownership + contact before outreach."
"United Imaging","Los Angeles","CA","osm_industrial","osm-133752148","493110","Warehousing / Cold Storage","84","moderate","corporate","direct_purchase","daytime_peak","2000","3013440","813629","2.4","12663622","Distribution centers are the easiest commercial solar installs we do — large clear flat roofs, ground-level interconnect.","Warehouse building. Roof-suitable for rooftop PV. Verify ownership + contact before outreach."
"Costco","Marina Del Rey","CA","osm_industrial","osm-160400943","493110","Warehousing / Cold Storage","84","moderate","corporate","direct_purchase","daytime_peak","2000","3013440","813629","2.4","12663622","Distribution centers are the easiest commercial solar installs we do — large clear flat roofs, ground-level interconnect.","Warehouse building. Roof-suitable for rooftop PV. Verify ownership + contact before outreach."
"Union Central Cold Storage","Los Angeles","CA","osm_industrial","osm-202465671","493110","Warehousing / Cold Storage","84","moderate","corporate","direct_purchase","daytime_peak","2000","3013440","813629","2.4","12663622","Distribution centers are the easiest commercial solar installs we do — large clear flat roofs, ground-level interconnect.","Warehouse building. Roof-suitable for rooftop PV. Verify ownership + contact before outreach."
"Southwestern Bag","Los Angeles","CA","osm_industrial","osm-202467279","493110","Warehousing / Cold Storage","84","moderate","corporate","direct_purchase","daytime_peak","2000","3013440","813629","2.4","12663622","Distribution centers are the easiest commercial solar installs we do — large clear flat roofs, ground-level interconnect.","Warehouse building. Roof-suitable for rooftop PV. Verify ownership + contact before outreach."
"L.A. Vegetable, Incorporated","Los Angeles","CA","osm_industrial","osm-203516711","493110","Warehousing / Cold Storage","84","moderate","corporate","direct_purchase","daytime_peak","2000","3013440","813629","2.4","12663622","Distribution centers are the easiest commercial solar installs we do — large clear flat roofs, ground-level interconnect.","Warehouse building. Roof-suitable for rooftop PV. Verify ownership + contact before outreach."
"The Korea Times","Los Angeles","CA","osm_industrial","osm-205293914","493110","Warehousing / Cold Storage","84","moderate","corporate","direct_purchase","daytime_peak","2000","3013440","813629","2.4","12663622","Distribution centers are the easiest commercial solar installs we do — large clear flat roofs, ground-level interconnect.","Warehouse building. Roof-suitable for rooftop PV. Verify ownership + contact before outreach."
"Mary'S Restaurant","Los Angeles","CA","osm_industrial","osm-206190428","493110","Warehousing / Cold Storage","84","moderate","corporate","direct_purchase","daytime_peak","2000","3013440","813629","2.4","12663622","Distribution centers are the easiest commercial solar installs we do — large clear flat roofs, ground-level interconnect.","Warehouse building. Roof-suitable for rooftop PV. Verify ownership + contact before outreach."
"Bike Shed Moto Co.","Los Angeles","CA","osm_industrial","osm-206922632","493110","Warehousing / Cold Storage","84","moderate","corporate","direct_purchase","daytime_peak","2000","3013440","813629","2.4","12663622","Distribution centers are the easiest commercial solar installs we do — large clear flat roofs, ground-level interconnect.","Warehouse building. Roof-suitable for rooftop PV. Verify ownership + contact before outreach."
"Southwestern Bag","Los Angeles","CA","osm_industrial","osm-207068098","493110","Warehousing / Cold Storage","84","moderate","corporate","direct_purchase","daytime_peak","2000","3013440","813629","2.4","12663622","Distribution centers are the easiest commercial solar installs we do — large clear flat roofs, ground-level interconnect.","Warehouse building. Roof-suitable for rooftop PV. Verify ownership + contact before outreach."
"Eto","Los Angeles","CA","osm_industrial","osm-207068099","493110","Warehousing / Cold Storage","84","moderate","corporate","direct_purchase","daytime_peak","2000","3013440","813629","2.4","12663622","Distribution centers are the easiest commercial solar installs we do — large clear flat roofs, ground-level interconnect.","Warehouse building. Roof-suitable for rooftop PV. Verify ownership + contact before outreach."
"Los Altos Boots","Los Angeles","CA","osm_industrial","osm-215450320","493110","Warehousing / Cold Storage","84","moderate","corporate","direct_purchase","daytime_peak","2000","3013440","813629","2.4","12663622","Distribution centers are the easiest commercial solar installs we do — large clear flat roofs, ground-level interconnect.","Warehouse building. Roof-suitable for rooftop PV. Verify ownership + contact before outreach."
"Fedex","Los Angeles","CA","osm_industrial","osm-226827050","493110","Warehousing / Cold Storage","84","moderate","corporate","direct_purchase","daytime_peak","2000","3013440","813629","2.4","12663622","Distribution centers are the easiest commercial solar installs we do — large clear flat roofs, ground-level interconnect.","Warehouse building. Roof-suitable for rooftop PV. Verify ownership + contact before outreach."
"Public Storage","Los Angeles","CA","osm_industrial","osm-262969860","493110","Warehousing / Cold Storage","84","moderate","corporate","direct_purchase","daytime_peak","2000","3013440","813629","2.4","12663622","Distribution centers are the easiest commercial solar installs we do — large clear flat roofs, ground-level interconnect.","Warehouse building. Roof-suitable for rooftop PV. Verify ownership + contact before outreach."
"Amazon Logistics Warehouse Dax5","City Of Industry","CA","osm_industrial","osm-291283268","493110","Warehousing / Cold Storage","84","moderate","corporate","direct_purchase","daytime_peak","2000","3013440","813629","2.4","12663622","Distribution centers are the easiest commercial solar installs we do — large clear flat roofs, ground-level interconnect.","Warehouse building. Roof-suitable for rooftop PV. Verify ownership + contact before outreach."
"Lbusd","Los Angeles","CA","osm_industrial","osm-292395502","493110","Warehousing / Cold Storage","84","moderate","corporate","direct_purchase","daytime_peak","2000","3013440","813629","2.4","12663622","Distribution centers are the easiest commercial solar installs we do — large clear flat roofs, ground-level interconnect.","Warehouse building. Roof-suitable for rooftop PV. Verify ownership + contact before outreach."
"Gelson'S Markets","Santa Fe Springs","CA","osm_industrial","osm-296128172","493110","Warehousing / Cold Storage","84","moderate","corporate","direct_purchase","daytime_peak","2000","3013440","813629","2.4","12663622","Distribution centers are the easiest commercial solar installs we do — large clear flat roofs, ground-level interconnect.","Warehouse building. Roof-suitable for rooftop PV. Verify ownership + contact before outreach."
"The Home Depot","Hawthorne","CA","osm_industrial","osm-308526954","493110","Warehousing / Cold Storage","84","moderate","corporate","direct_purchase","daytime_peak","2000","3013440","813629","2.4","12663622","Distribution centers are the easiest commercial solar installs we do — large clear flat roofs, ground-level interconnect.","Warehouse building. Roof-suitable for rooftop PV. Verify ownership + contact before outreach."
"Hanson Tank","Los Angeles","CA","osm_industrial","osm-342448888","493110","Warehousing / Cold Storage","84","moderate","corporate","direct_purchase","daytime_peak","2000","3013440","813629","2.4","12663622","Distribution centers are the easiest commercial solar installs we do — large clear flat roofs, ground-level interconnect.","Warehouse building. Roof-suitable for rooftop PV. Verify ownership + contact before outreach."
"Saavedra'S","Los Angeles","CA","osm_industrial","osm-351589862","493110","Warehousing / Cold Storage","84","moderate","corporate","direct_purchase","daytime_peak","2000","3013440","813629","2.4","12663622","Distribution centers are the easiest commercial solar installs we do — large clear flat roofs, ground-level interconnect.","Warehouse building. Roof-suitable for rooftop PV. Verify ownership + contact before outreach."
"Anawalt Lumber & Hardware","Los Angeles","CA","osm_industrial","osm-369699241","493110","Warehousing / Cold Storage","84","moderate","corporate","direct_purchase","daytime_peak","2000","3013440","813629","2.4","12663622","Distribution centers are the easiest commercial solar installs we do — large clear flat roofs, ground-level interconnect.","Warehouse building. Roof-suitable for rooftop PV. Verify ownership + contact before outreach."
"Smc Warehouse","Santa Monica","CA","osm_industrial","osm-373843980","493110","Warehousing / Cold Storage","84","moderate","corporate","direct_purchase","daytime_peak","2000","3013440","813629","2.4","12663622","Distribution centers are the easiest commercial solar installs we do — large clear flat roofs, ground-level interconnect.","Warehouse building. Roof-suitable for rooftop PV. Verify ownership + contact before outreach."
"Public Storage","Woodland Hills","CA","osm_industrial","osm-380703166","493110","Warehousing / Cold Storage","84","moderate","corporate","direct_purchase","daytime_peak","2000","3013440","813629","2.4","12663622","Distribution centers are the easiest commercial solar installs we do — large clear flat roofs, ground-level interconnect.","Warehouse building. Roof-suitable for rooftop PV. Verify ownership + contact before outreach."
"Trap Storage","Los Angeles","CA","osm_industrial","osm-391234738","493110","Warehousing / Cold Storage","84","moderate","corporate","direct_purchase","daytime_peak","2000","3013440","813629","2.4","12663622","Distribution centers are the easiest commercial solar installs we do — large clear flat roofs, ground-level interconnect.","Warehouse building. Roof-suitable for rooftop PV. Verify ownership + contact before outreach."
"Storquest","Los Angeles","CA","osm_industrial","osm-391615469","493110","Warehousing / Cold Storage","84","moderate","corporate","direct_purchase","daytime_peak","2000","3013440","813629","2.4","12663622","Distribution centers are the easiest commercial solar installs we do — large clear flat roofs, ground-level interconnect.","Warehouse building. Roof-suitable for rooftop PV. Verify ownership + contact before outreach."
"Price Self Storage","Los Angeles","CA","osm_industrial","osm-391615479","493110","Warehousing / Cold Storage","84","moderate","corporate","direct_purchase","daytime_peak","2000","3013440","813629","2.4","12663622","Distribution centers are the easiest commercial solar installs we do — large clear flat roofs, ground-level interconnect.","Warehouse building. Roof-suitable for rooftop PV. Verify ownership + contact before outreach."
"Fbr Marble &Tile","Los Angeles","CA","osm_industrial","osm-397894507","493110","Warehousing / Cold Storage","84","moderate","corporate","direct_purchase","daytime_peak","2000","3013440","813629","2.4","12663622","Distribution centers are the easiest commercial solar installs we do — large clear flat roofs, ground-level interconnect.","Warehouse building. Roof-suitable for rooftop PV. Verify ownership + contact before outreach."
"Interior Removal Specialist, Inc.","South Gate","CA","osm_industrial","osm-398285807","493110","Warehousing / Cold Storage","84","moderate","corporate","direct_purchase","daytime_peak","2000","3013440","813629","2.4","12663622","Distribution centers are the easiest commercial solar installs we do — large clear flat roofs, ground-level interconnect.","Warehouse building. Roof-suitable for rooftop PV. Verify ownership + contact before outreach."
"Campus Cruiser Office","Los Angeles","CA","osm_industrial","osm-407324165","493110","Warehousing / Cold Storage","84","moderate","corporate","direct_purchase","daytime_peak","2000","3013440","813629","2.4","12663622","Distribution centers are the easiest commercial solar installs we do — large clear flat roofs, ground-level interconnect.","Warehouse building. Roof-suitable for rooftop PV. Verify ownership + contact before outreach."
"Weather Station","Los Angeles","CA","osm_industrial","osm-407324204","493110","Warehousing / Cold Storage","84","moderate","corporate","direct_purchase","daytime_peak","2000","3013440","813629","2.4","12663622","Distribution centers are the easiest commercial solar installs we do — large clear flat roofs, ground-level interconnect.","Warehouse building. Roof-suitable for rooftop PV. Verify ownership + contact before outreach."
"Grand Ave Structure","Los Angeles","CA","osm_industrial","osm-407324219","493110","Warehousing / Cold Storage","84","moderate","corporate","direct_purchase","daytime_peak","2000","3013440","813629","2.4","12663622","Distribution centers are the easiest commercial solar installs we do — large clear flat roofs, ground-level interconnect.","Warehouse building. Roof-suitable for rooftop PV. Verify ownership + contact before outreach."
"The Crac Brewery","Los Angeles","CA","osm_industrial","osm-407378856","493110","Warehousing / Cold Storage","84","moderate","corporate","direct_purchase","daytime_peak","2000","3013440","813629","2.4","12663622","Distribution centers are the easiest commercial solar installs we do — large clear flat roofs, ground-level interconnect.","Warehouse building. Roof-suitable for rooftop PV. Verify ownership + contact before outreach."
"All Star Glass","Gardena","CA","osm_industrial","osm-407378944","493110","Warehousing / Cold Storage","84","moderate","corporate","direct_purchase","daytime_peak","2000","3013440","813629","2.4","12663622","Distribution centers are the easiest commercial solar installs we do — large clear flat roofs, ground-level interconnect.","Warehouse building. Roof-suitable for rooftop PV. Verify ownership + contact before outreach."
"Magic Rug Services","Los Angeles","CA","osm_industrial","osm-407378968","493110","Warehousing / Cold Storage","84","moderate","corporate","direct_purchase","daytime_peak","2000","3013440","813629","2.4","12663622","Distribution centers are the easiest commercial solar installs we do — large clear flat roofs, ground-level interconnect.","Warehouse building. Roof-suitable for rooftop PV. Verify ownership + contact before outreach."
"Walmart","Gardena","CA","osm_industrial","osm-407408389","493110","Warehousing / Cold Storage","84","moderate","corporate","direct_purchase","daytime_peak","2000","3013440","813629","2.4","12663622","Distribution centers are the easiest commercial solar installs we do — large clear flat roofs, ground-level interconnect.","Warehouse building. Roof-suitable for rooftop PV. Verify ownership + contact before outreach."
"Chefsmart","Los Angeles","CA","osm_industrial","osm-409026681","493110","Warehousing / Cold Storage","84","moderate","corporate","direct_purchase","daytime_peak","2000","3013440","813629","2.4","12663622","Distribution centers are the easiest commercial solar installs we do — large clear flat roofs, ground-level interconnect.","Warehouse building. Roof-suitable for rooftop PV. Verify ownership + contact before outreach."
"Effective Graphics, Inc.","Torrance","CA","osm_industrial","osm-409026684","493110","Warehousing / Cold Storage","84","moderate","corporate","direct_purchase","daytime_peak","2000","3013440","813629","2.4","12663622","Distribution centers are the easiest commercial solar installs we do — large clear flat roofs, ground-level interconnect.","Warehouse building. Roof-suitable for rooftop PV. Verify ownership + contact before outreach."
"Office Depot Warehouse","Torrance","CA","osm_industrial","osm-409026687","493110","Warehousing / Cold Storage","84","moderate","corporate","direct_purchase","daytime_peak","2000","3013440","813629","2.4","12663622","Distribution centers are the easiest commercial solar installs we do — large clear flat roofs, ground-level interconnect.","Warehouse building. Roof-suitable for rooftop PV. Verify ownership + contact before outreach."
"Simplehuman","Torrance","CA","osm_industrial","osm-409027371","493110","Warehousing / Cold Storage","84","moderate","corporate","direct_purchase","daytime_peak","2000","3013440","813629","2.4","12663622","Distribution centers are the easiest commercial solar installs we do — large clear flat roofs, ground-level interconnect.","Warehouse building. Roof-suitable for rooftop PV. Verify ownership + contact before outreach."
"Action Diecutting Inc.","Gardena","CA","osm_industrial","osm-409300959","493110","Warehousing / Cold Storage","84","moderate","corporate","direct_purchase","daytime_peak","2000","3013440","813629","2.4","12663622","Distribution centers are the easiest commercial solar installs we do — large clear flat roofs, ground-level interconnect.","Warehouse building. Roof-suitable for rooftop PV. Verify ownership + contact before outreach."
"Shoson","Los Angeles","CA","osm_industrial","osm-409305076","493110","Warehousing / Cold Storage","84","moderate","corporate","direct_purchase","daytime_peak","2000","3013440","813629","2.4","12663622","Distribution centers are the easiest commercial solar installs we do — large clear flat roofs, ground-level interconnect.","Warehouse building. Roof-suitable for rooftop PV. Verify ownership + contact before outreach."
"Idc Logistics","Los Angeles","CA","osm_industrial","osm-409329222","493110","Warehousing / Cold Storage","84","moderate","corporate","direct_purchase","daytime_peak","2000","3013440","813629","2.4","12663622","Distribution centers are the easiest commercial solar installs we do — large clear flat roofs, ground-level interconnect.","Warehouse building. Roof-suitable for rooftop PV. Verify ownership + contact before outreach."
"Orchirds De Oro","Los Angeles","CA","osm_industrial","osm-409382791","493110","Warehousing / Cold Storage","84","moderate","corporate","direct_purchase","daytime_peak","2000","3013440","813629","2.4","12663622","Distribution centers are the easiest commercial solar installs we do — large clear flat roofs, ground-level interconnect.","Warehouse building. Roof-suitable for rooftop PV. Verify ownership + contact before outreach."
"Extra Space Storage","Los Angeles","CA","osm_industrial","osm-410966300","493110","Warehousing / Cold Storage","84","moderate","corporate","direct_purchase","daytime_peak","2000","3013440","813629","2.4","12663622","Distribution centers are the easiest commercial solar installs we do — large clear flat roofs, ground-level interconnect.","Warehouse building. Roof-suitable for rooftop PV. Verify ownership + contact before outreach."
"Maranatha Community Church","Los Angeles","CA","osm_industrial","osm-412170984","493110","Warehousing / Cold Storage","84","moderate","corporate","direct_purchase","daytime_peak","2000","3013440","813629","2.4","12663622","Distribution centers are the easiest commercial solar installs we do — large clear flat roofs, ground-level interconnect.","Warehouse building. Roof-suitable for rooftop PV. Verify ownership + contact before outreach."
"Storquest","Los Angeles","CA","osm_industrial","osm-412539741","493110","Warehousing / Cold Storage","84","moderate","corporate","direct_purchase","daytime_peak","2000","3013440","813629","2.4","12663622","Distribution centers are the easiest commercial solar installs we do — large clear flat roofs, ground-level interconnect.","Warehouse building. Roof-suitable for rooftop PV. Verify ownership + contact before outreach."
"Extra Space Storage","Los Angeles","CA","osm_industrial","osm-413342369","493110","Warehousing / Cold Storage","84","moderate","corporate","direct_purchase","daytime_peak","2000","3013440","813629","2.4","12663622","Distribution centers are the easiest commercial solar installs we do — large clear flat roofs, ground-level interconnect.","Warehouse building. Roof-suitable for rooftop PV. Verify ownership + contact before outreach."
"Extra Space Storage","Los Angeles","CA","osm_industrial","osm-420446816","493110","Warehousing / Cold Storage","84","moderate","corporate","direct_purchase","daytime_peak","2000","3013440","813629","2.4","12663622","Distribution centers are the easiest commercial solar installs we do — large clear flat roofs, ground-level interconnect.","Warehouse building. Roof-suitable for rooftop PV. Verify ownership + contact before outreach."
"Kaman Music Corporation","Ontario","CA","osm_industrial","osm-25451058","493110","Warehousing / Cold Storage","84","moderate","corporate","direct_purchase","daytime_peak","2000","3013440","813629","2.4","12663622","Distribution centers are the easiest commercial solar installs we do — large clear flat roofs, ground-level interconnect.","Warehouse building. Roof-suitable for rooftop PV. Verify ownership + contact before outreach."
"International Paper","Ontario","CA","osm_industrial","osm-25451074","493110","Warehousing / Cold Storage","84","moderate","corporate","direct_purchase","daytime_peak","2000","3013440","813629","2.4","12663622","Distribution centers are the easiest commercial solar installs we do — large clear flat roofs, ground-level interconnect.","Warehouse building. Roof-suitable for rooftop PV. Verify ownership + contact before outreach."
"Performance Team","Inland Empire Ca","CA","osm_industrial","osm-25453880","493110","Warehousing / Cold Storage","84","moderate","corporate","direct_purchase","daytime_peak","2000","3013440","813629","2.4","12663622","Distribution centers are the easiest commercial solar installs we do — large clear flat roofs, ground-level interconnect.","Warehouse building. Roof-suitable for rooftop PV. Verify ownership + contact before outreach."
"Amazon","Inland Empire Ca","CA","osm_industrial","osm-25453956","493110","Warehousing / Cold Storage","84","moderate","corporate","direct_purchase","daytime_peak","2000","3013440","813629","2.4","12663622","Distribution centers are the easiest commercial solar installs we do — large clear flat roofs, ground-level interconnect.","Warehouse building. Roof-suitable for rooftop PV. Verify ownership + contact before outreach."
"Costco","Corona","CA","osm_industrial","osm-31965380","493110","Warehousing / Cold Storage","84","moderate","corporate","direct_purchase","daytime_peak","2000","3013440","813629","2.4","12663622","Distribution centers are the easiest commercial solar installs we do — large clear flat roofs, ground-level interconnect.","Warehouse building. Roof-suitable for rooftop PV. Verify ownership + contact before outreach."
"The Home Depot","Corona","CA","osm_industrial","osm-32021300","493110","Warehousing / Cold Storage","84","moderate","corporate","direct_purchase","daytime_peak","2000","3013440","813629","2.4","12663622","Distribution centers are the easiest commercial solar installs we do — large clear flat roofs, ground-level interconnect.","Warehouse building. Roof-suitable for rooftop PV. Verify ownership + contact before outreach."
"Ryder","Ontario","CA","osm_industrial","osm-37026088","493110","Warehousing / Cold Storage","84","moderate","corporate","direct_purchase","daytime_peak","2000","3013440","813629","2.4","12663622","Distribution centers are the easiest commercial solar installs we do — large clear flat roofs, ground-level interconnect.","Warehouse building. Roof-suitable for rooftop PV. Verify ownership + contact before outreach."
"Hankook","Rancho Cucamonga","CA","osm_industrial","osm-38857220","493110","Warehousing / Cold Storage","84","moderate","corporate","direct_purchase","daytime_peak","2000","3013440","813629","2.4","12663622","Distribution centers are the easiest commercial solar installs we do — large clear flat roofs, ground-level interconnect.","Warehouse building. Roof-suitable for rooftop PV. Verify ownership + contact before outreach."
"Weber Distribution","Fontana","CA","osm_industrial","osm-40119673","493110","Warehousing / Cold Storage","84","moderate","corporate","direct_purchase","daytime_peak","2000","3013440","813629","2.4","12663622","Distribution centers are the easiest commercial solar installs we do — large clear flat roofs, ground-level interconnect.","Warehouse building. Roof-suitable for rooftop PV. Verify ownership + contact before outreach."
"Wal Mart Distribution Center","Fontana","CA","osm_industrial","osm-40119682","493110","Warehousing / Cold Storage","84","moderate","corporate","direct_purchase","daytime_peak","2000","3013440","813629","2.4","12663622","Distribution centers are the easiest commercial solar installs we do — large clear flat roofs, ground-level interconnect.","Warehouse building. Roof-suitable for rooftop PV. Verify ownership + contact before outreach."
"Parade Building","Inland Empire Ca","CA","osm_industrial","osm-49737139","493110","Warehousing / Cold Storage","84","moderate","corporate","direct_purchase","daytime_peak","2000","3013440","813629","2.4","12663622","Distribution centers are the easiest commercial solar installs we do — large clear flat roofs, ground-level interconnect.","Warehouse building. Roof-suitable for rooftop PV. Verify ownership + contact before outreach."
"Applied Medical (R111)","Rancho Santa Margarita","CA","osm_industrial","osm-62011519","493110","Warehousing / Cold Storage","84","moderate","corporate","direct_purchase","daytime_peak","2000","3013440","813629","2.4","12663622","Distribution centers are the easiest commercial solar installs we do — large clear flat roofs, ground-level interconnect.","Warehouse building. Roof-suitable for rooftop PV. Verify ownership + contact before outreach."
"Applied Medical (R114)","Rancho Santa Margarita","CA","osm_industrial","osm-62011716","493110","Warehousing / Cold Storage","84","moderate","corporate","direct_purchase","daytime_peak","2000","3013440","813629","2.4","12663622","Distribution centers are the easiest commercial solar installs we do — large clear flat roofs, ground-level interconnect.","Warehouse building. Roof-suitable for rooftop PV. Verify ownership + contact before outreach."
"Prologis","Eastvale","CA","osm_industrial","osm-105467116","493110","Warehousing / Cold Storage","84","moderate","corporate","direct_purchase","daytime_peak","2000","3013440","813629","2.4","12663622","Distribution centers are the easiest commercial solar installs we do — large clear flat roofs, ground-level interconnect.","Warehouse building. Roof-suitable for rooftop PV. Verify ownership + contact before outreach."
"Ingram","Eastvale","CA","osm_industrial","osm-105467117","493110","Warehousing / Cold Storage","84","moderate","corporate","direct_purchase","daytime_peak","2000","3013440","813629","2.4","12663622","Distribution centers are the easiest commercial solar installs we do — large clear flat roofs, ground-level interconnect.","Warehouse building. Roof-suitable for rooftop PV. Verify ownership + contact before outreach."
"Schneider Logistics","Eastvale","CA","osm_industrial","osm-105467123","493110","Warehousing / Cold Storage","84","moderate","corporate","direct_purchase","daytime_peak","2000","3013440","813629","2.4","12663622","Distribution centers are the easiest commercial solar installs we do — large clear flat roofs, ground-level interconnect.","Warehouse building. Roof-suitable for rooftop PV. Verify ownership + contact before outreach."
"Walgreen Distribution Center","Moreno Valley","CA","osm_industrial","osm-117593719","493110","Warehousing / Cold Storage","84","moderate","corporate","direct_purchase","daytime_peak","2000","3013440","813629","2.4","12663622","Distribution centers are the easiest commercial solar installs we do — large clear flat roofs, ground-level interconnect.","Warehouse building. Roof-suitable for rooftop PV. Verify ownership + contact before outreach."
"Cvs Pharmacy Distribution Center","Inland Empire Ca","CA","osm_industrial","osm-122741212","493110","Warehousing / Cold Storage","84","moderate","corporate","direct_purchase","daytime_peak","2000","3013440","813629","2.4","12663622","Distribution centers are the easiest commercial solar installs we do — large clear flat roofs, ground-level interconnect.","Warehouse building. Roof-suitable for rooftop PV. Verify ownership + contact before outreach."
"Amazon","Anaheim","CA","osm_industrial","osm-183180708","493110","Warehousing / Cold Storage","84","moderate","corporate","direct_purchase","daytime_peak","2000","3013440","813629","2.4","12663622","Distribution centers are the easiest commercial solar installs we do — large clear flat roofs, ground-level interconnect.","Warehouse building. Roof-suitable for rooftop PV. Verify ownership + contact before outreach."
"Performance Team Freight","Inland Empire Ca","CA","osm_industrial","osm-258428056","493110","Warehousing / Cold Storage","84","moderate","corporate","direct_purchase","daytime_peak","2000","3013440","813629","2.4","12663622","Distribution centers are the easiest commercial solar installs we do — large clear flat roofs, ground-level interconnect.","Warehouse building. Roof-suitable for rooftop PV. Verify ownership + contact before outreach."
"Dhl Continental Tires","Inland Empire Ca","CA","osm_industrial","osm-263991601","493110","Warehousing / Cold Storage","84","moderate","corporate","direct_purchase","daytime_peak","2000","3013440","813629","2.4","12663622","Distribution centers are the easiest commercial solar installs we do — large clear flat roofs, ground-level interconnect.","Warehouse building. Roof-suitable for rooftop PV. Verify ownership + contact before outreach."
"Prime-Line Products","Inland Empire Ca","CA","osm_industrial","osm-263991603","493110","Warehousing / Cold Storage","84","moderate","corporate","direct_purchase","daytime_peak","2000","3013440","813629","2.4","12663622","Distribution centers are the easiest commercial solar installs we do — large clear flat roofs, ground-level interconnect.","Warehouse building. Roof-suitable for rooftop PV. Verify ownership + contact before outreach."
"Kureig Dr.Pepper","Inland Empire Ca","CA","osm_industrial","osm-263991604","493110","Warehousing / Cold Storage","84","moderate","corporate","direct_purchase","daytime_peak","2000","3013440","813629","2.4","12663622","Distribution centers are the easiest commercial solar installs we do — large clear flat roofs, ground-level interconnect.","Warehouse building. Roof-suitable for rooftop PV. Verify ownership + contact before outreach."
"Lamps Plus","Inland Empire Ca","CA","osm_industrial","osm-263992260","493110","Warehousing / Cold Storage","84","moderate","corporate","direct_purchase","daytime_peak","2000","3013440","813629","2.4","12663622","Distribution centers are the easiest commercial solar installs we do — large clear flat roofs, ground-level interconnect.","Warehouse building. Roof-suitable for rooftop PV. Verify ownership + contact before outreach."
"Performance Team Freight","Inland Empire Ca","CA","osm_industrial","osm-263992262","493110","Warehousing / Cold Storage","84","moderate","corporate","direct_purchase","daytime_peak","2000","3013440","813629","2.4","12663622","Distribution centers are the easiest commercial solar installs we do — large clear flat roofs, ground-level interconnect.","Warehouse building. Roof-suitable for rooftop PV. Verify ownership + contact before outreach."
"Training Warehouse","Inland Empire Ca","CA","osm_industrial","osm-272180022","493110","Warehousing / Cold Storage","84","moderate","corporate","direct_purchase","daytime_peak","2000","3013440","813629","2.4","12663622","Distribution centers are the easiest commercial solar installs we do — large clear flat roofs, ground-level interconnect.","Warehouse building. Roof-suitable for rooftop PV. Verify ownership + contact before outreach."
"Uline","Inland Empire Ca","CA","osm_industrial","osm-275896593","493110","Warehousing / Cold Storage","84","moderate","corporate","direct_purchase","daytime_peak","2000","3013440","813629","2.4","12663622","Distribution centers are the easiest commercial solar installs we do — large clear flat roofs, ground-level interconnect.","Warehouse building. Roof-suitable for rooftop PV. Verify ownership + contact before outreach."
"Superior Packaging Solutions, Inc.","Inland Empire Ca","CA","osm_industrial","osm-277938664","493110","Warehousing / Cold Storage","84","moderate","corporate","direct_purchase","daytime_peak","2000","3013440","813629","2.4","12663622","Distribution centers are the easiest commercial solar installs we do — large clear flat roofs, ground-level interconnect.","Warehouse building. Roof-suitable for rooftop PV. Verify ownership + contact before outreach."
"Basic Industrial Supply, Inc.","Inland Empire Ca","CA","osm_industrial","osm-277938665","493110","Warehousing / Cold Storage","84","moderate","corporate","direct_purchase","daytime_peak","2000","3013440","813629","2.4","12663622","Distribution centers are the easiest commercial solar installs we do — large clear flat roofs, ground-level interconnect.","Warehouse building. Roof-suitable for rooftop PV. Verify ownership + contact before outreach."
"Amazon","San Bernardino","CA","osm_industrial","osm-279280406","493110","Warehousing / Cold Storage","84","moderate","corporate","direct_purchase","daytime_peak","2000","3013440","813629","2.4","12663622","Distribution centers are the easiest commercial solar installs we do — large clear flat roofs, ground-level interconnect.","Warehouse building. Roof-suitable for rooftop PV. Verify ownership + contact before outreach."
"Amazon","San Bernardino","CA","osm_industrial","osm-279280407","493110","Warehousing / Cold Storage","84","moderate","corporate","direct_purchase","daytime_peak","2000","3013440","813629","2.4","12663622","Distribution centers are the easiest commercial solar installs we do — large clear flat roofs, ground-level interconnect.","Warehouse building. Roof-suitable for rooftop PV. Verify ownership + contact before outreach."
"Amazon Logistics Warehouse Dax5","City Of Industry","CA","osm_industrial","osm-291283268","493110","Warehousing / Cold Storage","84","moderate","corporate","direct_purchase","daytime_peak","2000","3013440","813629","2.4","12663622","Distribution centers are the easiest commercial solar installs we do — large clear flat roofs, ground-level interconnect.","Warehouse building. Roof-suitable for rooftop PV. Verify ownership + contact before outreach."
"Ingram Micro","Eastvale","CA","osm_industrial","osm-335241411","493110","Warehousing / Cold Storage","84","moderate","corporate","direct_purchase","daytime_peak","2000","3013440","813629","2.4","12663622","Distribution centers are the easiest commercial solar installs we do — large clear flat roofs, ground-level interconnect.","Warehouse building. Roof-suitable for rooftop PV. Verify ownership + contact before outreach."
"Customized Distribution Services, Inc.","Ontario","CA","osm_industrial","osm-335241418","493110","Warehousing / Cold Storage","84","moderate","corporate","direct_purchase","daytime_peak","2000","3013440","813629","2.4","12663622","Distribution centers are the easiest commercial solar installs we do — large clear flat roofs, ground-level interconnect.","Warehouse building. Roof-suitable for rooftop PV. Verify ownership + contact before outreach."
"San Bernardino Stater Bros. Distribution Center","San Bernardino","CA","osm_industrial","osm-338743645","493110","Warehousing / Cold Storage","84","moderate","corporate","direct_purchase","daytime_peak","2000","3013440","813629","2.4","12663622","Distribution centers are the easiest commercial solar installs we do — large clear flat roofs, ground-level interconnect.","Warehouse building. Roof-suitable for rooftop PV. Verify ownership + contact before outreach."
"Toyota North America Parts Center California","Ontario","CA","osm_industrial","osm-339863255","493110","Warehousing / Cold Storage","84","moderate","corporate","direct_purchase","daytime_peak","2000","3013440","813629","2.4","12663622","Distribution centers are the easiest commercial solar installs we do — large clear flat roofs, ground-level interconnect.","Warehouse building. Roof-suitable for rooftop PV. Verify ownership + contact before outreach."
"Kumho Tires","Rancho Cucamonga","CA","osm_industrial","osm-341980556","493110","Warehousing / Cold Storage","84","moderate","corporate","direct_purchase","daytime_peak","2000","3013440","813629","2.4","12663622","Distribution centers are the easiest commercial solar installs we do — large clear flat roofs, ground-level interconnect.","Warehouse building. Roof-suitable for rooftop PV. Verify ownership + contact before outreach."
"Amazon","Redlands","CA","osm_industrial","osm-364815502","493110","Warehousing / Cold Storage","84","moderate","corporate","direct_purchase","daytime_peak","2000","3013440","813629","2.4","12663622","Distribution centers are the easiest commercial solar installs we do — large clear flat roofs, ground-level interconnect.","Warehouse building. Roof-suitable for rooftop PV. Verify ownership + contact before outreach."
"Gxo Logistics","Inland Empire Ca","CA","osm_industrial","osm-364815531","493110","Warehousing / Cold Storage","84","moderate","corporate","direct_purchase","daytime_peak","2000","3013440","813629","2.4","12663622","Distribution centers are the easiest commercial solar installs we do — large clear flat roofs, ground-level interconnect.","Warehouse building. Roof-suitable for rooftop PV. Verify ownership + contact before outreach."
"Living Spaces","Rialto","CA","osm_industrial","osm-375896481","493110","Warehousing / Cold Storage","84","moderate","corporate","direct_purchase","daytime_peak","2000","3013440","813629","2.4","12663622","Distribution centers are the easiest commercial solar installs we do — large clear flat roofs, ground-level interconnect.","Warehouse building. Roof-suitable for rooftop PV. Verify ownership + contact before outreach."
"Greenshine New Energy Llc","Irvine","CA","osm_industrial","osm-419590892","493110","Warehousing / Cold Storage","84","moderate","corporate","direct_purchase","daytime_peak","2000","3013440","813629","2.4","12663622","Distribution centers are the easiest commercial solar installs we do — large clear flat roofs, ground-level interconnect.","Warehouse building. Roof-suitable for rooftop PV. Verify ownership + contact before outreach."
"Pacific Cycle","Rancho Cucamonga","CA","osm_industrial","osm-426661984","493110","Warehousing / Cold Storage","84","moderate","corporate","direct_purchase","daytime_peak","2000","3013440","813629","2.4","12663622","Distribution centers are the easiest commercial solar installs we do — large clear flat roofs, ground-level interconnect.","Warehouse building. Roof-suitable for rooftop PV. Verify ownership + contact before outreach."
"Amazon","Moreno Valley","CA","osm_industrial","osm-438359926","493110","Warehousing / Cold Storage","84","moderate","corporate","direct_purchase","daytime_peak","2000","3013440","813629","2.4","12663622","Distribution centers are the easiest commercial solar installs we do — large clear flat roofs, ground-level interconnect.","Warehouse building. Roof-suitable for rooftop PV. Verify ownership + contact before outreach."
"Amazon","Moreno Valley","CA","osm_industrial","osm-438359927","493110","Warehousing / Cold Storage","84","moderate","corporate","direct_purchase","daytime_peak","2000","3013440","813629","2.4","12663622","Distribution centers are the easiest commercial solar installs we do — large clear flat roofs, ground-level interconnect.","Warehouse building. Roof-suitable for rooftop PV. Verify ownership + contact before outreach."
"Ross Dress For Less / Dd'S Discounts Distribution Center","Moreno Valley","CA","osm_industrial","osm-452100442","493110","Warehousing / Cold Storage","84","moderate","corporate","direct_purchase","daytime_peak","2000","3013440","813629","2.4","12663622","Distribution centers are the easiest commercial solar installs we do — large clear flat roofs, ground-level interconnect.","Warehouse building. Roof-suitable for rooftop PV. Verify ownership + contact before outreach."
"Masonite","Moreno Valley","CA","osm_industrial","osm-452104784","493110","Warehousing / Cold Storage","84","moderate","corporate","direct_purchase","daytime_peak","2000","3013440","813629","2.4","12663622","Distribution centers are the easiest commercial solar installs we do — large clear flat roofs, ground-level interconnect.","Warehouse building. Roof-suitable for rooftop PV. Verify ownership + contact before outreach."
"Public Storage","Inland Empire Ca","CA","osm_industrial","osm-470537386","493110","Warehousing / Cold Storage","84","moderate","corporate","direct_purchase","daytime_peak","2000","3013440","813629","2.4","12663622","Distribution centers are the easiest commercial solar installs we do — large clear flat roofs, ground-level interconnect.","Warehouse building. Roof-suitable for rooftop PV. Verify ownership + contact before outreach."
"Mcdonald'S","West Covina","CA","osm_industrial","osm-470571777","493110","Warehousing / Cold Storage","84","moderate","corporate","direct_purchase","daytime_peak","2000","3013440","813629","2.4","12663622","Distribution centers are the easiest commercial solar installs we do — large clear flat roofs, ground-level interconnect.","Warehouse building. Roof-suitable for rooftop PV. Verify ownership + contact before outreach."
"Huy Fong Foods","Inland Empire Ca","CA","osm_industrial","osm-470583384","493110","Warehousing / Cold Storage","84","moderate","corporate","direct_purchase","daytime_peak","2000","3013440","813629","2.4","12663622","Distribution centers are the easiest commercial solar installs we do — large clear flat roofs, ground-level interconnect.","Warehouse building. Roof-suitable for rooftop PV. Verify ownership + contact before outreach."
"Super Drive Usa","Inland Empire Ca","CA","osm_industrial","osm-470645489","493110","Warehousing / Cold Storage","84","moderate","corporate","direct_purchase","daytime_peak","2000","3013440","813629","2.4","12663622","Distribution centers are the easiest commercial solar installs we do — large clear flat roofs, ground-level interconnect.","Warehouse building. Roof-suitable for rooftop PV. Verify ownership + contact before outreach."
"Frito-Lay Inc","Inland Empire Ca","CA","osm_industrial","osm-470645999","493110","Warehousing / Cold Storage","84","moderate","corporate","direct_purchase","daytime_peak","2000","3013440","813629","2.4","12663622","Distribution centers are the easiest commercial solar installs we do — large clear flat roofs, ground-level interconnect.","Warehouse building. Roof-suitable for rooftop PV. Verify ownership + contact before outreach."
"Quality Custom Distribution","Inland Empire Ca","CA","osm_industrial","osm-470680796","493110","Warehousing / Cold Storage","84","moderate","corporate","direct_purchase","daytime_peak","2000","3013440","813629","2.4","12663622","Distribution centers are the easiest commercial solar installs we do — large clear flat roofs, ground-level interconnect.","Warehouse building. Roof-suitable for rooftop PV. Verify ownership + contact before outreach."
"Public Storage","Inland Empire Ca","CA","osm_industrial","osm-470940364","493110","Warehousing / Cold Storage","84","moderate","corporate","direct_purchase","daytime_peak","2000","3013440","813629","2.4","12663622","Distribution centers are the easiest commercial solar installs we do — large clear flat roofs, ground-level interconnect.","Warehouse building. Roof-suitable for rooftop PV. Verify ownership + contact before outreach."
"Public Storage","Inland Empire Ca","CA","osm_industrial","osm-470940380","493110","Warehousing / Cold Storage","84","moderate","corporate","direct_purchase","daytime_peak","2000","3013440","813629","2.4","12663622","Distribution centers are the easiest commercial solar installs we do — large clear flat roofs, ground-level interconnect.","Warehouse building. Roof-suitable for rooftop PV. Verify ownership + contact before outreach."
"Public Storage","Inland Empire Ca","CA","osm_industrial","osm-470940702","493110","Warehousing / Cold Storage","84","moderate","corporate","direct_purchase","daytime_peak","2000","3013440","813629","2.4","12663622","Distribution centers are the easiest commercial solar installs we do — large clear flat roofs, ground-level interconnect.","Warehouse building. Roof-suitable for rooftop PV. Verify ownership + contact before outreach."
"Public Storage","Inland Empire Ca","CA","osm_industrial","osm-470940729","493110","Warehousing / Cold Storage","84","moderate","corporate","direct_purchase","daytime_peak","2000","3013440","813629","2.4","12663622","Distribution centers are the easiest commercial solar installs we do — large clear flat roofs, ground-level interconnect.","Warehouse building. Roof-suitable for rooftop PV. Verify ownership + contact before outreach."
"Frank & Son Collectable Show","Industry","CA","osm_industrial","osm-471292688","493110","Warehousing / Cold Storage","84","moderate","corporate","direct_purchase","daytime_peak","2000","3013440","813629","2.4","12663622","Distribution centers are the easiest commercial solar installs we do — large clear flat roofs, ground-level interconnect.","Warehouse building. Roof-suitable for rooftop PV. Verify ownership + contact before outreach."
"Warehouse","Inland Empire Ca","CA","osm_industrial","osm-480152129","493110","Warehousing / Cold Storage","84","moderate","corporate","direct_purchase","daytime_peak","2000","3013440","813629","2.4","12663622","Distribution centers are the easiest commercial solar installs we do — large clear flat roofs, ground-level interconnect.","Warehouse building. Roof-suitable for rooftop PV. Verify ownership + contact before outreach."
"Warehouse","Inland Empire Ca","CA","osm_industrial","osm-480152130","493110","Warehousing / Cold Storage","84","moderate","corporate","direct_purchase","daytime_peak","2000","3013440","813629","2.4","12663622","Distribution centers are the easiest commercial solar installs we do — large clear flat roofs, ground-level interconnect.","Warehouse building. Roof-suitable for rooftop PV. Verify ownership + contact before outreach."
"The Home Depot","Inland Empire Ca","CA","osm_industrial","osm-490738649","493110","Warehousing / Cold Storage","84","moderate","corporate","direct_purchase","daytime_peak","2000","3013440","813629","2.4","12663622","Distribution centers are the easiest commercial solar installs we do — large clear flat roofs, ground-level interconnect.","Warehouse building. Roof-suitable for rooftop PV. Verify ownership + contact before outreach."
"The Home Depot","Corona","CA","osm_industrial","osm-519164973","493110","Warehousing / Cold Storage","84","moderate","corporate","direct_purchase","daytime_peak","2000","3013440","813629","2.4","12663622","Distribution centers are the easiest commercial solar installs we do — large clear flat roofs, ground-level interconnect.","Warehouse building. Roof-suitable for rooftop PV. Verify ownership + contact before outreach."
"Building 1","Inland Empire Ca","CA","osm_industrial","osm-547563169","493110","Warehousing / Cold Storage","84","moderate","corporate","direct_purchase","daytime_peak","2000","3013440","813629","2.4","12663622","Distribution centers are the easiest commercial solar installs we do — large clear flat roofs, ground-level interconnect.","Warehouse building. Roof-suitable for rooftop PV. Verify ownership + contact before outreach."
"Building 2","Inland Empire Ca","CA","osm_industrial","osm-547563170","493110","Warehousing / Cold Storage","84","moderate","corporate","direct_purchase","daytime_peak","2000","3013440","813629","2.4","12663622","Distribution centers are the easiest commercial solar installs we do — large clear flat roofs, ground-level interconnect.","Warehouse building. Roof-suitable for rooftop PV. Verify ownership + contact before outreach."
"Building 12","Inland Empire Ca","CA","osm_industrial","osm-547563171","493110","Warehousing / Cold Storage","84","moderate","corporate","direct_purchase","daytime_peak","2000","3013440","813629","2.4","12663622","Distribution centers are the easiest commercial solar installs we do — large clear flat roofs, ground-level interconnect.","Warehouse building. Roof-suitable for rooftop PV. Verify ownership + contact before outreach."
"Building 11","Inland Empire Ca","CA","osm_industrial","osm-547563172","493110","Warehousing / Cold Storage","84","moderate","corporate","direct_purchase","daytime_peak","2000","3013440","813629","2.4","12663622","Distribution centers are the easiest commercial solar installs we do — large clear flat roofs, ground-level interconnect.","Warehouse building. Roof-suitable for rooftop PV. Verify ownership + contact before outreach."
"Building 10","Inland Empire Ca","CA","osm_industrial","osm-547563173","493110","Warehousing / Cold Storage","84","moderate","corporate","direct_purchase","daytime_peak","2000","3013440","813629","2.4","12663622","Distribution centers are the easiest commercial solar installs we do — large clear flat roofs, ground-level interconnect.","Warehouse building. Roof-suitable for rooftop PV. Verify ownership + contact before outreach."
"Building 9","Inland Empire Ca","CA","osm_industrial","osm-547563174","493110","Warehousing / Cold Storage","84","moderate","corporate","direct_purchase","daytime_peak","2000","3013440","813629","2.4","12663622","Distribution centers are the easiest commercial solar installs we do — large clear flat roofs, ground-level interconnect.","Warehouse building. Roof-suitable for rooftop PV. Verify ownership + contact before outreach."
"Building 8","Inland Empire Ca","CA","osm_industrial","osm-547563175","493110","Warehousing / Cold Storage","84","moderate","corporate","direct_purchase","daytime_peak","2000","3013440","813629","2.4","12663622","Distribution centers are the easiest commercial solar installs we do — large clear flat roofs, ground-level interconnect.","Warehouse building. Roof-suitable for rooftop PV. Verify ownership + contact before outreach."
"Building 7","Inland Empire Ca","CA","osm_industrial","osm-547563176","493110","Warehousing / Cold Storage","84","moderate","corporate","direct_purchase","daytime_peak","2000","3013440","813629","2.4","12663622","Distribution centers are the easiest commercial solar installs we do — large clear flat roofs, ground-level interconnect.","Warehouse building. Roof-suitable for rooftop PV. Verify ownership + contact before outreach."
"Building 6","Inland Empire Ca","CA","osm_industrial","osm-547563177","493110","Warehousing / Cold Storage","84","moderate","corporate","direct_purchase","daytime_peak","2000","3013440","813629","2.4","12663622","Distribution centers are the easiest commercial solar installs we do — large clear flat roofs, ground-level interconnect.","Warehouse building. Roof-suitable for rooftop PV. Verify ownership + contact before outreach."
"Building 3","Inland Empire Ca","CA","osm_industrial","osm-547563178","493110","Warehousing / Cold Storage","84","moderate","corporate","direct_purchase","daytime_peak","2000","3013440","813629","2.4","12663622","Distribution centers are the easiest commercial solar installs we do — large clear flat roofs, ground-level interconnect.","Warehouse building. Roof-suitable for rooftop PV. Verify ownership + contact before outreach."
"Nongshim - Rancho Cucamonga Distribution Center","Rancho Cucamonga","CA","osm_industrial","osm-548601458","493110","Warehousing / Cold Storage","84","moderate","corporate","direct_purchase","daytime_peak","2000","3013440","813629","2.4","12663622","Distribution centers are the easiest commercial solar installs we do — large clear flat roofs, ground-level interconnect.","Warehouse building. Roof-suitable for rooftop PV. Verify ownership + contact before outreach."
"Amazon","Redlands","CA","osm_industrial","osm-555493429","493110","Warehousing / Cold Storage","84","moderate","corporate","direct_purchase","daytime_peak","2000","3013440","813629","2.4","12663622","Distribution centers are the easiest commercial solar installs we do — large clear flat roofs, ground-level interconnect.","Warehouse building. Roof-suitable for rooftop PV. Verify ownership + contact before outreach."
"Big 5 Distribution Center","Riverside","CA","osm_industrial","osm-571496243","493110","Warehousing / Cold Storage","84","moderate","corporate","direct_purchase","daytime_peak","2000","3013440","813629","2.4","12663622","Distribution centers are the easiest commercial solar installs we do — large clear flat roofs, ground-level interconnect.","Warehouse building. Roof-suitable for rooftop PV. Verify ownership + contact before outreach."
"Huntington Beach","Costa Mesa","CA","osm_industrial","osm-589551773","493110","Warehousing / Cold Storage","84","moderate","corporate","direct_purchase","daytime_peak","2000","3013440","813629","2.4","12663622","Distribution centers are the easiest commercial solar installs we do — large clear flat roofs, ground-level interconnect.","Warehouse building. Roof-suitable for rooftop PV. Verify ownership + contact before outreach."
"Anaheim","Inland Empire Ca","CA","osm_industrial","osm-589551774","493110","Warehousing / Cold Storage","84","moderate","corporate","direct_purchase","daytime_peak","2000","3013440","813629","2.4","12663622","Distribution centers are the easiest commercial solar installs we do — large clear flat roofs, ground-level interconnect.","Warehouse building. Roof-suitable for rooftop PV. Verify ownership + contact before outreach."
"Santa Ana Pavillion","Costa Mesa","CA","osm_industrial","osm-589551775","493110","Warehousing / Cold Storage","84","moderate","corporate","direct_purchase","daytime_peak","2000","3013440","813629","2.4","12663622","Distribution centers are the easiest commercial solar installs we do — large clear flat roofs, ground-level interconnect.","Warehouse building. Roof-suitable for rooftop PV. Verify ownership + contact before outreach."
"Los Alamitos","Inland Empire Ca","CA","osm_industrial","osm-589551776","493110","Warehousing / Cold Storage","84","moderate","corporate","direct_purchase","daytime_peak","2000","3013440","813629","2.4","12663622","Distribution centers are the easiest commercial solar installs we do — large clear flat roofs, ground-level interconnect.","Warehouse building. Roof-suitable for rooftop PV. Verify ownership + contact before outreach."
"Oc Promenade","Costa Mesa","CA","osm_industrial","osm-589551777","493110","Warehousing / Cold Storage","84","moderate","corporate","direct_purchase","daytime_peak","2000","3013440","813629","2.4","12663622","Distribution centers are the easiest commercial solar installs we do — large clear flat roofs, ground-level interconnect.","Warehouse building. Roof-suitable for rooftop PV. Verify ownership + contact before outreach."
"Costa Mesa","Costa Mesa","CA","osm_industrial","osm-589551779","493110","Warehousing / Cold Storage","84","moderate","corporate","direct_purchase","daytime_peak","2000","3013440","813629","2.4","12663622","Distribution centers are the easiest commercial solar installs we do — large clear flat roofs, ground-level interconnect.","Warehouse building. Roof-suitable for rooftop PV. Verify ownership + contact before outreach."
"Best Buy Ontario Ddc","Ontario","CA","osm_industrial","osm-607120606","493110","Warehousing / Cold Storage","84","moderate","corporate","direct_purchase","daytime_peak","2000","3013440","813629","2.4","12663622","Distribution centers are the easiest commercial solar installs we do — large clear flat roofs, ground-level interconnect.","Warehouse building. Roof-suitable for rooftop PV. Verify ownership + contact before outreach."
"Qvc West Coast Distribution Center","Inland Empire Ca","CA","osm_industrial","osm-607121116","493110","Warehousing / Cold Storage","84","moderate","corporate","direct_purchase","daytime_peak","2000","3013440","813629","2.4","12663622","Distribution centers are the easiest commercial solar installs we do — large clear flat roofs, ground-level interconnect.","Warehouse building. Roof-suitable for rooftop PV. Verify ownership + contact before outreach."
"Orange Courier","Santa Ana","CA","osm_industrial","osm-614597806","493110","Warehousing / Cold Storage","84","moderate","corporate","direct_purchase","daytime_peak","2000","3013440","813629","2.4","12663622","Distribution centers are the easiest commercial solar installs we do — large clear flat roofs, ground-level interconnect.","Warehouse building. Roof-suitable for rooftop PV. Verify ownership + contact before outreach."
"Amazon","Riverside","CA","osm_industrial","osm-637315633","493110","Warehousing / Cold Storage","84","moderate","corporate","direct_purchase","daytime_peak","2000","3013440","813629","2.4","12663622","Distribution centers are the easiest commercial solar installs we do — large clear flat roofs, ground-level interconnect.","Warehouse building. Roof-suitable for rooftop PV. Verify ownership + contact before outreach."
"Costco","Lake Elsinore","CA","osm_industrial","osm-637696991","493110","Warehousing / Cold Storage","84","moderate","corporate","direct_purchase","daytime_peak","2000","3013440","813629","2.4","12663622","Distribution centers are the easiest commercial solar installs we do — large clear flat roofs, ground-level interconnect.","Warehouse building. Roof-suitable for rooftop PV. Verify ownership + contact before outreach."
"Sam'S Club","Corona","CA","osm_industrial","osm-678733997","493110","Warehousing / Cold Storage","84","moderate","corporate","direct_purchase","daytime_peak","2000","3013440","813629","2.4","12663622","Distribution centers are the easiest commercial solar installs we do — large clear flat roofs, ground-level interconnect.","Warehouse building. Roof-suitable for rooftop PV. Verify ownership + contact before outreach."
"Kool Pak°","Rancho Cucamonga","CA","osm_industrial","osm-686979320","493110","Warehousing / Cold Storage","84","moderate","corporate","direct_purchase","daytime_peak","2000","3013440","813629","2.4","12663622","Distribution centers are the easiest commercial solar installs we do — large clear flat roofs, ground-level interconnect.","Warehouse building. Roof-suitable for rooftop PV. Verify ownership + contact before outreach."
"Schneider","Rancho Cucamonga","CA","osm_industrial","osm-686979324","493110","Warehousing / Cold Storage","84","moderate","corporate","direct_purchase","daytime_peak","2000","3013440","813629","2.4","12663622","Distribution centers are the easiest commercial solar installs we do — large clear flat roofs, ground-level interconnect.","Warehouse building. Roof-suitable for rooftop PV. Verify ownership + contact before outreach."
"Veritiv","Bay Area","CA","osm_industrial","osm-24305067","493110","Warehousing / Cold Storage","84","moderate","corporate","direct_purchase","daytime_peak","2000","3013440","813629","2.4","12663622","Distribution centers are the easiest commercial solar installs we do — large clear flat roofs, ground-level interconnect.","Warehouse building. Roof-suitable for rooftop PV. Verify ownership + contact before outreach."
"Us Foods","Bay Area","CA","osm_industrial","osm-24305071","493110","Warehousing / Cold Storage","84","moderate","corporate","direct_purchase","daytime_peak","2000","3013440","813629","2.4","12663622","Distribution centers are the easiest commercial solar installs we do — large clear flat roofs, ground-level interconnect.","Warehouse building. Roof-suitable for rooftop PV. Verify ownership + contact before outreach."
"Tab Qsi","Burlingame","CA","osm_industrial","osm-24334769","493110","Warehousing / Cold Storage","84","moderate","corporate","direct_purchase","daytime_peak","2000","3013440","813629","2.4","12663622","Distribution centers are the easiest commercial solar installs we do — large clear flat roofs, ground-level interconnect.","Warehouse building. Roof-suitable for rooftop PV. Verify ownership + contact before outreach."
"United States Postal Service","Richmond","CA","osm_industrial","osm-24429748","493110","Warehousing / Cold Storage","84","moderate","corporate","direct_purchase","daytime_peak","2000","3013440","813629","2.4","12663622","Distribution centers are the easiest commercial solar installs we do — large clear flat roofs, ground-level interconnect.","Warehouse building. Roof-suitable for rooftop PV. Verify ownership + contact before outreach."
"Pier 15","Bay Area","CA","osm_industrial","osm-25478444","493110","Warehousing / Cold Storage","84","moderate","corporate","direct_purchase","daytime_peak","2000","3013440","813629","2.4","12663622","Distribution centers are the easiest commercial solar installs we do — large clear flat roofs, ground-level interconnect.","Warehouse building. Roof-suitable for rooftop PV. Verify ownership + contact before outreach."
"Cawc","Bay Area","CA","osm_industrial","osm-30408555","493110","Warehousing / Cold Storage","84","moderate","corporate","direct_purchase","daytime_peak","2000","3013440","813629","2.4","12663622","Distribution centers are the easiest commercial solar installs we do — large clear flat roofs, ground-level interconnect.","Warehouse building. Roof-suitable for rooftop PV. Verify ownership + contact before outreach."
"Kerry Apex","Bay Area","CA","osm_industrial","osm-30427227","493110","Warehousing / Cold Storage","84","moderate","corporate","direct_purchase","daytime_peak","2000","3013440","813629","2.4","12663622","Distribution centers are the easiest commercial solar installs we do — large clear flat roofs, ground-level interconnect.","Warehouse building. Roof-suitable for rooftop PV. Verify ownership + contact before outreach."
"Jsi Customized Logistics Solutions","Bay Area","CA","osm_industrial","osm-30427247","493110","Warehousing / Cold Storage","84","moderate","corporate","direct_purchase","daytime_peak","2000","3013440","813629","2.4","12663622","Distribution centers are the easiest commercial solar installs we do — large clear flat roofs, ground-level interconnect.","Warehouse building. Roof-suitable for rooftop PV. Verify ownership + contact before outreach."
"Amazon Delivery Station Dsj9","Bay Area","CA","osm_industrial","osm-52495666","493110","Warehousing / Cold Storage","84","moderate","corporate","direct_purchase","daytime_peak","2000","3013440","813629","2.4","12663622","Distribution centers are the easiest commercial solar installs we do — large clear flat roofs, ground-level interconnect.","Warehouse building. Roof-suitable for rooftop PV. Verify ownership + contact before outreach."
"1955-1977 Davis Street","San Leandro","CA","osm_industrial","osm-83886739","493110","Warehousing / Cold Storage","84","moderate","corporate","direct_purchase","daytime_peak","2000","3013440","813629","2.4","12663622","Distribution centers are the easiest commercial solar installs we do — large clear flat roofs, ground-level interconnect.","Warehouse building. Roof-suitable for rooftop PV. Verify ownership + contact before outreach."
"1979-1999 Davis Street","San Leandro","CA","osm_industrial","osm-83886740","493110","Warehousing / Cold Storage","84","moderate","corporate","direct_purchase","daytime_peak","2000","3013440","813629","2.4","12663622","Distribution centers are the easiest commercial solar installs we do — large clear flat roofs, ground-level interconnect.","Warehouse building. Roof-suitable for rooftop PV. Verify ownership + contact before outreach."
"Pier 5","Bay Area","CA","osm_industrial","osm-91913148","493110","Warehousing / Cold Storage","84","moderate","corporate","direct_purchase","daytime_peak","2000","3013440","813629","2.4","12663622","Distribution centers are the easiest commercial solar installs we do — large clear flat roofs, ground-level interconnect.","Warehouse building. Roof-suitable for rooftop PV. Verify ownership + contact before outreach."
"Jameco Electronics","Belmont","CA","osm_industrial","osm-104090483","493110","Warehousing / Cold Storage","84","moderate","corporate","direct_purchase","daytime_peak","2000","3013440","813629","2.4","12663622","Distribution centers are the easiest commercial solar installs we do — large clear flat roofs, ground-level interconnect.","Warehouse building. Roof-suitable for rooftop PV. Verify ownership + contact before outreach."
"Terra Outdoor Living","Bay Area","CA","osm_industrial","osm-106479437","493110","Warehousing / Cold Storage","84","moderate","corporate","direct_purchase","daytime_peak","2000","3013440","813629","2.4","12663622","Distribution centers are the easiest commercial solar installs we do — large clear flat roofs, ground-level interconnect.","Warehouse building. Roof-suitable for rooftop PV. Verify ownership + contact before outreach."
"Bridges Rock Gym","El Cerrito","CA","osm_industrial","osm-109504819","493110","Warehousing / Cold Storage","84","moderate","corporate","direct_purchase","daytime_peak","2000","3013440","813629","2.4","12663622","Distribution centers are the easiest commercial solar installs we do — large clear flat roofs, ground-level interconnect.","Warehouse building. Roof-suitable for rooftop PV. Verify ownership + contact before outreach."
"United Airlines Building 68","Bay Area","CA","osm_industrial","osm-112582351","493110","Warehousing / Cold Storage","84","moderate","corporate","direct_purchase","daytime_peak","2000","3013440","813629","2.4","12663622","Distribution centers are the easiest commercial solar installs we do — large clear flat roofs, ground-level interconnect.","Warehouse building. Roof-suitable for rooftop PV. Verify ownership + contact before outreach."
"Amazon","Brisbane","CA","osm_industrial","osm-123691782","493110","Warehousing / Cold Storage","84","moderate","corporate","direct_purchase","daytime_peak","2000","3013440","813629","2.4","12663622","Distribution centers are the easiest commercial solar installs we do — large clear flat roofs, ground-level interconnect.","Warehouse building. Roof-suitable for rooftop PV. Verify ownership + contact before outreach."
"Folger Murray Industrial Complex","Bay Area","CA","osm_industrial","osm-139741507","493110","Warehousing / Cold Storage","84","moderate","corporate","direct_purchase","daytime_peak","2000","3013440","813629","2.4","12663622","Distribution centers are the easiest commercial solar installs we do — large clear flat roofs, ground-level interconnect.","Warehouse building. Roof-suitable for rooftop PV. Verify ownership + contact before outreach."
"Wilson Glass","Berkeley","CA","osm_industrial","osm-139741512","493110","Warehousing / Cold Storage","84","moderate","corporate","direct_purchase","daytime_peak","2000","3013440","813629","2.4","12663622","Distribution centers are the easiest commercial solar installs we do — large clear flat roofs, ground-level interconnect.","Warehouse building. Roof-suitable for rooftop PV. Verify ownership + contact before outreach."
"Public Storage","Bay Area","CA","osm_industrial","osm-151827256","493110","Warehousing / Cold Storage","84","moderate","corporate","direct_purchase","daytime_peak","2000","3013440","813629","2.4","12663622","Distribution centers are the easiest commercial solar installs we do — large clear flat roofs, ground-level interconnect.","Warehouse building. Roof-suitable for rooftop PV. Verify ownership + contact before outreach."
"Sun Light And Power","Berkeley","CA","osm_industrial","osm-157149647","493110","Warehousing / Cold Storage","84","moderate","corporate","direct_purchase","daytime_peak","2000","3013440","813629","2.4","12663622","Distribution centers are the easiest commercial solar installs we do — large clear flat roofs, ground-level interconnect.","Warehouse building. Roof-suitable for rooftop PV. Verify ownership + contact before outreach."
"Berkeley Fire Department","Berkeley","CA","osm_industrial","osm-157149677","493110","Warehousing / Cold Storage","84","moderate","corporate","direct_purchase","daytime_peak","2000","3013440","813629","2.4","12663622","Distribution centers are the easiest commercial solar installs we do — large clear flat roofs, ground-level interconnect.","Warehouse building. Roof-suitable for rooftop PV. Verify ownership + contact before outreach."
"Prizefighter","Bay Area","CA","osm_industrial","osm-157158274","493110","Warehousing / Cold Storage","84","moderate","corporate","direct_purchase","daytime_peak","2000","3013440","813629","2.4","12663622","Distribution centers are the easiest commercial solar installs we do — large clear flat roofs, ground-level interconnect.","Warehouse building. Roof-suitable for rooftop PV. Verify ownership + contact before outreach."
"Warehouse 416","Bay Area","CA","osm_industrial","osm-195056401","493110","Warehousing / Cold Storage","84","moderate","corporate","direct_purchase","daytime_peak","2000","3013440","813629","2.4","12663622","Distribution centers are the easiest commercial solar installs we do — large clear flat roofs, ground-level interconnect.","Warehouse building. Roof-suitable for rooftop PV. Verify ownership + contact before outreach."
"Srvusd Service Center","Bay Area","CA","osm_industrial","osm-230296664","493110","Warehousing / Cold Storage","84","moderate","corporate","direct_purchase","daytime_peak","2000","3013440","813629","2.4","12663622","Distribution centers are the easiest commercial solar installs we do — large clear flat roofs, ground-level interconnect.","Warehouse building. Roof-suitable for rooftop PV. Verify ownership + contact before outreach."
"Pg&E Shipping And Receiving","Bay Area","CA","osm_industrial","osm-230397972","493110","Warehousing / Cold Storage","84","moderate","corporate","direct_purchase","daytime_peak","2000","3013440","813629","2.4","12663622","Distribution centers are the easiest commercial solar installs we do — large clear flat roofs, ground-level interconnect.","Warehouse building. Roof-suitable for rooftop PV. Verify ownership + contact before outreach."
"Tag Cathedral","Bay Area","CA","osm_industrial","osm-254380230","493110","Warehousing / Cold Storage","84","moderate","corporate","direct_purchase","daytime_peak","2000","3013440","813629","2.4","12663622","Distribution centers are the easiest commercial solar installs we do — large clear flat roofs, ground-level interconnect.","Warehouse building. Roof-suitable for rooftop PV. Verify ownership + contact before outreach."
"Lumberman","Bay Area","CA","osm_industrial","osm-256849279","493110","Warehousing / Cold Storage","84","moderate","corporate","direct_purchase","daytime_peak","2000","3013440","813629","2.4","12663622","Distribution centers are the easiest commercial solar installs we do — large clear flat roofs, ground-level interconnect.","Warehouse building. Roof-suitable for rooftop PV. Verify ownership + contact before outreach."
"Alameda Electrical Distributors, Inc.","Alameda","CA","osm_industrial","osm-257725037","493110","Warehousing / Cold Storage","84","moderate","corporate","direct_purchase","daytime_peak","2000","3013440","813629","2.4","12663622","Distribution centers are the easiest commercial solar installs we do — large clear flat roofs, ground-level interconnect.","Warehouse building. Roof-suitable for rooftop PV. Verify ownership + contact before outreach."
"San Francisco Auto Works","Bay Area","CA","osm_industrial","osm-258975974","493110","Warehousing / Cold Storage","84","moderate","corporate","direct_purchase","daytime_peak","2000","3013440","813629","2.4","12663622","Distribution centers are the easiest commercial solar installs we do — large clear flat roofs, ground-level interconnect.","Warehouse building. Roof-suitable for rooftop PV. Verify ownership + contact before outreach."
"Abe'S Customs And Auto Body","San Francisco","CA","osm_industrial","osm-261102268","493110","Warehousing / Cold Storage","84","moderate","corporate","direct_purchase","daytime_peak","2000","3013440","813629","2.4","12663622","Distribution centers are the easiest commercial solar installs we do — large clear flat roofs, ground-level interconnect.","Warehouse building. Roof-suitable for rooftop PV. Verify ownership + contact before outreach."
"Recology Recycle Center","San Francisco","CA","osm_industrial","osm-264255889","493110","Warehousing / Cold Storage","84","moderate","corporate","direct_purchase","daytime_peak","2000","3013440","813629","2.4","12663622","Distribution centers are the easiest commercial solar installs we do — large clear flat roofs, ground-level interconnect.","Warehouse building. Roof-suitable for rooftop PV. Verify ownership + contact before outreach."
"Waymo Depot","San Francisco","CA","osm_industrial","osm-287881763","493110","Warehousing / Cold Storage","84","moderate","corporate","direct_purchase","daytime_peak","2000","3013440","813629","2.4","12663622","Distribution centers are the easiest commercial solar installs we do — large clear flat roofs, ground-level interconnect.","Warehouse building. Roof-suitable for rooftop PV. Verify ownership + contact before outreach."
"Fort Baker Mine Depot (Bld 670)","Bay Area","CA","osm_industrial","osm-288804521","493110","Warehousing / Cold Storage","84","moderate","corporate","direct_purchase","daytime_peak","2000","3013440","813629","2.4","12663622","Distribution centers are the easiest commercial solar installs we do — large clear flat roofs, ground-level interconnect.","Warehouse building. Roof-suitable for rooftop PV. Verify ownership + contact before outreach."
"Extra Space Storage","Bay Area","CA","osm_industrial","osm-304930189","493110","Warehousing / Cold Storage","84","moderate","corporate","direct_purchase","daytime_peak","2000","3013440","813629","2.4","12663622","Distribution centers are the easiest commercial solar installs we do — large clear flat roofs, ground-level interconnect.","Warehouse building. Roof-suitable for rooftop PV. Verify ownership + contact before outreach."
"Fedex","Bay Area","CA","osm_industrial","osm-314466908","493110","Warehousing / Cold Storage","84","moderate","corporate","direct_purchase","daytime_peak","2000","3013440","813629","2.4","12663622","Distribution centers are the easiest commercial solar installs we do — large clear flat roofs, ground-level interconnect.","Warehouse building. Roof-suitable for rooftop PV. Verify ownership + contact before outreach."
"Pet Food Express","Oakland","CA","osm_industrial","osm-314466909","493110","Warehousing / Cold Storage","84","moderate","corporate","direct_purchase","daytime_peak","2000","3013440","813629","2.4","12663622","Distribution centers are the easiest commercial solar installs we do — large clear flat roofs, ground-level interconnect.","Warehouse building. Roof-suitable for rooftop PV. Verify ownership + contact before outreach."
"Cable Wholesale","Livermore","CA","osm_industrial","osm-329251275","493110","Warehousing / Cold Storage","84","moderate","corporate","direct_purchase","daytime_peak","2000","3013440","813629","2.4","12663622","Distribution centers are the easiest commercial solar installs we do — large clear flat roofs, ground-level interconnect.","Warehouse building. Roof-suitable for rooftop PV. Verify ownership + contact before outreach."
"Oakland Grill","Oakland","CA","osm_industrial","osm-373726817","493110","Warehousing / Cold Storage","84","moderate","corporate","direct_purchase","daytime_peak","2000","3013440","813629","2.4","12663622","Distribution centers are the easiest commercial solar installs we do — large clear flat roofs, ground-level interconnect.","Warehouse building. Roof-suitable for rooftop PV. Verify ownership + contact before outreach."
"Roofline Supply & Delivery","Bay Area","CA","osm_industrial","osm-389667638","493110","Warehousing / Cold Storage","84","moderate","corporate","direct_purchase","daytime_peak","2000","3013440","813629","2.4","12663622","Distribution centers are the easiest commercial solar installs we do — large clear flat roofs, ground-level interconnect.","Warehouse building. Roof-suitable for rooftop PV. Verify ownership + contact before outreach."
"Hl Noodle Inc.","Bay Area","CA","osm_industrial","osm-392707447","493110","Warehousing / Cold Storage","84","moderate","corporate","direct_purchase","daytime_peak","2000","3013440","813629","2.4","12663622","Distribution centers are the easiest commercial solar installs we do — large clear flat roofs, ground-level interconnect.","Warehouse building. Roof-suitable for rooftop PV. Verify ownership + contact before outreach."
"Sweet Maria'S","Bay Area","CA","osm_industrial","osm-396666460","493110","Warehousing / Cold Storage","84","moderate","corporate","direct_purchase","daytime_peak","2000","3013440","813629","2.4","12663622","Distribution centers are the easiest commercial solar installs we do — large clear flat roofs, ground-level interconnect.","Warehouse building. Roof-suitable for rooftop PV. Verify ownership + contact before outreach."
"Timberline Geodesics","Berkeley","CA","osm_industrial","osm-458587525","493110","Warehousing / Cold Storage","84","moderate","corporate","direct_purchase","daytime_peak","2000","3013440","813629","2.4","12663622","Distribution centers are the easiest commercial solar installs we do — large clear flat roofs, ground-level interconnect.","Warehouse building. Roof-suitable for rooftop PV. Verify ownership + contact before outreach."
"2501 Davis Street","San Leandro","CA","osm_industrial","osm-467430294","493110","Warehousing / Cold Storage","84","moderate","corporate","direct_purchase","daytime_peak","2000","3013440","813629","2.4","12663622","Distribution centers are the easiest commercial solar installs we do — large clear flat roofs, ground-level interconnect.","Warehouse building. Roof-suitable for rooftop PV. Verify ownership + contact before outreach."
"1501 Doolittle Drive","San Leandro","CA","osm_industrial","osm-471623169","493110","Warehousing / Cold Storage","84","moderate","corporate","direct_purchase","daytime_peak","2000","3013440","813629","2.4","12663622","Distribution centers are the easiest commercial solar installs we do — large clear flat roofs, ground-level interconnect.","Warehouse building. Roof-suitable for rooftop PV. Verify ownership + contact before outreach."
"1400 Business Center Drive","San Leandro","CA","osm_industrial","osm-471623172","493110","Warehousing / Cold Storage","84","moderate","corporate","direct_purchase","daytime_peak","2000","3013440","813629","2.4","12663622","Distribution centers are the easiest commercial solar installs we do — large clear flat roofs, ground-level interconnect.","Warehouse building. Roof-suitable for rooftop PV. Verify ownership + contact before outreach."
"1345 Doolittle Drive","San Leandro","CA","osm_industrial","osm-471623178","493110","Warehousing / Cold Storage","84","moderate","corporate","direct_purchase","daytime_peak","2000","3013440","813629","2.4","12663622","Distribution centers are the easiest commercial solar installs we do — large clear flat roofs, ground-level interconnect.","Warehouse building. Roof-suitable for rooftop PV. Verify ownership + contact before outreach."
"1500 Doolittle","San Leandro","CA","osm_industrial","osm-471623185","493110","Warehousing / Cold Storage","84","moderate","corporate","direct_purchase","daytime_peak","2000","3013440","813629","2.4","12663622","Distribution centers are the easiest commercial solar installs we do — large clear flat roofs, ground-level interconnect.","Warehouse building. Roof-suitable for rooftop PV. Verify ownership + contact before outreach."
"Building 42","Alameda","CA","osm_industrial","osm-471659853","493110","Warehousing / Cold Storage","84","moderate","corporate","direct_purchase","daytime_peak","2000","3013440","813629","2.4","12663622","Distribution centers are the easiest commercial solar installs we do — large clear flat roofs, ground-level interconnect.","Warehouse building. Roof-suitable for rooftop PV. Verify ownership + contact before outreach."
"Raley'S Distribution","Sacramento","CA","osm_industrial","osm-32560371","493110","Warehousing / Cold Storage","84","moderate","corporate","direct_purchase","daytime_peak","2000","3013440","813629","2.4","12663622","Distribution centers are the easiest commercial solar installs we do — large clear flat roofs, ground-level interconnect.","Warehouse building. Roof-suitable for rooftop PV. Verify ownership + contact before outreach."
"American Building Supply","Sacramento","CA","osm_industrial","osm-37291923","493110","Warehousing / Cold Storage","84","moderate","corporate","direct_purchase","daytime_peak","2000","3013440","813629","2.4","12663622","Distribution centers are the easiest commercial solar installs we do — large clear flat roofs, ground-level interconnect.","Warehouse building. Roof-suitable for rooftop PV. Verify ownership + contact before outreach."
"Uc Davis Receiving Warehouse","Sacramento","CA","osm_industrial","osm-37511137","493110","Warehousing / Cold Storage","84","moderate","corporate","direct_purchase","daytime_peak","2000","3013440","813629","2.4","12663622","Distribution centers are the easiest commercial solar installs we do — large clear flat roofs, ground-level interconnect.","Warehouse building. Roof-suitable for rooftop PV. Verify ownership + contact before outreach."
"Safeway Distribution Center","Sacramento","CA","osm_industrial","osm-133616173","493110","Warehousing / Cold Storage","84","moderate","corporate","direct_purchase","daytime_peak","2000","3013440","813629","2.4","12663622","Distribution centers are the easiest commercial solar installs we do — large clear flat roofs, ground-level interconnect.","Warehouse building. Roof-suitable for rooftop PV. Verify ownership + contact before outreach."
"American Building Supply","Sacramento","CA","osm_industrial","osm-442607014","493110","Warehousing / Cold Storage","84","moderate","corporate","direct_purchase","daytime_peak","2000","3013440","813629","2.4","12663622","Distribution centers are the easiest commercial solar installs we do — large clear flat roofs, ground-level interconnect.","Warehouse building. Roof-suitable for rooftop PV. Verify ownership + contact before outreach."
"Bmc","Sacramento","CA","osm_industrial","osm-442607027","493110","Warehousing / Cold Storage","84","moderate","corporate","direct_purchase","daytime_peak","2000","3013440","813629","2.4","12663622","Distribution centers are the easiest commercial solar installs we do — large clear flat roofs, ground-level interconnect.","Warehouse building. Roof-suitable for rooftop PV. Verify ownership + contact before outreach."
"Amazon","Sacramento","CA","osm_industrial","osm-545750076","493110","Warehousing / Cold Storage","84","moderate","corporate","direct_purchase","daytime_peak","2000","3013440","813629","2.4","12663622","Distribution centers are the easiest commercial solar installs we do — large clear flat roofs, ground-level interconnect.","Warehouse building. Roof-suitable for rooftop PV. Verify ownership + contact before outreach."
"The Red Museum","Sacramento","CA","osm_industrial","osm-721802337","493110","Warehousing / Cold Storage","84","moderate","corporate","direct_purchase","daytime_peak","2000","3013440","813629","2.4","12663622","Distribution centers are the easiest commercial solar installs we do — large clear flat roofs, ground-level interconnect.","Warehouse building. Roof-suitable for rooftop PV. Verify ownership + contact before outreach."
"Walmart Distribution Center Smf-1","Sacramento","CA","osm_industrial","osm-802331735","493110","Warehousing / Cold Storage","84","moderate","corporate","direct_purchase","daytime_peak","2000","3013440","813629","2.4","12663622","Distribution centers are the easiest commercial solar installs we do — large clear flat roofs, ground-level interconnect.","Warehouse building. Roof-suitable for rooftop PV. Verify ownership + contact before outreach."
"Building 1108","Sacramento","CA","osm_industrial","osm-860350560","493110","Warehousing / Cold Storage","84","moderate","corporate","direct_purchase","daytime_peak","2000","3013440","813629","2.4","12663622","Distribution centers are the easiest commercial solar installs we do — large clear flat roofs, ground-level interconnect.","Warehouse building. Roof-suitable for rooftop PV. Verify ownership + contact before outreach."
"Building 1100","Sacramento","CA","osm_industrial","osm-860350575","493110","Warehousing / Cold Storage","84","moderate","corporate","direct_purchase","daytime_peak","2000","3013440","813629","2.4","12663622","Distribution centers are the easiest commercial solar installs we do — large clear flat roofs, ground-level interconnect.","Warehouse building. Roof-suitable for rooftop PV. Verify ownership + contact before outreach."
"Building 1107","Sacramento","CA","osm_industrial","osm-860350576","493110","Warehousing / Cold Storage","84","moderate","corporate","direct_purchase","daytime_peak","2000","3013440","813629","2.4","12663622","Distribution centers are the easiest commercial solar installs we do — large clear flat roofs, ground-level interconnect.","Warehouse building. Roof-suitable for rooftop PV. Verify ownership + contact before outreach."
"Usmcr","Sacramento","CA","osm_industrial","osm-860718733","493110","Warehousing / Cold Storage","84","moderate","corporate","direct_purchase","daytime_peak","2000","3013440","813629","2.4","12663622","Distribution centers are the easiest commercial solar installs we do — large clear flat roofs, ground-level interconnect.","Warehouse building. Roof-suitable for rooftop PV. Verify ownership + contact before outreach."
"Amazon","Sacramento","CA","osm_industrial","osm-1082225855","493110","Warehousing / Cold Storage","84","moderate","corporate","direct_purchase","daytime_peak","2000","3013440","813629","2.4","12663622","Distribution centers are the easiest commercial solar installs we do — large clear flat roofs, ground-level interconnect.","Warehouse building. Roof-suitable for rooftop PV. Verify ownership + contact before outreach."
"Amazon","Sacramento","CA","osm_industrial","osm-1082225857","493110","Warehousing / Cold Storage","84","moderate","corporate","direct_purchase","daytime_peak","2000","3013440","813629","2.4","12663622","Distribution centers are the easiest commercial solar installs we do — large clear flat roofs, ground-level interconnect.","Warehouse building. Roof-suitable for rooftop PV. Verify ownership + contact before outreach."
"Sacramento County Office Of Education (Scoe) General Services And Print Shop","Sacramento","CA","osm_industrial","osm-1303131277","493110","Warehousing / Cold Storage","84","moderate","corporate","direct_purchase","daytime_peak","2000","3013440","813629","2.4","12663622","Distribution centers are the easiest commercial solar installs we do — large clear flat roofs, ground-level interconnect.","Warehouse building. Roof-suitable for rooftop PV. Verify ownership + contact before outreach."
"Inland Logistics Center","Ontario","CA","auto_seed","solar-011","493110","Warehousing / Cold Storage","84","moderate","corporate","direct_purchase","daytime_peak","2000","3013440","813629","2.4","12663622","Distribution centers are the easiest commercial solar installs we do — large clear flat roofs, ground-level interconnect.","450,000 sqft mega-warehouse"
"Ingomar Packing Company, Llc","Los Banos","CA","epa_ghgrp","epa-1000066","333","Heavy Manufacturing","80","high","corporate","direct_purchase","industrial_shift","1140","1717661","463768","2.4","7218255","","Food manufacturing — 2022 EPA GHG Reporter. NAICS 311421. Pre-qualified high-energy solar candidate."
"Lockheed Martin Missiles & Space","Sunnyvale","CA","epa_ghgrp","epa-1000072","333","Heavy Manufacturing","80","high","corporate","direct_purchase","industrial_shift","1140","1717661","463768","2.4","7218255","","Heavy manufacturing — 2022 EPA GHG Reporter. NAICS 336414. Pre-qualified high-energy solar candidate."
"Olam West Coast Inc","Firebaugh","CA","epa_ghgrp","epa-1000891","333","Heavy Manufacturing","80","high","corporate","direct_purchase","industrial_shift","1140","1717661","463768","2.4","7218255","","Food manufacturing — 2022 EPA GHG Reporter. NAICS 311423. Pre-qualified high-energy solar candidate."
"Liberty Packing","Los Banos","CA","epa_ghgrp","epa-1000903","333","Heavy Manufacturing","80","high","corporate","direct_purchase","industrial_shift","1140","1717661","463768","2.4","7218255","","Food manufacturing — 2022 EPA GHG Reporter. NAICS 311421. Pre-qualified high-energy solar candidate."
"Morning Star Packing Co (Williams)","Williams","CA","epa_ghgrp","epa-1000904","333","Heavy Manufacturing","80","high","corporate","direct_purchase","industrial_shift","1140","1717661","463768","2.4","7218255","","Food manufacturing — 2022 EPA GHG Reporter. NAICS 311421. Pre-qualified high-energy solar candidate."
"The Morning Star Packing Co (Los Banos)","Los Banos","CA","epa_ghgrp","epa-1000907","333","Heavy Manufacturing","80","high","corporate","direct_purchase","industrial_shift","1140","1717661","463768","2.4","7218255","","Food manufacturing — 2022 EPA GHG Reporter. NAICS 311421. Pre-qualified high-energy solar candidate."
"Hilmar Cheese Company","Hilmar","CA","epa_ghgrp","epa-1001735","333","Heavy Manufacturing","80","high","corporate","direct_purchase","industrial_shift","1140","1717661","463768","2.4","7218255","","Food manufacturing — 2022 EPA GHG Reporter. NAICS 311513. Pre-qualified high-energy solar candidate."
"Air Products & Chemicals Inc Martinez Waterfront Road","Martinez","CA","epa_ghgrp","epa-1002121","333","Heavy Manufacturing","80","high","corporate","direct_purchase","industrial_shift","1140","1717661","463768","2.4","7218255","","Chemical manufacturing — 2022 EPA GHG Reporter. NAICS 325120. Pre-qualified high-energy solar candidate."
"Air Products & Chemicals, Inc, Tesoro Martinez","Martinez","CA","epa_ghgrp","epa-1002122","333","Heavy Manufacturing","80","high","corporate","direct_purchase","industrial_shift","1140","1717661","463768","2.4","7218255","","Chemical manufacturing — 2022 EPA GHG Reporter. NAICS 325120. Pre-qualified high-energy solar candidate."
"Air Products And Chemicals Incorporated","Sacramento","CA","epa_ghgrp","epa-1002123","333","Heavy Manufacturing","80","high","corporate","direct_purchase","industrial_shift","1140","1717661","463768","2.4","7218255","","Chemical manufacturing — 2022 EPA GHG Reporter. NAICS 325120. Pre-qualified high-energy solar candidate."
"Foster Farms Livingston Complex","Livingston","CA","epa_ghgrp","epa-1002205","333","Heavy Manufacturing","80","high","corporate","direct_purchase","industrial_shift","1140","1717661","463768","2.4","7218255","","Food manufacturing — 2022 EPA GHG Reporter. NAICS 311615. Pre-qualified high-energy solar candidate."
"Saputo Cheese Usa Inc","Tulare","CA","epa_ghgrp","epa-1002230","333","Heavy Manufacturing","80","high","corporate","direct_purchase","industrial_shift","1140","1717661","463768","2.4","7218255","","Food manufacturing — 2022 EPA GHG Reporter. NAICS 311513. Pre-qualified high-energy solar candidate."
"Quemetco, Inc.","City Of Industry","CA","epa_ghgrp","epa-1002231","333","Heavy Manufacturing","80","high","corporate","direct_purchase","industrial_shift","1140","1717661","463768","2.4","7218255","","Heavy manufacturing — 2022 EPA GHG Reporter. NAICS 331492. Pre-qualified high-energy solar candidate."
"Air Products Carson Hydrogen Plant","Carson","CA","epa_ghgrp","epa-1002257","333","Heavy Manufacturing","80","high","corporate","direct_purchase","industrial_shift","1140","1717661","463768","2.4","7218255","","Chemical manufacturing — 2022 EPA GHG Reporter. NAICS 325120. Pre-qualified high-energy solar candidate."
"Solar Turbines Incorporated","San Diego","CA","epa_ghgrp","epa-1002317","333","Heavy Manufacturing","80","high","corporate","direct_purchase","industrial_shift","1140","1717661","463768","2.4","7218255","","Heavy manufacturing — 2022 EPA GHG Reporter. NAICS 333611. Pre-qualified high-energy solar candidate."
"Frito-Lay Cogen Plant","Bakersfield","CA","epa_ghgrp","epa-1002394","333","Heavy Manufacturing","80","high","corporate","direct_purchase","industrial_shift","1140","1717661","463768","2.4","7218255","","Food manufacturing — 2022 EPA GHG Reporter. NAICS 311919. Pre-qualified high-energy solar candidate."
"Air Products Wilmington Hydrogen Plant","Wilmington","CA","epa_ghgrp","epa-1002435","333","Heavy Manufacturing","80","high","corporate","direct_purchase","industrial_shift","1140","1717661","463768","2.4","7218255","","Chemical manufacturing — 2022 EPA GHG Reporter. NAICS 325120. Pre-qualified high-energy solar candidate."
"Tesoro Refining & Marketing Company Llc- Srp","Carson","CA","epa_ghgrp","epa-1002692","333","Heavy Manufacturing","80","high","corporate","direct_purchase","industrial_shift","1140","1717661","463768","2.4","7218255","","Chemical manufacturing — 2022 EPA GHG Reporter. NAICS 325188. Pre-qualified high-energy solar candidate."
"Land O\Lakes Incorporated","Tulare","CA","epa_ghgrp","epa-1002874","333","Heavy Manufacturing","80","high","corporate","direct_purchase","industrial_shift","1140","1717661","463768","2.4","7218255","","Food manufacturing — 2022 EPA GHG Reporter. NAICS 311514. Pre-qualified high-energy solar candidate."
"Wm Bolthouse Farms, Inc.","Bakersfield","CA","epa_ghgrp","epa-1003187","333","Heavy Manufacturing","80","high","corporate","direct_purchase","industrial_shift","1140","1717661","463768","2.4","7218255","","Food manufacturing — 2022 EPA GHG Reporter. NAICS 311991. Pre-qualified high-energy solar candidate."
"J R Simplot Company","Helm","CA","epa_ghgrp","epa-1003636","333","Heavy Manufacturing","80","high","corporate","direct_purchase","industrial_shift","1140","1717661","463768","2.4","7218255","","Chemical manufacturing — 2022 EPA GHG Reporter. NAICS 325311. Pre-qualified high-energy solar candidate."
"Genentech Incorporated","South San Francisco","CA","epa_ghgrp","epa-1003665","333","Heavy Manufacturing","80","high","corporate","direct_purchase","industrial_shift","1140","1717661","463768","2.4","7218255","","Chemical manufacturing — 2022 EPA GHG Reporter. NAICS 325414. Pre-qualified high-energy solar candidate."
"Air Liquide Large Industries Us Lp - Rodeo Hydrogen Plant","Rodeo","CA","epa_ghgrp","epa-1003748","333","Heavy Manufacturing","80","high","corporate","direct_purchase","industrial_shift","1140","1717661","463768","2.4","7218255","","Chemical manufacturing — 2022 EPA GHG Reporter. NAICS 325120. Pre-qualified high-energy solar candidate."
"Campbell Soup Supply Company, Llc Dba Dixon Canning Corp.","Dixon","CA","epa_ghgrp","epa-1004205","333","Heavy Manufacturing","80","high","corporate","direct_purchase","industrial_shift","1140","1717661","463768","2.4","7218255","","Food manufacturing — 2022 EPA GHG Reporter. NAICS 311421. Pre-qualified high-energy solar candidate."
"Sensient Natural Ingredients Llc","Livingston","CA","epa_ghgrp","epa-1004262","333","Heavy Manufacturing","80","high","corporate","direct_purchase","industrial_shift","1140","1717661","463768","2.4","7218255","","Food manufacturing — 2022 EPA GHG Reporter. NAICS 311423. Pre-qualified high-energy solar candidate."
"Benechill, Inc.","San Diego","CA","epa_ghgrp","epa-1004445","333","Heavy Manufacturing","80","high","corporate","direct_purchase","industrial_shift","1140","1717661","463768","2.4","7218255","","Chemical manufacturing — 2022 EPA GHG Reporter. NAICS 325412. Pre-qualified high-energy solar candidate."
"Uss-Upi, Llc","Pittsburg","CA","epa_ghgrp","epa-1004478","333","Heavy Manufacturing","80","high","corporate","direct_purchase","industrial_shift","1140","1717661","463768","2.4","7218255","","Heavy manufacturing — 2022 EPA GHG Reporter. NAICS 331221. Pre-qualified high-energy solar candidate."
"General Mills - Lodi Plant","Lodi","CA","epa_ghgrp","epa-1004579","333","Heavy Manufacturing","80","high","corporate","direct_purchase","industrial_shift","1140","1717661","463768","2.4","7218255","","Food manufacturing — 2022 EPA GHG Reporter. NAICS 311230. Pre-qualified high-energy solar candidate."
"Kelco","San Diego","CA","epa_ghgrp","epa-1004753","333","Heavy Manufacturing","80","high","corporate","direct_purchase","industrial_shift","1140","1717661","463768","2.4","7218255","","Food manufacturing — 2022 EPA GHG Reporter. NAICS 311999. Pre-qualified high-energy solar candidate."
"J.G. Boswell Tomato Company Kings Llc","Corcoran","CA","epa_ghgrp","epa-1004832","333","Heavy Manufacturing","80","high","corporate","direct_purchase","industrial_shift","1140","1717661","463768","2.4","7218255","","Food manufacturing — 2022 EPA GHG Reporter. NAICS 311421. Pre-qualified high-energy solar candidate."
"J.G. Boswell Tomato Company Kern Llc","Buttonwillow","CA","epa_ghgrp","epa-1004956","333","Heavy Manufacturing","80","high","corporate","direct_purchase","industrial_shift","1140","1717661","463768","2.4","7218255","","Food manufacturing — 2022 EPA GHG Reporter. NAICS 311421. Pre-qualified high-energy solar candidate."
"United States Pipe & Foundry Co Llc","Union City","CA","epa_ghgrp","epa-1004965","333","Heavy Manufacturing","80","high","corporate","direct_purchase","industrial_shift","1140","1717661","463768","2.4","7218255","","Heavy manufacturing — 2022 EPA GHG Reporter. NAICS 331511. Pre-qualified high-energy solar candidate."
"Carlton Forge Works","Paramount","CA","epa_ghgrp","epa-1005150","333","Heavy Manufacturing","80","high","corporate","direct_purchase","industrial_shift","1140","1717661","463768","2.4","7218255","","Heavy manufacturing — 2022 EPA GHG Reporter. NAICS 332112. Pre-qualified high-energy solar candidate."
"Amgen Inc","Thousand Oaks","CA","epa_ghgrp","epa-1005413","333","Heavy Manufacturing","80","high","corporate","direct_purchase","industrial_shift","1140","1717661","463768","2.4","7218255","","Chemical manufacturing — 2022 EPA GHG Reporter. NAICS 325414. Pre-qualified high-energy solar candidate."
"Olam West Coast Inc","Gilroy","CA","epa_ghgrp","epa-1005517","333","Heavy Manufacturing","80","high","corporate","direct_purchase","industrial_shift","1140","1717661","463768","2.4","7218255","","Food manufacturing — 2022 EPA GHG Reporter. NAICS 311423. Pre-qualified high-energy solar candidate."
"Vista Metals Corporation","Fontana","CA","epa_ghgrp","epa-1005588","333","Heavy Manufacturing","80","high","corporate","direct_purchase","industrial_shift","1140","1717661","463768","2.4","7218255","","Heavy manufacturing — 2022 EPA GHG Reporter. NAICS 331314. Pre-qualified high-energy solar candidate."
"Mizkan America Inc","Stockton","CA","epa_ghgrp","epa-1005644","333","Heavy Manufacturing","80","high","corporate","direct_purchase","industrial_shift","1140","1717661","463768","2.4","7218255","","Food manufacturing — 2022 EPA GHG Reporter. NAICS 311421. Pre-qualified high-energy solar candidate."
"California Dairies Inc Tipton","Tipton","CA","epa_ghgrp","epa-1005657","333","Heavy Manufacturing","80","high","corporate","direct_purchase","industrial_shift","1140","1717661","463768","2.4","7218255","","Food manufacturing — 2022 EPA GHG Reporter. NAICS 311514. Pre-qualified high-energy solar candidate."
"California Dairies Inc Fresno","Fresno","CA","epa_ghgrp","epa-1005658","333","Heavy Manufacturing","80","high","corporate","direct_purchase","industrial_shift","1140","1717661","463768","2.4","7218255","","Food manufacturing — 2022 EPA GHG Reporter. NAICS 311514. Pre-qualified high-energy solar candidate."
"California Dairies Inc Visalia","Visalia","CA","epa_ghgrp","epa-1005659","333","Heavy Manufacturing","80","high","corporate","direct_purchase","industrial_shift","1140","1717661","463768","2.4","7218255","","Food manufacturing — 2022 EPA GHG Reporter. NAICS 311514. Pre-qualified high-energy solar candidate."
"Tamco","Rancho Cucamonga","CA","epa_ghgrp","epa-1005800","333","Heavy Manufacturing","80","high","corporate","direct_purchase","industrial_shift","1140","1717661","463768","2.4","7218255","","Heavy manufacturing — 2022 EPA GHG Reporter. NAICS 331110. Pre-qualified high-energy solar candidate."
"Holly Sugar Corp Dba Spreckels Company","Brawley","CA","epa_ghgrp","epa-1005864","333","Heavy Manufacturing","80","high","corporate","direct_purchase","industrial_shift","1140","1717661","463768","2.4","7218255","","Food manufacturing — 2022 EPA GHG Reporter. NAICS 311313. Pre-qualified high-energy solar candidate."
"B Braun Medical, Inc","Irvine","CA","epa_ghgrp","epa-1005872","333","Heavy Manufacturing","80","high","corporate","direct_purchase","industrial_shift","1140","1717661","463768","2.4","7218255","","Chemical manufacturing — 2022 EPA GHG Reporter. NAICS 325412. Pre-qualified high-energy solar candidate."
"Lockheed Martin Aeronautics Company","Palmdale","CA","epa_ghgrp","epa-1006066","333","Heavy Manufacturing","80","high","corporate","direct_purchase","industrial_shift","1140","1717661","463768","2.4","7218255","","Heavy manufacturing — 2022 EPA GHG Reporter. NAICS 336411. Pre-qualified high-energy solar candidate."
"Pacific Coast Producers","Woodland","CA","epa_ghgrp","epa-1006104","333","Heavy Manufacturing","80","high","corporate","direct_purchase","industrial_shift","1140","1717661","463768","2.4","7218255","","Food manufacturing — 2022 EPA GHG Reporter. NAICS 311421. Pre-qualified high-energy solar candidate."
"Exide Technologies","Los Angeles","CA","epa_ghgrp","epa-1006427","333","Heavy Manufacturing","80","high","corporate","direct_purchase","industrial_shift","1140","1717661","463768","2.4","7218255","","Heavy manufacturing — 2022 EPA GHG Reporter. NAICS 331492. Pre-qualified high-energy solar candidate."
"Air Liquid Large Industries Us, Lp","El Segundo","CA","epa_ghgrp","epa-1006430","333","Heavy Manufacturing","80","high","corporate","direct_purchase","industrial_shift","1140","1717661","463768","2.4","7218255","","Chemical manufacturing — 2022 EPA GHG Reporter. NAICS 325120. Pre-qualified high-energy solar candidate."
"Conagra Foods Inc.","Oakdale","CA","epa_ghgrp","epa-1006445","333","Heavy Manufacturing","80","high","corporate","direct_purchase","industrial_shift","1140","1717661","463768","2.4","7218255","","Food manufacturing — 2022 EPA GHG Reporter. NAICS 311421. Pre-qualified high-energy solar candidate."
"Del Monte Foods Plant Number 24","Hanford","CA","epa_ghgrp","epa-1006447","333","Heavy Manufacturing","80","high","corporate","direct_purchase","industrial_shift","1140","1717661","463768","2.4","7218255","","Food manufacturing — 2022 EPA GHG Reporter. NAICS 311421. Pre-qualified high-energy solar candidate."
"National Beef California, Lp","Brawley","CA","epa_ghgrp","epa-1006568","333","Heavy Manufacturing","80","high","corporate","direct_purchase","industrial_shift","1140","1717661","463768","2.4","7218255","","Food manufacturing — 2022 EPA GHG Reporter. NAICS 311611. Pre-qualified high-energy solar candidate."
"Leprino Foods - Lemoore West","Lemore","CA","epa_ghgrp","epa-1006594","333","Heavy Manufacturing","80","high","corporate","direct_purchase","industrial_shift","1140","1717661","463768","2.4","7218255","","Food manufacturing — 2022 EPA GHG Reporter. NAICS 311513. Pre-qualified high-energy solar candidate."
"Linde Ontario Ca","Ontario","CA","epa_ghgrp","epa-1006732","333","Heavy Manufacturing","80","high","corporate","direct_purchase","industrial_shift","1140","1717661","463768","2.4","7218255","","Chemical manufacturing — 2022 EPA GHG Reporter. NAICS 325120. Pre-qualified high-energy solar candidate."
"California Steel Industries Inc","Fontana","CA","epa_ghgrp","epa-1006761","333","Heavy Manufacturing","80","high","corporate","direct_purchase","industrial_shift","1140","1717661","463768","2.4","7218255","","Heavy manufacturing — 2022 EPA GHG Reporter. NAICS 331221. Pre-qualified high-energy solar candidate."
"California Dairies Inc Turlock","Turlock","CA","epa_ghgrp","epa-1006836","333","Heavy Manufacturing","80","high","corporate","direct_purchase","industrial_shift","1140","1717661","463768","2.4","7218255","","Food manufacturing — 2022 EPA GHG Reporter. NAICS 311514. Pre-qualified high-energy solar candidate."
"Conagra Foods Inc.","Helm","CA","epa_ghgrp","epa-1006937","333","Heavy Manufacturing","80","high","corporate","direct_purchase","industrial_shift","1140","1717661","463768","2.4","7218255","","Food manufacturing — 2022 EPA GHG Reporter. NAICS 311421. Pre-qualified high-energy solar candidate."
"Pelican Renewables, Llc","Stockton","CA","epa_ghgrp","epa-1007262","333","Heavy Manufacturing","80","high","corporate","direct_purchase","industrial_shift","1140","1717661","463768","2.4","7218255","","Chemical manufacturing — 2022 EPA GHG Reporter. NAICS 325193. Pre-qualified high-energy solar candidate."
"Dte Stockton","Stockton","CA","epa_ghgrp","epa-1007265","333","Heavy Manufacturing","80","high","corporate","direct_purchase","industrial_shift","1140","1717661","463768","2.4","7218255","","Chemical manufacturing — 2022 EPA GHG Reporter. NAICS 325193. Pre-qualified high-energy solar candidate."
"Matheson Tri-Gas, Inc. - Richmond","Richmond","CA","epa_ghgrp","epa-1007286","333","Heavy Manufacturing","80","high","corporate","direct_purchase","industrial_shift","1140","1717661","463768","2.4","7218255","","Chemical manufacturing — 2022 EPA GHG Reporter. NAICS 325120. Pre-qualified high-energy solar candidate."
"Martinez Renewable Fuel Facility","Martinez","CA","epa_ghgrp","epa-1007390","333","Heavy Manufacturing","80","high","corporate","direct_purchase","industrial_shift","1140","1717661","463768","2.4","7218255","","Chemical manufacturing — 2022 EPA GHG Reporter. NAICS 325199. Pre-qualified high-energy solar candidate."
"Stanislaus Food Products Company","Modesto","CA","epa_ghgrp","epa-1007461","333","Heavy Manufacturing","80","high","corporate","direct_purchase","industrial_shift","1140","1717661","463768","2.4","7218255","","Food manufacturing — 2022 EPA GHG Reporter. NAICS 311421. Pre-qualified high-energy solar candidate."
"Eco Services Dominguez","Carson","CA","epa_ghgrp","epa-1007539","333","Heavy Manufacturing","80","high","corporate","direct_purchase","industrial_shift","1140","1717661","463768","2.4","7218255","","Chemical manufacturing — 2022 EPA GHG Reporter. NAICS 325180. Pre-qualified high-energy solar candidate."
"Day-Glo Color Corporation","Cudahy","CA","epa_ghgrp","epa-1007556","333","Heavy Manufacturing","80","high","corporate","direct_purchase","industrial_shift","1140","1717661","463768","2.4","7218255","","Chemical manufacturing — 2022 EPA GHG Reporter. NAICS 325510. Pre-qualified high-energy solar candidate."
"Corteva Agriscience - Pittsburg Operations","Pittsburg","CA","epa_ghgrp","epa-1007805","333","Heavy Manufacturing","80","high","corporate","direct_purchase","industrial_shift","1140","1717661","463768","2.4","7218255","","Chemical manufacturing — 2022 EPA GHG Reporter. NAICS 325199. Pre-qualified high-energy solar candidate."
"Skyworks Solutions, Inc.","Newbury Park","CA","epa_ghgrp","epa-1009626","333","Heavy Manufacturing","80","high","corporate","direct_purchase","industrial_shift","1140","1717661","463768","2.4","7218255","","Heavy manufacturing — 2022 EPA GHG Reporter. NAICS 334413. Pre-qualified high-energy solar candidate."
"Robert Bosch Semiconductor Llc","Roseville","CA","epa_ghgrp","epa-1009928","333","Heavy Manufacturing","80","high","corporate","direct_purchase","industrial_shift","1140","1717661","463768","2.4","7218255","","Heavy manufacturing — 2022 EPA GHG Reporter. NAICS 334413. Pre-qualified high-energy solar candidate."
"Infineon Technologies Americas Corp","Temecula","CA","epa_ghgrp","epa-1009951","333","Heavy Manufacturing","80","high","corporate","direct_purchase","industrial_shift","1140","1717661","463768","2.4","7218255","","Heavy manufacturing — 2022 EPA GHG Reporter. NAICS 334413. Pre-qualified high-energy solar candidate."
"Maxim Integrated Products","San Jose","CA","epa_ghgrp","epa-1009983","333","Heavy Manufacturing","80","high","corporate","direct_purchase","industrial_shift","1140","1717661","463768","2.4","7218255","","Heavy manufacturing — 2022 EPA GHG Reporter. NAICS 334413. Pre-qualified high-energy solar candidate."
"Los Gatos Tomato Products","Huron","CA","epa_ghgrp","epa-1010003","333","Heavy Manufacturing","80","high","corporate","direct_purchase","industrial_shift","1140","1717661","463768","2.4","7218255","","Food manufacturing — 2022 EPA GHG Reporter. NAICS 311421. Pre-qualified high-energy solar candidate."
"Newport Fab Llc (Dba Towerjazz)","Newport Beach","CA","epa_ghgrp","epa-1010139","333","Heavy Manufacturing","80","high","corporate","direct_purchase","industrial_shift","1140","1717661","463768","2.4","7218255","","Heavy manufacturing — 2022 EPA GHG Reporter. NAICS 334413. Pre-qualified high-energy solar candidate."
"Hussmann Technologies Corporation Of America","San Diego","CA","epa_ghgrp","epa-1010247","333","Heavy Manufacturing","80","high","corporate","direct_purchase","industrial_shift","1140","1717661","463768","2.4","7218255","","Heavy manufacturing — 2022 EPA GHG Reporter. NAICS 335220. Pre-qualified high-energy solar candidate."
"American Honda Motor Co., Inc","Torrance","CA","epa_ghgrp","epa-1010290","333","Heavy Manufacturing","80","high","corporate","direct_purchase","industrial_shift","1140","1717661","463768","2.4","7218255","","Heavy manufacturing — 2022 EPA GHG Reporter. NAICS 336110. Pre-qualified high-energy solar candidate."
"Linear Technology Corporation","Milpitas","CA","epa_ghgrp","epa-1010317","333","Heavy Manufacturing","80","high","corporate","direct_purchase","industrial_shift","1140","1717661","463768","2.4","7218255","","Heavy manufacturing — 2022 EPA GHG Reporter. NAICS 334413. Pre-qualified high-energy solar candidate."
"Olam West Coast Inc","Lemoore","CA","epa_ghgrp","epa-1010345","333","Heavy Manufacturing","80","high","corporate","direct_purchase","industrial_shift","1140","1717661","463768","2.4","7218255","","Food manufacturing — 2022 EPA GHG Reporter. NAICS 311422. Pre-qualified high-energy solar candidate."
"Olam West Coast Inc","Williams","CA","epa_ghgrp","epa-1010346","333","Heavy Manufacturing","80","high","corporate","direct_purchase","industrial_shift","1140","1717661","463768","2.4","7218255","","Food manufacturing — 2022 EPA GHG Reporter. NAICS 311421. Pre-qualified high-energy solar candidate."
"International Rectifier","El Segundo","CA","epa_ghgrp","epa-1010349","333","Heavy Manufacturing","80","high","corporate","direct_purchase","industrial_shift","1140","1717661","463768","2.4","7218255","","Heavy manufacturing — 2022 EPA GHG Reporter. NAICS 334413. Pre-qualified high-energy solar candidate."
"Ingredion Incorporated","Stockton","CA","epa_ghgrp","epa-1010590","333","Heavy Manufacturing","80","high","corporate","direct_purchase","industrial_shift","1140","1717661","463768","2.4","7218255","","Food manufacturing — 2022 EPA GHG Reporter. NAICS 311221. Pre-qualified high-energy solar candidate."
"Prime Wheel Corporation","Gardena","CA","epa_ghgrp","epa-1010696","333","Heavy Manufacturing","80","high","corporate","direct_purchase","industrial_shift","1140","1717661","463768","2.4","7218255","","Heavy manufacturing — 2022 EPA GHG Reporter. NAICS 336390. Pre-qualified high-energy solar candidate."
"Shultz Steel Company","South Gate","CA","epa_ghgrp","epa-1011384","333","Heavy Manufacturing","80","high","corporate","direct_purchase","industrial_shift","1140","1717661","463768","2.4","7218255","","Heavy manufacturing — 2022 EPA GHG Reporter. NAICS 332111. Pre-qualified high-energy solar candidate."
"Tesla, Inc.","Fremont","CA","epa_ghgrp","epa-1011389","333","Heavy Manufacturing","80","high","corporate","direct_purchase","industrial_shift","1140","1717661","463768","2.4","7218255","","Heavy manufacturing — 2022 EPA GHG Reporter. NAICS 336110. Pre-qualified high-energy solar candidate."
"Schlosser Forge Company","Rancho Cucamonga","CA","epa_ghgrp","epa-1011475","333","Heavy Manufacturing","80","high","corporate","direct_purchase","industrial_shift","1140","1717661","463768","2.4","7218255","","Heavy manufacturing — 2022 EPA GHG Reporter. NAICS 332112. Pre-qualified high-energy solar candidate."
"Microfabrica Inc","Van Nuys","CA","epa_ghgrp","epa-1011548","333","Heavy Manufacturing","80","high","corporate","direct_purchase","industrial_shift","1140","1717661","463768","2.4","7218255","","Heavy manufacturing — 2022 EPA GHG Reporter. NAICS 332813. Pre-qualified high-energy solar candidate."
"Varian Medical Systems, Inc","Palo Alto","CA","epa_ghgrp","epa-1011769","333","Heavy Manufacturing","80","high","corporate","direct_purchase","industrial_shift","1140","1717661","463768","2.4","7218255","","Heavy manufacturing — 2022 EPA GHG Reporter. NAICS 334510. Pre-qualified high-energy solar candidate."
"Vishay Intertechnology","Santa Clara","CA","epa_ghgrp","epa-1011798","333","Heavy Manufacturing","80","high","corporate","direct_purchase","industrial_shift","1140","1717661","463768","2.4","7218255","","Heavy manufacturing — 2022 EPA GHG Reporter. NAICS 334413. Pre-qualified high-energy solar candidate."
"Micrel Llc.","San Jose","CA","epa_ghgrp","epa-1011819","333","Heavy Manufacturing","80","high","corporate","direct_purchase","industrial_shift","1140","1717661","463768","2.4","7218255","","Heavy manufacturing — 2022 EPA GHG Reporter. NAICS 334413. Pre-qualified high-energy solar candidate."
"Lumileds Llc","San Jose","CA","epa_ghgrp","epa-1011905","333","Heavy Manufacturing","80","high","corporate","direct_purchase","industrial_shift","1140","1717661","463768","2.4","7218255","","Heavy manufacturing — 2022 EPA GHG Reporter. NAICS 334413. Pre-qualified high-energy solar candidate."
"Aemetis Advanced Fuels Keyes, Inc.","Ceres","CA","epa_ghgrp","epa-1012089","333","Heavy Manufacturing","80","high","corporate","direct_purchase","industrial_shift","1140","1717661","463768","2.4","7218255","","Chemical manufacturing — 2022 EPA GHG Reporter. NAICS 325193. Pre-qualified high-energy solar candidate."
"Tomatek / Neil Jones Food Companies","Firebaugh","CA","epa_ghgrp","epa-1012094","333","Heavy Manufacturing","80","high","corporate","direct_purchase","industrial_shift","1140","1717661","463768","2.4","7218255","","Food manufacturing — 2022 EPA GHG Reporter. NAICS 311421. Pre-qualified high-energy solar candidate."
"California Dairies, Inc. - Turlock North","Turlock","CA","epa_ghgrp","epa-1012990","333","Heavy Manufacturing","80","high","corporate","direct_purchase","industrial_shift","1140","1717661","463768","2.4","7218255","","Food manufacturing — 2022 EPA GHG Reporter. NAICS 311514. Pre-qualified high-energy solar candidate."
"Frito Lay Modesto","Modesto","CA","epa_ghgrp","epa-1013489","333","Heavy Manufacturing","80","high","corporate","direct_purchase","industrial_shift","1140","1717661","463768","2.4","7218255","","Food manufacturing — 2022 EPA GHG Reporter. NAICS 311919. Pre-qualified high-energy solar candidate."
"Northrop Grumman Marine Systems","Sunnyvale","CA","epa_ghgrp","epa-1014201","333","Heavy Manufacturing","80","high","corporate","direct_purchase","industrial_shift","1140","1717661","463768","2.4","7218255","","Heavy manufacturing — 2022 EPA GHG Reporter. NAICS 333612. Pre-qualified high-energy solar candidate."
"Air Products West Coast Hydrogen - Hp-1","Martinez","CA","epa_ghgrp","epa-1014323","333","Heavy Manufacturing","80","high","corporate","direct_purchase","industrial_shift","1140","1717661","463768","2.4","7218255","","Chemical manufacturing — 2022 EPA GHG Reporter. NAICS 325120. Pre-qualified high-energy solar candidate."
"Air Products West Coast Hydrogen - Hp-2","Martinez","CA","epa_ghgrp","epa-1014324","333","Heavy Manufacturing","80","high","corporate","direct_purchase","industrial_shift","1140","1717661","463768","2.4","7218255","","Chemical manufacturing — 2022 EPA GHG Reporter. NAICS 325120. Pre-qualified high-energy solar candidate."
"Air Products West Coast Hydrogen Llc - Torrance","Torrance","CA","epa_ghgrp","epa-1014612","333","Heavy Manufacturing","80","high","corporate","direct_purchase","industrial_shift","1140","1717661","463768","2.4","7218255","","Chemical manufacturing — 2022 EPA GHG Reporter. NAICS 325120. Pre-qualified high-energy solar candidate."
"Calera Creek Water Recycling Plant","Bay Area","CA","osm_industrial","osm-186543604","333","Heavy Manufacturing","80","high","corporate","direct_purchase","industrial_shift","1140","1717661","463768","2.4","7218255","","Wastewater_plant building. Roof-suitable for rooftop PV. Verify ownership + contact before outreach."
"Uc Davis Medical Center","Sacramento","CA","epa_ghgrp","epa-1002271","6221","Healthcare","78","high","mixed","cash_or_ppa","flat_24_7","2000","3013440","813629","2.4","12663622","","Hospital — 2022 EPA GHG Reporter. NAICS 622110. Pre-qualified high-energy solar candidate."
"Metropolitan State Hospital","Norwalk","CA","epa_ghgrp","epa-1013980","6221","Healthcare","78","high","mixed","cash_or_ppa","flat_24_7","2000","3013440","813629","2.4","12663622","","Hospital — 2022 EPA GHG Reporter. NAICS 622210. Pre-qualified high-energy solar candidate."
"Los Angeles General Medical Center","Los Angeles","CA","epa_ghgrp","epa-1014787","6221","Healthcare","78","high","mixed","cash_or_ppa","flat_24_7","2000","3013440","813629","2.4","12663622","","Hospital — 2022 EPA GHG Reporter. NAICS 622110. Pre-qualified high-energy solar candidate."
"Stanford Hospital","Stanford","CA","auto_seed","solar-med-009","6221","Healthcare","78","high","mixed","cash_or_ppa","flat_24_7","2000","3013440","813629","2.4","12663622","","Stanford net-zero 2050 — academic medical center"
"Ardagh Glass Inc. (Madera)","Madera","CA","epa_ghgrp","epa-1000005","","","","","","","","600","904032","244089","2.7","3736512","","Cement / glass — 2022 EPA GHG Reporter. NAICS 327213. Pre-qualified high-energy solar candidate."
"San Gabriel Cogeneration Facility","Pomona","CA","epa_ghgrp","epa-1000033","","","","","","","","600","904032","244089","2.7","3736512","","Power generation — 2022 EPA GHG Reporter. NAICS 221112. Pre-qualified high-energy solar candidate."
"Badlands Sanitary Landfill","Moreno Valley","CA","epa_ghgrp","epa-1000046","","","","","","","","600","904032","244089","2.7","3736512","","Industrial facility — 2022 EPA GHG Reporter. NAICS 562212. Pre-qualified high-energy solar candidate."
"Mariposa Energy, Llc","Byron","CA","epa_ghgrp","epa-1000051","","","","","","","","600","904032","244089","2.7","3736512","","Power generation — 2022 EPA GHG Reporter. NAICS 221112. Pre-qualified high-energy solar candidate."
"Calpeak Power - Vaca Dixon Llc","Vacaville","CA","epa_ghgrp","epa-1000058","","","","","","","","600","904032","244089","2.7","3736512","","Power generation — 2022 EPA GHG Reporter. NAICS 221112. Pre-qualified high-energy solar candidate."
"Lone Star Gas Liquids","Shafter","CA","epa_ghgrp","epa-1000064","","","","","","","","600","904032","244089","2.7","3736512","","Industrial facility — 2022 EPA GHG Reporter. NAICS 211130. Pre-qualified high-energy solar candidate."
"Calpeak Power - Border Llc","San Diego","CA","epa_ghgrp","epa-1000065","","","","","","","","600","904032","244089","2.7","3736512","","Power generation — 2022 EPA GHG Reporter. NAICS 221112. Pre-qualified high-energy solar candidate."
"Cuyamaca Energy Facility","El Cajon","CA","epa_ghgrp","epa-1000067","","","","","","","","600","904032","244089","2.7","3736512","","Power generation — 2022 EPA GHG Reporter. NAICS 221112. Pre-qualified high-energy solar candidate."
"High Desert Power Project","Victorville","CA","epa_ghgrp","epa-1000070","","","","","","","","600","904032","244089","2.7","3736512","","Power generation — 2022 EPA GHG Reporter. NAICS 221112. Pre-qualified high-energy solar candidate."
"Escondido Energy Center, Llc","Escondido","CA","epa_ghgrp","epa-1000074","","","","","","","","600","904032","244089","2.7","3736512","","Power generation — 2022 EPA GHG Reporter. NAICS 221112. Pre-qualified high-energy solar candidate."
"Chula Vista Energy Center","Chula Vista","CA","epa_ghgrp","epa-1000075","","","","","","","","600","904032","244089","2.7","3736512","","Power generation — 2022 EPA GHG Reporter. NAICS 221112. Pre-qualified high-energy solar candidate."
"Creed Energy Center","Suisun City","CA","epa_ghgrp","epa-1000080","","","","","","","","600","904032","244089","2.7","3736512","","Power generation — 2022 EPA GHG Reporter. NAICS 221112. Pre-qualified high-energy solar candidate."
"Lambie Energy Center","Suisun City","CA","epa_ghgrp","epa-1000081","","","","","","","","600","904032","244089","2.7","3736512","","Power generation — 2022 EPA GHG Reporter. NAICS 221112. Pre-qualified high-energy solar candidate."
"Goose Haven Energy Center","Suisun City","CA","epa_ghgrp","epa-1000082","","","","","","","","600","904032","244089","2.7","3736512","","Power generation — 2022 EPA GHG Reporter. NAICS 221112. Pre-qualified high-energy solar candidate."
"Sunrise Power Company","Fellows","CA","epa_ghgrp","epa-1000102","","","","","","","","600","904032","244089","2.7","3736512","","Power generation — 2022 EPA GHG Reporter. NAICS 221112. Pre-qualified high-energy solar candidate."
"Gilroy Energy Center, Llc For King City","King City","CA","epa_ghgrp","epa-1000122","","","","","","","","600","904032","244089","2.7","3736512","","Power generation — 2022 EPA GHG Reporter. NAICS 221112. Pre-qualified high-energy solar candidate."
"Yuba City Energy Center","Yuba City","CA","epa_ghgrp","epa-1000123","","","","","","","","600","904032","244089","2.7","3736512","","Power generation — 2022 EPA GHG Reporter. NAICS 221112. Pre-qualified high-energy solar candidate."
"Indigo Generation Facility","North Palm Springs","CA","epa_ghgrp","epa-1000128","","","","","","","","600","904032","244089","2.7","3736512","","Power generation — 2022 EPA GHG Reporter. NAICS 221112. Pre-qualified high-energy solar candidate."
"Hanford Energy Park Peaker","Hanford","CA","epa_ghgrp","epa-1000130","","","","","","","","600","904032","244089","2.7","3736512","","Power generation — 2022 EPA GHG Reporter. NAICS 221112. Pre-qualified high-energy solar candidate."
"Pastoria Energy Facility","Lebec","CA","epa_ghgrp","epa-1000133","","","","","","","","600","904032","244089","2.7","3736512","","Power generation — 2022 EPA GHG Reporter. NAICS 221112. Pre-qualified high-energy solar candidate."
"Larkspur Energy Faciity","San Diego","CA","epa_ghgrp","epa-1000147","","","","","","","","600","904032","244089","2.7","3736512","","Power generation — 2022 EPA GHG Reporter. NAICS 221112. Pre-qualified high-energy solar candidate."
"Redding Power Plant","Redding","CA","epa_ghgrp","epa-1000161","","","","","","","","600","904032","244089","2.7","3736512","","Power generation — 2022 EPA GHG Reporter. NAICS 221112. Pre-qualified high-energy solar candidate."
"Los Esteros Critical Energy Fac","San Jose","CA","epa_ghgrp","epa-1000175","","","","","","","","600","904032","244089","2.7","3736512","","Power generation — 2022 EPA GHG Reporter. NAICS 221112. Pre-qualified high-energy solar candidate."
"Lake","Burbank","CA","epa_ghgrp","epa-1000224","","","","","","","","600","904032","244089","2.7","3736512","","Power generation — 2022 EPA GHG Reporter. NAICS 221112. Pre-qualified high-energy solar candidate."
"Feather River Energy Center","Yuba City","CA","epa_ghgrp","epa-1000279","","","","","","","","600","904032","244089","2.7","3736512","","Power generation — 2022 EPA GHG Reporter. NAICS 221112. Pre-qualified high-energy solar candidate."
"Wolfskill Energy Center","Fairfield","CA","epa_ghgrp","epa-1000280","","","","","","","","600","904032","244089","2.7","3736512","","Power generation — 2022 EPA GHG Reporter. NAICS 221112. Pre-qualified high-energy solar candidate."
"Henrietta Peaker Plant","Lemoore","CA","epa_ghgrp","epa-1000283","","","","","","","","600","904032","244089","2.7","3736512","","Power generation — 2022 EPA GHG Reporter. NAICS 221112. Pre-qualified high-energy solar candidate."
"California Resources Production Corporation  Lost Hills","Lost Hills","CA","epa_ghgrp","epa-1000289","","","","","","","","600","904032","244089","2.7","3736512","","Industrial facility — 2022 EPA GHG Reporter. NAICS 211111. Pre-qualified high-energy solar candidate."
"Gilroy Energy Center, Llc","Gilroy","CA","epa_ghgrp","epa-1000300","","","","","","","","600","904032","244089","2.7","3736512","","Power generation — 2022 EPA GHG Reporter. NAICS 221112. Pre-qualified high-energy solar candidate."
"Donald Von Raesfeld","Santa Clara","CA","epa_ghgrp","epa-1000310","","","","","","","","600","904032","244089","2.7","3736512","","Power generation — 2022 EPA GHG Reporter. NAICS 221112. Pre-qualified high-energy solar candidate."
"Wellhead Power Gates, Llc","Huron","CA","epa_ghgrp","epa-1000314","","","","","","","","600","904032","244089","2.7","3736512","","Power generation — 2022 EPA GHG Reporter. NAICS 221112. Pre-qualified high-energy solar candidate."
"Riverview Energy Center","Antioch","CA","epa_ghgrp","epa-1000321","","","","","","","","600","904032","244089","2.7","3736512","","Power generation — 2022 EPA GHG Reporter. NAICS 221112. Pre-qualified high-energy solar candidate."
"Cosumnes Power Plant","Herald","CA","epa_ghgrp","epa-1000323","","","","","","","","600","904032","244089","2.7","3736512","","Power generation — 2022 EPA GHG Reporter. NAICS 221112. Pre-qualified high-energy solar candidate."
"City Of Santa Cruz Sanitary Landfill","Santa Cruz","CA","epa_ghgrp","epa-1000339","","","","","","","","600","904032","244089","2.7","3736512","","Industrial facility — 2022 EPA GHG Reporter. NAICS 562212. Pre-qualified high-energy solar candidate."
"Air Products Manufacturing Corp Stockton Cogen","Stockton","CA","epa_ghgrp","epa-1000341","","","","","","","","600","904032","244089","2.7","3736512","","Power generation — 2022 EPA GHG Reporter. NAICS 221112. Pre-qualified high-energy solar candidate."
"Mead Valley Disposal Site Landfill","Perris","CA","epa_ghgrp","epa-1000366","","","","","","","","600","904032","244089","2.7","3736512","","Industrial facility — 2022 EPA GHG Reporter. NAICS 562212. Pre-qualified high-energy solar candidate."
"Double Butte Disposal Site Landfill","Winchester","CA","epa_ghgrp","epa-1000367","","","","","","","","600","904032","244089","2.7","3736512","","Industrial facility — 2022 EPA GHG Reporter. NAICS 562212. Pre-qualified high-energy solar candidate."
"Riv Co Waste Mgmt (Edom Hill)","Thousand Palms","CA","epa_ghgrp","epa-1000368","","","","","","","","600","904032","244089","2.7","3736512","","Industrial facility — 2022 EPA GHG Reporter. NAICS 562212. Pre-qualified high-energy solar candidate."
"Corona Disposal Site","Corona","CA","epa_ghgrp","epa-1000369","","","","","","","","600","904032","244089","2.7","3736512","","Industrial facility — 2022 EPA GHG Reporter. NAICS 562212. Pre-qualified high-energy solar candidate."
"Palomar Energy Center","Escondido","CA","epa_ghgrp","epa-1000410","","","","","","","","600","904032","244089","2.7","3736512","","Power generation — 2022 EPA GHG Reporter. NAICS 221112. Pre-qualified high-energy solar candidate."
"Icegen","Carson","CA","epa_ghgrp","epa-1000422","","","","","","","","600","904032","244089","2.7","3736512","","Power generation — 2022 EPA GHG Reporter. NAICS 221112. Pre-qualified high-energy solar candidate."
"Agua Mansa Power","Colton","CA","epa_ghgrp","epa-1000423","","","","","","","","600","904032","244089","2.7","3736512","","Power generation — 2022 EPA GHG Reporter. NAICS 221112. Pre-qualified high-energy solar candidate."
"El Segundo","El Segundo","CA","epa_ghgrp","epa-1000431","","","","","","","","600","904032","244089","2.7","3736512","","Power generation — 2022 EPA GHG Reporter. NAICS 221112. Pre-qualified high-energy solar candidate."
"Ripon Generation Station","Ripon","CA","epa_ghgrp","epa-1000438","","","","","","","","600","904032","244089","2.7","3736512","","Power generation — 2022 EPA GHG Reporter. NAICS 221112. Pre-qualified high-energy solar candidate."
"Pg&E Burney Compressor Station","Burney","CA","epa_ghgrp","epa-1000439","","","","","","","","600","904032","244089","2.7","3736512","","Power generation — 2022 EPA GHG Reporter. NAICS 221210. Pre-qualified high-energy solar candidate."
"Miramar Energy Facility","San Diego","CA","epa_ghgrp","epa-1000447","","","","","","","","600","904032","244089","2.7","3736512","","Power generation — 2022 EPA GHG Reporter. NAICS 221112. Pre-qualified high-energy solar candidate."
"Calpine Gilroy Cogen, Lp","Gilroy","CA","epa_ghgrp","epa-1000453","","","","","","","","600","904032","244089","2.7","3736512","","Power generation — 2022 EPA GHG Reporter. NAICS 221112. Pre-qualified high-energy solar candidate."
"Magnolia","Burbank","CA","epa_ghgrp","epa-1000457","","","","","","","","600","904032","244089","2.7","3736512","","Power generation — 2022 EPA GHG Reporter. NAICS 221112. Pre-qualified high-energy solar candidate."
"Malaga Power, Llc","Fresno","CA","epa_ghgrp","epa-1000458","","","","","","","","600","904032","244089","2.7","3736512","","Industrial facility — 2022 EPA GHG Reporter. NAICS 926130. Pre-qualified high-energy solar candidate."
"Walnut Energy Center","Turlock","CA","epa_ghgrp","epa-1000464","","","","","","","","600","904032","244089","2.7","3736512","","Power generation — 2022 EPA GHG Reporter. NAICS 221112. Pre-qualified high-energy solar candidate."
"Inland Empire Energy Center","Romoland","CA","epa_ghgrp","epa-1000469","","","","","","","","600","904032","244089","2.7","3736512","","Power generation — 2022 EPA GHG Reporter. NAICS 221112. Pre-qualified high-energy solar candidate."
"Riverside Energy Resource Center","Riverside","CA","epa_ghgrp","epa-1000471","","","","","","","","600","904032","244089","2.7","3736512","","Power generation — 2022 EPA GHG Reporter. NAICS 221112. Pre-qualified high-energy solar candidate."
"Roseville Energy Park","Roseville","CA","epa_ghgrp","epa-1000485","","","","","","","","600","904032","244089","2.7","3736512","","Power generation — 2022 EPA GHG Reporter. NAICS 221112. Pre-qualified high-energy solar candidate."
"Long Beach Generating Station","Long Beach","CA","epa_ghgrp","epa-1000490","","","","","","","","600","904032","244089","2.7","3736512","","Power generation — 2022 EPA GHG Reporter. NAICS 221112. Pre-qualified high-energy solar candidate."
"Russell City Energy Company Llc","Hayward","CA","epa_ghgrp","epa-1000501","","","","","","","","600","904032","244089","2.7","3736512","","Power generation — 2022 EPA GHG Reporter. NAICS 221112. Pre-qualified high-energy solar candidate."
"Sargent Canyon Cogeneration Facility","San Ardo","CA","epa_ghgrp","epa-1000506","","","","","","","","600","904032","244089","2.7","3736512","","Power generation — 2022 EPA GHG Reporter. NAICS 221112. Pre-qualified high-energy solar candidate."
"Salinas River Cogeneration Facility","San Ardo","CA","epa_ghgrp","epa-1000507","","","","","","","","600","904032","244089","2.7","3736512","","Power generation — 2022 EPA GHG Reporter. NAICS 221112. Pre-qualified high-energy solar candidate."
"Grapeland Generating Station","Rancho Cucamonga","CA","epa_ghgrp","epa-1000515","","","","","","","","600","904032","244089","2.7","3736512","","Power generation — 2022 EPA GHG Reporter. NAICS 221112. Pre-qualified high-energy solar candidate."
"Mira Loma Generating Station","Ontario","CA","epa_ghgrp","epa-1000516","","","","","","","","600","904032","244089","2.7","3736512","","Power generation — 2022 EPA GHG Reporter. NAICS 221112. Pre-qualified high-energy solar candidate."
"Barre Generating Station","Stanton","CA","epa_ghgrp","epa-1000517","","","","","","","","600","904032","244089","2.7","3736512","","Power generation — 2022 EPA GHG Reporter. NAICS 221112. Pre-qualified high-energy solar candidate."
"Center Generating Station","Norwalk","CA","epa_ghgrp","epa-1000518","","","","","","","","600","904032","244089","2.7","3736512","","Power generation — 2022 EPA GHG Reporter. NAICS 221112. Pre-qualified high-energy solar candidate."
"Mcgrath Generating Station","Oxnard","CA","epa_ghgrp","epa-1000519","","","","","","","","600","904032","244089","2.7","3736512","","Power generation — 2022 EPA GHG Reporter. NAICS 221112. Pre-qualified high-energy solar candidate."
"Niland Gas Turbine Plant","Niland","CA","epa_ghgrp","epa-1000541","","","","","","","","600","904032","244089","2.7","3736512","","Power generation — 2022 EPA GHG Reporter. NAICS 221112. Pre-qualified high-energy solar candidate."
"Midway Peaking, Llc","Firebaugh","CA","epa_ghgrp","epa-1000545","","","","","","","","600","904032","244089","2.7","3736512","","Power generation — 2022 EPA GHG Reporter. NAICS 221112. Pre-qualified high-energy solar candidate."
"Panoche Energy Center","Firebaugh","CA","epa_ghgrp","epa-1000546","","","","","","","","600","904032","244089","2.7","3736512","","Power generation — 2022 EPA GHG Reporter. NAICS 221112. Pre-qualified high-energy solar candidate."
"Orange Grove Project","Pala","CA","epa_ghgrp","epa-1000548","","","","","","","","600","904032","244089","2.7","3736512","","Power generation — 2022 EPA GHG Reporter. NAICS 221112. Pre-qualified high-energy solar candidate."
"North Island","Coronado","CA","epa_ghgrp","epa-1000549","","","","","","","","600","904032","244089","2.7","3736512","","Power generation — 2022 EPA GHG Reporter. NAICS 221112. Pre-qualified high-energy solar candidate."
"University Of California, San Francisco - Parnassus Campus","San Francisco","CA","epa_ghgrp","epa-1000557","","","","","","","","600","904032","244089","2.7","3736512","","Industrial facility — 2022 EPA GHG Reporter. NAICS 611310. Pre-qualified high-energy solar candidate."
"El Cajon Energy Center","El Cajon","CA","epa_ghgrp","epa-1000560","","","","","","","","600","904032","244089","2.7","3736512","","Power generation — 2022 EPA GHG Reporter. NAICS 221112. Pre-qualified high-energy solar candidate."
"Canyon Power Plant","Anaheim, Ca","CA","epa_ghgrp","epa-1000566","","","","","","","","600","904032","244089","2.7","3736512","","Power generation — 2022 EPA GHG Reporter. NAICS 221112. Pre-qualified high-energy solar candidate."
"Dte Stockton","Stockton","CA","epa_ghgrp","epa-1000572","","","","","","","","600","904032","244089","2.7","3736512","","Power generation — 2022 EPA GHG Reporter. NAICS 221119. Pre-qualified high-energy solar candidate."
"Greenleaf Energy Unit 1 Llc","Yuba City","CA","epa_ghgrp","epa-1000594","","","","","","","","600","904032","244089","2.7","3736512","","Power generation — 2022 EPA GHG Reporter. NAICS 221112. Pre-qualified high-energy solar candidate."
"Greenleaf Energy Unit 2 Llc","Yuba City","CA","epa_ghgrp","epa-1000596","","","","","","","","600","904032","244089","2.7","3736512","","Power generation — 2022 EPA GHG Reporter. NAICS 221112. Pre-qualified high-energy solar candidate."
"Calpine King City Cogen, Llc","King City","CA","epa_ghgrp","epa-1000597","","","","","","","","600","904032","244089","2.7","3736512","","Power generation — 2022 EPA GHG Reporter. NAICS 221112. Pre-qualified high-energy solar candidate."
"Calpine Monterey Cogen","Watsonville","CA","epa_ghgrp","epa-1000617","","","","","","","","600","904032","244089","2.7","3736512","","Power generation — 2022 EPA GHG Reporter. NAICS 221112. Pre-qualified high-energy solar candidate."
"Otay Mesa Energy Center, Llc","San Diego","CA","epa_ghgrp","epa-1000796","","","","","","","","600","904032","244089","2.7","3736512","","Power generation — 2022 EPA GHG Reporter. NAICS 221112. Pre-qualified high-energy solar candidate."
"Metcalf Energy Center","Coyote","CA","epa_ghgrp","epa-1000806","","","","","","","","600","904032","244089","2.7","3736512","","Power generation — 2022 EPA GHG Reporter. NAICS 221112. Pre-qualified high-energy solar candidate."
"Olive","Burbank","CA","epa_ghgrp","epa-1001003","","","","","","","","600","904032","244089","2.7","3736512","","Power generation — 2022 EPA GHG Reporter. NAICS 221112. Pre-qualified high-energy solar candidate."
"Woodland Generation Station","Modesto","CA","epa_ghgrp","epa-1001107","","","","","","","","600","904032","244089","2.7","3736512","","Power generation — 2022 EPA GHG Reporter. NAICS 221112. Pre-qualified high-energy solar candidate."
"Carson Power Plant","Elk Grove","CA","epa_ghgrp","epa-1001127","","","","","","","","600","904032","244089","2.7","3736512","","Power generation — 2022 EPA GHG Reporter. NAICS 221112. Pre-qualified high-energy solar candidate."
"Procter & Gamble Power Plant","Sacramento","CA","epa_ghgrp","epa-1001129","","","","","","","","600","904032","244089","2.7","3736512","","Power generation — 2022 EPA GHG Reporter. NAICS 221112. Pre-qualified high-energy solar candidate."
"Campbell Power Plant","Sacramento","CA","epa_ghgrp","epa-1001130","","","","","","","","600","904032","244089","2.7","3736512","","Power generation — 2022 EPA GHG Reporter. NAICS 221112. Pre-qualified high-energy solar candidate."
"Anaheim Combustion Turbine","Anaheim","CA","epa_ghgrp","epa-1001134","","","","","","","","600","904032","244089","2.7","3736512","","Power generation — 2022 EPA GHG Reporter. NAICS 221112. Pre-qualified high-energy solar candidate."
"Delta Energy Center, Llc","Pittsburg","CA","epa_ghgrp","epa-1001263","","","","","","","","600","904032","244089","2.7","3736512","","Power generation — 2022 EPA GHG Reporter. NAICS 221112. Pre-qualified high-energy solar candidate."
"Calpine Sutter Energy Center","Yuba City","CA","epa_ghgrp","epa-1001320","","","","","","","","600","904032","244089","2.7","3736512","","Power generation — 2022 EPA GHG Reporter. NAICS 221112. Pre-qualified high-energy solar candidate."
"La Paloma Generating Plant","Mckittrick","CA","epa_ghgrp","epa-1001339","","","","","","","","600","904032","244089","2.7","3736512","","Power generation — 2022 EPA GHG Reporter. NAICS 221112. Pre-qualified high-energy solar candidate."
"Los Medanos Energy Center, Llc","Pittsburg","CA","epa_ghgrp","epa-1001366","","","","","","","","600","904032","244089","2.7","3736512","","Power generation — 2022 EPA GHG Reporter. NAICS 221112. Pre-qualified high-energy solar candidate."
"Blythe Energy","Blythe","CA","epa_ghgrp","epa-1001405","","","","","","","","600","904032","244089","2.7","3736512","","Power generation — 2022 EPA GHG Reporter. NAICS 221112. Pre-qualified high-energy solar candidate."
"Morro Bay Power Plant, Llc","Morro Bay","CA","epa_ghgrp","epa-1001439","","","","","","","","600","904032","244089","2.7","3736512","","Power generation — 2022 EPA GHG Reporter. NAICS 221112. Pre-qualified high-energy solar candidate."
"Moss Landing","Moss Landing","CA","epa_ghgrp","epa-1001440","","","","","","","","600","904032","244089","2.7","3736512","","Power generation — 2022 EPA GHG Reporter. NAICS 221112. Pre-qualified high-energy solar candidate."
"Pittsburg Generating Station (Ca)","Pittsburg","CA","epa_ghgrp","epa-1001441","","","","","","","","600","904032","244089","2.7","3736512","","Power generation — 2022 EPA GHG Reporter. NAICS 221112. Pre-qualified high-energy solar candidate."
"Dynegy South Bay, Llc","Chula Vista","CA","epa_ghgrp","epa-1001442","","","","","","","","600","904032","244089","2.7","3736512","","Power generation — 2022 EPA GHG Reporter. NAICS 221112. Pre-qualified high-energy solar candidate."
"Aes Alamitos","Long Beach","CA","epa_ghgrp","epa-1001444","","","","","","","","600","904032","244089","2.7","3736512","","Power generation — 2022 EPA GHG Reporter. NAICS 221112. Pre-qualified high-energy solar candidate."
"Coolwater Generating Station","Daggett","CA","epa_ghgrp","epa-1001445","","","","","","","","600","904032","244089","2.7","3736512","","Power generation — 2022 EPA GHG Reporter. NAICS 221112. Pre-qualified high-energy solar candidate."
"Etiwanda Generating Station","Rancho Cucamonga","CA","epa_ghgrp","epa-1001446","","","","","","","","600","904032","244089","2.7","3736512","","Power generation — 2022 EPA GHG Reporter. NAICS 221112. Pre-qualified high-energy solar candidate."
"Aes Huntington Beach","Huntington Beach","CA","epa_ghgrp","epa-1001447","","","","","","","","600","904032","244089","2.7","3736512","","Power generation — 2022 EPA GHG Reporter. NAICS 221112. Pre-qualified high-energy solar candidate."
"Mandalay Generating Station","Oxnard","CA","epa_ghgrp","epa-1001448","","","","","","","","600","904032","244089","2.7","3736512","","Power generation — 2022 EPA GHG Reporter. NAICS 221112. Pre-qualified high-energy solar candidate."
"Ormond Beach Power, Llc","Oxnard","CA","epa_ghgrp","epa-1001449","","","","","","","","600","904032","244089","2.7","3736512","","Power generation — 2022 EPA GHG Reporter. NAICS 221112. Pre-qualified high-energy solar candidate."
"Aes Redondo Beach","Redondo Beach","CA","epa_ghgrp","epa-1001450","","","","","","","","600","904032","244089","2.7","3736512","","Power generation — 2022 EPA GHG Reporter. NAICS 221112. Pre-qualified high-energy solar candidate."
"Mountainview Generating Station","Redlands","CA","epa_ghgrp","epa-1001451","","","","","","","","600","904032","244089","2.7","3736512","","Power generation — 2022 EPA GHG Reporter. NAICS 221112. Pre-qualified high-energy solar candidate."
"El Centro","El Centro","CA","epa_ghgrp","epa-1001454","","","","","","","","600","904032","244089","2.7","3736512","","Power generation — 2022 EPA GHG Reporter. NAICS 221112. Pre-qualified high-energy solar candidate."
"Harbor Generating Station","Wilmington","CA","epa_ghgrp","epa-1001455","","","","","","","","600","904032","244089","2.7","3736512","","Power generation — 2022 EPA GHG Reporter. NAICS 221112. Pre-qualified high-energy solar candidate."
"Scattergood Generating Station","Playa Del Rey","CA","epa_ghgrp","epa-1001456","","","","","","","","600","904032","244089","2.7","3736512","","Power generation — 2022 EPA GHG Reporter. NAICS 221112. Pre-qualified high-energy solar candidate."
"Valley Generating Station","Sun Valley","CA","epa_ghgrp","epa-1001457","","","","","","","","600","904032","244089","2.7","3736512","","Power generation — 2022 EPA GHG Reporter. NAICS 221112. Pre-qualified high-energy solar candidate."
"Broadway","Pasadena","CA","epa_ghgrp","epa-1001458","","","","","","","","600","904032","244089","2.7","3736512","","Power generation — 2022 EPA GHG Reporter. NAICS 221112. Pre-qualified high-energy solar candidate."
"Glenarm","Pasadena","CA","epa_ghgrp","epa-1001459","","","","","","","","600","904032","244089","2.7","3736512","","Power generation — 2022 EPA GHG Reporter. NAICS 221112. Pre-qualified high-energy solar candidate."
"Altagas Ripon Energy Inc.","Ripon","CA","epa_ghgrp","epa-1001625","","","","","","","","600","904032","244089","2.7","3736512","","Power generation — 2022 EPA GHG Reporter. NAICS 221112. Pre-qualified high-energy solar candidate."
"Crockett Cogeneration Plant","Crockett","CA","epa_ghgrp","epa-1001629","","","","","","","","600","904032","244089","2.7","3736512","","Power generation — 2022 EPA GHG Reporter. NAICS 221112. Pre-qualified high-energy solar candidate."
"Ci Power Cogeneration Plant","Camarillo","CA","epa_ghgrp","epa-1001667","","","","","","","","600","904032","244089","2.7","3736512","","Industrial facility — 2022 EPA GHG Reporter. NAICS 611310. Pre-qualified high-energy solar candidate."
"Dinuba Energy","Reedley","CA","epa_ghgrp","epa-1001691","","","","","","","","600","904032","244089","2.7","3736512","","Power generation — 2022 EPA GHG Reporter. NAICS 221119. Pre-qualified high-energy solar candidate."
"Madera Power, Llc","Firebaugh","CA","epa_ghgrp","epa-1001698","","","","","","","","600","904032","244089","2.7","3736512","","Power generation — 2022 EPA GHG Reporter. NAICS 221119. Pre-qualified high-energy solar candidate."
"Harbor Cogeneration Plant","Wilmington","CA","epa_ghgrp","epa-1001700","","","","","","","","600","904032","244089","2.7","3736512","","Power generation — 2022 EPA GHG Reporter. NAICS 221112. Pre-qualified high-energy solar candidate."
"Gallo Glass Company","Modesto","CA","epa_ghgrp","epa-1001718","","","","","","","","600","904032","244089","2.7","3736512","","Cement / glass — 2022 EPA GHG Reporter. NAICS 327213. Pre-qualified high-energy solar candidate."
"San Diego Gas And Electric -Moreno Station","Moreno Valley","CA","epa_ghgrp","epa-1001719","","","","","","","","600","904032","244089","2.7","3736512","","Industrial facility — 2022 EPA GHG Reporter. NAICS 486210. Pre-qualified high-energy solar candidate."
"Martinez Refining Company Llc","Martinez","CA","epa_ghgrp","epa-1001804","","","","","","","","600","904032","244089","2.7","3736512","","Petroleum refining — 2022 EPA GHG Reporter. NAICS 324110. Pre-qualified high-energy solar candidate."
"West Central Landfill","Redding","CA","epa_ghgrp","epa-1001819","","","","","","","","600","904032","244089","2.7","3736512","","Industrial facility — 2022 EPA GHG Reporter. NAICS 562212. Pre-qualified high-energy solar candidate."
"Loma Linda University","Loma Linda","CA","epa_ghgrp","epa-1001886","","","","","","","","600","904032","244089","2.7","3736512","","Industrial facility — 2022 EPA GHG Reporter. NAICS 611310. Pre-qualified high-energy solar candidate."
"Phillips 66 Los Angeles Refinery - Carson Plant","Carson","CA","epa_ghgrp","epa-1001964","","","","","","","","600","904032","244089","2.7","3736512","","Petroleum refining — 2022 EPA GHG Reporter. NAICS 324110. Pre-qualified high-energy solar candidate."
"Ols Energy Chino","Chino","CA","epa_ghgrp","epa-1001971","","","","","","","","600","904032","244089","2.7","3736512","","Power generation — 2022 EPA GHG Reporter. NAICS 221112. Pre-qualified high-energy solar candidate."
"Owens Brockway Glass Container Inc. Plant #20","Oakland","CA","epa_ghgrp","epa-1001983","","","","","","","","600","904032","244089","2.7","3736512","","Cement / glass — 2022 EPA GHG Reporter. NAICS 327213. Pre-qualified high-energy solar candidate."
"Los Angeles International Airport (Lax)","Los Angeles","CA","epa_ghgrp","epa-1001984","","","","","","","","600","904032","244089","2.7","3736512","","Industrial facility — 2022 EPA GHG Reporter. NAICS 488119. Pre-qualified high-energy solar candidate."
"Us Gypsum - Plaster City Plant","El Centro","CA","epa_ghgrp","epa-1001998","","","","","","","","600","904032","244089","2.7","3736512","","Cement / glass — 2022 EPA GHG Reporter. NAICS 327420. Pre-qualified high-energy solar candidate."
"Owens-Brockway Glass Container Inc.","Tracy","CA","epa_ghgrp","epa-1002007","","","","","","","","600","904032","244089","2.7","3736512","","Cement / glass — 2022 EPA GHG Reporter. NAICS 327213. Pre-qualified high-energy solar candidate."
"North Lost Hills","North Lost Hills","CA","epa_ghgrp","epa-1002053","","","","","","","","600","904032","244089","2.7","3736512","","Industrial facility — 2022 EPA GHG Reporter. NAICS 211111. Pre-qualified high-energy solar candidate."
"Coyote Canyon Sanitary Landfill","Newport Beach","CA","epa_ghgrp","epa-1002104","","","","","","","","600","904032","244089","2.7","3736512","","Industrial facility — 2022 EPA GHG Reporter. NAICS 562212. Pre-qualified high-energy solar candidate."
"California Institute Of Technology","Pasadena","CA","epa_ghgrp","epa-1002105","","","","","","","","600","904032","244089","2.7","3736512","","Industrial facility — 2022 EPA GHG Reporter. NAICS 611310. Pre-qualified high-energy solar candidate."
"Prima Deshecha Landfill","San Juan Capistrano","CA","epa_ghgrp","epa-1002106","","","","","","","","600","904032","244089","2.7","3736512","","Industrial facility — 2022 EPA GHG Reporter. NAICS 562212. Pre-qualified high-energy solar candidate."
"Frank R. Bowerman Landfill","Irvine","CA","epa_ghgrp","epa-1002107","","","","","","","","600","904032","244089","2.7","3736512","","Industrial facility — 2022 EPA GHG Reporter. NAICS 562212. Pre-qualified high-energy solar candidate."
"Lamb Canyon Sanitary Landfill","Beaumont","CA","epa_ghgrp","epa-1002134","","","","","","","","600","904032","244089","2.7","3736512","","Industrial facility — 2022 EPA GHG Reporter. NAICS 562212. Pre-qualified high-energy solar candidate."
"Procter & Gamble Paper Products","Oxnard","CA","epa_ghgrp","epa-1002152","","","","","","","","600","904032","244089","2.7","3736512","","Pulp & paper — 2022 EPA GHG Reporter. NAICS 322120. Pre-qualified high-energy solar candidate."
"Aera Energy Ventura","Ventura","CA","epa_ghgrp","epa-1002155","","","","","","","","600","904032","244089","2.7","3736512","","Industrial facility — 2022 EPA GHG Reporter. NAICS 211111. Pre-qualified high-energy solar candidate."
"Aera Energy Alberta Finley Shale","Fellows","CA","epa_ghgrp","epa-1002156","","","","","","","","600","904032","244089","2.7","3736512","","Industrial facility — 2022 EPA GHG Reporter. NAICS 211120. Pre-qualified high-energy solar candidate."
"Kimberly Clark Worldwide Incorporated","Fullerton","CA","epa_ghgrp","epa-1002185","","","","","","","","600","904032","244089","2.7","3736512","","Pulp & paper — 2022 EPA GHG Reporter. NAICS 322121. Pre-qualified high-energy solar candidate."
"Las Pulgas Landfill","Camp Pendleton (Mil Res)","CA","epa_ghgrp","epa-1002224","","","","","","","","600","904032","244089","2.7","3736512","","Industrial facility — 2022 EPA GHG Reporter. NAICS 928110. Pre-qualified high-energy solar candidate."
"Us Marine Corps Mcagcc Twentynine Palms Environmental Affairs","Twentynine Palms","CA","epa_ghgrp","epa-1002237","","","","","","","","600","904032","244089","2.7","3736512","","Industrial facility — 2022 EPA GHG Reporter. NAICS 928110. Pre-qualified high-energy solar candidate."
"Tricor Refining Llc","Bakersfield","CA","epa_ghgrp","epa-1002261","","","","","","","","600","904032","244089","2.7","3736512","","Petroleum refining — 2022 EPA GHG Reporter. NAICS 324110. Pre-qualified high-energy solar candidate."
"Lunday-Thagard Company","South Gate","CA","epa_ghgrp","epa-1002286","","","","","","","","600","904032","244089","2.7","3736512","","Petroleum refining — 2022 EPA GHG Reporter. NAICS 324110. Pre-qualified high-energy solar candidate."
"North Midway Sunset","Fellows","CA","epa_ghgrp","epa-1002293","","","","","","","","600","904032","244089","2.7","3736512","","Industrial facility — 2022 EPA GHG Reporter. NAICS 211111. Pre-qualified high-energy solar candidate."
"Cemex Construction Materials Pacific Llc","Apple Valley","CA","epa_ghgrp","epa-1002308","","","","","","","","600","904032","244089","2.7","3736512","","Cement / glass — 2022 EPA GHG Reporter. NAICS 327310. Pre-qualified high-energy solar candidate."
"Aera Energy Calso","Mckittrick","CA","epa_ghgrp","epa-1002315","","","","","","","","600","904032","244089","2.7","3736512","","Industrial facility — 2022 EPA GHG Reporter. NAICS 211120. Pre-qualified high-energy solar candidate."
"Aera Energy 25 Hill","Maricopa","CA","epa_ghgrp","epa-1002316","","","","","","","","600","904032","244089","2.7","3736512","","Industrial facility — 2022 EPA GHG Reporter. NAICS 211120. Pre-qualified high-energy solar candidate."
"Santiago Canyon Landfill","Orange","CA","epa_ghgrp","epa-1002318","","","","","","","","600","904032","244089","2.7","3736512","","Industrial facility — 2022 EPA GHG Reporter. NAICS 562212. Pre-qualified high-energy solar candidate."
"Olinda Alpha Landfill","Brea","CA","epa_ghgrp","epa-1002320","","","","","","","","600","904032","244089","2.7","3736512","","Industrial facility — 2022 EPA GHG Reporter. NAICS 562212. Pre-qualified high-energy solar candidate."
"Tesoro Refining & Marketing Company Llc - Lar","Wilmington","CA","epa_ghgrp","epa-1002338","","","","","","","","600","904032","244089","2.7","3736512","","Petroleum refining — 2022 EPA GHG Reporter. NAICS 324110. Pre-qualified high-energy solar candidate."
"Mazda North American Operations","Irvine","CA","epa_ghgrp","epa-1002367","","","","","","","","600","904032","244089","2.7","3736512","","Industrial facility — 2022 EPA GHG Reporter. NAICS 423110. Pre-qualified high-energy solar candidate."
"Santa Ynez Unit (Syu)","Goleta","CA","epa_ghgrp","epa-1002384","","","","","","","","600","904032","244089","2.7","3736512","","Industrial facility — 2022 EPA GHG Reporter. NAICS 211120. Pre-qualified high-energy solar candidate."
"Hanson Permanente Cement","Cupertino","CA","epa_ghgrp","epa-1002431","","","","","","","","600","904032","244089","2.7","3736512","","Cement / glass — 2022 EPA GHG Reporter. NAICS 327310. Pre-qualified high-energy solar candidate."
"Ultramar Inc Wilmington Refinery","Wilmington","CA","epa_ghgrp","epa-1002461","","","","","","","","600","904032","244089","2.7","3736512","","Petroleum refining — 2022 EPA GHG Reporter. NAICS 324110. Pre-qualified high-energy solar candidate."
"Oakland Power Company Llc","Oakland","CA","epa_ghgrp","epa-1002523","","","","","","","","600","904032","244089","2.7","3736512","","Power generation — 2022 EPA GHG Reporter. NAICS 221112. Pre-qualified high-energy solar candidate."
"Mckittrick Limited","Bakersfield","CA","epa_ghgrp","epa-1002541","","","","","","","","600","904032","244089","2.7","3736512","","Power generation — 2022 EPA GHG Reporter. NAICS 221112. Pre-qualified high-energy solar candidate."
"Kern Front Limited","Bakersfield","CA","epa_ghgrp","epa-1002543","","","","","","","","600","904032","244089","2.7","3736512","","Power generation — 2022 EPA GHG Reporter. NAICS 221112. Pre-qualified high-energy solar candidate."
"San Joaquin Refining Co Inc","Bakersfield","CA","epa_ghgrp","epa-1002565","","","","","","","","600","904032","244089","2.7","3736512","","Petroleum refining — 2022 EPA GHG Reporter. NAICS 324110. Pre-qualified high-energy solar candidate."
"Tehachapi Cement Plant","Tehachapi","CA","epa_ghgrp","epa-1002566","","","","","","","","600","904032","244089","2.7","3736512","","Cement / glass — 2022 EPA GHG Reporter. NAICS 327310. Pre-qualified high-energy solar candidate."
"L A Co Central Heating Plant","Los Angeles","CA","epa_ghgrp","epa-1002591","","","","","","","","600","904032","244089","2.7","3736512","","Power generation — 2022 EPA GHG Reporter. NAICS 221330. Pre-qualified high-energy solar candidate."
"Pitchess Cogeneration Facility","Saugus","CA","epa_ghgrp","epa-1002597","","","","","","","","600","904032","244089","2.7","3736512","","Industrial facility — 2022 EPA GHG Reporter. NAICS 922140. Pre-qualified high-energy solar candidate."
"Lhoist North America -  Natividad Plant","Salinas","CA","epa_ghgrp","epa-1002601","","","","","","","","600","904032","244089","2.7","3736512","","Cement / glass — 2022 EPA GHG Reporter. NAICS 327410. Pre-qualified high-energy solar candidate."
"University Of California San Diego","La Jolla","CA","epa_ghgrp","epa-1002612","","","","","","","","600","904032","244089","2.7","3736512","","Industrial facility — 2022 EPA GHG Reporter. NAICS 611310. Pre-qualified high-energy solar candidate."
"Tajiguas Landfill","Gaviota","CA","epa_ghgrp","epa-1002634","","","","","","","","600","904032","244089","2.7","3736512","","Industrial facility — 2022 EPA GHG Reporter. NAICS 562212. Pre-qualified high-energy solar candidate."
"Knauf Insulation Gmbh","Shasta Lake","CA","epa_ghgrp","epa-1002640","","","","","","","","600","904032","244089","2.7","3736512","","Cement / glass — 2022 EPA GHG Reporter. NAICS 327993. Pre-qualified high-energy solar candidate."
"South Belridge Hill Property","Mckittrick","CA","epa_ghgrp","epa-1002671","","","","","","","","600","904032","244089","2.7","3736512","","Industrial facility — 2022 EPA GHG Reporter. NAICS 211111. Pre-qualified high-energy solar candidate."
"Arvin Sanitary Landfill","Arvin","CA","epa_ghgrp","epa-1002689","","","","","","","","600","904032","244089","2.7","3736512","","Industrial facility — 2022 EPA GHG Reporter. NAICS 562212. Pre-qualified high-energy solar candidate."
"University Of California Davis","Davis","CA","epa_ghgrp","epa-1002726","","","","","","","","600","904032","244089","2.7","3736512","","Industrial facility — 2022 EPA GHG Reporter. NAICS 611310. Pre-qualified high-energy solar candidate."
"Badger Creek Limited","Bakersfield","CA","epa_ghgrp","epa-1002728","","","","","","","","600","904032","244089","2.7","3736512","","Power generation — 2022 EPA GHG Reporter. NAICS 221112. Pre-qualified high-energy solar candidate."
"Anheuser Busch Llc","Fairfield","CA","epa_ghgrp","epa-1002734","","","","","","","","600","904032","244089","2.7","3736512","","Industrial facility — 2022 EPA GHG Reporter. NAICS 312120. Pre-qualified high-energy solar candidate."
"Chalk Cliff Cogen","Bakersfield","CA","epa_ghgrp","epa-1002759","","","","","","","","600","904032","244089","2.7","3736512","","Power generation — 2022 EPA GHG Reporter. NAICS 221112. Pre-qualified high-energy solar candidate."
"Double C Limited","Bakersfield","CA","epa_ghgrp","epa-1002820","","","","","","","","600","904032","244089","2.7","3736512","","Power generation — 2022 EPA GHG Reporter. NAICS 221112. Pre-qualified high-energy solar candidate."
"High Sierra Limited","Bakersfield","CA","epa_ghgrp","epa-1002821","","","","","","","","600","904032","244089","2.7","3736512","","Power generation — 2022 EPA GHG Reporter. NAICS 221112. Pre-qualified high-energy solar candidate."
"Anheuser Busch Inc. - L.A. Brewery","Van Nuys","CA","epa_ghgrp","epa-1002867","","","","","","","","600","904032","244089","2.7","3736512","","Industrial facility — 2022 EPA GHG Reporter. NAICS 312120. Pre-qualified high-energy solar candidate."
"United Airlines, Inc.","San Francisco","CA","epa_ghgrp","epa-1002869","","","","","","","","600","904032","244089","2.7","3736512","","Industrial facility — 2022 EPA GHG Reporter. NAICS 488190. Pre-qualified high-energy solar candidate."
"John Smith Road Class Iii Landfill","Hollister","CA","epa_ghgrp","epa-1002886","","","","","","","","600","904032","244089","2.7","3736512","","Industrial facility — 2022 EPA GHG Reporter. NAICS 562212. Pre-qualified high-energy solar candidate."
"Bakersfield Metropolitan Sanitary Landfill","Edison","CA","epa_ghgrp","epa-1002896","","","","","","","","600","904032","244089","2.7","3736512","","Industrial facility — 2022 EPA GHG Reporter. NAICS 562212. Pre-qualified high-energy solar candidate."
"Ridgecrest-Inyokern Sanitary Landfill","Ridgecrest","CA","epa_ghgrp","epa-1002897","","","","","","","","600","904032","244089","2.7","3736512","","Industrial facility — 2022 EPA GHG Reporter. NAICS 562212. Pre-qualified high-energy solar candidate."
"China Grade Sanitary Landfill","Bakersfield","CA","epa_ghgrp","epa-1002898","","","","","","","","600","904032","244089","2.7","3736512","","Industrial facility — 2022 EPA GHG Reporter. NAICS 562212. Pre-qualified high-energy solar candidate."
"Platform Hermosa","Offshore","CA","epa_ghgrp","epa-1002934","","","","","","","","600","904032","244089","2.7","3736512","","Industrial facility — 2022 EPA GHG Reporter. NAICS 211120. Pre-qualified high-energy solar candidate."
"Platform Hidalgo","Offshore","CA","epa_ghgrp","epa-1002974","","","","","","","","600","904032","244089","2.7","3736512","","Industrial facility — 2022 EPA GHG Reporter. NAICS 211120. Pre-qualified high-energy solar candidate."
"Arroyo Grande Production Facility","San Luis Obispo","CA","epa_ghgrp","epa-1002978","","","","","","","","600","904032","244089","2.7","3736512","","Industrial facility — 2022 EPA GHG Reporter. NAICS 211120. Pre-qualified high-energy solar candidate."
"Midway Sunset Production Facility","Fellows","CA","epa_ghgrp","epa-1002981","","","","","","","","600","904032","244089","2.7","3736512","","Industrial facility — 2022 EPA GHG Reporter. NAICS 211111. Pre-qualified high-energy solar candidate."
"Cymric Production Facility","Mckittrick","CA","epa_ghgrp","epa-1002984","","","","","","","","600","904032","244089","2.7","3736512","","Industrial facility — 2022 EPA GHG Reporter. NAICS 211111. Pre-qualified high-energy solar candidate."
"South Belridge Production Facility","Mckittrick","CA","epa_ghgrp","epa-1002985","","","","","","","","600","904032","244089","2.7","3736512","","Industrial facility — 2022 EPA GHG Reporter. NAICS 211111. Pre-qualified high-energy solar candidate."
"Chiquita Canyon Slf","Castaic","CA","epa_ghgrp","epa-1002992","","","","","","","","600","904032","244089","2.7","3736512","","Industrial facility — 2022 EPA GHG Reporter. NAICS 562212. Pre-qualified high-energy solar candidate."
"Kingsburg Cogeneration Facility","Kingsburg","CA","epa_ghgrp","epa-1003016","","","","","","","","600","904032","244089","2.7","3736512","","Power generation — 2022 EPA GHG Reporter. NAICS 221112. Pre-qualified high-energy solar candidate."
"Bridge Energy, Llc - Brea Stearns Facility","Brea","CA","epa_ghgrp","epa-1003056","","","","","","","","600","904032","244089","2.7","3736512","","Industrial facility — 2022 EPA GHG Reporter. NAICS 211120. Pre-qualified high-energy solar candidate."
"Corona Energy Partners, Ltd","Bakersfield","CA","epa_ghgrp","epa-1003175","","","","","","","","600","904032","244089","2.7","3736512","","Power generation — 2022 EPA GHG Reporter. NAICS 221112. Pre-qualified high-energy solar candidate."
"Commerce Refuse To Energy Facility","City Of Commerce","CA","epa_ghgrp","epa-1003182","","","","","","","","600","904032","244089","2.7","3736512","","Industrial facility — 2022 EPA GHG Reporter. NAICS 562213. Pre-qualified high-energy solar candidate."
"Scholl Canyon Landfill","Los Angeles","CA","epa_ghgrp","epa-1003198","","","","","","","","600","904032","244089","2.7","3736512","","Industrial facility — 2022 EPA GHG Reporter. NAICS 562212. Pre-qualified high-energy solar candidate."
"Puente Hills Landfill And Energy Recovery","Whittier","CA","epa_ghgrp","epa-1003199","","","","","","","","600","904032","244089","2.7","3736512","","Industrial facility — 2022 EPA GHG Reporter. NAICS 562212. Pre-qualified high-energy solar candidate."
"Covanta Stanislaus Inc.","Crows Landing","CA","epa_ghgrp","epa-1003200","","","","","","","","600","904032","244089","2.7","3736512","","Industrial facility — 2022 EPA GHG Reporter. NAICS 562213. Pre-qualified high-energy solar candidate."
"Fairmead Solid Waste Disposal Site","Chowchilla","CA","epa_ghgrp","epa-1003202","","","","","","","","600","904032","244089","2.7","3736512","","Industrial facility — 2022 EPA GHG Reporter. NAICS 562212. Pre-qualified high-energy solar candidate."
"Avenal Regional Landfill","Avenal","CA","epa_ghgrp","epa-1003328","","","","","","","","600","904032","244089","2.7","3736512","","Industrial facility — 2022 EPA GHG Reporter. NAICS 562212. Pre-qualified high-energy solar candidate."
"Southeast Resource Recovery Facility (Serrf)","Long Beach","CA","epa_ghgrp","epa-1003340","","","","","","","","600","904032","244089","2.7","3736512","","Industrial facility — 2022 EPA GHG Reporter. NAICS 562213. Pre-qualified high-energy solar candidate."
"Cardinal Cogen","Stanford","CA","epa_ghgrp","epa-1003344","","","","","","","","600","904032","244089","2.7","3736512","","Power generation — 2022 EPA GHG Reporter. NAICS 221112. Pre-qualified high-energy solar candidate."
"Palos Verdes Landfill","Rolling Hills Estates","CA","epa_ghgrp","epa-1003361","","","","","","","","600","904032","244089","2.7","3736512","","Industrial facility — 2022 EPA GHG Reporter. NAICS 562212. Pre-qualified high-energy solar candidate."
"City Of Sunnyvale Solid Waste","Sunnyvale","CA","epa_ghgrp","epa-1003386","","","","","","","","600","904032","244089","2.7","3736512","","Industrial facility — 2022 EPA GHG Reporter. NAICS 562212. Pre-qualified high-energy solar candidate."
"Spadra Landfill","Walnut","CA","epa_ghgrp","epa-1003395","","","","","","","","600","904032","244089","2.7","3736512","","Industrial facility — 2022 EPA GHG Reporter. NAICS 562212. Pre-qualified high-energy solar candidate."
"Pilkington North America Incorporated","Lathrop","CA","epa_ghgrp","epa-1003459","","","","","","","","600","904032","244089","2.7","3736512","","Cement / glass — 2022 EPA GHG Reporter. NAICS 327211. Pre-qualified high-energy solar candidate."
"U.S. Borax Inc.","Boron","CA","epa_ghgrp","epa-1003490","","","","","","","","600","904032","244089","2.7","3736512","","Industrial facility — 2022 EPA GHG Reporter. NAICS 212390. Pre-qualified high-energy solar candidate."
"Platform Gail","Offshore California","CA","epa_ghgrp","epa-1003578","","","","","","","","600","904032","244089","2.7","3736512","","Industrial facility — 2022 EPA GHG Reporter. NAICS 211120. Pre-qualified high-energy solar candidate."
"Calabasas Sanitary Landfill","Agoura (Unincorp. La County)","CA","epa_ghgrp","epa-1003599","","","","","","","","600","904032","244089","2.7","3736512","","Industrial facility — 2022 EPA GHG Reporter. NAICS 562212. Pre-qualified high-energy solar candidate."
"Chevron Prods.Co. Richmond Refy","Richmond","CA","epa_ghgrp","epa-1003610","","","","","","","","600","904032","244089","2.7","3736512","","Petroleum refining — 2022 EPA GHG Reporter. NAICS 324110. Pre-qualified high-energy solar candidate."
"Luz Solar Partners Iii - Vii","Boron","CA","epa_ghgrp","epa-1003617","","","","","","","","600","904032","244089","2.7","3736512","","Power generation — 2022 EPA GHG Reporter. NAICS 221114. Pre-qualified high-energy solar candidate."
"Gwf Power Systems, L.P. (Site 4)","Antioch","CA","epa_ghgrp","epa-1003618","","","","","","","","600","904032","244089","2.7","3736512","","Power generation — 2022 EPA GHG Reporter. NAICS 221112. Pre-qualified high-energy solar candidate."
"Lake Shore Mojave, Llc","Boron","CA","epa_ghgrp","epa-1003632","","","","","","","","600","904032","244089","2.7","3736512","","Power generation — 2022 EPA GHG Reporter. NAICS 221112. Pre-qualified high-energy solar candidate."
"Gwf Power Systems, L.P. (Site 1)","Pittsburg","CA","epa_ghgrp","epa-1003641","","","","","","","","600","904032","244089","2.7","3736512","","Power generation — 2022 EPA GHG Reporter. NAICS 221112. Pre-qualified high-energy solar candidate."
"Gwf Power Systems, L.P. (Site 2)","Pittsburg","CA","epa_ghgrp","epa-1003644","","","","","","","","600","904032","244089","2.7","3736512","","Power generation — 2022 EPA GHG Reporter. NAICS 221112. Pre-qualified high-energy solar candidate."
"Gwf Power Systems, L.P. (Site 5)","Bay Point","CA","epa_ghgrp","epa-1003662","","","","","","","","600","904032","244089","2.7","3736512","","Power generation — 2022 EPA GHG Reporter. NAICS 221112. Pre-qualified high-energy solar candidate."
"Gwf Power Systems, L.P. (Site 3)","Antioch","CA","epa_ghgrp","epa-1003663","","","","","","","","600","904032","244089","2.7","3736512","","Power generation — 2022 EPA GHG Reporter. NAICS 221112. Pre-qualified high-energy solar candidate."
"Hanford L.P.","Hanford","CA","epa_ghgrp","epa-1003664","","","","","","","","600","904032","244089","2.7","3736512","","Power generation — 2022 EPA GHG Reporter. NAICS 221112. Pre-qualified high-energy solar candidate."
"Sunshine Canyon Landfill","Sylmar","CA","epa_ghgrp","epa-1003679","","","","","","","","600","904032","244089","2.7","3736512","","Industrial facility — 2022 EPA GHG Reporter. NAICS 562212. Pre-qualified high-energy solar candidate."
"Sycamore Landfill","Santee","CA","epa_ghgrp","epa-1003680","","","","","","","","600","904032","244089","2.7","3736512","","Industrial facility — 2022 EPA GHG Reporter. NAICS 562212. Pre-qualified high-energy solar candidate."
"Alon Bakersfield Refining","Bakersfield","CA","epa_ghgrp","epa-1003689","","","","","","","","600","904032","244089","2.7","3736512","","Petroleum refining — 2022 EPA GHG Reporter. NAICS 324110. Pre-qualified high-energy solar candidate."
"Alon Bakersfield Refining - Area 3","Bakersfield","CA","epa_ghgrp","epa-1003690","","","","","","","","600","904032","244089","2.7","3736512","","Petroleum refining — 2022 EPA GHG Reporter. NAICS 324110. Pre-qualified high-energy solar candidate."
"Aera Energy Buena Fe","Maricopa","CA","epa_ghgrp","epa-1003702","","","","","","","","600","904032","244089","2.7","3736512","","Industrial facility — 2022 EPA GHG Reporter. NAICS 211120. Pre-qualified high-energy solar candidate."
"Naval Medical Center San Diego","San Diego","CA","epa_ghgrp","epa-1003756","","","","","","","","600","904032","244089","2.7","3736512","","Industrial facility — 2022 EPA GHG Reporter. NAICS 928110. Pre-qualified high-energy solar candidate."
"Waste Management Inc Oyster Bay","San Leandro","CA","epa_ghgrp","epa-1003800","","","","","","","","600","904032","244089","2.7","3736512","","Industrial facility — 2022 EPA GHG Reporter. NAICS 562212. Pre-qualified high-energy solar candidate."
"Geer Road Landfill","Modesto","CA","epa_ghgrp","epa-1003813","","","","","","","","600","904032","244089","2.7","3736512","","Industrial facility — 2022 EPA GHG Reporter. NAICS 562212. Pre-qualified high-energy solar candidate."
"Fink Road Landfill","Crows Landing","CA","epa_ghgrp","epa-1003814","","","","","","","","600","904032","244089","2.7","3736512","","Industrial facility — 2022 EPA GHG Reporter. NAICS 562212. Pre-qualified high-energy solar candidate."
"Walnut Power Plant","Turlock","CA","epa_ghgrp","epa-1003831","","","","","","","","600","904032","244089","2.7","3736512","","Power generation — 2022 EPA GHG Reporter. NAICS 221112. Pre-qualified high-energy solar candidate."
"Mid-Valley Sanitary Landfill","Rialto","CA","epa_ghgrp","epa-1003918","","","","","","","","600","904032","244089","2.7","3736512","","Industrial facility — 2022 EPA GHG Reporter. NAICS 562212. Pre-qualified high-energy solar candidate."
"Energy Center San Francisco","San Francisco","CA","epa_ghgrp","epa-1003978","","","","","","","","600","904032","244089","2.7","3736512","","Power generation — 2022 EPA GHG Reporter. NAICS 221112. Pre-qualified high-energy solar candidate."
"Martinez Cogen Limited Partner","Martinez","CA","epa_ghgrp","epa-1003980","","","","","","","","600","904032","244089","2.7","3736512","","Power generation — 2022 EPA GHG Reporter. NAICS 221112. Pre-qualified high-energy solar candidate."
"Sycamore Cogeneration Facility","Bakersfield","CA","epa_ghgrp","epa-1003998","","","","","","","","600","904032","244089","2.7","3736512","","Power generation — 2022 EPA GHG Reporter. NAICS 221112. Pre-qualified high-energy solar candidate."
"Kern River Cogeneration Facility","Bakersfield","CA","epa_ghgrp","epa-1004001","","","","","","","","600","904032","244089","2.7","3736512","","Power generation — 2022 EPA GHG Reporter. NAICS 221112. Pre-qualified high-energy solar candidate."
"Mid Set Cogeneration Facility","Fellows","CA","epa_ghgrp","epa-1004004","","","","","","","","600","904032","244089","2.7","3736512","","Power generation — 2022 EPA GHG Reporter. NAICS 221112. Pre-qualified high-energy solar candidate."
"Forward Landfill","Manteca","CA","epa_ghgrp","epa-1004010","","","","","","","","600","904032","244089","2.7","3736512","","Industrial facility — 2022 EPA GHG Reporter. NAICS 562212. Pre-qualified high-energy solar candidate."
"Keller Canyon Landfill","Pittsburg","CA","epa_ghgrp","epa-1004011","","","","","","","","600","904032","244089","2.7","3736512","","Industrial facility — 2022 EPA GHG Reporter. NAICS 562212. Pre-qualified high-energy solar candidate."
"Kiefer Landfill","Sloughhouse","CA","epa_ghgrp","epa-1004037","","","","","","","","600","904032","244089","2.7","3736512","","Industrial facility — 2022 EPA GHG Reporter. NAICS 562212. Pre-qualified high-energy solar candidate."
"Coalinga","Coalinga","CA","epa_ghgrp","epa-1004046","","","","","","","","600","904032","244089","2.7","3736512","","Industrial facility — 2022 EPA GHG Reporter. NAICS 211111. Pre-qualified high-energy solar candidate."
"Wheelabrator Norwalk Energy Company","Norwalk","CA","epa_ghgrp","epa-1004051","","","","","","","","600","904032","244089","2.7","3736512","","Power generation — 2022 EPA GHG Reporter. NAICS 221112. Pre-qualified high-energy solar candidate."
"Neal Road Recycling And Waste Facility","Paradise","CA","epa_ghgrp","epa-1004052","","","","","","","","600","904032","244089","2.7","3736512","","Industrial facility — 2022 EPA GHG Reporter. NAICS 562212. Pre-qualified high-energy solar candidate."
"Yara West Sacramento Terminal, Llc","West Sacramento","CA","epa_ghgrp","epa-1004058","","","","","","","","600","904032","244089","2.7","3736512","","Industrial facility — 2022 EPA GHG Reporter. NAICS 424910. Pre-qualified high-energy solar candidate."
"Pg&E Kettleman Compressor Station","Avenal","CA","epa_ghgrp","epa-1004068","","","","","","","","600","904032","244089","2.7","3736512","","Power generation — 2022 EPA GHG Reporter. NAICS 221210. Pre-qualified high-energy solar candidate."
"Pg&E Topock Compressor Station","Needles","CA","epa_ghgrp","epa-1004069","","","","","","","","600","904032","244089","2.7","3736512","","Power generation — 2022 EPA GHG Reporter. NAICS 221210. Pre-qualified high-energy solar candidate."
"Sonoma County Central Disposal Site","Petaluma","CA","epa_ghgrp","epa-1004123","","","","","","","","600","904032","244089","2.7","3736512","","Industrial facility — 2022 EPA GHG Reporter. NAICS 562212. Pre-qualified high-energy solar candidate."
"Kern River","Bakersfield","CA","epa_ghgrp","epa-1004186","","","","","","","","600","904032","244089","2.7","3736512","","Industrial facility — 2022 EPA GHG Reporter. NAICS 211111. Pre-qualified high-energy solar candidate."
"Midway Sunset","Fellows","CA","epa_ghgrp","epa-1004193","","","","","","","","600","904032","244089","2.7","3736512","","Industrial facility — 2022 EPA GHG Reporter. NAICS 211111. Pre-qualified high-energy solar candidate."
"Ramona Avenue Landfill","Ramona","CA","epa_ghgrp","epa-1004243","","","","","","","","600","904032","244089","2.7","3736512","","Industrial facility — 2022 EPA GHG Reporter. NAICS 562212. Pre-qualified high-energy solar candidate."
"Kern Energy","Bakersfield","CA","epa_ghgrp","epa-1004267","","","","","","","","600","904032","244089","2.7","3736512","","Petroleum refining — 2022 EPA GHG Reporter. NAICS 324110. Pre-qualified high-energy solar candidate."
"Pg&E Hinkley Compressor Station","Hinkley","CA","epa_ghgrp","epa-1004272","","","","","","","","600","904032","244089","2.7","3736512","","Power generation — 2022 EPA GHG Reporter. NAICS 221210. Pre-qualified high-energy solar candidate."
"All Purpose Landfill","Santa Clara","CA","epa_ghgrp","epa-1004335","","","","","","","","600","904032","244089","2.7","3736512","","Industrial facility — 2022 EPA GHG Reporter. NAICS 562212. Pre-qualified high-energy solar candidate."
"Paramount Petroleum Corporation","Paramount","CA","epa_ghgrp","epa-1004362","","","","","","","","600","904032","244089","2.7","3736512","","Petroleum refining — 2022 EPA GHG Reporter. NAICS 324110. Pre-qualified high-energy solar candidate."
"City Of Watsonville Landfill","Watsonville","CA","epa_ghgrp","epa-1004364","","","","","","","","600","904032","244089","2.7","3736512","","Industrial facility — 2022 EPA GHG Reporter. NAICS 562212. Pre-qualified high-energy solar candidate."
"Woodville Landfill","Tulare","CA","epa_ghgrp","epa-1004402","","","","","","","","600","904032","244089","2.7","3736512","","Industrial facility — 2022 EPA GHG Reporter. NAICS 562212. Pre-qualified high-energy solar candidate."
"Teapot Dome Landfill","Porterville","CA","epa_ghgrp","epa-1004403","","","","","","","","600","904032","244089","2.7","3736512","","Industrial facility — 2022 EPA GHG Reporter. NAICS 562212. Pre-qualified high-energy solar candidate."
"Barstow Sanitary Landfill","Barstow","CA","epa_ghgrp","epa-1004406","","","","","","","","600","904032","244089","2.7","3736512","","Industrial facility — 2022 EPA GHG Reporter. NAICS 562212. Pre-qualified high-energy solar candidate."
"American Avenue Landfill","Kerman","CA","epa_ghgrp","epa-1004417","","","","","","","","600","904032","244089","2.7","3736512","","Industrial facility — 2022 EPA GHG Reporter. NAICS 562212. Pre-qualified high-energy solar candidate."
"Crazy Horse Sanitary Landfill","Salinas","CA","epa_ghgrp","epa-1004419","","","","","","","","600","904032","244089","2.7","3736512","","Industrial facility — 2022 EPA GHG Reporter. NAICS 562212. Pre-qualified high-energy solar candidate."
"Santa Clara Cogen","Santa Clara","CA","epa_ghgrp","epa-1004438","","","","","","","","600","904032","244089","2.7","3736512","","Power generation — 2022 EPA GHG Reporter. NAICS 221112. Pre-qualified high-energy solar candidate."
"American Canyon Landfill","American Canyon","CA","epa_ghgrp","epa-1004465","","","","","","","","600","904032","244089","2.7","3736512","","Industrial facility — 2022 EPA GHG Reporter. NAICS 562212. Pre-qualified high-energy solar candidate."
"Wonderful Pistachios & Almonds","Lost Hills","CA","epa_ghgrp","epa-1004496","","","","","","","","600","904032","244089","2.7","3736512","","Industrial facility — 2022 EPA GHG Reporter. NAICS 115114. Pre-qualified high-energy solar candidate."
"Visalia Landfill","Visalia","CA","epa_ghgrp","epa-1004548","","","","","","","","600","904032","244089","2.7","3736512","","Industrial facility — 2022 EPA GHG Reporter. NAICS 562212. Pre-qualified high-energy solar candidate."
"Vitro Flat Glass Llc","Fresno","CA","epa_ghgrp","epa-1004549","","","","","","","","600","904032","244089","2.7","3736512","","Cement / glass — 2022 EPA GHG Reporter. NAICS 327211. Pre-qualified high-energy solar candidate."
"Monterey Regional Waste Management District","Marina","CA","epa_ghgrp","epa-1004550","","","","","","","","600","904032","244089","2.7","3736512","","Industrial facility — 2022 EPA GHG Reporter. NAICS 562212. Pre-qualified high-energy solar candidate."
"Yuba City Cogeneration","Yuba City","CA","epa_ghgrp","epa-1004577","","","","","","","","600","904032","244089","2.7","3736512","","Power generation — 2022 EPA GHG Reporter. NAICS 221112. Pre-qualified high-energy solar candidate."
"Calportland Redding Cement Plant","Redding","CA","epa_ghgrp","epa-1004612","","","","","","","","600","904032","244089","2.7","3736512","","Cement / glass — 2022 EPA GHG Reporter. NAICS 327310. Pre-qualified high-energy solar candidate."
"Beta Ocs Parcels","Offshore","CA","epa_ghgrp","epa-1004613","","","","","","","","600","904032","244089","2.7","3736512","","Industrial facility — 2022 EPA GHG Reporter. NAICS 211120. Pre-qualified high-energy solar candidate."
"Macpherson Oil Company","Bakersfield","CA","epa_ghgrp","epa-1004628","","","","","","","","600","904032","244089","2.7","3736512","","Industrial facility — 2022 EPA GHG Reporter. NAICS 211120. Pre-qualified high-energy solar candidate."
"Signal Hill Petroleum West Unit","Signal Hill","CA","epa_ghgrp","epa-1004651","","","","","","","","600","904032","244089","2.7","3736512","","Industrial facility — 2022 EPA GHG Reporter. NAICS 211120. Pre-qualified high-energy solar candidate."
"Pixley Cogen Partners, Llc","Pixley","CA","epa_ghgrp","epa-1004685","","","","","","","","600","904032","244089","2.7","3736512","","Power generation — 2022 EPA GHG Reporter. NAICS 221112. Pre-qualified high-energy solar candidate."
"Colton Sanitary Landfill","Colton","CA","epa_ghgrp","epa-1004691","","","","","","","","600","904032","244089","2.7","3736512","","Industrial facility — 2022 EPA GHG Reporter. NAICS 562212. Pre-qualified high-energy solar candidate."
"San Timoteo Solid Waste Disposal Site(Redlands)","Redlands","CA","epa_ghgrp","epa-1004692","","","","","","","","600","904032","244089","2.7","3736512","","Industrial facility — 2022 EPA GHG Reporter. NAICS 562212. Pre-qualified high-energy solar candidate."
"Imerys Filtration Minerals, Inc.","Lompoc","CA","epa_ghgrp","epa-1004718","","","","","","","","600","904032","244089","2.7","3736512","","Industrial facility — 2022 EPA GHG Reporter. NAICS 212390. Pre-qualified high-energy solar candidate."
"Toland Road Landfill","Santa Paula","CA","epa_ghgrp","epa-1004743","","","","","","","","600","904032","244089","2.7","3736512","","Industrial facility — 2022 EPA GHG Reporter. NAICS 562212. Pre-qualified high-energy solar candidate."
"Recology Ostrom Road","Wheatland","CA","epa_ghgrp","epa-1004745","","","","","","","","600","904032","244089","2.7","3736512","","Industrial facility — 2022 EPA GHG Reporter. NAICS 562212. Pre-qualified high-energy solar candidate."
"Southern California Gas Blythe Facility","Blythe","CA","epa_ghgrp","epa-1004779","","","","","","","","600","904032","244089","2.7","3736512","","Industrial facility — 2022 EPA GHG Reporter. NAICS 486210. Pre-qualified high-energy solar candidate."
"City Of Ukiah Solid Waste Disposal Site","Ukiah","CA","epa_ghgrp","epa-1004828","","","","","","","","600","904032","244089","2.7","3736512","","Industrial facility — 2022 EPA GHG Reporter. NAICS 562212. Pre-qualified high-energy solar candidate."
"Ace Cogeneration Company","Trona","CA","epa_ghgrp","epa-1004830","","","","","","","","600","904032","244089","2.7","3736512","","Power generation — 2022 EPA GHG Reporter. NAICS 221112. Pre-qualified high-energy solar candidate."
"City Of Lompoc Sanitary Landfill","Lompoc","CA","epa_ghgrp","epa-1004868","","","","","","","","600","904032","244089","2.7","3736512","","Industrial facility — 2022 EPA GHG Reporter. NAICS 562212. Pre-qualified high-energy solar candidate."
"Santa Maria Regional Landfill","Santa Maria","CA","epa_ghgrp","epa-1004882","","","","","","","","600","904032","244089","2.7","3736512","","Industrial facility — 2022 EPA GHG Reporter. NAICS 562212. Pre-qualified high-energy solar candidate."
"Pacific Coast Energy Company Lp","Orcutt","CA","epa_ghgrp","epa-1004905","","","","","","","","600","904032","244089","2.7","3736512","","Industrial facility — 2022 EPA GHG Reporter. NAICS 211120. Pre-qualified high-energy solar candidate."
"Southern California Gas Company South Needles Station","Needles","CA","epa_ghgrp","epa-1004938","","","","","","","","600","904032","244089","2.7","3736512","","Industrial facility — 2022 EPA GHG Reporter. NAICS 486210. Pre-qualified high-energy solar candidate."
"Southern California Gas Company - Aliso Canyon","Northridge","CA","epa_ghgrp","epa-1004940","","","","","","","","600","904032","244089","2.7","3736512","","Industrial facility — 2022 EPA GHG Reporter. NAICS 486210. Pre-qualified high-energy solar candidate."
"Mt Poso Cogeneration Company, Llc","Bakersfield","CA","epa_ghgrp","epa-1004948","","","","","","","","600","904032","244089","2.7","3736512","","Power generation — 2022 EPA GHG Reporter. NAICS 221112. Pre-qualified high-energy solar candidate."
"Recology Yuba-Sutter Landfill","Marysville","CA","epa_ghgrp","epa-1004959","","","","","","","","600","904032","244089","2.7","3736512","","Industrial facility — 2022 EPA GHG Reporter. NAICS 562212. Pre-qualified high-energy solar candidate."
"Berry Petroleum - North Midway","Fellows","CA","epa_ghgrp","epa-1004979","","","","","","","","600","904032","244089","2.7","3736512","","Industrial facility — 2022 EPA GHG Reporter. NAICS 211111. Pre-qualified high-energy solar candidate."
"Berry Petroleum - Poso","Bakersfield","CA","epa_ghgrp","epa-1004981","","","","","","","","600","904032","244089","2.7","3736512","","Industrial facility — 2022 EPA GHG Reporter. NAICS 211111. Pre-qualified high-energy solar candidate."
"Recology Pacheco Pass","Gilroy","CA","epa_ghgrp","epa-1005041","","","","","","","","600","904032","244089","2.7","3736512","","Industrial facility — 2022 EPA GHG Reporter. NAICS 562212. Pre-qualified high-energy solar candidate."
"Recology Hay Road","Vacaville","CA","epa_ghgrp","epa-1005042","","","","","","","","600","904032","244089","2.7","3736512","","Industrial facility — 2022 EPA GHG Reporter. NAICS 562212. Pre-qualified high-energy solar candidate."
"Algonquin Power Sanger, Llc","Sanger","CA","epa_ghgrp","epa-1005044","","","","","","","","600","904032","244089","2.7","3736512","","Power generation — 2022 EPA GHG Reporter. NAICS 221112. Pre-qualified high-energy solar candidate."
"West Miramar Sanitary Landfill","San Diego","CA","epa_ghgrp","epa-1005061","","","","","","","","600","904032","244089","2.7","3736512","","Industrial facility — 2022 EPA GHG Reporter. NAICS 562212. Pre-qualified high-energy solar candidate."
"Southern California Gas Company - Honor Rancho","Valencia","CA","epa_ghgrp","epa-1005063","","","","","","","","600","904032","244089","2.7","3736512","","Industrial facility — 2022 EPA GHG Reporter. NAICS 486210. Pre-qualified high-energy solar candidate."
"Thums Long Beach Company","Long Beach","CA","epa_ghgrp","epa-1005066","","","","","","","","600","904032","244089","2.7","3736512","","Industrial facility — 2022 EPA GHG Reporter. NAICS 211111. Pre-qualified high-energy solar candidate."
"Rio Bravo Jasmin","Bakersfield","CA","epa_ghgrp","epa-1005087","","","","","","","","600","904032","244089","2.7","3736512","","Power generation — 2022 EPA GHG Reporter. NAICS 221112. Pre-qualified high-energy solar candidate."
"Rio Bravo Poso","Bakersfield","CA","epa_ghgrp","epa-1005088","","","","","","","","600","904032","244089","2.7","3736512","","Power generation — 2022 EPA GHG Reporter. NAICS 221112. Pre-qualified high-energy solar candidate."
"Oxnard Landfills","Oxnard","CA","epa_ghgrp","epa-1005092","","","","","","","","600","904032","244089","2.7","3736512","","Industrial facility — 2022 EPA GHG Reporter. NAICS 562212. Pre-qualified high-energy solar candidate."
"California Resources Production Corporation  Kern Front","Bakersfield","CA","epa_ghgrp","epa-1005108","","","","","","","","600","904032","244089","2.7","3736512","","Industrial facility — 2022 EPA GHG Reporter. NAICS 211111. Pre-qualified high-energy solar candidate."
"Ntc/Mcrd Energy Facility","San Diego","CA","epa_ghgrp","epa-1005133","","","","","","","","600","904032","244089","2.7","3736512","","Power generation — 2022 EPA GHG Reporter. NAICS 221112. Pre-qualified high-energy solar candidate."
"California Resources Elk Hills, Llc - Gas Processing And Power Generation","Tupman","CA","epa_ghgrp","epa-1005164","","","","","","","","600","904032","244089","2.7","3736512","","Industrial facility — 2022 EPA GHG Reporter. NAICS 211130. Pre-qualified high-energy solar candidate."
"West Contra Costa Sanitary Landfill","Richmond","CA","epa_ghgrp","epa-1005195","","","","","","","","600","904032","244089","2.7","3736512","","Industrial facility — 2022 EPA GHG Reporter. NAICS 562212. Pre-qualified high-energy solar candidate."
"Southern California Gas Co End User Emissions (Ldc)","Los Angeles","CA","epa_ghgrp","epa-1005209","","","","","","","","600","904032","244089","2.7","3736512","","Power generation — 2022 EPA GHG Reporter. NAICS 221210. Pre-qualified high-energy solar candidate."
"Vernon Public Utilities, Gas Municipal Utility","Vernon","CA","epa_ghgrp","epa-1005237","","","","","","","","600","904032","244089","2.7","3736512","","Power generation — 2022 EPA GHG Reporter. NAICS 221210. Pre-qualified high-energy solar candidate."
"Pacific Gas And Electric Company","San Francisco","CA","epa_ghgrp","epa-1005256","","","","","","","","600","904032","244089","2.7","3736512","","Power generation — 2022 EPA GHG Reporter. NAICS 221210. Pre-qualified high-energy solar candidate."
"Searles Valley Minerals","Trona","CA","epa_ghgrp","epa-1005308","","","","","","","","600","904032","244089","2.7","3736512","","Industrial facility — 2022 EPA GHG Reporter. NAICS 212390. Pre-qualified high-energy solar candidate."
"Calnrg  Santa Clara Valley Gas Plant","Piru","CA","epa_ghgrp","epa-1005321","","","","","","","","600","904032","244089","2.7","3736512","","Industrial facility — 2022 EPA GHG Reporter. NAICS 211130. Pre-qualified high-energy solar candidate."
"Midway-Sunset Cogeneration Co.","Fellows","CA","epa_ghgrp","epa-1005355","","","","","","","","600","904032","244089","2.7","3736512","","Power generation — 2022 EPA GHG Reporter. NAICS 221112. Pre-qualified high-energy solar candidate."
"Tehama County/Red Bluff Landfill","Red Bluff","CA","epa_ghgrp","epa-1005368","","","","","","","","600","904032","244089","2.7","3736512","","Industrial facility — 2022 EPA GHG Reporter. NAICS 562212. Pre-qualified high-energy solar candidate."
"Midstream Energy Partners North Coles Levee Gas Plant","Tupman","CA","epa_ghgrp","epa-1005446","","","","","","","","600","904032","244089","2.7","3736512","","Industrial facility — 2022 EPA GHG Reporter. NAICS 211130. Pre-qualified high-energy solar candidate."
"University Of California, Los Angeles","Los Angeles","CA","epa_ghgrp","epa-1005501","","","","","","","","600","904032","244089","2.7","3736512","","Industrial facility — 2022 EPA GHG Reporter. NAICS 611310. Pre-qualified high-energy solar candidate."
"Ef Oxnard Llc","Oxnard","CA","epa_ghgrp","epa-1005565","","","","","","","","600","904032","244089","2.7","3736512","","Power generation — 2022 EPA GHG Reporter. NAICS 221112. Pre-qualified high-energy solar candidate."
"Applied Energy Llc Naval Station","San Diego","CA","epa_ghgrp","epa-1005566","","","","","","","","600","904032","244089","2.7","3736512","","Power generation — 2022 EPA GHG Reporter. NAICS 221112. Pre-qualified high-energy solar candidate."
"Aera Energy Metson","Maricopa","CA","epa_ghgrp","epa-1005635","","","","","","","","600","904032","244089","2.7","3736512","","Industrial facility — 2022 EPA GHG Reporter. NAICS 211120. Pre-qualified high-energy solar candidate."
"E & J Gallo Winery","Fresno","CA","epa_ghgrp","epa-1005648","","","","","","","","600","904032","244089","2.7","3736512","","Industrial facility — 2022 EPA GHG Reporter. NAICS 312130. Pre-qualified high-energy solar candidate."
"Coachella Valley Disposal Site Landfill","Coachella","CA","epa_ghgrp","epa-1005654","","","","","","","","600","904032","244089","2.7","3736512","","Industrial facility — 2022 EPA GHG Reporter. NAICS 562212. Pre-qualified high-energy solar candidate."
"Mitsubishi Cement Corp Cushenbury Cement Plant","Lucerne Valley","CA","epa_ghgrp","epa-1005662","","","","","","","","600","904032","244089","2.7","3736512","","Cement / glass — 2022 EPA GHG Reporter. NAICS 327310. Pre-qualified high-energy solar candidate."
"Savage Canyon Landfill","Whittier","CA","epa_ghgrp","epa-1005782","","","","","","","","600","904032","244089","2.7","3736512","","Industrial facility — 2022 EPA GHG Reporter. NAICS 562212. Pre-qualified high-energy solar candidate."
"Aera Energy Lost Hills","Mckittrick","CA","epa_ghgrp","epa-1005790","","","","","","","","600","904032","244089","2.7","3736512","","Industrial facility — 2022 EPA GHG Reporter. NAICS 211120. Pre-qualified high-energy solar candidate."
"Cabrillo Power I Encina Power Station","Carlsbad","CA","epa_ghgrp","epa-1005837","","","","","","","","600","904032","244089","2.7","3736512","","Power generation — 2022 EPA GHG Reporter. NAICS 221112. Pre-qualified high-energy solar candidate."
"Goal Line Lp","Escondido","CA","epa_ghgrp","epa-1005843","","","","","","","","600","904032","244089","2.7","3736512","","Power generation — 2022 EPA GHG Reporter. NAICS 221112. Pre-qualified high-energy solar candidate."
"Pe Berkeley, Inc","Berkeley","CA","epa_ghgrp","epa-1005859","","","","","","","","600","904032","244089","2.7","3736512","","Power generation — 2022 EPA GHG Reporter. NAICS 221119. Pre-qualified high-energy solar candidate."
"Palo Alto Landfill And Recycling Center","Palo Alto","CA","epa_ghgrp","epa-1005865","","","","","","","","600","904032","244089","2.7","3736512","","Industrial facility — 2022 EPA GHG Reporter. NAICS 562212. Pre-qualified high-energy solar candidate."
"City Of Mountain View (Shoreline Landfill)","Mountain View","CA","epa_ghgrp","epa-1005910","","","","","","","","600","904032","244089","2.7","3736512","","Industrial facility — 2022 EPA GHG Reporter. NAICS 921190. Pre-qualified high-energy solar candidate."
"New-Indy Ontario, Llc","Ontario","CA","epa_ghgrp","epa-1005938","","","","","","","","600","904032","244089","2.7","3736512","","Pulp & paper — 2022 EPA GHG Reporter. NAICS 322130. Pre-qualified high-energy solar candidate."
"Contra Costa Sanitary Landfill","Antioch","CA","epa_ghgrp","epa-1005955","","","","","","","","600","904032","244089","2.7","3736512","","Industrial facility — 2022 EPA GHG Reporter. NAICS 562212. Pre-qualified high-energy solar candidate."
"O L S Energy-Agnews","San Jose","CA","epa_ghgrp","epa-1005975","","","","","","","","600","904032","244089","2.7","3736512","","Power generation — 2022 EPA GHG Reporter. NAICS 221112. Pre-qualified high-energy solar candidate."
"New-Indy Oxnard Llc","Oxnard","CA","epa_ghgrp","epa-1006048","","","","","","","","600","904032","244089","2.7","3736512","","Pulp & paper — 2022 EPA GHG Reporter. NAICS 322130. Pre-qualified high-energy solar candidate."
"Highgrove Sanitary Landfill","Highgrove","CA","epa_ghgrp","epa-1006079","","","","","","","","600","904032","244089","2.7","3736512","","Industrial facility — 2022 EPA GHG Reporter. NAICS 562212. Pre-qualified high-energy solar candidate."
"Irwindale Brew Yard, Llc.","Irwindale","CA","epa_ghgrp","epa-1006086","","","","","","","","600","904032","244089","2.7","3736512","","Industrial facility — 2022 EPA GHG Reporter. NAICS 312120. Pre-qualified high-energy solar candidate."
"Toyon Canyon Park Reclamation Project","Los Angeles","CA","epa_ghgrp","epa-1006089","","","","","","","","600","904032","244089","2.7","3736512","","Industrial facility — 2022 EPA GHG Reporter. NAICS 562212. Pre-qualified high-energy solar candidate."
"Haynes Generating Station","Long Beach","CA","epa_ghgrp","epa-1006097","","","","","","","","600","904032","244089","2.7","3736512","","Power generation — 2022 EPA GHG Reporter. NAICS 221112. Pre-qualified high-energy solar candidate."
"Phillips 66 Santa Maria Refinery","Arroyo Grande","CA","epa_ghgrp","epa-1006099","","","","","","","","600","904032","244089","2.7","3736512","","Petroleum refining — 2022 EPA GHG Reporter. NAICS 324110. Pre-qualified high-energy solar candidate."
"Lopez Canyon Landfill","Lake View Terrace","CA","epa_ghgrp","epa-1006107","","","","","","","","600","904032","244089","2.7","3736512","","Industrial facility — 2022 EPA GHG Reporter. NAICS 562212. Pre-qualified high-energy solar candidate."
"Fresno Cogeneration Partners, Lp","San Joaquin","CA","epa_ghgrp","epa-1006113","","","","","","","","600","904032","244089","2.7","3736512","","Power generation — 2022 EPA GHG Reporter. NAICS 221112. Pre-qualified high-energy solar candidate."
"City Of Palo Alto Gas Utility","Palo Alto","CA","epa_ghgrp","epa-1006127","","","","","","","","600","904032","244089","2.7","3736512","","Power generation — 2022 EPA GHG Reporter. NAICS 221210. Pre-qualified high-energy solar candidate."
"Bear Mountain Limited","Bakersfield","CA","epa_ghgrp","epa-1006139","","","","","","","","600","904032","244089","2.7","3736512","","Power generation — 2022 EPA GHG Reporter. NAICS 221112. Pre-qualified high-energy solar candidate."
"Shafter-Wasco Sanitary Landfill","Shafter","CA","epa_ghgrp","epa-1006149","","","","","","","","600","904032","244089","2.7","3736512","","Industrial facility — 2022 EPA GHG Reporter. NAICS 562212. Pre-qualified high-energy solar candidate."
"Luz Solar Partners Viii & Ix Ltd.","Hinkley","CA","epa_ghgrp","epa-1006175","","","","","","","","600","904032","244089","2.7","3736512","","Power generation — 2022 EPA GHG Reporter. NAICS 221114. Pre-qualified high-energy solar candidate."
"Newby Island Landfill","Milpitas","CA","epa_ghgrp","epa-1006179","","","","","","","","600","904032","244089","2.7","3736512","","Industrial facility — 2022 EPA GHG Reporter. NAICS 562212. Pre-qualified high-energy solar candidate."
"Allied Imperial Landfill","Imperial","CA","epa_ghgrp","epa-1006197","","","","","","","","600","904032","244089","2.7","3736512","","Industrial facility — 2022 EPA GHG Reporter. NAICS 562212. Pre-qualified high-energy solar candidate."
"San Marcos Landfill","San Marcos","CA","epa_ghgrp","epa-1006215","","","","","","","","600","904032","244089","2.7","3736512","","Industrial facility — 2022 EPA GHG Reporter. NAICS 562212. Pre-qualified high-energy solar candidate."
"Highway 59 Landfill","Merced","CA","epa_ghgrp","epa-1006216","","","","","","","","600","904032","244089","2.7","3736512","","Industrial facility — 2022 EPA GHG Reporter. NAICS 562212. Pre-qualified high-energy solar candidate."
"Billy Wright Landfill","Los Banos","CA","epa_ghgrp","epa-1006218","","","","","","","","600","904032","244089","2.7","3736512","","Industrial facility — 2022 EPA GHG Reporter. NAICS 562212. Pre-qualified high-energy solar candidate."
"Buena Vista Drive Sanitary Landfill","Watsonville","CA","epa_ghgrp","epa-1006221","","","","","","","","600","904032","244089","2.7","3736512","","Industrial facility — 2022 EPA GHG Reporter. NAICS 562212. Pre-qualified high-energy solar candidate."
"Platform Harvest","Offshore","CA","epa_ghgrp","epa-1006244","","","","","","","","600","904032","244089","2.7","3736512","","Industrial facility — 2022 EPA GHG Reporter. NAICS 211120. Pre-qualified high-energy solar candidate."
"Pg&E Gerber Compressor Station","Gerber","CA","epa_ghgrp","epa-1006265","","","","","","","","600","904032","244089","2.7","3736512","","Power generation — 2022 EPA GHG Reporter. NAICS 221210. Pre-qualified high-energy solar candidate."
"Milliken Sanitary Landfill","Ontario","CA","epa_ghgrp","epa-1006293","","","","","","","","600","904032","244089","2.7","3736512","","Industrial facility — 2022 EPA GHG Reporter. NAICS 562212. Pre-qualified high-energy solar candidate."
"Cold Canyon Landfill Solid Waste Ds","San Luis Obispo","CA","epa_ghgrp","epa-1006322","","","","","","","","600","904032","244089","2.7","3736512","","Industrial facility — 2022 EPA GHG Reporter. NAICS 562212. Pre-qualified high-energy solar candidate."
"San Francisco Refinery At Rodeo","Rodeo","CA","epa_ghgrp","epa-1006395","","","","","","","","600","904032","244089","2.7","3736512","","Petroleum refining — 2022 EPA GHG Reporter. NAICS 324110. Pre-qualified high-energy solar candidate."
"Calportland Company Colton Plant","Colton","CA","epa_ghgrp","epa-1006401","","","","","","","","600","904032","244089","2.7","3736512","","Cement / glass — 2022 EPA GHG Reporter. NAICS 327310. Pre-qualified high-energy solar candidate."
"Aera Energy Coalinga","Coalinga","CA","epa_ghgrp","epa-1006405","","","","","","","","600","904032","244089","2.7","3736512","","Industrial facility — 2022 EPA GHG Reporter. NAICS 211120. Pre-qualified high-energy solar candidate."
"San Ardo","San Ardo","CA","epa_ghgrp","epa-1006432","","","","","","","","600","904032","244089","2.7","3736512","","Industrial facility — 2022 EPA GHG Reporter. NAICS 211111. Pre-qualified high-energy solar candidate."
"Pg&E Delevan Compressor Station","Maxwell","CA","epa_ghgrp","epa-1006434","","","","","","","","600","904032","244089","2.7","3736512","","Power generation — 2022 EPA GHG Reporter. NAICS 221210. Pre-qualified high-energy solar candidate."
"Western Regional Sanitary Landfill","Lincoln","CA","epa_ghgrp","epa-1006501","","","","","","","","600","904032","244089","2.7","3736512","","Industrial facility — 2022 EPA GHG Reporter. NAICS 562212. Pre-qualified high-energy solar candidate."
"Oildale Energy Llc","Bakersfield","CA","epa_ghgrp","epa-1006533","","","","","","","","600","904032","244089","2.7","3736512","","Power generation — 2022 EPA GHG Reporter. NAICS 221112. Pre-qualified high-energy solar candidate."
"Clover Flat Landfill","Calistoga","CA","epa_ghgrp","epa-1006557","","","","","","","","600","904032","244089","2.7","3736512","","Industrial facility — 2022 EPA GHG Reporter. NAICS 562212. Pre-qualified high-energy solar candidate."
"Los Angeles Refinery (Lar)","Carson","CA","epa_ghgrp","epa-1006627","","","","","","","","600","904032","244089","2.7","3736512","","Petroleum refining — 2022 EPA GHG Reporter. NAICS 324110. Pre-qualified high-energy solar candidate."
"Grayson Power Plant","Glendale","CA","epa_ghgrp","epa-1006628","","","","","","","","600","904032","244089","2.7","3736512","","Power generation — 2022 EPA GHG Reporter. NAICS 221112. Pre-qualified high-energy solar candidate."
"City Of Long Beach Gas And Oil Department","Long Beach","CA","epa_ghgrp","epa-1006629","","","","","","","","600","904032","244089","2.7","3736512","","Power generation — 2022 EPA GHG Reporter. NAICS 221210. Pre-qualified high-energy solar candidate."
"National Cement Co Of California Inc","Lebec","CA","epa_ghgrp","epa-1006642","","","","","","","","600","904032","244089","2.7","3736512","","Cement / glass — 2022 EPA GHG Reporter. NAICS 327310. Pre-qualified high-energy solar candidate."
"Wadham Energy Lp","Williams","CA","epa_ghgrp","epa-1006680","","","","","","","","600","904032","244089","2.7","3736512","","Power generation — 2022 EPA GHG Reporter. NAICS 221119. Pre-qualified high-energy solar candidate."
"Graphic Packaging International Inc","Santa Clara","CA","epa_ghgrp","epa-1006734","","","","","","","","600","904032","244089","2.7","3736512","","Pulp & paper — 2022 EPA GHG Reporter. NAICS 322130. Pre-qualified high-energy solar candidate."
"Calpeak Power - Panoche Llc","Firebaugh","CA","epa_ghgrp","epa-1006745","","","","","","","","600","904032","244089","2.7","3736512","","Power generation — 2022 EPA GHG Reporter. NAICS 221112. Pre-qualified high-energy solar candidate."
"Trc Cypress Group Llc","Taft","CA","epa_ghgrp","epa-1006750","","","","","","","","600","904032","244089","2.7","3736512","","Industrial facility — 2022 EPA GHG Reporter. NAICS 211120. Pre-qualified high-energy solar candidate."
"Sierra Power Corporation","Terra Bella","CA","epa_ghgrp","epa-1006792","","","","","","","","600","904032","244089","2.7","3736512","","Industrial facility — 2022 EPA GHG Reporter. NAICS 321113. Pre-qualified high-energy solar candidate."
"Chowchilla Ii","Chowchilla","CA","epa_ghgrp","epa-1006812","","","","","","","","600","904032","244089","2.7","3736512","","Power generation — 2022 EPA GHG Reporter. NAICS 221112. Pre-qualified high-energy solar candidate."
"Calportland Company Mojave Plant","Mojave","CA","epa_ghgrp","epa-1006842","","","","","","","","600","904032","244089","2.7","3736512","","Cement / glass — 2022 EPA GHG Reporter. NAICS 327310. Pre-qualified high-energy solar candidate."
"Phillips 66 Los Angeles Refinery - Wilmington Plant","Wilmington","CA","epa_ghgrp","epa-1006843","","","","","","","","600","904032","244089","2.7","3736512","","Petroleum refining — 2022 EPA GHG Reporter. NAICS 324110. Pre-qualified high-energy solar candidate."
"Aera Energy Anderson Fitzgerald","Mckittrick","CA","epa_ghgrp","epa-1006844","","","","","","","","600","904032","244089","2.7","3736512","","Industrial facility — 2022 EPA GHG Reporter. NAICS 211120. Pre-qualified high-energy solar candidate."
"Aera Energy Belridge","Mckittrick","CA","epa_ghgrp","epa-1006845","","","","","","","","600","904032","244089","2.7","3736512","","Industrial facility — 2022 EPA GHG Reporter. NAICS 211120. Pre-qualified high-energy solar candidate."
"Aera Energy San Ardo","San Ardo","CA","epa_ghgrp","epa-1006846","","","","","","","","600","904032","244089","2.7","3736512","","Industrial facility — 2022 EPA GHG Reporter. NAICS 211120. Pre-qualified high-energy solar candidate."
"Live Oak Limited","Bakersfield","CA","epa_ghgrp","epa-1006860","","","","","","","","600","904032","244089","2.7","3736512","","Power generation — 2022 EPA GHG Reporter. NAICS 221112. Pre-qualified high-energy solar candidate."
"Demenno Kerdoon","Compton","CA","epa_ghgrp","epa-1006861","","","","","","","","600","904032","244089","2.7","3736512","","Petroleum refining — 2022 EPA GHG Reporter. NAICS 324199. Pre-qualified high-energy solar candidate."
"University Of California, Irvine","Irvine","CA","epa_ghgrp","epa-1006873","","","","","","","","600","904032","244089","2.7","3736512","","Industrial facility — 2022 EPA GHG Reporter. NAICS 611310. Pre-qualified high-energy solar candidate."
"Aera Energy Moco","Maricopa","CA","epa_ghgrp","epa-1006914","","","","","","","","600","904032","244089","2.7","3736512","","Industrial facility — 2022 EPA GHG Reporter. NAICS 211120. Pre-qualified high-energy solar candidate."
"City Of Sacramento Landfill","Sacramento","CA","epa_ghgrp","epa-1006960","","","","","","","","600","904032","244089","2.7","3736512","","Industrial facility — 2022 EPA GHG Reporter. NAICS 562212. Pre-qualified high-energy solar candidate."
"Chateau Fresno Landfill","Fresno","CA","epa_ghgrp","epa-1007015","","","","","","","","600","904032","244089","2.7","3736512","","Industrial facility — 2022 EPA GHG Reporter. NAICS 562212. Pre-qualified high-energy solar candidate."
"Vasco Road Landfill","Livermore","CA","epa_ghgrp","epa-1007040","","","","","","","","600","904032","244089","2.7","3736512","","Industrial facility — 2022 EPA GHG Reporter. NAICS 562212. Pre-qualified high-energy solar candidate."
"Certainteed Corporation","Chowchilla","CA","epa_ghgrp","epa-1007055","","","","","","","","600","904032","244089","2.7","3736512","","Cement / glass — 2022 EPA GHG Reporter. NAICS 327993. Pre-qualified high-energy solar candidate."
"Ox Mountain Sanitary Landfill","Half Moon Bay","CA","epa_ghgrp","epa-1007112","","","","","","","","600","904032","244089","2.7","3736512","","Industrial facility — 2022 EPA GHG Reporter. NAICS 562212. Pre-qualified high-energy solar candidate."
"San Diego Gas & Electric (Ldc)","San Diego","CA","epa_ghgrp","epa-1007125","","","","","","","","600","904032","244089","2.7","3736512","","Power generation — 2022 EPA GHG Reporter. NAICS 221210. Pre-qualified high-energy solar candidate."
"Johnson Canyon Sanitary Landfill","Gonzales","CA","epa_ghgrp","epa-1007128","","","","","","","","600","904032","244089","2.7","3736512","","Industrial facility — 2022 EPA GHG Reporter. NAICS 562212. Pre-qualified high-energy solar candidate."
"Pg&E Colusa Generating Station","Maxwell","CA","epa_ghgrp","epa-1007173","","","","","","","","600","904032","244089","2.7","3736512","","Power generation — 2022 EPA GHG Reporter. NAICS 221112. Pre-qualified high-energy solar candidate."
"North County Sanitary Landfill","Lodi","CA","epa_ghgrp","epa-1007197","","","","","","","","600","904032","244089","2.7","3736512","","Industrial facility — 2022 EPA GHG Reporter. NAICS 921120. Pre-qualified high-energy solar candidate."
"Foothill Sanitary Landfill","Linden","CA","epa_ghgrp","epa-1007198","","","","","","","","600","904032","244089","2.7","3736512","","Industrial facility — 2022 EPA GHG Reporter. NAICS 562212. Pre-qualified high-energy solar candidate."
"Coalinga Cogeneration Facility","Coalinga","CA","epa_ghgrp","epa-1007204","","","","","","","","600","904032","244089","2.7","3736512","","Power generation — 2022 EPA GHG Reporter. NAICS 221112. Pre-qualified high-energy solar candidate."
"Linn Energy - Homebase","Maricopa","CA","epa_ghgrp","epa-1007238","","","","","","","","600","904032","244089","2.7","3736512","","Industrial facility — 2022 EPA GHG Reporter. NAICS 211111. Pre-qualified high-energy solar candidate."
"Tracy Combined Cycle Power Plant","Tracy","CA","epa_ghgrp","epa-1007312","","","","","","","","600","904032","244089","2.7","3736512","","Power generation — 2022 EPA GHG Reporter. NAICS 221112. Pre-qualified high-energy solar candidate."
"Contra Costa Generating Station","Antioch","CA","epa_ghgrp","epa-1007313","","","","","","","","600","904032","244089","2.7","3736512","","Power generation — 2022 EPA GHG Reporter. NAICS 221112. Pre-qualified high-energy solar candidate."
"Almond Power Plant","Modesto","CA","epa_ghgrp","epa-1007315","","","","","","","","600","904032","244089","2.7","3736512","","Power generation — 2022 EPA GHG Reporter. NAICS 221112. Pre-qualified high-energy solar candidate."
"Calpeak Power - Enterprise Llc","Escondido","CA","epa_ghgrp","epa-1007316","","","","","","","","600","904032","244089","2.7","3736512","","Power generation — 2022 EPA GHG Reporter. NAICS 221112. Pre-qualified high-energy solar candidate."
"Malburg Generating Station","Vernon","CA","epa_ghgrp","epa-1007318","","","","","","","","600","904032","244089","2.7","3736512","","Power generation — 2022 EPA GHG Reporter. NAICS 221112. Pre-qualified high-energy solar candidate."
"Torrance Refining Company Llc","Torrance","CA","epa_ghgrp","epa-1007329","","","","","","","","600","904032","244089","2.7","3736512","","Petroleum refining — 2022 EPA GHG Reporter. NAICS 324110. Pre-qualified high-energy solar candidate."
"Potrero Hills Landfill","Suisun City","CA","epa_ghgrp","epa-1007345","","","","","","","","600","904032","244089","2.7","3736512","","Industrial facility — 2022 EPA GHG Reporter. NAICS 562212. Pre-qualified high-energy solar candidate."
"Edgington Oil Company","Long Beach","CA","epa_ghgrp","epa-1007347","","","","","","","","600","904032","244089","2.7","3736512","","Petroleum refining — 2022 EPA GHG Reporter. NAICS 324110. Pre-qualified high-energy solar candidate."
"Berry Petroleum - Ethel D","Maricopa","CA","epa_ghgrp","epa-1007363","","","","","","","","600","904032","244089","2.7","3736512","","Industrial facility — 2022 EPA GHG Reporter. NAICS 211111. Pre-qualified high-energy solar candidate."
"Berry Petroleum - Placerita","Newhall","CA","epa_ghgrp","epa-1007398","","","","","","","","600","904032","244089","2.7","3736512","","Industrial facility — 2022 EPA GHG Reporter. NAICS 211111. Pre-qualified high-energy solar candidate."
"Pg&E Humboldt Bay","Eureka","CA","epa_ghgrp","epa-1007411","","","","","","","","600","904032","244089","2.7","3736512","","Power generation — 2022 EPA GHG Reporter. NAICS 221112. Pre-qualified high-energy solar candidate."
"Landers Sanitary Landfill","Landers","CA","epa_ghgrp","epa-1007424","","","","","","","","600","904032","244089","2.7","3736512","","Industrial facility — 2022 EPA GHG Reporter. NAICS 562212. Pre-qualified high-energy solar candidate."
"Pg&E Gateway Generating Station","Antioch","CA","epa_ghgrp","epa-1007469","","","","","","","","600","904032","244089","2.7","3736512","","Power generation — 2022 EPA GHG Reporter. NAICS 221112. Pre-qualified high-energy solar candidate."
"Pg&E Tionesta Compressor Station","Tionesta","CA","epa_ghgrp","epa-1007536","","","","","","","","600","904032","244089","2.7","3736512","","Power generation — 2022 EPA GHG Reporter. NAICS 221210. Pre-qualified high-energy solar candidate."
"North Miramar Sanitary Landfill","San Diego","CA","epa_ghgrp","epa-1007558","","","","","","","","600","904032","244089","2.7","3736512","","Industrial facility — 2022 EPA GHG Reporter. NAICS 562212. Pre-qualified high-energy solar candidate."
"Burbank City Of, Public Works Dept","Burbank","CA","epa_ghgrp","epa-1007600","","","","","","","","600","904032","244089","2.7","3736512","","Industrial facility — 2022 EPA GHG Reporter. NAICS 562212. Pre-qualified high-energy solar candidate."
"Victorville Sanitary Landfill","Victorville","CA","epa_ghgrp","epa-1007607","","","","","","","","600","904032","244089","2.7","3736512","","Industrial facility — 2022 EPA GHG Reporter. NAICS 562212. Pre-qualified high-energy solar candidate."
"Potrero Generating Station","San Francisco","CA","epa_ghgrp","epa-1007609","","","","","","","","600","904032","244089","2.7","3736512","","Power generation — 2022 EPA GHG Reporter. NAICS 221112. Pre-qualified high-energy solar candidate."
"Dicalite Minerals Llc","Burney","CA","epa_ghgrp","epa-1007651","","","","","","","","600","904032","244089","2.7","3736512","","Industrial facility — 2022 EPA GHG Reporter. NAICS 212390. Pre-qualified high-energy solar candidate."
"Bakersfield City Landfill","Bakersfield","CA","epa_ghgrp","epa-1007654","","","","","","","","600","904032","244089","2.7","3736512","","Industrial facility — 2022 EPA GHG Reporter. NAICS 562212. Pre-qualified high-energy solar candidate."
"Redwood Landfill","Novato","CA","epa_ghgrp","epa-1007668","","","","","","","","600","904032","244089","2.7","3736512","","Industrial facility — 2022 EPA GHG Reporter. NAICS 562212. Pre-qualified high-energy solar candidate."
"Azusa Land Reclamation Co Inc Inert Lf","Azusa","CA","epa_ghgrp","epa-1007682","","","","","","","","600","904032","244089","2.7","3736512","","Industrial facility — 2022 EPA GHG Reporter. NAICS 562212. Pre-qualified high-energy solar candidate."
"El Sobrante Landfill","Corona","CA","epa_ghgrp","epa-1007693","","","","","","","","600","904032","244089","2.7","3736512","","Industrial facility — 2022 EPA GHG Reporter. NAICS 562212. Pre-qualified high-energy solar candidate."
"Altamont Landfill & Resource Recovery Facility","Livermore","CA","epa_ghgrp","epa-1007699","","","","","","","","600","904032","244089","2.7","3736512","","Industrial facility — 2022 EPA GHG Reporter. NAICS 562212. Pre-qualified high-energy solar candidate."
"Antelope Valley Recycling And Disposal Facility","Palmdale","CA","epa_ghgrp","epa-1007710","","","","","","","","600","904032","244089","2.7","3736512","","Industrial facility — 2022 EPA GHG Reporter. NAICS 562212. Pre-qualified high-energy solar candidate."
"Cummings Road Landfill","Eureka","CA","epa_ghgrp","epa-1007736","","","","","","","","600","904032","244089","2.7","3736512","","Industrial facility — 2022 EPA GHG Reporter. NAICS 562212. Pre-qualified high-energy solar candidate."
"Qualcomm Inc - Morehouse Dr","San Diego","CA","epa_ghgrp","epa-1007738","","","","","","","","600","904032","244089","2.7","3736512","","Industrial facility — 2022 EPA GHG Reporter. NAICS 541990. Pre-qualified high-energy solar candidate."
"Npca Combustion Turbine Project #2","Lodi","CA","epa_ghgrp","epa-1007749","","","","","","","","600","904032","244089","2.7","3736512","","Power generation — 2022 EPA GHG Reporter. NAICS 221112. Pre-qualified high-energy solar candidate."
"Cwmi, Khf (Msw Landfill B-19)","Kettleman City","CA","epa_ghgrp","epa-1007794","","","","","","","","600","904032","244089","2.7","3736512","","Industrial facility — 2022 EPA GHG Reporter. NAICS 562212. Pre-qualified high-energy solar candidate."
"Simi Valley Landfill & Recycling Center","Simi Valley","CA","epa_ghgrp","epa-1007816","","","","","","","","600","904032","244089","2.7","3736512","","Industrial facility — 2022 EPA GHG Reporter. NAICS 562212. Pre-qualified high-energy solar candidate."
"Kirby Canyon Recycling & Disposal Facility","Morgan Hill","CA","epa_ghgrp","epa-1007817","","","","","","","","600","904032","244089","2.7","3736512","","Industrial facility — 2022 EPA GHG Reporter. NAICS 562212. Pre-qualified high-energy solar candidate."
"Owens-Brockway Glass Container Inc. Plant #23","Vernon","CA","epa_ghgrp","epa-1007823","","","","","","","","600","904032","244089","2.7","3736512","","Cement / glass — 2022 EPA GHG Reporter. NAICS 327213. Pre-qualified high-energy solar candidate."
"Tri-Cities Recycling","Fremont","CA","epa_ghgrp","epa-1007836","","","","","","","","600","904032","244089","2.7","3736512","","Industrial facility — 2022 EPA GHG Reporter. NAICS 562212. Pre-qualified high-energy solar candidate."
"Guadalupe Rubbish Disposal Facility","San Jose","CA","epa_ghgrp","epa-1007837","","","","","","","","600","904032","244089","2.7","3736512","","Industrial facility — 2022 EPA GHG Reporter. NAICS 562212. Pre-qualified high-energy solar candidate."
"Anderson Landfill","Anderson","CA","epa_ghgrp","epa-1007839","","","","","","","","600","904032","244089","2.7","3736512","","Industrial facility — 2022 EPA GHG Reporter. NAICS 562212. Pre-qualified high-energy solar candidate."
"Lancaster Landfill","Lancaster","CA","epa_ghgrp","epa-1007841","","","","","","","","600","904032","244089","2.7","3736512","","Industrial facility — 2022 EPA GHG Reporter. NAICS 562212. Pre-qualified high-energy solar candidate."
"Guardian Industries Llc - Kingsburg","Kingsburg","CA","epa_ghgrp","epa-1007904","","","","","","","","600","904032","244089","2.7","3736512","","Cement / glass — 2022 EPA GHG Reporter. NAICS 327211. Pre-qualified high-energy solar candidate."
"Calportland Company Oro Grande Plant","Oro Grande","CA","epa_ghgrp","epa-1007927","","","","","","","","600","904032","244089","2.7","3736512","","Cement / glass — 2022 EPA GHG Reporter. NAICS 327310. Pre-qualified high-energy solar candidate."
"Bradley Landfill & Recycling Center","Sun Valley","CA","epa_ghgrp","epa-1007951","","","","","","","","600","904032","244089","2.7","3736512","","Industrial facility — 2022 EPA GHG Reporter. NAICS 562212. Pre-qualified high-energy solar candidate."
"Cymric","Mckittrick","CA","epa_ghgrp","epa-1007955","","","","","","","","600","904032","244089","2.7","3736512","","Industrial facility — 2022 EPA GHG Reporter. NAICS 211111. Pre-qualified high-energy solar candidate."
"Chevron Products, El Segundo Refinery","El Segundo","CA","epa_ghgrp","epa-1007978","","","","","","","","600","904032","244089","2.7","3736512","","Petroleum refining — 2022 EPA GHG Reporter. NAICS 324110. Pre-qualified high-energy solar candidate."
"City Of Fresno Landfill","Fresno","CA","epa_ghgrp","epa-1007993","","","","","","","","600","904032","244089","2.7","3736512","","Industrial facility — 2022 EPA GHG Reporter. NAICS 562212. Pre-qualified high-energy solar candidate."
"Otay Landfill","Chula Vista","CA","epa_ghgrp","epa-1008030","","","","","","","","600","904032","244089","2.7","3736512","","Industrial facility — 2022 EPA GHG Reporter. NAICS 562212. Pre-qualified high-energy solar candidate."
"South Chollas Sanitary Landfill","San Diego","CA","epa_ghgrp","epa-1008057","","","","","","","","600","904032","244089","2.7","3736512","","Industrial facility — 2022 EPA GHG Reporter. NAICS 562212. Pre-qualified high-energy solar candidate."
"Chevron Mca 350 South Oklahoma Folded Belt","San Ramon","CA","epa_ghgrp","epa-1008102","","","","","","","","600","904032","244089","2.7","3736512","","Industrial facility — 2022 EPA GHG Reporter. NAICS 211111. Pre-qualified high-energy solar candidate."
"Berry Petroleum Company - San Joaquin Basin 745","Bakersfield","CA","epa_ghgrp","epa-1008163","","","","","","","","600","904032","244089","2.7","3736512","","Industrial facility — 2022 EPA GHG Reporter. NAICS 211120. Pre-qualified high-energy solar candidate."
"Berry Petroleum Company 585 Piceance Basin Production Segment","Bakersfield","CA","epa_ghgrp","epa-1008165","","","","","","","","600","904032","244089","2.7","3736512","","Industrial facility — 2022 EPA GHG Reporter. NAICS 211130. Pre-qualified high-energy solar candidate."
"Shadow Wolf Energy, Llc. - Los Angeles Basin 760","Newhall","CA","epa_ghgrp","epa-1008308","","","","","","","","600","904032","244089","2.7","3736512","","Industrial facility — 2022 EPA GHG Reporter. NAICS 211120. Pre-qualified high-energy solar candidate."
"Aera Energy San Joaquin Basin","Bakersfield","CA","epa_ghgrp","epa-1008346","","","","","","","","600","904032","244089","2.7","3736512","","Industrial facility — 2022 EPA GHG Reporter. NAICS 211120. Pre-qualified high-energy solar candidate."
"California Resources Production Corporation  San Joaquin Valley Basin 745","Bakersfield","CA","epa_ghgrp","epa-1008402","","","","","","","","600","904032","244089","2.7","3736512","","Industrial facility — 2022 EPA GHG Reporter. NAICS 211120. Pre-qualified high-energy solar candidate."
"California Resources Production Corporation  Sacramento Valley Basin 730","Bakersfield","CA","epa_ghgrp","epa-1008405","","","","","","","","600","904032","244089","2.7","3736512","","Industrial facility — 2022 EPA GHG Reporter. NAICS 211130. Pre-qualified high-energy solar candidate."
"California Resources Elk Hills, Llc - San Joaquin Valley Production Basin","Los Angeles","CA","epa_ghgrp","epa-1008406","","","","","","","","600","904032","244089","2.7","3736512","","Industrial facility — 2022 EPA GHG Reporter. NAICS 211111. Pre-qualified high-energy solar candidate."
"Los Angeles Basin 760 Thums Long Beach Company","Los Angeles","CA","epa_ghgrp","epa-1008409","","","","","","","","600","904032","244089","2.7","3736512","","Industrial facility — 2022 EPA GHG Reporter. NAICS 211111. Pre-qualified high-energy solar candidate."
"745 San Joaquin Basin Chevron Usa Inc.","San Ramon","CA","epa_ghgrp","epa-1008499","","","","","","","","600","904032","244089","2.7","3736512","","Industrial facility — 2022 EPA GHG Reporter. NAICS 211120. Pre-qualified high-energy solar candidate."
"Valero Refining Co - Cali Fornia Benicia Refinery","Benicia","CA","epa_ghgrp","epa-1008504","","","","","","","","600","904032","244089","2.7","3736512","","Petroleum refining — 2022 EPA GHG Reporter. NAICS 324110. Pre-qualified high-energy solar candidate."
"Chevron Mca 360 Anadarko Basin","San Ramon","CA","epa_ghgrp","epa-1008956","","","","","","","","600","904032","244089","2.7","3736512","","Industrial facility — 2022 EPA GHG Reporter. NAICS 211130. Pre-qualified high-energy solar candidate."
"Chevron Mca 220 Gulf Coast Basin","San Ramon","CA","epa_ghgrp","epa-1008961","","","","","","","","600","904032","244089","2.7","3736512","","Industrial facility — 2022 EPA GHG Reporter. NAICS 211111. Pre-qualified high-energy solar candidate."
"Sunray Energy, Inc","Daggett","CA","epa_ghgrp","epa-1008997","","","","","","","","600","904032","244089","2.7","3736512","","Power generation — 2022 EPA GHG Reporter. NAICS 221119. Pre-qualified high-energy solar candidate."
"Chevron Mca 507 Central Western Overthrust","San Ramon","CA","epa_ghgrp","epa-1009051","","","","","","","","600","904032","244089","2.7","3736512","","Industrial facility — 2022 EPA GHG Reporter. NAICS 211111. Pre-qualified high-energy solar candidate."
"Chevron Mca 535 Green River Basin","San Ramon","CA","epa_ghgrp","epa-1009052","","","","","","","","600","904032","244089","2.7","3736512","","Industrial facility — 2022 EPA GHG Reporter. NAICS 211111. Pre-qualified high-energy solar candidate."
"Chevron Mca 530 Wind River Basin","San Ramon","CA","epa_ghgrp","epa-1009053","","","","","","","","600","904032","244089","2.7","3736512","","Industrial facility — 2022 EPA GHG Reporter. NAICS 211111. Pre-qualified high-energy solar candidate."
"Chevron Mca 260 East Texas Basin","San Ramon","CA","epa_ghgrp","epa-1009239","","","","","","","","600","904032","244089","2.7","3736512","","Industrial facility — 2022 EPA GHG Reporter. NAICS 211130. Pre-qualified high-energy solar candidate."
"Chevron Mca 430 Permian Basin","San Ramon","CA","epa_ghgrp","epa-1009240","","","","","","","","600","904032","244089","2.7","3736512","","Industrial facility — 2022 EPA GHG Reporter. NAICS 211130. Pre-qualified high-energy solar candidate."
"Chevron Mca 595 Piceance Basin","San Ramon","CA","epa_ghgrp","epa-1009241","","","","","","","","600","904032","244089","2.7","3736512","","Industrial facility — 2022 EPA GHG Reporter. NAICS 211111. Pre-qualified high-energy solar candidate."
"South Midway Sunset","Maricopa","CA","epa_ghgrp","epa-1009300","","","","","","","","600","904032","244089","2.7","3736512","","Industrial facility — 2022 EPA GHG Reporter. NAICS 211111. Pre-qualified high-energy solar candidate."
"Los Angeles Department Of Water And Power - Electric Power Transmission & Distribution Entity (Sf6)","Los Angeles","CA","epa_ghgrp","epa-1009555","","","","","","","","600","904032","244089","2.7","3736512","","Power generation — 2022 EPA GHG Reporter. NAICS 221121. Pre-qualified high-energy solar candidate."
"Pacific Gas And Electric Company (Pg&E) - Sf6 Emissions","San Francisco","CA","epa_ghgrp","epa-1009578","","","","","","","","600","904032","244089","2.7","3736512","","Power generation — 2022 EPA GHG Reporter. NAICS 221122. Pre-qualified high-energy solar candidate."
"Naftex Operating Company","Bakersfield","CA","epa_ghgrp","epa-1009582","","","","","","","","600","904032","244089","2.7","3736512","","Industrial facility — 2022 EPA GHG Reporter. NAICS 211120. Pre-qualified high-energy solar candidate."
"Southern California Edison","Rosemead","CA","epa_ghgrp","epa-1009787","","","","","","","","600","904032","244089","2.7","3736512","","Power generation — 2022 EPA GHG Reporter. NAICS 221122. Pre-qualified high-energy solar candidate."
"San Diego Gas & Electric (Entity Sf6)","San Diego","CA","epa_ghgrp","epa-1009921","","","","","","","","600","904032","244089","2.7","3736512","","Power generation — 2022 EPA GHG Reporter. NAICS 221122. Pre-qualified high-energy solar candidate."
"Clean Harbors Buttonwillow, Llc.","Buttonwillow","CA","epa_ghgrp","epa-1009930","","","","","","","","600","904032","244089","2.7","3736512","","Industrial facility — 2022 EPA GHG Reporter. NAICS 562212. Pre-qualified high-energy solar candidate."
"Aera Energy Wier Gore Maxwell","Fellows","CA","epa_ghgrp","epa-1009944","","","","","","","","600","904032","244089","2.7","3736512","","Industrial facility — 2022 EPA GHG Reporter. NAICS 211120. Pre-qualified high-energy solar candidate."
"Anaheim Electric Distribution System","Anaheim","CA","epa_ghgrp","epa-1010076","","","","","","","","600","904032","244089","2.7","3736512","","Power generation — 2022 EPA GHG Reporter. NAICS 221122. Pre-qualified high-energy solar candidate."
"Venoco - Sac Basin","Stockton","CA","epa_ghgrp","epa-1010172","","","","","","","","600","904032","244089","2.7","3736512","","Industrial facility — 2022 EPA GHG Reporter. NAICS 211111. Pre-qualified high-energy solar candidate."
"California Street Landfill","City Of Redlands","CA","epa_ghgrp","epa-1010207","","","","","","","","600","904032","244089","2.7","3736512","","Industrial facility — 2022 EPA GHG Reporter. NAICS 562212. Pre-qualified high-energy solar candidate."
"Imperial Irrigation District (Sf6)","Imperial","CA","epa_ghgrp","epa-1010231","","","","","","","","600","904032","244089","2.7","3736512","","Power generation — 2022 EPA GHG Reporter. NAICS 221122. Pre-qualified high-energy solar candidate."
"Laxfuel Corporation","Los Angeles","CA","epa_ghgrp","epa-1010409","","","","","","","","600","904032","244089","2.7","3736512","","Industrial facility — 2022 EPA GHG Reporter. NAICS 424710. Pre-qualified high-energy solar candidate."
"Walnut Creek Energy, Llc.","City Of Industry","CA","epa_ghgrp","epa-1010417","","","","","","","","600","904032","244089","2.7","3736512","","Power generation — 2022 EPA GHG Reporter. NAICS 221112. Pre-qualified high-energy solar candidate."
"Pechanga Resort And Casino","Temecula","CA","epa_ghgrp","epa-1010424","","","","","","","","600","904032","244089","2.7","3736512","","Industrial facility — 2022 EPA GHG Reporter. NAICS 721120. Pre-qualified high-energy solar candidate."
"Petro Diamond Inc.","Irvine","CA","epa_ghgrp","epa-1010431","","","","","","","","600","904032","244089","2.7","3736512","","Industrial facility — 2022 EPA GHG Reporter. NAICS 424720. Pre-qualified high-energy solar candidate."
"Tesoro Refining And Marketing Co., Llc - Los Angeles Refinery","Wilmington","CA","epa_ghgrp","epa-1010443","","","","","","","","600","904032","244089","2.7","3736512","","Petroleum refining — 2022 EPA GHG Reporter. NAICS 324110. Pre-qualified high-energy solar candidate."
"Chevron Mm Import/Export","San Ramon","CA","epa_ghgrp","epa-1010516","","","","","","","","600","904032","244089","2.7","3736512","","Petroleum refining — 2022 EPA GHG Reporter. NAICS 324110. Pre-qualified high-energy solar candidate."
"Chevron Mm Richmond","Richmond","CA","epa_ghgrp","epa-1010517","","","","","","","","600","904032","244089","2.7","3736512","","Petroleum refining — 2022 EPA GHG Reporter. NAICS 324110. Pre-qualified high-energy solar candidate."
"Mieco Llc","Long Beach","CA","epa_ghgrp","epa-1010523","","","","","","","","600","904032","244089","2.7","3736512","","Petroleum refining — 2022 EPA GHG Reporter. NAICS 324110. Pre-qualified high-energy solar candidate."
"Chevron Mm El Segundo","El Segundo","CA","epa_ghgrp","epa-1010533","","","","","","","","600","904032","244089","2.7","3736512","","Petroleum refining — 2022 EPA GHG Reporter. NAICS 324110. Pre-qualified high-energy solar candidate."
"Cabrillo Power Ii Llc - Kearny 2 & 3","San Diego","CA","epa_ghgrp","epa-1010540","","","","","","","","600","904032","244089","2.7","3736512","","Power generation — 2022 EPA GHG Reporter. NAICS 221112. Pre-qualified high-energy solar candidate."
"Mp Mine Operations Llc","Mountain Pass","CA","epa_ghgrp","epa-1010550","","","","","","","","600","904032","244089","2.7","3736512","","Industrial facility — 2022 EPA GHG Reporter. NAICS 212290. Pre-qualified high-energy solar candidate."
"Wheelabrator Lassen, Inc","Anderson","CA","epa_ghgrp","epa-1010570","","","","","","","","600","904032","244089","2.7","3736512","","Power generation — 2022 EPA GHG Reporter. NAICS 221112. Pre-qualified high-energy solar candidate."
"Southern California Gas Co Wheeler Ridge Station","Mettler","CA","epa_ghgrp","epa-1010581","","","","","","","","600","904032","244089","2.7","3736512","","Industrial facility — 2022 EPA GHG Reporter. NAICS 486210. Pre-qualified high-energy solar candidate."
"Tesoro Refining And Marketing Co., Llc - Golden Eagle Refinery","Martinez","CA","epa_ghgrp","epa-1010651","","","","","","","","600","904032","244089","2.7","3736512","","Petroleum refining — 2022 EPA GHG Reporter. NAICS 324110. Pre-qualified high-energy solar candidate."
"Grade 6 Oil, Llc","Bakersfield","CA","epa_ghgrp","epa-1010707","","","","","","","","600","904032","244089","2.7","3736512","","Industrial facility — 2022 EPA GHG Reporter. NAICS 211120. Pre-qualified high-energy solar candidate."
"Cat Canyon Resources, Llc 750 Santa Maria Basin","Santa Maria","CA","epa_ghgrp","epa-1010738","","","","","","","","600","904032","244089","2.7","3736512","","Industrial facility — 2022 EPA GHG Reporter. NAICS 211120. Pre-qualified high-energy solar candidate."
"Lodi Energy Center","Lodi","CA","epa_ghgrp","epa-1010767","","","","","","","","600","904032","244089","2.7","3736512","","Power generation — 2022 EPA GHG Reporter. NAICS 221112. Pre-qualified high-energy solar candidate."
"Valero Wilmington Asphalt Plant","Wilmington","CA","epa_ghgrp","epa-1010774","","","","","","","","600","904032","244089","2.7","3736512","","Petroleum refining — 2022 EPA GHG Reporter. NAICS 324110. Pre-qualified high-energy solar candidate."
"Joint Water Pollution Control Plant","Carson","CA","epa_ghgrp","epa-1010893","","","","","","","","600","904032","244089","2.7","3736512","","Power generation — 2022 EPA GHG Reporter. NAICS 221320. Pre-qualified high-energy solar candidate."
"E&B Natural Resources","Bakersfield","CA","epa_ghgrp","epa-1010932","","","","","","","","600","904032","244089","2.7","3736512","","Industrial facility — 2022 EPA GHG Reporter. NAICS 211120. Pre-qualified high-energy solar candidate."
"Sentinel Energy Center","N. Palm Springs","CA","epa_ghgrp","epa-1010962","","","","","","","","600","904032","244089","2.7","3736512","","Power generation — 2022 EPA GHG Reporter. NAICS 221112. Pre-qualified high-energy solar candidate."
"Glass House Camarillo Cultivation, Llc","Camarillo","CA","epa_ghgrp","epa-1010977","","","","","","","","600","904032","244089","2.7","3736512","","Industrial facility — 2022 EPA GHG Reporter. NAICS 111419. Pre-qualified high-energy solar candidate."
"Hatchet Ridge Wind, Llc","Burney","CA","epa_ghgrp","epa-1011035","","","","","","","","600","904032","244089","2.7","3736512","","Power generation — 2022 EPA GHG Reporter. NAICS 221119. Pre-qualified high-energy solar candidate."
"Cmo, Inc.","Mckittrick","CA","epa_ghgrp","epa-1011081","","","","","","","","600","904032","244089","2.7","3736512","","Industrial facility — 2022 EPA GHG Reporter. NAICS 211120. Pre-qualified high-energy solar candidate."
"Ivanpah Solar Electric Generating Facility","Nipton","CA","epa_ghgrp","epa-1011082","","","","","","","","600","904032","244089","2.7","3736512","","Power generation — 2022 EPA GHG Reporter. NAICS 221112. Pre-qualified high-energy solar candidate."
"Georgia-Pacific Gypsum Llc","Antioch","CA","epa_ghgrp","epa-1011090","","","","","","","","600","904032","244089","2.7","3736512","","Cement / glass — 2022 EPA GHG Reporter. NAICS 327420. Pre-qualified high-energy solar candidate."
"Delano Energy Center, Llc","Delano","CA","epa_ghgrp","epa-1011190","","","","","","","","600","904032","244089","2.7","3736512","","Power generation — 2022 EPA GHG Reporter. NAICS 221112. Pre-qualified high-energy solar candidate."
"Chemoil Corp.","San Francisco","CA","epa_ghgrp","epa-1011195","","","","","","","","600","904032","244089","2.7","3736512","","Industrial facility — 2022 EPA GHG Reporter. NAICS 424720. Pre-qualified high-energy solar candidate."
"Gold Bond - Lgb Plant","Long Beach","CA","epa_ghgrp","epa-1011213","","","","","","","","600","904032","244089","2.7","3736512","","Cement / glass — 2022 EPA GHG Reporter. NAICS 327420. Pre-qualified high-energy solar candidate."
"Crimson Resource Management Corp.","Bakersfield","CA","epa_ghgrp","epa-1011226","","","","","","","","600","904032","244089","2.7","3736512","","Industrial facility — 2022 EPA GHG Reporter. NAICS 211120. Pre-qualified high-energy solar candidate."
"Marsh Landing Generating Station","Antioch","CA","epa_ghgrp","epa-1011303","","","","","","","","600","904032","244089","2.7","3736512","","Power generation — 2022 EPA GHG Reporter. NAICS 221112. Pre-qualified high-energy solar candidate."
"Tesoro Refining & Marketing - Carson Refinery","Carson","CA","epa_ghgrp","epa-1011327","","","","","","","","600","904032","244089","2.7","3736512","","Petroleum refining — 2022 EPA GHG Reporter. NAICS 324110. Pre-qualified high-energy solar candidate."
"Greka Refining Company","Santa Maria","CA","epa_ghgrp","epa-1011345","","","","","","","","600","904032","244089","2.7","3736512","","Petroleum refining — 2022 EPA GHG Reporter. NAICS 324110. Pre-qualified high-energy solar candidate."
"All American Asphalt","Corona","CA","epa_ghgrp","epa-1011361","","","","","","","","600","904032","244089","2.7","3736512","","Petroleum refining — 2022 EPA GHG Reporter. NAICS 324121. Pre-qualified high-energy solar candidate."
"Yolo County Central Landfill","Woodland","CA","epa_ghgrp","epa-1011371","","","","","","","","600","904032","244089","2.7","3736512","","Industrial facility — 2022 EPA GHG Reporter. NAICS 562212. Pre-qualified high-energy solar candidate."
"Bkk Corporation","West Covina","CA","epa_ghgrp","epa-1011449","","","","","","","","600","904032","244089","2.7","3736512","","Industrial facility — 2022 EPA GHG Reporter. NAICS 562212. Pre-qualified high-energy solar candidate."
"Windset Farms","Santa Maria","CA","epa_ghgrp","epa-1011469","","","","","","","","600","904032","244089","2.7","3736512","","Industrial facility — 2022 EPA GHG Reporter. NAICS 111419. Pre-qualified high-energy solar candidate."
"Wild Goose Storage, Llc","Gridley","CA","epa_ghgrp","epa-1011526","","","","","","","","600","904032","244089","2.7","3736512","","Industrial facility — 2022 EPA GHG Reporter. NAICS 486210. Pre-qualified high-energy solar candidate."
"Seaboard Energy California, Llc","Madera","CA","epa_ghgrp","epa-1011577","","","","","","","","600","904032","244089","2.7","3736512","","Industrial facility — 2022 EPA GHG Reporter. NAICS 424710. Pre-qualified high-energy solar candidate."
"City Of Clovis Landfill","Clovis","CA","epa_ghgrp","epa-1011669","","","","","","","","600","904032","244089","2.7","3736512","","Industrial facility — 2022 EPA GHG Reporter. NAICS 562212. Pre-qualified high-energy solar candidate."
"Holmes Western Oil Corporation","Taft","CA","epa_ghgrp","epa-1011673","","","","","","","","600","904032","244089","2.7","3736512","","Industrial facility — 2022 EPA GHG Reporter. NAICS 211120. Pre-qualified high-energy solar candidate."
"Eastlake Sanitary Landfill","Clearlake","CA","epa_ghgrp","epa-1011676","","","","","","","","600","904032","244089","2.7","3736512","","Industrial facility — 2022 EPA GHG Reporter. NAICS 562212. Pre-qualified high-energy solar candidate."
"Kings Waste And Recycling Authority","Hanford","CA","epa_ghgrp","epa-1011716","","","","","","","","600","904032","244089","2.7","3736512","","Industrial facility — 2022 EPA GHG Reporter. NAICS 562212. Pre-qualified high-energy solar candidate."
"Qualcomm Inc - Pacific Center","San Diego","CA","epa_ghgrp","epa-1011718","","","","","","","","600","904032","244089","2.7","3736512","","Industrial facility — 2022 EPA GHG Reporter. NAICS 541990. Pre-qualified high-energy solar candidate."
"Csu, San Jose State University","San Jose","CA","epa_ghgrp","epa-1011772","","","","","","","","600","904032","244089","2.7","3736512","","Industrial facility — 2022 EPA GHG Reporter. NAICS 611310. Pre-qualified high-energy solar candidate."
"Calnrg- Lynch Canyon Field","San Ardo","CA","epa_ghgrp","epa-1011804","","","","","","","","600","904032","244089","2.7","3736512","","Industrial facility — 2022 EPA GHG Reporter. NAICS 211120. Pre-qualified high-energy solar candidate."
"Idemitsu Apollo Corp","Sacramento","CA","epa_ghgrp","epa-1012025","","","","","","","","600","904032","244089","2.7","3736512","","Industrial facility — 2022 EPA GHG Reporter. NAICS 424720. Pre-qualified high-energy solar candidate."
"Belridge Gas Plant - Ngl Supplier","Bakersfield","CA","epa_ghgrp","epa-1012063","","","","","","","","600","904032","244089","2.7","3736512","","Industrial facility — 2022 EPA GHG Reporter. NAICS 211130. Pre-qualified high-energy solar candidate."
"San Diego State University","San Diego","CA","epa_ghgrp","epa-1012093","","","","","","","","600","904032","244089","2.7","3736512","","Industrial facility — 2022 EPA GHG Reporter. NAICS 611310. Pre-qualified high-energy solar candidate."
"Sri International Cogeneration Project","Menlo Park","CA","epa_ghgrp","epa-1012095","","","","","","","","600","904032","244089","2.7","3736512","","Power generation — 2022 EPA GHG Reporter. NAICS 221112. Pre-qualified high-energy solar candidate."
"San Jose/Santa Clara Regional Wastewater Facility","San Jose","CA","epa_ghgrp","epa-1012097","","","","","","","","600","904032","244089","2.7","3736512","","Power generation — 2022 EPA GHG Reporter. NAICS 221320. Pre-qualified high-energy solar candidate."
"County Of Orange - Cuf","Santa Ana","CA","epa_ghgrp","epa-1012110","","","","","","","","600","904032","244089","2.7","3736512","","Industrial facility — 2022 EPA GHG Reporter. NAICS 921190. Pre-qualified high-energy solar candidate."
"San Joaquin Basin Gathering & Boosting - Chevron Usa Inc.","San Ramon","CA","epa_ghgrp","epa-1012143","","","","","","","","600","904032","244089","2.7","3736512","","Industrial facility — 2022 EPA GHG Reporter. NAICS 211120. Pre-qualified high-energy solar candidate."
"Coastal Basin Gathering & Boosting - Chevron Usa Inc.","San Ramon","CA","epa_ghgrp","epa-1012146","","","","","","","","600","904032","244089","2.7","3736512","","Industrial facility — 2022 EPA GHG Reporter. NAICS 211120. Pre-qualified high-energy solar candidate."
"17z Gas Plant - Chevron Usa Inc.","Mckittrick","CA","epa_ghgrp","epa-1012147","","","","","","","","600","904032","244089","2.7","3736512","","Industrial facility — 2022 EPA GHG Reporter. NAICS 211130. Pre-qualified high-energy solar candidate."
"Chevron Mca 260 East Texas Basin Gathering And Boosting","San Ramon","CA","epa_ghgrp","epa-1012257","","","","","","","","600","904032","244089","2.7","3736512","","Industrial facility — 2022 EPA GHG Reporter. NAICS 211130. Pre-qualified high-energy solar candidate."
"University Of California Santa Cruz","Santa Cruz","CA","epa_ghgrp","epa-1012289","","","","","","","","600","904032","244089","2.7","3736512","","Industrial facility — 2022 EPA GHG Reporter. NAICS 611310. Pre-qualified high-energy solar candidate."
"Chevron Mca 430 Permian Basin Gathering And Boosting","San Ramon","CA","epa_ghgrp","epa-1012305","","","","","","","","600","904032","244089","2.7","3736512","","Industrial facility — 2022 EPA GHG Reporter. NAICS 211130. Pre-qualified high-energy solar candidate."
"Chevron Mca 595 Piceance Basin Gathering And Boosting","San Ramon","CA","epa_ghgrp","epa-1012311","","","","","","","","600","904032","244089","2.7","3736512","","Industrial facility — 2022 EPA GHG Reporter. NAICS 211130. Pre-qualified high-energy solar candidate."
"California Resources Production Corporation- La Basin Gathering And Boosting","Long Beach","CA","epa_ghgrp","epa-1012348","","","","","","","","600","904032","244089","2.7","3736512","","Industrial facility — 2022 EPA GHG Reporter. NAICS 211120. Pre-qualified high-energy solar candidate."
"Calnrg- Ventura Basin Gathering And Boosting","Ventura","CA","epa_ghgrp","epa-1012351","","","","","","","","600","904032","244089","2.7","3736512","","Industrial facility — 2022 EPA GHG Reporter. NAICS 211120. Pre-qualified high-energy solar candidate."
"Aera Energy Coastal G And B","San Ardo","CA","epa_ghgrp","epa-1012355","","","","","","","","600","904032","244089","2.7","3736512","","Industrial facility — 2022 EPA GHG Reporter. NAICS 211120. Pre-qualified high-energy solar candidate."
"Aera Energy San Joaquin G And B","Bakersfield","CA","epa_ghgrp","epa-1012357","","","","","","","","600","904032","244089","2.7","3736512","","Industrial facility — 2022 EPA GHG Reporter. NAICS 211120. Pre-qualified high-energy solar candidate."
"Crpc - San Joaquin Valley Gathering And Boosting","Bakersfield","CA","epa_ghgrp","epa-1012360","","","","","","","","600","904032","244089","2.7","3736512","","Industrial facility — 2022 EPA GHG Reporter. NAICS 211120. Pre-qualified high-energy solar candidate."
"Crpc  Sacramento Valley Basin Gathering And Boosting","Bakersfield","CA","epa_ghgrp","epa-1012361","","","","","","","","600","904032","244089","2.7","3736512","","Industrial facility — 2022 EPA GHG Reporter. NAICS 211130. Pre-qualified high-energy solar candidate."
"Spr San Joaquin Basin","Bakersfield","CA","epa_ghgrp","epa-1012378","","","","","","","","600","904032","244089","2.7","3736512","","Industrial facility — 2022 EPA GHG Reporter. NAICS 211120. Pre-qualified high-energy solar candidate."
"Pio Pico Energy Center","San Diego","CA","epa_ghgrp","epa-1012414","","","","","","","","600","904032","244089","2.7","3736512","","Power generation — 2022 EPA GHG Reporter. NAICS 221112. Pre-qualified high-energy solar candidate."
"Aera Energy Penn Zier","Coalinga","CA","epa_ghgrp","epa-1012475","","","","","","","","600","904032","244089","2.7","3736512","","Industrial facility — 2022 EPA GHG Reporter. NAICS 211120. Pre-qualified high-energy solar candidate."
"Aera Energy Lockwood","Maricopa","CA","epa_ghgrp","epa-1012480","","","","","","","","600","904032","244089","2.7","3736512","","Industrial facility — 2022 EPA GHG Reporter. NAICS 211120. Pre-qualified high-energy solar candidate."
"Arcosa Lightweight - Frazier Park","Frazier Park","CA","epa_ghgrp","epa-1012548","","","","","","","","600","904032","244089","2.7","3736512","","Cement / glass — 2022 EPA GHG Reporter. NAICS 327120. Pre-qualified high-energy solar candidate."
"Pg&E Transmission Blowdown","San Francisco","CA","epa_ghgrp","epa-1012662","","","","","","","","600","904032","244089","2.7","3736512","","Power generation — 2022 EPA GHG Reporter. NAICS 221210. Pre-qualified high-energy solar candidate."
"Berry Petroleum Company 575 Uinta Basin Gathering And Boosting","Bakersfield","CA","epa_ghgrp","epa-1012713","","","","","","","","600","904032","244089","2.7","3736512","","Industrial facility — 2022 EPA GHG Reporter. NAICS 211130. Pre-qualified high-energy solar candidate."
"Southern California Gas Co Transmission","Los Angeles","CA","epa_ghgrp","epa-1012752","","","","","","","","600","904032","244089","2.7","3736512","","Industrial facility — 2022 EPA GHG Reporter. NAICS 486210. Pre-qualified high-energy solar candidate."
"San Joaquin Production Facilities","Bakersfield","CA","epa_ghgrp","epa-1012823","","","","","","","","600","904032","244089","2.7","3736512","","Industrial facility — 2022 EPA GHG Reporter. NAICS 211130. Pre-qualified high-energy solar candidate."
"Gold Bond - Ric Plant","Richmond","CA","epa_ghgrp","epa-1012977","","","","","","","","600","904032","244089","2.7","3736512","","Cement / glass — 2022 EPA GHG Reporter. NAICS 327420. Pre-qualified high-energy solar candidate."
"Uc Berkeley","Berkeley","CA","epa_ghgrp","epa-1013042","","","","","","","","600","904032","244089","2.7","3736512","","Industrial facility — 2022 EPA GHG Reporter. NAICS 611310. Pre-qualified high-energy solar candidate."
"Sierra Army Depot","Herlong","CA","epa_ghgrp","epa-1013147","","","","","","","","600","904032","244089","2.7","3736512","","Industrial facility — 2022 EPA GHG Reporter. NAICS 928110. Pre-qualified high-energy solar candidate."
"Pabco Building Products","Newark","CA","epa_ghgrp","epa-1013348","","","","","","","","600","904032","244089","2.7","3736512","","Cement / glass — 2022 EPA GHG Reporter. NAICS 327420. Pre-qualified high-energy solar candidate."
"Carlsbad Energy Center Project","Carlsbad","CA","epa_ghgrp","epa-1013360","","","","","","","","600","904032","244089","2.7","3736512","","Power generation — 2022 EPA GHG Reporter. NAICS 221112. Pre-qualified high-energy solar candidate."
"Sacramento Municipal Utility District (Smud)-Sf6","Sacramento","CA","epa_ghgrp","epa-1013543","","","","","","","","600","904032","244089","2.7","3736512","","Power generation — 2022 EPA GHG Reporter. NAICS 221121. Pre-qualified high-energy solar candidate."
"Clover Flat Landfill","Calistoga","CA","epa_ghgrp","epa-1013696","","","","","","","","600","904032","244089","2.7","3736512","","Industrial facility — 2022 EPA GHG Reporter. NAICS 562212. Pre-qualified high-energy solar candidate."
"Kiva Energy, Inc.","Manteca","CA","epa_ghgrp","epa-1013700","","","","","","","","600","904032","244089","2.7","3736512","","Industrial facility — 2022 EPA GHG Reporter. NAICS 424720. Pre-qualified high-energy solar candidate."
"Chicago Grade Landfill","Templeton","CA","epa_ghgrp","epa-1013905","","","","","","","","600","904032","244089","2.7","3736512","","Industrial facility — 2022 EPA GHG Reporter. NAICS 562212. Pre-qualified high-energy solar candidate."
"Stanton Energy Reliability Center, Llc","Stanton","CA","epa_ghgrp","epa-1013939","","","","","","","","600","904032","244089","2.7","3736512","","Power generation — 2022 EPA GHG Reporter. NAICS 221112. Pre-qualified high-energy solar candidate."
"Techven (Usa) Llc","Irvine","CA","epa_ghgrp","epa-1013990","","","","","","","","600","904032","244089","2.7","3736512","","Industrial facility — 2022 EPA GHG Reporter. NAICS 424690. Pre-qualified high-energy solar candidate."
"Aw Product Sales And Marketing Inc","San Mateo","CA","epa_ghgrp","epa-1014033","","","","","","","","600","904032","244089","2.7","3736512","","Industrial facility — 2022 EPA GHG Reporter. NAICS 424690. Pre-qualified high-energy solar candidate."
"Bluon, Inc.","Irvine","CA","epa_ghgrp","epa-1014041","","","","","","","","600","904032","244089","2.7","3736512","","Industrial facility — 2022 EPA GHG Reporter. NAICS 424690. Pre-qualified high-energy solar candidate."
"Chemp Technology Llc","Fremont","CA","epa_ghgrp","epa-1014073","","","","","","","","600","904032","244089","2.7","3736512","","Industrial facility — 2022 EPA GHG Reporter. NAICS 424690. Pre-qualified high-energy solar candidate."
"A.C.S. Reclamation & Recovery, Inc.","Arvin","CA","epa_ghgrp","epa-1014296","","","","","","","","600","904032","244089","2.7","3736512","","Industrial facility — 2022 EPA GHG Reporter. NAICS 562920. Pre-qualified high-energy solar candidate."
"Afk & Company Inc.","San Diego","CA","epa_ghgrp","epa-1014447","","","","","","","","600","904032","244089","2.7","3736512","","Industrial facility — 2022 EPA GHG Reporter. NAICS 424690. Pre-qualified high-energy solar candidate."
"Chevron Oil Refinery","Los Angeles","CA","osm_industrial","osm-26663609","","","","","","","","600","904032","244089","2.7","3736512","","Oil building. Roof-suitable for rooftop PV. Verify ownership + contact before outreach."
"El Segundo Energy Center, Llc","Los Angeles","CA","osm_industrial","osm-26663611","","","","","","","","600","904032","244089","2.7","3736512","","Industrial building. Roof-suitable for rooftop PV. Verify ownership + contact before outreach."
"Los Angeles Department Of Water And Power","Los Angeles","CA","osm_industrial","osm-26663638","","","","","","","","600","904032","244089","2.7","3736512","","Industrial building. Roof-suitable for rooftop PV. Verify ownership + contact before outreach."
"Paramount Refinery","Los Angeles","CA","osm_industrial","osm-27768592","","","","","","","","600","904032","244089","2.7","3736512","","Refinery building. Roof-suitable for rooftop PV. Verify ownership + contact before outreach."
"Southern California Gas Company","Los Angeles","CA","osm_industrial","osm-28738031","","","","","","","","600","904032","244089","2.7","3736512","","Natural_gas building. Roof-suitable for rooftop PV. Verify ownership + contact before outreach."
"City Of Burbank Water And Power","Los Angeles","CA","osm_industrial","osm-31985994","","","","","","","","600","904032","244089","2.7","3736512","","Industrial building. Roof-suitable for rooftop PV. Verify ownership + contact before outreach."
"City Of Burbank Water And Power","Los Angeles","CA","osm_industrial","osm-31986008","","","","","","","","600","904032","244089","2.7","3736512","","Industrial building. Roof-suitable for rooftop PV. Verify ownership + contact before outreach."
"City Of Glendale Water & Power","Los Angeles","CA","osm_industrial","osm-32008386","","","","","","","","600","904032","244089","2.7","3736512","","Industrial building. Roof-suitable for rooftop PV. Verify ownership + contact before outreach."
"Foods","Los Angeles","CA","osm_industrial","osm-38508398","","","","","","","","600","904032","244089","2.7","3736512","","Industrial building. Roof-suitable for rooftop PV. Verify ownership + contact before outreach."
"The Gas Company Alhambra Base","Los Angeles","CA","osm_industrial","osm-41160161","","","","","","","","600","904032","244089","2.7","3736512","","Depot building. Roof-suitable for rooftop PV. Verify ownership + contact before outreach."
"Uninex","Commerce","CA","osm_industrial","osm-42342485","","","","","","","","600","904032","244089","2.7","3736512","","Industrial building. Roof-suitable for rooftop PV. Verify ownership + contact before outreach."
"Uninex","Commerce","CA","osm_industrial","osm-42342491","","","","","","","","600","904032","244089","2.7","3736512","","Industrial building. Roof-suitable for rooftop PV. Verify ownership + contact before outreach."
"Anderson & Daishi, Inc.","Commerce","CA","osm_industrial","osm-42342608","","","","","","","","600","904032","244089","2.7","3736512","","Industrial building. Roof-suitable for rooftop PV. Verify ownership + contact before outreach."
"Aes Corporation","Los Angeles","CA","osm_industrial","osm-44154336","","","","","","","","600","904032","244089","2.7","3736512","","Industrial building. Roof-suitable for rooftop PV. Verify ownership + contact before outreach."
"City Of El Monte Maintenance & Transportation Divisions","El Monte","CA","osm_industrial","osm-45481509","","","","","","","","600","904032","244089","2.7","3736512","","Industrial building. Roof-suitable for rooftop PV. Verify ownership + contact before outreach."
"La County Dpw Road Maintenance","Los Angeles","CA","osm_industrial","osm-45769435","","","","","","","","600","904032","244089","2.7","3736512","","Industrial building. Roof-suitable for rooftop PV. Verify ownership + contact before outreach."
"Roadrunner Freight","Commerce","CA","osm_industrial","osm-48232962","","","","","","","","600","904032","244089","2.7","3736512","","Trucking building. Roof-suitable for rooftop PV. Verify ownership + contact before outreach."
"Vulcan Materials Company Asphalt Plant","Los Angeles","CA","osm_industrial","osm-48273434","","","","","","","","600","904032","244089","2.7","3736512","","Industrial building. Roof-suitable for rooftop PV. Verify ownership + contact before outreach."
"La Sanitation & Environment (Lasan)","Los Angeles","CA","osm_industrial","osm-48278597","","","","","","","","600","904032","244089","2.7","3736512","","Recycling building. Roof-suitable for rooftop PV. Verify ownership + contact before outreach."
"Public Works Yard","Los Angeles","CA","osm_industrial","osm-49436600","","","","","","","","600","904032","244089","2.7","3736512","","Industrial building. Roof-suitable for rooftop PV. Verify ownership + contact before outreach."
"San Gabriel Unified School District Education Center","San Gabriel","CA","osm_industrial","osm-59192405","","","","","","","","600","904032","244089","2.7","3736512","","Industrial building. Roof-suitable for rooftop PV. Verify ownership + contact before outreach."
"Southern California Edison","Los Angeles","CA","osm_industrial","osm-66158310","","","","","","","","600","904032","244089","2.7","3736512","","Industrial building. Roof-suitable for rooftop PV. Verify ownership + contact before outreach."
"Orange County Flood Control District","Los Angeles","CA","osm_industrial","osm-67355898","","","","","","","","600","904032","244089","2.7","3736512","","Industrial building. Roof-suitable for rooftop PV. Verify ownership + contact before outreach."
"Caltrans Altadena Maintenance Station","Los Angeles","CA","osm_industrial","osm-71320335","","","","","","","","600","904032","244089","2.7","3736512","","Industrial building. Roof-suitable for rooftop PV. Verify ownership + contact before outreach."
"Caltrans Las Flores Maintenance Station","Malibu","CA","osm_industrial","osm-73156334","","","","","","","","600","904032","244089","2.7","3736512","","Industrial building. Roof-suitable for rooftop PV. Verify ownership + contact before outreach."
"Verizon","Malibu","CA","osm_industrial","osm-74501027","","","","","","","","600","904032","244089","2.7","3736512","","Industrial building. Roof-suitable for rooftop PV. Verify ownership + contact before outreach."
"The Fairway Building & Stage 7","Los Angeles","CA","osm_industrial","osm-83420941","","","","","","","","600","904032","244089","2.7","3736512","","Industrial building. Roof-suitable for rooftop PV. Verify ownership + contact before outreach."
"Stage Complex 9 & 11","Los Angeles","CA","osm_industrial","osm-83420946","","","","","","","","600","904032","244089","2.7","3736512","","Industrial building. Roof-suitable for rooftop PV. Verify ownership + contact before outreach."
"S22","Los Angeles","CA","osm_industrial","osm-83424716","","","","","","","","600","904032","244089","2.7","3736512","","Industrial building. Roof-suitable for rooftop PV. Verify ownership + contact before outreach."
"24 Fire Station","Los Angeles","CA","osm_industrial","osm-83429400","","","","","","","","600","904032","244089","2.7","3736512","","Industrial building. Roof-suitable for rooftop PV. Verify ownership + contact before outreach."
"S16","Los Angeles","CA","osm_industrial","osm-83429405","","","","","","","","600","904032","244089","2.7","3736512","","Industrial building. Roof-suitable for rooftop PV. Verify ownership + contact before outreach."
"S25","Los Angeles","CA","osm_industrial","osm-83429410","","","","","","","","600","904032","244089","2.7","3736512","","Industrial building. Roof-suitable for rooftop PV. Verify ownership + contact before outreach."
"S21","Los Angeles","CA","osm_industrial","osm-83429411","","","","","","","","600","904032","244089","2.7","3736512","","Industrial building. Roof-suitable for rooftop PV. Verify ownership + contact before outreach."
"S20","Los Angeles","CA","osm_industrial","osm-83429412","","","","","","","","600","904032","244089","2.7","3736512","","Industrial building. Roof-suitable for rooftop PV. Verify ownership + contact before outreach."
"S24","Los Angeles","CA","osm_industrial","osm-83429413","","","","","","","","600","904032","244089","2.7","3736512","","Industrial building. Roof-suitable for rooftop PV. Verify ownership + contact before outreach."
"S19","Los Angeles","CA","osm_industrial","osm-83429414","","","","","","","","600","904032","244089","2.7","3736512","","Industrial building. Roof-suitable for rooftop PV. Verify ownership + contact before outreach."
"44 The Mill","Los Angeles","CA","osm_industrial","osm-83429417","","","","","","","","600","904032","244089","2.7","3736512","","Industrial building. Roof-suitable for rooftop PV. Verify ownership + contact before outreach."
"S26","Los Angeles","CA","osm_industrial","osm-83429419","","","","","","","","600","904032","244089","2.7","3736512","","Industrial building. Roof-suitable for rooftop PV. Verify ownership + contact before outreach."
"153 Lot A","Los Angeles","CA","osm_industrial","osm-83429421","","","","","","","","600","904032","244089","2.7","3736512","","Industrial building. Roof-suitable for rooftop PV. Verify ownership + contact before outreach."
"S29","Los Angeles","CA","osm_industrial","osm-83429423","","","","","","","","600","904032","244089","2.7","3736512","","Industrial building. Roof-suitable for rooftop PV. Verify ownership + contact before outreach."
"138","Los Angeles","CA","osm_industrial","osm-83430868","","","","","","","","600","904032","244089","2.7","3736512","","Industrial building. Roof-suitable for rooftop PV. Verify ownership + contact before outreach."
"156 Bridge Building","Los Angeles","CA","osm_industrial","osm-83430920","","","","","","","","600","904032","244089","2.7","3736512","","Industrial building. Roof-suitable for rooftop PV. Verify ownership + contact before outreach."
"155","Los Angeles","CA","osm_industrial","osm-83430926","","","","","","","","600","904032","244089","2.7","3736512","","Industrial building. Roof-suitable for rooftop PV. Verify ownership + contact before outreach."
"136","Los Angeles","CA","osm_industrial","osm-83430931","","","","","","","","600","904032","244089","2.7","3736512","","Industrial building. Roof-suitable for rooftop PV. Verify ownership + contact before outreach."
"25 Fitness Center","Los Angeles","CA","osm_industrial","osm-83431038","","","","","","","","600","904032","244089","2.7","3736512","","Industrial building. Roof-suitable for rooftop PV. Verify ownership + contact before outreach."
"Caltrans Brea Maintenance Station","Brea","CA","osm_industrial","osm-103256471","","","","","","","","600","904032","244089","2.7","3736512","","Industrial building. Roof-suitable for rooftop PV. Verify ownership + contact before outreach."
"Caltrans Ward Rd","Los Angeles","CA","osm_industrial","osm-103385342","","","","","","","","600","904032","244089","2.7","3736512","","Industrial building. Roof-suitable for rooftop PV. Verify ownership + contact before outreach."
"Caltrans North Region Maintenance Station","Los Angeles","CA","osm_industrial","osm-103496535","","","","","","","","600","904032","244089","2.7","3736512","","Industrial building. Roof-suitable for rooftop PV. Verify ownership + contact before outreach."
"Caltrans Mission Hills Maintenance Station","Los Angeles","CA","osm_industrial","osm-103941122","","","","","","","","600","904032","244089","2.7","3736512","","Industrial building. Roof-suitable for rooftop PV. Verify ownership + contact before outreach."
"Caltrans San Fernando Maintenance Station","Los Angeles","CA","osm_industrial","osm-103941130","","","","","","","","600","904032","244089","2.7","3736512","","Industrial building. Roof-suitable for rooftop PV. Verify ownership + contact before outreach."
"Caltrans Humphrey Street Maintenance Station","Los Angeles","CA","osm_industrial","osm-103942072","","","","","","","","600","904032","244089","2.7","3736512","","Industrial building. Roof-suitable for rooftop PV. Verify ownership + contact before outreach."
"Caltrans East Los Angeles Maintenance Station","Los Angeles","CA","osm_industrial","osm-103942074","","","","","","","","600","904032","244089","2.7","3736512","","Industrial building. Roof-suitable for rooftop PV. Verify ownership + contact before outreach."
"Caltrans Cedar Springs","Los Angeles","CA","osm_industrial","osm-104083093","","","","","","","","600","904032","244089","2.7","3736512","","Industrial building. Roof-suitable for rooftop PV. Verify ownership + contact before outreach."
"Caltrans Chilao Maintenance Station","Los Angeles","CA","osm_industrial","osm-104083422","","","","","","","","600","904032","244089","2.7","3736512","","Industrial building. Roof-suitable for rooftop PV. Verify ownership + contact before outreach."
"Caltrans Buena Vista Maintenance Station","Los Angeles","CA","osm_industrial","osm-104105195","","","","","","","","600","904032","244089","2.7","3736512","","Industrial building. Roof-suitable for rooftop PV. Verify ownership + contact before outreach."
"Caltrans Rosemead Maintenance Station","Los Angeles","CA","osm_industrial","osm-104105198","","","","","","","","600","904032","244089","2.7","3736512","","Industrial building. Roof-suitable for rooftop PV. Verify ownership + contact before outreach."
"Caltrans Tarzana Maintenance Station","Los Angeles","CA","osm_industrial","osm-104105200","","","","","","","","600","904032","244089","2.7","3736512","","Industrial building. Roof-suitable for rooftop PV. Verify ownership + contact before outreach."
"Caltrans North Hollywood Maintenance Station","Los Angeles","CA","osm_industrial","osm-104105201","","","","","","","","600","904032","244089","2.7","3736512","","Industrial building. Roof-suitable for rooftop PV. Verify ownership + contact before outreach."
"Caltrans Silver Lake Maintenance Station","Los Angeles","CA","osm_industrial","osm-104105356","","","","","","","","600","904032","244089","2.7","3736512","","Industrial building. Roof-suitable for rooftop PV. Verify ownership + contact before outreach."
"Caltrans Artesia Maintenance Station","Los Angeles","CA","osm_industrial","osm-104357798","","","","","","","","600","904032","244089","2.7","3736512","","Industrial building. Roof-suitable for rooftop PV. Verify ownership + contact before outreach."
"Caltrans Westdale Maintenance Station","Los Angeles","CA","osm_industrial","osm-104357799","","","","","","","","600","904032","244089","2.7","3736512","","Industrial building. Roof-suitable for rooftop PV. Verify ownership + contact before outreach."
"Caltrans Apple Landscape Maintenance Station","Los Angeles","CA","osm_industrial","osm-104357803","","","","","","","","600","904032","244089","2.7","3736512","","Industrial building. Roof-suitable for rooftop PV. Verify ownership + contact before outreach."
"Caltrans Culver City Maintenance Station","Los Angeles","CA","osm_industrial","osm-104357807","","","","","","","","600","904032","244089","2.7","3736512","","Industrial building. Roof-suitable for rooftop PV. Verify ownership + contact before outreach."
"Caltrans Middlebury Maintenance Station","Los Angeles","CA","osm_industrial","osm-104357809","","","","","","","","600","904032","244089","2.7","3736512","","Industrial building. Roof-suitable for rooftop PV. Verify ownership + contact before outreach."
"Caltrans Metro Electrical Maintenance Station","Los Angeles","CA","osm_industrial","osm-104357810","","","","","","","","600","904032","244089","2.7","3736512","","Industrial building. Roof-suitable for rooftop PV. Verify ownership + contact before outreach."
"Caltrans Alameda Maintenance Station","Los Angeles","CA","osm_industrial","osm-104357818","","","","","","","","600","904032","244089","2.7","3736512","","Industrial building. Roof-suitable for rooftop PV. Verify ownership + contact before outreach."
"Caltrans Foothill Maintenance Station","Los Angeles","CA","osm_industrial","osm-104840853","","","","","","","","600","904032","244089","2.7","3736512","","Industrial building. Roof-suitable for rooftop PV. Verify ownership + contact before outreach."
"Caltrans Eastern Maintenance And East Region Maintenance Station","Los Angeles","CA","osm_industrial","osm-104840865","","","","","","","","600","904032","244089","2.7","3736512","","Industrial building. Roof-suitable for rooftop PV. Verify ownership + contact before outreach."
"Caltrans Florence Maintenance Station","Los Angeles","CA","osm_industrial","osm-104907513","","","","","","","","600","904032","244089","2.7","3736512","","Industrial building. Roof-suitable for rooftop PV. Verify ownership + contact before outreach."
"Caltrans Central Bandini And Special Crews Reg Maintenance Station","Los Angeles","CA","osm_industrial","osm-104907576","","","","","","","","600","904032","244089","2.7","3736512","","Industrial building. Roof-suitable for rooftop PV. Verify ownership + contact before outreach."
"Pbf Energy","Los Angeles","CA","osm_industrial","osm-107758176","","","","","","","","600","904032","244089","2.7","3736512","","Refinery building. Roof-suitable for rooftop PV. Verify ownership + contact before outreach."
"The Shop","Los Angeles","CA","osm_industrial","osm-108123306","","","","","","","","600","904032","244089","2.7","3736512","","Industrial building. Roof-suitable for rooftop PV. Verify ownership + contact before outreach."
"Motivo Engineering","Rancho Dominguez","CA","osm_industrial","osm-109631335","","","","","","","","600","904032","244089","2.7","3736512","","Industrial building. Roof-suitable for rooftop PV. Verify ownership + contact before outreach."
"Nec Logistics","Los Angeles","CA","osm_industrial","osm-109639628","","","","","","","","600","904032","244089","2.7","3736512","","Industrial building. Roof-suitable for rooftop PV. Verify ownership + contact before outreach."
"Socal Edision","Los Angeles","CA","osm_industrial","osm-125081415","","","","","","","","600","904032","244089","2.7","3736512","","Industrial building. Roof-suitable for rooftop PV. Verify ownership + contact before outreach."
"Willow Studios","Los Angeles","CA","osm_industrial","osm-130798499","","","","","","","","600","904032","244089","2.7","3736512","","Industrial building. Roof-suitable for rooftop PV. Verify ownership + contact before outreach."
"1317 Willow Street","Los Angeles","CA","osm_industrial","osm-130798500","","","","","","","","600","904032","244089","2.7","3736512","","Industrial building. Roof-suitable for rooftop PV. Verify ownership + contact before outreach."
"Cinespace Studios","Los Angeles","CA","osm_industrial","osm-133752133","","","","","","","","600","904032","244089","2.7","3736512","","Industrial building. Roof-suitable for rooftop PV. Verify ownership + contact before outreach."
"Former Weider Publications","Los Angeles","CA","osm_industrial","osm-133752170","","","","","","","","600","904032","244089","2.7","3736512","","Industrial building. Roof-suitable for rooftop PV. Verify ownership + contact before outreach."
"City Brewing Company","Los Angeles","CA","osm_industrial","osm-134793271","","","","","","","","600","904032","244089","2.7","3736512","","Industrial building. Roof-suitable for rooftop PV. Verify ownership + contact before outreach."
"Los Angeles Aqueduct Filtration Plant","Los Angeles","CA","osm_industrial","osm-135245347","","","","","","","","600","904032","244089","2.7","3736512","","Industrial building. Roof-suitable for rooftop PV. Verify ownership + contact before outreach."
"Rancho Las Virgenes Composting Facility","Los Angeles","CA","osm_industrial","osm-135245751","","","","","","","","600","904032","244089","2.7","3736512","","Industrial building. Roof-suitable for rooftop PV. Verify ownership + contact before outreach."
"Los Angeles County Fire Department","Los Angeles","CA","osm_industrial","osm-135245957","","","","","","","","600","904032","244089","2.7","3736512","","Industrial building. Roof-suitable for rooftop PV. Verify ownership + contact before outreach."
"Southern California Edison","Valencia","CA","osm_industrial","osm-135246626","","","","","","","","600","904032","244089","2.7","3736512","","Natural_gas building. Roof-suitable for rooftop PV. Verify ownership + contact before outreach."
"Walt Disney Imagineering Workshop","Los Angeles","CA","osm_industrial","osm-138306454","","","","","","","","600","904032","244089","2.7","3736512","","Industrial building. Roof-suitable for rooftop PV. Verify ownership + contact before outreach."
"Aslywon","Los Angeles","CA","osm_industrial","osm-161458760","","","","","","","","600","904032","244089","2.7","3736512","","Industrial building. Roof-suitable for rooftop PV. Verify ownership + contact before outreach."
"Tesla, Inc.","Los Angeles","CA","osm_industrial","osm-161458788","","","","","","","","600","904032","244089","2.7","3736512","","Industrial building. Roof-suitable for rooftop PV. Verify ownership + contact before outreach."
"Oak Tree Gun Club","Los Angeles","CA","osm_industrial","osm-164280171","","","","","","","","600","904032","244089","2.7","3736512","","Industrial building. Roof-suitable for rooftop PV. Verify ownership + contact before outreach."
"Npr West","Culver City","CA","osm_industrial","osm-172741026","","","","","","","","600","904032","244089","2.7","3736512","","Industrial building. Roof-suitable for rooftop PV. Verify ownership + contact before outreach."
"Northrup Grumman","Los Angeles","CA","osm_industrial","osm-172863946","","","","","","","","600","904032","244089","2.7","3736512","","Industrial building. Roof-suitable for rooftop PV. Verify ownership + contact before outreach."
"Remo","Los Angeles","CA","osm_industrial","osm-183283595","","","","","","","","600","904032","244089","2.7","3736512","","Industrial building. Roof-suitable for rooftop PV. Verify ownership + contact before outreach."
"Office 7","Manhattan Beach","CA","osm_industrial","osm-192168958","","","","","","","","600","904032","244089","2.7","3736512","","Industrial building. Roof-suitable for rooftop PV. Verify ownership + contact before outreach."
"Anderson Printing","Los Angeles","CA","osm_industrial","osm-204489075","","","","","","","","600","904032","244089","2.7","3736512","","Industrial building. Roof-suitable for rooftop PV. Verify ownership + contact before outreach."
"Sain Knit, Inc.","Los Angeles","CA","osm_industrial","osm-205292442","","","","","","","","600","904032","244089","2.7","3736512","","Industrial building. Roof-suitable for rooftop PV. Verify ownership + contact before outreach."
"Tac Produce","Los Angeles","CA","osm_industrial","osm-205293917","","","","","","","","600","904032","244089","2.7","3736512","","Industrial building. Roof-suitable for rooftop PV. Verify ownership + contact before outreach."
"Los Angeles Times","Los Angeles","CA","osm_industrial","osm-206190434","","","","","","","","600","904032","244089","2.7","3736512","","Industrial building. Roof-suitable for rooftop PV. Verify ownership + contact before outreach."
"Cvs Distribution Center","Los Angeles","CA","osm_industrial","osm-210347649","","","","","","","","600","904032","244089","2.7","3736512","","Industrial building. Roof-suitable for rooftop PV. Verify ownership + contact before outreach."
"Tram Garage","Los Angeles","CA","osm_industrial","osm-221159580","","","","","","","","600","904032","244089","2.7","3736512","","Industrial building. Roof-suitable for rooftop PV. Verify ownership + contact before outreach."
"Stage 14","Los Angeles","CA","osm_industrial","osm-221159586","","","","","","","","600","904032","244089","2.7","3736512","","Industrial building. Roof-suitable for rooftop PV. Verify ownership + contact before outreach."
"Building 310","Los Angeles","CA","osm_industrial","osm-226521879","","","","","","","","600","904032","244089","2.7","3736512","","Industrial building. Roof-suitable for rooftop PV. Verify ownership + contact before outreach."
"Stage 9","Los Angeles","CA","osm_industrial","osm-226521880","","","","","","","","600","904032","244089","2.7","3736512","","Industrial building. Roof-suitable for rooftop PV. Verify ownership + contact before outreach."
"Stage 16","Los Angeles","CA","osm_industrial","osm-226521881","","","","","","","","600","904032","244089","2.7","3736512","","Industrial building. Roof-suitable for rooftop PV. Verify ownership + contact before outreach."
"Stage 10","Los Angeles","CA","osm_industrial","osm-226521882","","","","","","","","600","904032","244089","2.7","3736512","","Industrial building. Roof-suitable for rooftop PV. Verify ownership + contact before outreach."
"William Fox Building 89","Los Angeles","CA","osm_industrial","osm-226521883","","","","","","","","600","904032","244089","2.7","3736512","","Industrial building. Roof-suitable for rooftop PV. Verify ownership + contact before outreach."
"Stage 15","Los Angeles","CA","osm_industrial","osm-226521884","","","","","","","","600","904032","244089","2.7","3736512","","Industrial building. Roof-suitable for rooftop PV. Verify ownership + contact before outreach."
"Stage 5","Los Angeles","CA","osm_industrial","osm-226521885","","","","","","","","600","904032","244089","2.7","3736512","","Industrial building. Roof-suitable for rooftop PV. Verify ownership + contact before outreach."
"Stage 14","Los Angeles","CA","osm_industrial","osm-226521886","","","","","","","","600","904032","244089","2.7","3736512","","Industrial building. Roof-suitable for rooftop PV. Verify ownership + contact before outreach."
"Stage 6","Los Angeles","CA","osm_industrial","osm-226521887","","","","","","","","600","904032","244089","2.7","3736512","","Industrial building. Roof-suitable for rooftop PV. Verify ownership + contact before outreach."
"Stage 8","Los Angeles","CA","osm_industrial","osm-226521888","","","","","","","","600","904032","244089","2.7","3736512","","Industrial building. Roof-suitable for rooftop PV. Verify ownership + contact before outreach."
"Stage 11","Los Angeles","CA","osm_industrial","osm-226521889","","","","","","","","600","904032","244089","2.7","3736512","","Industrial building. Roof-suitable for rooftop PV. Verify ownership + contact before outreach."
"Building 41","Los Angeles","CA","osm_industrial","osm-226521890","","","","","","","","600","904032","244089","2.7","3736512","","Industrial building. Roof-suitable for rooftop PV. Verify ownership + contact before outreach."
"Albertsons/Vons/Safeway Distribution Warehouse Brea","Los Angeles","CA","osm_industrial","osm-247170519","","","","","","","","600","904032","244089","2.7","3736512","","Industrial building. Roof-suitable for rooftop PV. Verify ownership + contact before outreach."
"6511 (Sc30)","Los Angeles","CA","osm_industrial","osm-252232044","","","","","","","","600","904032","244089","2.7","3736512","","Industrial building. Roof-suitable for rooftop PV. Verify ownership + contact before outreach."
"App Bay","Los Angeles","CA","osm_industrial","osm-267281683","","","","","","","","600","904032","244089","2.7","3736512","","Industrial building. Roof-suitable for rooftop PV. Verify ownership + contact before outreach."
"Classroom C","Los Angeles","CA","osm_industrial","osm-267281684","","","","","","","","600","904032","244089","2.7","3736512","","Industrial building. Roof-suitable for rooftop PV. Verify ownership + contact before outreach."
"Hazmat Warehouse","Los Angeles","CA","osm_industrial","osm-267281685","","","","","","","","600","904032","244089","2.7","3736512","","Industrial building. Roof-suitable for rooftop PV. Verify ownership + contact before outreach."
"Old Barn","Los Angeles","CA","osm_industrial","osm-267281686","","","","","","","","600","904032","244089","2.7","3736512","","Industrial building. Roof-suitable for rooftop PV. Verify ownership + contact before outreach."
"Usar","Los Angeles","CA","osm_industrial","osm-267281689","","","","","","","","600","904032","244089","2.7","3736512","","Industrial building. Roof-suitable for rooftop PV. Verify ownership + contact before outreach."
"Design Center","Santa Monica","CA","osm_industrial","osm-283273072","","","","","","","","600","904032","244089","2.7","3736512","","Industrial building. Roof-suitable for rooftop PV. Verify ownership + contact before outreach."
"Quixote By Sunset Studios","Los Angeles","CA","osm_industrial","osm-287628719","","","","","","","","600","904032","244089","2.7","3736512","","Industrial building. Roof-suitable for rooftop PV. Verify ownership + contact before outreach."
"Los Angeles County Highway Maintenance","Los Angeles","CA","osm_industrial","osm-293598036","","","","","","","","600","904032","244089","2.7","3736512","","Industrial building. Roof-suitable for rooftop PV. Verify ownership + contact before outreach."
"Itt Aerospace Controls","Los Angeles","CA","osm_industrial","osm-293606329","","","","","","","","600","904032","244089","2.7","3736512","","Industrial building. Roof-suitable for rooftop PV. Verify ownership + contact before outreach."
"Pretty Bird Productions","Culver City","CA","osm_industrial","osm-302139703","","","","","","","","600","904032","244089","2.7","3736512","","Industrial building. Roof-suitable for rooftop PV. Verify ownership + contact before outreach."
"Ace Self Storage","Los Angeles","CA","osm_industrial","osm-304163736","","","","","","","","600","904032","244089","2.7","3736512","","Industrial building. Roof-suitable for rooftop PV. Verify ownership + contact before outreach."
"Mapcargo","Los Angeles","CA","osm_industrial","osm-306637890","","","","","","","","600","904032","244089","2.7","3736512","","Industrial building. Roof-suitable for rooftop PV. Verify ownership + contact before outreach."
"Gourmet","Los Angeles","CA","osm_industrial","osm-306637892","","","","","","","","600","904032","244089","2.7","3736512","","Industrial building. Roof-suitable for rooftop PV. Verify ownership + contact before outreach."
"The Harman Press","North Hollywood","CA","osm_industrial","osm-312206787","","","","","","","","600","904032","244089","2.7","3736512","","Industrial building. Roof-suitable for rooftop PV. Verify ownership + contact before outreach."
"Big Blue Bus Depot","Los Angeles","CA","osm_industrial","osm-314864615","","","","","","","","600","904032","244089","2.7","3736512","","Depot building. Roof-suitable for rooftop PV. Verify ownership + contact before outreach."
"Pacific Coast Foods","Los Angeles","CA","osm_industrial","osm-324021509","","","","","","","","600","904032","244089","2.7","3736512","","Industrial building. Roof-suitable for rooftop PV. Verify ownership + contact before outreach."
"6217","Los Angeles","CA","osm_industrial","osm-329347822","","","","","","","","600","904032","244089","2.7","3736512","","Industrial building. Roof-suitable for rooftop PV. Verify ownership + contact before outreach."
"Zenobia","Los Angeles","CA","osm_industrial","osm-342448885","","","","","","","","600","904032","244089","2.7","3736512","","Industrial building. Roof-suitable for rooftop PV. Verify ownership + contact before outreach."
"Charming","Los Angeles","CA","osm_industrial","osm-342454839","","","","","","","","600","904032","244089","2.7","3736512","","Industrial building. Roof-suitable for rooftop PV. Verify ownership + contact before outreach."
"Aa Gears","Los Angeles","CA","osm_industrial","osm-342459505","","","","","","","","600","904032","244089","2.7","3736512","","Industrial building. Roof-suitable for rooftop PV. Verify ownership + contact before outreach."
"City Of Los Angeles Department Of Public Works","Los Angeles","CA","osm_industrial","osm-342732372","","","","","","","","600","904032","244089","2.7","3736512","","Depot building. Roof-suitable for rooftop PV. Verify ownership + contact before outreach."
"Jh Logistics","Los Angeles","CA","osm_industrial","osm-351574072","","","","","","","","600","904032","244089","2.7","3736512","","Industrial building. Roof-suitable for rooftop PV. Verify ownership + contact before outreach."
"La Fitness","Los Angeles","CA","osm_industrial","osm-351574083","","","","","","","","600","904032","244089","2.7","3736512","","Industrial building. Roof-suitable for rooftop PV. Verify ownership + contact before outreach."
"Bonita Fabrics","Los Angeles","CA","osm_industrial","osm-351913962","","","","","","","","600","904032","244089","2.7","3736512","","Industrial building. Roof-suitable for rooftop PV. Verify ownership + contact before outreach."
"3m Corp","Los Angeles","CA","osm_industrial","osm-364832413","","","","","","","","600","904032","244089","2.7","3736512","","Industrial building. Roof-suitable for rooftop PV. Verify ownership + contact before outreach."
"Ladpr Maintenance Yard","Los Angeles","CA","osm_industrial","osm-373837255","","","","","","","","600","904032","244089","2.7","3736512","","Industrial building. Roof-suitable for rooftop PV. Verify ownership + contact before outreach."
"Nature Made","Los Angeles","CA","osm_industrial","osm-376976501","","","","","","","","600","904032","244089","2.7","3736512","","Industrial building. Roof-suitable for rooftop PV. Verify ownership + contact before outreach."
"Prg","Los Angeles","CA","osm_industrial","osm-376976502","","","","","","","","600","904032","244089","2.7","3736512","","Industrial building. Roof-suitable for rooftop PV. Verify ownership + contact before outreach."
"Rincon","Los Angeles","CA","osm_industrial","osm-376976503","","","","","","","","600","904032","244089","2.7","3736512","","Industrial building. Roof-suitable for rooftop PV. Verify ownership + contact before outreach."
"Centron Industries, Inc.","Gardena","CA","osm_industrial","osm-379341619","","","","","","","","600","904032","244089","2.7","3736512","","Industrial building. Roof-suitable for rooftop PV. Verify ownership + contact before outreach."
"La Fitness","Hawthorne","CA","osm_industrial","osm-379691825","","","","","","","","600","904032","244089","2.7","3736512","","Industrial building. Roof-suitable for rooftop PV. Verify ownership + contact before outreach."
"Chevron","Montebello","CA","osm_industrial","osm-383644499","","","","","","","","600","904032","244089","2.7","3736512","","Distributor building. Roof-suitable for rooftop PV. Verify ownership + contact before outreach."
"Walnut Creek Energy, Llc","Los Angeles","CA","osm_industrial","osm-384972421","","","","","","","","600","904032","244089","2.7","3736512","","Industrial building. Roof-suitable for rooftop PV. Verify ownership + contact before outreach."
"Fedex","Los Angeles","CA","osm_industrial","osm-386905369","","","","","","","","600","904032","244089","2.7","3736512","","Industrial building. Roof-suitable for rooftop PV. Verify ownership + contact before outreach."
"Northrop Grumman Corporation","El Segundo","CA","osm_industrial","osm-390332371","","","","","","","","600","904032","244089","2.7","3736512","","Industrial building. Roof-suitable for rooftop PV. Verify ownership + contact before outreach."
"Schriever Space Complex","Los Angeles","CA","osm_industrial","osm-390332373","","","","","","","","600","904032","244089","2.7","3736512","","Industrial building. Roof-suitable for rooftop PV. Verify ownership + contact before outreach."
"Dmt Stainless Llc","Sun Valley","CA","osm_industrial","osm-390869580","","","","","","","","600","904032","244089","2.7","3736512","","Industrial building. Roof-suitable for rooftop PV. Verify ownership + contact before outreach."
"Pico West Parking Garage","Los Angeles","CA","osm_industrial","osm-390999859","","","","","","","","600","904032","244089","2.7","3736512","","Industrial building. Roof-suitable for rooftop PV. Verify ownership + contact before outreach."
"Building 667","Los Angeles","CA","osm_industrial","osm-390999871","","","","","","","","600","904032","244089","2.7","3736512","","Industrial building. Roof-suitable for rooftop PV. Verify ownership + contact before outreach."
"Building 51","Los Angeles","CA","osm_industrial","osm-391044252","","","","","","","","600","904032","244089","2.7","3736512","","Industrial building. Roof-suitable for rooftop PV. Verify ownership + contact before outreach."
"Building 79","Los Angeles","CA","osm_industrial","osm-391046372","","","","","","","","600","904032","244089","2.7","3736512","","Industrial building. Roof-suitable for rooftop PV. Verify ownership + contact before outreach."
"Building 663","Los Angeles","CA","osm_industrial","osm-391046382","","","","","","","","600","904032","244089","2.7","3736512","","Industrial building. Roof-suitable for rooftop PV. Verify ownership + contact before outreach."
"Building 662","Los Angeles","CA","osm_industrial","osm-391046386","","","","","","","","600","904032","244089","2.7","3736512","","Industrial building. Roof-suitable for rooftop PV. Verify ownership + contact before outreach."
"Building 218","Los Angeles","CA","osm_industrial","osm-391046387","","","","","","","","600","904032","244089","2.7","3736512","","Industrial building. Roof-suitable for rooftop PV. Verify ownership + contact before outreach."
"Building 307","Los Angeles","CA","osm_industrial","osm-391046398","","","","","","","","600","904032","244089","2.7","3736512","","Industrial building. Roof-suitable for rooftop PV. Verify ownership + contact before outreach."
"Building 216","Los Angeles","CA","osm_industrial","osm-391046405","","","","","","","","600","904032","244089","2.7","3736512","","Industrial building. Roof-suitable for rooftop PV. Verify ownership + contact before outreach."
"Stage 11","Los Angeles","CA","osm_industrial","osm-391234711","","","","","","","","600","904032","244089","2.7","3736512","","Industrial building. Roof-suitable for rooftop PV. Verify ownership + contact before outreach."
"Stage 7","Los Angeles","CA","osm_industrial","osm-391234712","","","","","","","","600","904032","244089","2.7","3736512","","Industrial building. Roof-suitable for rooftop PV. Verify ownership + contact before outreach."
"Sound Department","Los Angeles","CA","osm_industrial","osm-391234714","","","","","","","","600","904032","244089","2.7","3736512","","Industrial building. Roof-suitable for rooftop PV. Verify ownership + contact before outreach."
"Stage 15","Los Angeles","CA","osm_industrial","osm-391234715","","","","","","","","600","904032","244089","2.7","3736512","","Industrial building. Roof-suitable for rooftop PV. Verify ownership + contact before outreach."
"Stage 22","Los Angeles","CA","osm_industrial","osm-391234719","","","","","","","","600","904032","244089","2.7","3736512","","Industrial building. Roof-suitable for rooftop PV. Verify ownership + contact before outreach."
"Stage 27","Los Angeles","CA","osm_industrial","osm-391234726","","","","","","","","600","904032","244089","2.7","3736512","","Industrial building. Roof-suitable for rooftop PV. Verify ownership + contact before outreach."
"Stage 30","Los Angeles","CA","osm_industrial","osm-391234728","","","","","","","","600","904032","244089","2.7","3736512","","Industrial building. Roof-suitable for rooftop PV. Verify ownership + contact before outreach."
"Stage 12","Los Angeles","CA","osm_industrial","osm-391234730","","","","","","","","600","904032","244089","2.7","3736512","","Industrial building. Roof-suitable for rooftop PV. Verify ownership + contact before outreach."
"Stage 24","Los Angeles","CA","osm_industrial","osm-391234739","","","","","","","","600","904032","244089","2.7","3736512","","Industrial building. Roof-suitable for rooftop PV. Verify ownership + contact before outreach."
"Stage 14","Los Angeles","CA","osm_industrial","osm-391234742","","","","","","","","600","904032","244089","2.7","3736512","","Industrial building. Roof-suitable for rooftop PV. Verify ownership + contact before outreach."
"The Helms Building","Los Angeles","CA","osm_industrial","osm-391263039","","","","","","","","600","904032","244089","2.7","3736512","","Industrial building. Roof-suitable for rooftop PV. Verify ownership + contact before outreach."
"Beacon Laundry Building","Los Angeles","CA","osm_industrial","osm-391263058","","","","","","","","600","904032","244089","2.7","3736512","","Industrial building. Roof-suitable for rooftop PV. Verify ownership + contact before outreach."
"Building 18","Los Angeles","CA","osm_industrial","osm-391921451","","","","","","","","600","904032","244089","2.7","3736512","","Industrial building. Roof-suitable for rooftop PV. Verify ownership + contact before outreach."
"Vernon Gas And Electric","Los Angeles","CA","osm_industrial","osm-393312265","","","","","","","","600","904032","244089","2.7","3736512","","Industrial building. Roof-suitable for rooftop PV. Verify ownership + contact before outreach."
"Metro Division 24 Maintenance And Storage Facility","Los Angeles","CA","osm_industrial","osm-396653734","","","","","","","","600","904032","244089","2.7","3736512","","Industrial building. Roof-suitable for rooftop PV. Verify ownership + contact before outreach."
"So Cal Imports","Los Angeles","CA","osm_industrial","osm-397894506","","","","","","","","600","904032","244089","2.7","3736512","","Industrial building. Roof-suitable for rooftop PV. Verify ownership + contact before outreach."
"Los Angeles Department Of Water And Power Boylston Facility","Los Angeles","CA","osm_industrial","osm-398072020","","","","","","","","600","904032","244089","2.7","3736512","","Industrial building. Roof-suitable for rooftop PV. Verify ownership + contact before outreach."
"Ampm","Castaic","CA","osm_industrial","osm-402327867","","","","","","","","600","904032","244089","2.7","3736512","","Industrial building. Roof-suitable for rooftop PV. Verify ownership + contact before outreach."
"Los Angeles Department Of Sanitation","Los Angeles","CA","osm_industrial","osm-403739236","","","","","","","","600","904032","244089","2.7","3736512","","Industrial building. Roof-suitable for rooftop PV. Verify ownership + contact before outreach."
"Los Angeles County Public Works Redondo Yard","Los Angeles","CA","osm_industrial","osm-405341545","","","","","","","","600","904032","244089","2.7","3736512","","Industrial building. Roof-suitable for rooftop PV. Verify ownership + contact before outreach."
"Los Angeles County Flood Control 83rd Street Maintenance Yard","Los Angeles","CA","osm_industrial","osm-405367218","","","","","","","","600","904032","244089","2.7","3736512","","Industrial building. Roof-suitable for rooftop PV. Verify ownership + contact before outreach."
"Los Angeles County Public Works El Segundo Yard","Los Angeles","CA","osm_industrial","osm-405367219","","","","","","","","600","904032","244089","2.7","3736512","","Industrial building. Roof-suitable for rooftop PV. Verify ownership + contact before outreach."
"Los Angeles County Flood Maintenance Division Longden Yard","Los Angeles","CA","osm_industrial","osm-405415053","","","","","","","","600","904032","244089","2.7","3736512","","Industrial building. Roof-suitable for rooftop PV. Verify ownership + contact before outreach."
"Sunnyside Llc","L.A","CA","osm_industrial","osm-407324142","","","","","","","","600","904032","244089","2.7","3736512","","Industrial building. Roof-suitable for rooftop PV. Verify ownership + contact before outreach."
"Southbay Motorcycles 808","Los Angeles","CA","osm_industrial","osm-407334178","","","","","","","","600","904032","244089","2.7","3736512","","Industrial building. Roof-suitable for rooftop PV. Verify ownership + contact before outreach."
"Faraday Future","Gardena","CA","osm_industrial","osm-407370090","","","","","","","","600","904032","244089","2.7","3736512","","Industrial building. Roof-suitable for rooftop PV. Verify ownership + contact before outreach."
"Calstate Moving & Storage","Los Angeles","CA","osm_industrial","osm-407373061","","","","","","","","600","904032","244089","2.7","3736512","","Industrial building. Roof-suitable for rooftop PV. Verify ownership + contact before outreach."
"183","Los Angeles","CA","osm_industrial","osm-408048452","","","","","","","","600","904032","244089","2.7","3736512","","Industrial building. Roof-suitable for rooftop PV. Verify ownership + contact before outreach."
"184","Los Angeles","CA","osm_industrial","osm-408048453","","","","","","","","600","904032","244089","2.7","3736512","","Industrial building. Roof-suitable for rooftop PV. Verify ownership + contact before outreach."
"181","Los Angeles","CA","osm_industrial","osm-408048455","","","","","","","","600","904032","244089","2.7","3736512","","Industrial building. Roof-suitable for rooftop PV. Verify ownership + contact before outreach."
"185","Los Angeles","CA","osm_industrial","osm-408048456","","","","","","","","600","904032","244089","2.7","3736512","","Industrial building. Roof-suitable for rooftop PV. Verify ownership + contact before outreach."
"186","Los Angeles","CA","osm_industrial","osm-408048458","","","","","","","","600","904032","244089","2.7","3736512","","Industrial building. Roof-suitable for rooftop PV. Verify ownership + contact before outreach."
"187","Los Angeles","CA","osm_industrial","osm-408048459","","","","","","","","600","904032","244089","2.7","3736512","","Industrial building. Roof-suitable for rooftop PV. Verify ownership + contact before outreach."
"190","Los Angeles","CA","osm_industrial","osm-408048460","","","","","","","","600","904032","244089","2.7","3736512","","Industrial building. Roof-suitable for rooftop PV. Verify ownership + contact before outreach."
"192","Los Angeles","CA","osm_industrial","osm-408048461","","","","","","","","600","904032","244089","2.7","3736512","","Industrial building. Roof-suitable for rooftop PV. Verify ownership + contact before outreach."
"193","Los Angeles","CA","osm_industrial","osm-408048462","","","","","","","","600","904032","244089","2.7","3736512","","Industrial building. Roof-suitable for rooftop PV. Verify ownership + contact before outreach."
"182","Los Angeles","CA","osm_industrial","osm-408048489","","","","","","","","600","904032","244089","2.7","3736512","","Industrial building. Roof-suitable for rooftop PV. Verify ownership + contact before outreach."
"44a Lumber","Los Angeles","CA","osm_industrial","osm-408049267","","","","","","","","600","904032","244089","2.7","3736512","","Industrial building. Roof-suitable for rooftop PV. Verify ownership + contact before outreach."
"Torrance Brew Yard","Los Angeles","CA","osm_industrial","osm-409026697","","","","","","","","600","904032","244089","2.7","3736512","","Industrial building. Roof-suitable for rooftop PV. Verify ownership + contact before outreach."
"Spearmint Rhino Gentlemen'S Club","Los Angeles","CA","osm_industrial","osm-409026771","","","","","","","","600","904032","244089","2.7","3736512","","Industrial building. Roof-suitable for rooftop PV. Verify ownership + contact before outreach."
"Tmc Tombormachine Co. Inc.","Gardena","CA","osm_industrial","osm-409300139","","","","","","","","600","904032","244089","2.7","3736512","","Industrial building. Roof-suitable for rooftop PV. Verify ownership + contact before outreach."
"Aaron Industries","Lynwood","CA","osm_industrial","osm-409329125","","","","","","","","600","904032","244089","2.7","3736512","","Industrial building. Roof-suitable for rooftop PV. Verify ownership + contact before outreach."
"Fong Brothers Co.","Los Angeles","CA","osm_industrial","osm-409344481","","","","","","","","600","904032","244089","2.7","3736512","","Factory building. Roof-suitable for rooftop PV. Verify ownership + contact before outreach."
"Distributing Station 4","Los Angeles","CA","osm_industrial","osm-409420874","","","","","","","","600","904032","244089","2.7","3736512","","Industrial building. Roof-suitable for rooftop PV. Verify ownership + contact before outreach."
"Al'S Towing","Los Angeles","CA","osm_industrial","osm-412177072","","","","","","","","600","904032","244089","2.7","3736512","","Industrial building. Roof-suitable for rooftop PV. Verify ownership + contact before outreach."
"Building 10","Los Angeles","CA","osm_industrial","osm-412539772","","","","","","","","600","904032","244089","2.7","3736512","","Industrial building. Roof-suitable for rooftop PV. Verify ownership + contact before outreach."
"Broadway Gymnastic School","Los Angeles","CA","osm_industrial","osm-412539923","","","","","","","","600","904032","244089","2.7","3736512","","Industrial building. Roof-suitable for rooftop PV. Verify ownership + contact before outreach."
"Signature","Los Angeles","CA","osm_industrial","osm-413226320","","","","","","","","600","904032","244089","2.7","3736512","","Industrial building. Roof-suitable for rooftop PV. Verify ownership + contact before outreach."
"Rev Physical Therapy And Performance","Culver City","CA","osm_industrial","osm-414038462","","","","","","","","600","904032","244089","2.7","3736512","","Industrial building. Roof-suitable for rooftop PV. Verify ownership + contact before outreach."
"K1 Speed","Culver City","CA","osm_industrial","osm-414038694","","","","","","","","600","904032","244089","2.7","3736512","","Industrial building. Roof-suitable for rooftop PV. Verify ownership + contact before outreach."
"Jag Gym","Los Angeles","CA","osm_industrial","osm-414278266","","","","","","","","600","904032","244089","2.7","3736512","","Industrial building. Roof-suitable for rooftop PV. Verify ownership + contact before outreach."
"La School Of Gymnastics","Los Angeles","CA","osm_industrial","osm-414278267","","","","","","","","600","904032","244089","2.7","3736512","","Industrial building. Roof-suitable for rooftop PV. Verify ownership + contact before outreach."
"Los Angeles Department Of Water And Power","Los Angeles","CA","osm_industrial","osm-414684225","","","","","","","","600","904032","244089","2.7","3736512","","Industrial building. Roof-suitable for rooftop PV. Verify ownership + contact before outreach."
"Santa Monica Auto Center","Los Angeles","CA","osm_industrial","osm-419967026","","","","","","","","600","904032","244089","2.7","3736512","","Industrial building. Roof-suitable for rooftop PV. Verify ownership + contact before outreach."
"Corporation Yard","Los Angeles","CA","osm_industrial","osm-419974097","","","","","","","","600","904032","244089","2.7","3736512","","Industrial building. Roof-suitable for rooftop PV. Verify ownership + contact before outreach."
"100 Thieves Cash App Compound","Los Angeles","CA","osm_industrial","osm-420349166","","","","","","","","600","904032","244089","2.7","3736512","","Industrial building. Roof-suitable for rooftop PV. Verify ownership + contact before outreach."
"Building 35","Los Angeles","CA","osm_industrial","osm-422146688","","","","","","","","600","904032","244089","2.7","3736512","","Industrial building. Roof-suitable for rooftop PV. Verify ownership + contact before outreach."
"Building 1448","Los Angeles","CA","osm_industrial","osm-422146701","","","","","","","","600","904032","244089","2.7","3736512","","Industrial building. Roof-suitable for rooftop PV. Verify ownership + contact before outreach."
"Building 6060","Los Angeles","CA","osm_industrial","osm-422146720","","","","","","","","600","904032","244089","2.7","3736512","","Industrial building. Roof-suitable for rooftop PV. Verify ownership + contact before outreach."
"Building 55","Los Angeles","CA","osm_industrial","osm-422146878","","","","","","","","600","904032","244089","2.7","3736512","","Industrial building. Roof-suitable for rooftop PV. Verify ownership + contact before outreach."
"United Recording","Los Angeles","CA","osm_industrial","osm-422146923","","","","","","","","600","904032","244089","2.7","3736512","","Industrial building. Roof-suitable for rooftop PV. Verify ownership + contact before outreach."
"Los Angeles Department Of Water And Power","Los Angeles","CA","osm_industrial","osm-422262654","","","","","","","","600","904032","244089","2.7","3736512","","Industrial building. Roof-suitable for rooftop PV. Verify ownership + contact before outreach."
"Stage 11","Los Angeles","CA","osm_industrial","osm-422371078","","","","","","","","600","904032","244089","2.7","3736512","","Industrial building. Roof-suitable for rooftop PV. Verify ownership + contact before outreach."
"Dreier","Los Angeles","CA","osm_industrial","osm-422371080","","","","","","","","600","904032","244089","2.7","3736512","","Industrial building. Roof-suitable for rooftop PV. Verify ownership + contact before outreach."
"Stage 8","Los Angeles","CA","osm_industrial","osm-422371083","","","","","","","","600","904032","244089","2.7","3736512","","Industrial building. Roof-suitable for rooftop PV. Verify ownership + contact before outreach."
"Stage 9","Los Angeles","CA","osm_industrial","osm-422371084","","","","","","","","600","904032","244089","2.7","3736512","","Industrial building. Roof-suitable for rooftop PV. Verify ownership + contact before outreach."
"Stage 16","Los Angeles","CA","osm_industrial","osm-422371087","","","","","","","","600","904032","244089","2.7","3736512","","Industrial building. Roof-suitable for rooftop PV. Verify ownership + contact before outreach."
"Prop Warehouse And Guest Relations","Los Angeles","CA","osm_industrial","osm-422371088","","","","","","","","600","904032","244089","2.7","3736512","","Industrial building. Roof-suitable for rooftop PV. Verify ownership + contact before outreach."
"B-110","Los Angeles","CA","osm_industrial","osm-422371089","","","","","","","","600","904032","244089","2.7","3736512","","Industrial building. Roof-suitable for rooftop PV. Verify ownership + contact before outreach."
"B-171","Los Angeles","CA","osm_industrial","osm-422371090","","","","","","","","600","904032","244089","2.7","3736512","","Industrial building. Roof-suitable for rooftop PV. Verify ownership + contact before outreach."
"Fedex","Inland Empire Ca","CA","osm_industrial","osm-25452790","","","","","","","","600","904032","244089","2.7","3736512","","Industrial building. Roof-suitable for rooftop PV. Verify ownership + contact before outreach."
"Southern California Edison","Inland Empire Ca","CA","osm_industrial","osm-33604038","","","","","","","","600","904032","244089","2.7","3736512","","Industrial building. Roof-suitable for rooftop PV. Verify ownership + contact before outreach."
"Prologis Park Ontario Airport","Inland Empire Ca","CA","osm_industrial","osm-37026098","","","","","","","","600","904032","244089","2.7","3736512","","Industrial building. Roof-suitable for rooftop PV. Verify ownership + contact before outreach."
"Fedex","Ontario","CA","osm_industrial","osm-37026115","","","","","","","","600","904032","244089","2.7","3736512","","Industrial building. Roof-suitable for rooftop PV. Verify ownership + contact before outreach."
"Prologis Park Cedarpointe","Inland Empire Ca","CA","osm_industrial","osm-37026168","","","","","","","","600","904032","244089","2.7","3736512","","Industrial building. Roof-suitable for rooftop PV. Verify ownership + contact before outreach."
"California Commerce Center","Inland Empire Ca","CA","osm_industrial","osm-37026169","","","","","","","","600","904032","244089","2.7","3736512","","Industrial building. Roof-suitable for rooftop PV. Verify ownership + contact before outreach."
"California Commerce Center South","Inland Empire Ca","CA","osm_industrial","osm-37026176","","","","","","","","600","904032","244089","2.7","3736512","","Industrial building. Roof-suitable for rooftop PV. Verify ownership + contact before outreach."
"Bridgestone-Firestone","Ontario","CA","osm_industrial","osm-37060125","","","","","","","","600","904032","244089","2.7","3736512","","Industrial building. Roof-suitable for rooftop PV. Verify ownership + contact before outreach."
"New Indy","Ontario","CA","osm_industrial","osm-37862927","","","","","","","","600","904032","244089","2.7","3736512","","Factory building. Roof-suitable for rooftop PV. Verify ownership + contact before outreach."
"West Valley Material Recovery Facility And Transfer Station","Fontana","CA","osm_industrial","osm-38857104","","","","","","","","600","904032","244089","2.7","3736512","","Waste_handling building. Roof-suitable for rooftop PV. Verify ownership + contact before outreach."
"Mohawk Industries","Fontana","CA","osm_industrial","osm-38857140","","","","","","","","600","904032","244089","2.7","3736512","","Industrial building. Roof-suitable for rooftop PV. Verify ownership + contact before outreach."
"Bnsf Fontana Logistics Center","Fontana","CA","osm_industrial","osm-38857240","","","","","","","","600","904032","244089","2.7","3736512","","Industrial building. Roof-suitable for rooftop PV. Verify ownership + contact before outreach."
"Meeder Equipment Co.","Rancho Cucamonga","CA","osm_industrial","osm-38898963","","","","","","","","600","904032","244089","2.7","3736512","","Industrial building. Roof-suitable for rooftop PV. Verify ownership + contact before outreach."
"Rancho Cucamonga Corporate Yard","Inland Empire Ca","CA","osm_industrial","osm-39669497","","","","","","","","600","904032","244089","2.7","3736512","","Industrial building. Roof-suitable for rooftop PV. Verify ownership + contact before outreach."
"Matheson Gas Products","Rancho Cucamonga","CA","osm_industrial","osm-39944986","","","","","","","","600","904032","244089","2.7","3736512","","Industrial building. Roof-suitable for rooftop PV. Verify ownership + contact before outreach."
"Pacific Paper","Rancho Cucamonga","CA","osm_industrial","osm-39944990","","","","","","","","600","904032","244089","2.7","3736512","","Yes building. Roof-suitable for rooftop PV. Verify ownership + contact before outreach."
"Polyone","Rancho Cucamonga","CA","osm_industrial","osm-39951478","","","","","","","","600","904032","244089","2.7","3736512","","Industrial building. Roof-suitable for rooftop PV. Verify ownership + contact before outreach."
"Crocker Global","Rancho Cucamonga","CA","osm_industrial","osm-39951524","","","","","","","","600","904032","244089","2.7","3736512","","Industrial building. Roof-suitable for rooftop PV. Verify ownership + contact before outreach."
"Verizon","Rancho Cucamonga","CA","osm_industrial","osm-40002164","","","","","","","","600","904032","244089","2.7","3736512","","Industrial building. Roof-suitable for rooftop PV. Verify ownership + contact before outreach."
"Laird Construction","Rancho Cucamonga","CA","osm_industrial","osm-40040166","","","","","","","","600","904032","244089","2.7","3736512","","Industrial building. Roof-suitable for rooftop PV. Verify ownership + contact before outreach."
"Superior Tank Company","Rancho Cucamonga","CA","osm_industrial","osm-40040167","","","","","","","","600","904032","244089","2.7","3736512","","Industrial building. Roof-suitable for rooftop PV. Verify ownership + contact before outreach."
"Lucas Ranch Road Industrial Park","Inland Empire Ca","CA","osm_industrial","osm-40040168","","","","","","","","600","904032","244089","2.7","3736512","","Industrial building. Roof-suitable for rooftop PV. Verify ownership + contact before outreach."
"Airgas","Inland Empire Ca","CA","osm_industrial","osm-40040177","","","","","","","","600","904032","244089","2.7","3736512","","Industrial building. Roof-suitable for rooftop PV. Verify ownership + contact before outreach."
"Hillwood Development Company,","Fontana","CA","osm_industrial","osm-40076821","","","","","","","","600","904032","244089","2.7","3736512","","Industrial building. Roof-suitable for rooftop PV. Verify ownership + contact before outreach."
"Pallet Market Llc","Fontana","CA","osm_industrial","osm-40119690","","","","","","","","600","904032","244089","2.7","3736512","","Industrial building. Roof-suitable for rooftop PV. Verify ownership + contact before outreach."
"Artista'S Pallets","Fontana","CA","osm_industrial","osm-40119692","","","","","","","","600","904032","244089","2.7","3736512","","Industrial building. Roof-suitable for rooftop PV. Verify ownership + contact before outreach."
"Sierra Gateway Commerce Center","Inland Empire Ca","CA","osm_industrial","osm-40125736","","","","","","","","600","904032","244089","2.7","3736512","","Industrial building. Roof-suitable for rooftop PV. Verify ownership + contact before outreach."
"Bragg Crane Service","Fontana","CA","osm_industrial","osm-40125753","","","","","","","","600","904032","244089","2.7","3736512","","Industrial building. Roof-suitable for rooftop PV. Verify ownership + contact before outreach."
"Layne Christensen Company","Fontana","CA","osm_industrial","osm-40125764","","","","","","","","600","904032","244089","2.7","3736512","","Industrial building. Roof-suitable for rooftop PV. Verify ownership + contact before outreach."
"Gainey Transportation Services, Inc.","Rancho Cucamonga","CA","osm_industrial","osm-41889256","","","","","","","","600","904032","244089","2.7","3736512","","Industrial building. Roof-suitable for rooftop PV. Verify ownership + contact before outreach."
"Estenson Logistics Llc","Rancho Cucamonga","CA","osm_industrial","osm-41889259","","","","","","","","600","904032","244089","2.7","3736512","","Industrial building. Roof-suitable for rooftop PV. Verify ownership + contact before outreach."
"American National Recycling","Ontario","CA","osm_industrial","osm-42018519","","","","","","","","600","904032","244089","2.7","3736512","","Industrial building. Roof-suitable for rooftop PV. Verify ownership + contact before outreach."
"Yorba Business Park","Inland Empire Ca","CA","osm_industrial","osm-42193725","","","","","","","","600","904032","244089","2.7","3736512","","Industrial building. Roof-suitable for rooftop PV. Verify ownership + contact before outreach."
"Gm Service Parts Operations","Rancho Cucamonga","CA","osm_industrial","osm-44161879","","","","","","","","600","904032","244089","2.7","3736512","","Industrial building. Roof-suitable for rooftop PV. Verify ownership + contact before outreach."
"Archicenter I","Rancho Cucamonga","CA","osm_industrial","osm-44161881","","","","","","","","600","904032","244089","2.7","3736512","","Industrial building. Roof-suitable for rooftop PV. Verify ownership + contact before outreach."
"Riverside Municipal Corporation Yard","Inland Empire Ca","CA","osm_industrial","osm-44486525","","","","","","","","600","904032","244089","2.7","3736512","","Industrial building. Roof-suitable for rooftop PV. Verify ownership + contact before outreach."
"Aes","Inland Empire Ca","CA","osm_industrial","osm-45074903","","","","","","","","600","904032","244089","2.7","3736512","","Industrial building. Roof-suitable for rooftop PV. Verify ownership + contact before outreach."
"Dca North Water Boiler Plant","Inland Empire Ca","CA","osm_industrial","osm-49884384","","","","","","","","600","904032","244089","2.7","3736512","","Industrial building. Roof-suitable for rooftop PV. Verify ownership + contact before outreach."
"East Boiler Plant","Inland Empire Ca","CA","osm_industrial","osm-49884390","","","","","","","","600","904032","244089","2.7","3736512","","Industrial building. Roof-suitable for rooftop PV. Verify ownership + contact before outreach."
"East Chiller Plant","Inland Empire Ca","CA","osm_industrial","osm-49884395","","","","","","","","600","904032","244089","2.7","3736512","","Industrial building. Roof-suitable for rooftop PV. Verify ownership + contact before outreach."
"Submarine Filtration Plant","Inland Empire Ca","CA","osm_industrial","osm-49884397","","","","","","","","600","904032","244089","2.7","3736512","","Industrial building. Roof-suitable for rooftop PV. Verify ownership + contact before outreach."
"City Of Newport Beach Corporation Yard","Newport Beach","CA","osm_industrial","osm-55219216","","","","","","","","600","904032","244089","2.7","3736512","","Industrial building. Roof-suitable for rooftop PV. Verify ownership + contact before outreach."
"City Of Newport Beach Utilities Department","Newport Beach","CA","osm_industrial","osm-55219220","","","","","","","","600","904032","244089","2.7","3736512","","Industrial building. Roof-suitable for rooftop PV. Verify ownership + contact before outreach."
"Island Pump Station","Inland Empire Ca","CA","osm_industrial","osm-60118515","","","","","","","","600","904032","244089","2.7","3736512","","Industrial building. Roof-suitable for rooftop PV. Verify ownership + contact before outreach."
"Octa Maintenance","Irvine","CA","osm_industrial","osm-60502957","","","","","","","","600","904032","244089","2.7","3736512","","Industrial building. Roof-suitable for rooftop PV. Verify ownership + contact before outreach."
"Caltrans Marina Way Maintenance Station","Irvine","CA","osm_industrial","osm-60502962","","","","","","","","600","904032","244089","2.7","3736512","","Industrial building. Roof-suitable for rooftop PV. Verify ownership + contact before outreach."
"Caltrans Toll Road Maintenance Station","Irvine","CA","osm_industrial","osm-60502974","","","","","","","","600","904032","244089","2.7","3736512","","Industrial building. Roof-suitable for rooftop PV. Verify ownership + contact before outreach."
"Irvine Ranch Water District","Inland Empire Ca","CA","osm_industrial","osm-60786575","","","","","","","","600","904032","244089","2.7","3736512","","Industrial building. Roof-suitable for rooftop PV. Verify ownership + contact before outreach."
"Trabuco Canyon Water District","Inland Empire Ca","CA","osm_industrial","osm-60786582","","","","","","","","600","904032","244089","2.7","3736512","","Industrial building. Roof-suitable for rooftop PV. Verify ownership + contact before outreach."
"Speedway Muffler","Rancho Cucamonga","CA","osm_industrial","osm-62106252","","","","","","","","600","904032","244089","2.7","3736512","","Industrial building. Roof-suitable for rooftop PV. Verify ownership + contact before outreach."
"Orange County Flood Control District","Inland Empire Ca","CA","osm_industrial","osm-67355898","","","","","","","","600","904032","244089","2.7","3736512","","Industrial building. Roof-suitable for rooftop PV. Verify ownership + contact before outreach."
"Rinker Materials Los Angeles Pipe Plant","Inland Empire Ca","CA","osm_industrial","osm-68034449","","","","","","","","600","904032","244089","2.7","3736512","","Industrial building. Roof-suitable for rooftop PV. Verify ownership + contact before outreach."
"Mission Clay Products","Inland Empire Ca","CA","osm_industrial","osm-68811437","","","","","","","","600","904032","244089","2.7","3736512","","Industrial building. Roof-suitable for rooftop PV. Verify ownership + contact before outreach."
"Buses For Sale","Inland Empire Ca","CA","osm_industrial","osm-80104733","","","","","","","","600","904032","244089","2.7","3736512","","Industrial building. Roof-suitable for rooftop PV. Verify ownership + contact before outreach."
"Southern California Edison","Inland Empire Ca","CA","osm_industrial","osm-87284479","","","","","","","","600","904032","244089","2.7","3736512","","Industrial building. Roof-suitable for rooftop PV. Verify ownership + contact before outreach."
"Rancho Cucamonga Distribution Center","Inland Empire Ca","CA","osm_industrial","osm-97667672","","","","","","","","600","904032","244089","2.7","3736512","","Industrial building. Roof-suitable for rooftop PV. Verify ownership + contact before outreach."
"The Campus","Inland Empire Ca","CA","osm_industrial","osm-99094690","","","","","","","","600","904032","244089","2.7","3736512","","Industrial building. Roof-suitable for rooftop PV. Verify ownership + contact before outreach."
"Caltrans Brea Maintenance Station","Brea","CA","osm_industrial","osm-103256471","","","","","","","","600","904032","244089","2.7","3736512","","Industrial building. Roof-suitable for rooftop PV. Verify ownership + contact before outreach."
"Caltrans Riverside Maintenance Station","Inland Empire Ca","CA","osm_industrial","osm-104223955","","","","","","","","600","904032","244089","2.7","3736512","","Industrial building. Roof-suitable for rooftop PV. Verify ownership + contact before outreach."
"Caltrans District 8 Office Maintenance Station","Inland Empire Ca","CA","osm_industrial","osm-104224003","","","","","","","","600","904032","244089","2.7","3736512","","Industrial building. Roof-suitable for rooftop PV. Verify ownership + contact before outreach."
"Caltrans Pomona Maintenance Station","Inland Empire Ca","CA","osm_industrial","osm-104840847","","","","","","","","600","904032","244089","2.7","3736512","","Industrial building. Roof-suitable for rooftop PV. Verify ownership + contact before outreach."
"Caltrans Ontario Maintenance Station","Inland Empire Ca","CA","osm_industrial","osm-104907454","","","","","","","","600","904032","244089","2.7","3736512","","Industrial building. Roof-suitable for rooftop PV. Verify ownership + contact before outreach."
"Caltrans Corona Maintenance Station","Inland Empire Ca","CA","osm_industrial","osm-104907459","","","","","","","","600","904032","244089","2.7","3736512","","Industrial building. Roof-suitable for rooftop PV. Verify ownership + contact before outreach."
"Caltrans Diamond Bar Maintenance Station","Inland Empire Ca","CA","osm_industrial","osm-104907501","","","","","","","","600","904032","244089","2.7","3736512","","Industrial building. Roof-suitable for rooftop PV. Verify ownership + contact before outreach."
"Caltrans Orange Maintenance Station","Inland Empire Ca","CA","osm_industrial","osm-104932765","","","","","","","","600","904032","244089","2.7","3736512","","Industrial building. Roof-suitable for rooftop PV. Verify ownership + contact before outreach."
"Caltrans Stanton Maintenance Station","Inland Empire Ca","CA","osm_industrial","osm-104932774","","","","","","","","600","904032","244089","2.7","3736512","","Industrial building. Roof-suitable for rooftop PV. Verify ownership + contact before outreach."
"Caltrans Elsinore Maintenance Station","Inland Empire Ca","CA","osm_industrial","osm-104936592","","","","","","","","600","904032","244089","2.7","3736512","","Industrial building. Roof-suitable for rooftop PV. Verify ownership + contact before outreach."
"Irvine Ranch Water District","Irvine","CA","osm_industrial","osm-111662095","","","","","","","","600","904032","244089","2.7","3736512","","Industrial building. Roof-suitable for rooftop PV. Verify ownership + contact before outreach."
"Park Irvine Industrial Complex","Inland Empire Ca","CA","osm_industrial","osm-111876551","","","","","","","","600","904032","244089","2.7","3736512","","Industrial building. Roof-suitable for rooftop PV. Verify ownership + contact before outreach."
"Tustin Corporate Center","Inland Empire Ca","CA","osm_industrial","osm-111877180","","","","","","","","600","904032","244089","2.7","3736512","","Industrial building. Roof-suitable for rooftop PV. Verify ownership + contact before outreach."
"Southern California Edison","Wildomar","CA","osm_industrial","osm-114017807","","","","","","","","600","904032","244089","2.7","3736512","","Industrial building. Roof-suitable for rooftop PV. Verify ownership + contact before outreach."
"International Paper Anaheim Container Plant","Anaheim","CA","osm_industrial","osm-115704997","","","","","","","","600","904032","244089","2.7","3736512","","Industrial building. Roof-suitable for rooftop PV. Verify ownership + contact before outreach."
"Mclane","Riverside","CA","osm_industrial","osm-118427835","","","","","","","","600","904032","244089","2.7","3736512","","Industrial building. Roof-suitable for rooftop PV. Verify ownership + contact before outreach."
"Kia Motors","Riverside","CA","osm_industrial","osm-118427845","","","","","","","","600","904032","244089","2.7","3736512","","Industrial building. Roof-suitable for rooftop PV. Verify ownership + contact before outreach."
"Agua Mansa Commerce Park","Inland Empire Ca","CA","osm_industrial","osm-118772659","","","","","","","","600","904032","244089","2.7","3736512","","Industrial building. Roof-suitable for rooftop PV. Verify ownership + contact before outreach."
"Reclaimed Aggregates","Colton","CA","osm_industrial","osm-118900710","","","","","","","","600","904032","244089","2.7","3736512","","Industrial building. Roof-suitable for rooftop PV. Verify ownership + contact before outreach."
"Rdo Equipment Company","Inland Empire Ca","CA","osm_industrial","osm-119560988","","","","","","","","600","904032","244089","2.7","3736512","","Industrial building. Roof-suitable for rooftop PV. Verify ownership + contact before outreach."
"Menifee Lakes Maintenance","Menifee","CA","osm_industrial","osm-120288105","","","","","","","","600","904032","244089","2.7","3736512","","Industrial building. Roof-suitable for rooftop PV. Verify ownership + contact before outreach."
"Socal Edision","Inland Empire Ca","CA","osm_industrial","osm-125081415","","","","","","","","600","904032","244089","2.7","3736512","","Industrial building. Roof-suitable for rooftop PV. Verify ownership + contact before outreach."
"Maintenance Yard","Fountain Valley","CA","osm_industrial","osm-165339507","","","","","","","","600","904032","244089","2.7","3736512","","Industrial building. Roof-suitable for rooftop PV. Verify ownership + contact before outreach."
"E I Colton Llc","Colton","CA","osm_industrial","osm-181492762","","","","","","","","600","904032","244089","2.7","3736512","","Industrial building. Roof-suitable for rooftop PV. Verify ownership + contact before outreach."
"Stremicks Heritage Foods Plant","Inland Empire Ca","CA","osm_industrial","osm-199432616","","","","","","","","600","904032","244089","2.7","3736512","","Industrial building. Roof-suitable for rooftop PV. Verify ownership + contact before outreach."
"Paint Shop","Inland Empire Ca","CA","osm_industrial","osm-210320566","","","","","","","","600","904032","244089","2.7","3736512","","Industrial building. Roof-suitable for rooftop PV. Verify ownership + contact before outreach."
"Cvs Distribution Center","Inland Empire Ca","CA","osm_industrial","osm-210347649","","","","","","","","600","904032","244089","2.7","3736512","","Industrial building. Roof-suitable for rooftop PV. Verify ownership + contact before outreach."
"Stretch Forming Corporation","Perris","CA","osm_industrial","osm-218369626","","","","","","","","600","904032","244089","2.7","3736512","","Industrial building. Roof-suitable for rooftop PV. Verify ownership + contact before outreach."
"United States Postal Service","Moreno Valley","CA","osm_industrial","osm-218402777","","","","","","","","600","904032","244089","2.7","3736512","","Industrial building. Roof-suitable for rooftop PV. Verify ownership + contact before outreach."
"Central Plant","Inland Empire Ca","CA","osm_industrial","osm-219171644","","","","","","","","600","904032","244089","2.7","3736512","","Industrial building. Roof-suitable for rooftop PV. Verify ownership + contact before outreach."
"Central Plant","Inland Empire Ca","CA","osm_industrial","osm-219171646","","","","","","","","600","904032","244089","2.7","3736512","","Industrial building. Roof-suitable for rooftop PV. Verify ownership + contact before outreach."
"Albertsons/Vons/Safeway Distribution Warehouse Brea","Inland Empire Ca","CA","osm_industrial","osm-247170519","","","","","","","","600","904032","244089","2.7","3736512","","Industrial building. Roof-suitable for rooftop PV. Verify ownership + contact before outreach."
"Freedom Performance Exhaust","Corona","CA","osm_industrial","osm-249819900","","","","","","","","600","904032","244089","2.7","3736512","","Industrial building. Roof-suitable for rooftop PV. Verify ownership + contact before outreach."
"Bio-Rad Laboratories Inc.","Irvine","CA","osm_industrial","osm-265883926","","","","","","","","600","904032","244089","2.7","3736512","","Industrial building. Roof-suitable for rooftop PV. Verify ownership + contact before outreach."
"Wingfoot Chino","Inland Empire Ca","CA","osm_industrial","osm-318396109","","","","","","","","600","904032","244089","2.7","3736512","","Industrial building. Roof-suitable for rooftop PV. Verify ownership + contact before outreach."
"Wingfoot Ontario","Inland Empire Ca","CA","osm_industrial","osm-318402476","","","","","","","","600","904032","244089","2.7","3736512","","Industrial building. Roof-suitable for rooftop PV. Verify ownership + contact before outreach."
"Grizzly Flats Engine House","Inland Empire Ca","CA","osm_industrial","osm-323322519","","","","","","","","600","904032","244089","2.7","3736512","","Industrial building. Roof-suitable for rooftop PV. Verify ownership + contact before outreach."
"Oakley","Lake Forest","CA","osm_industrial","osm-330602108","","","","","","","","600","904032","244089","2.7","3736512","","Industrial building. Roof-suitable for rooftop PV. Verify ownership + contact before outreach."
"Gatekeeper Systems","Lake Forest","CA","osm_industrial","osm-330602114","","","","","","","","600","904032","244089","2.7","3736512","","Industrial building. Roof-suitable for rooftop PV. Verify ownership + contact before outreach."
"Bal Seal Engineering, Inc.","Lake Forest","CA","osm_industrial","osm-330602420","","","","","","","","600","904032","244089","2.7","3736512","","Industrial building. Roof-suitable for rooftop PV. Verify ownership + contact before outreach."
"Oleum Tech","Lake Forest","CA","osm_industrial","osm-330602421","","","","","","","","600","904032","244089","2.7","3736512","","Industrial building. Roof-suitable for rooftop PV. Verify ownership + contact before outreach."
"Chroma Systems Solutions","Foothill Ranch","CA","osm_industrial","osm-330602422","","","","","","","","600","904032","244089","2.7","3736512","","Industrial building. Roof-suitable for rooftop PV. Verify ownership + contact before outreach."
"Spectrum Brands","Lake Forest","CA","osm_industrial","osm-330602432","","","","","","","","600","904032","244089","2.7","3736512","","Industrial building. Roof-suitable for rooftop PV. Verify ownership + contact before outreach."
"Oil Field","Inland Empire Ca","CA","osm_industrial","osm-331877804","","","","","","","","600","904032","244089","2.7","3736512","","Oil building. Roof-suitable for rooftop PV. Verify ownership + contact before outreach."
"Storage","Inland Empire Ca","CA","osm_industrial","osm-331877805","","","","","","","","600","904032","244089","2.7","3736512","","Industrial building. Roof-suitable for rooftop PV. Verify ownership + contact before outreach."
"Storage","Huntington Beach","CA","osm_industrial","osm-331877806","","","","","","","","600","904032","244089","2.7","3736512","","Industrial building. Roof-suitable for rooftop PV. Verify ownership + contact before outreach."
"Storage","Inland Empire Ca","CA","osm_industrial","osm-331877807","","","","","","","","600","904032","244089","2.7","3736512","","Industrial building. Roof-suitable for rooftop PV. Verify ownership + contact before outreach."
"Storage","Inland Empire Ca","CA","osm_industrial","osm-331877808","","","","","","","","600","904032","244089","2.7","3736512","","Industrial building. Roof-suitable for rooftop PV. Verify ownership + contact before outreach."
"Storage","Inland Empire Ca","CA","osm_industrial","osm-331877809","","","","","","","","600","904032","244089","2.7","3736512","","Industrial building. Roof-suitable for rooftop PV. Verify ownership + contact before outreach."
"Storage","Inland Empire Ca","CA","osm_industrial","osm-331877810","","","","","","","","600","904032","244089","2.7","3736512","","Industrial building. Roof-suitable for rooftop PV. Verify ownership + contact before outreach."
"Storage","Inland Empire Ca","CA","osm_industrial","osm-331879781","","","","","","","","600","904032","244089","2.7","3736512","","Industrial building. Roof-suitable for rooftop PV. Verify ownership + contact before outreach."
"Storage","Inland Empire Ca","CA","osm_industrial","osm-331879782","","","","","","","","600","904032","244089","2.7","3736512","","Industrial building. Roof-suitable for rooftop PV. Verify ownership + contact before outreach."
"Storage","Inland Empire Ca","CA","osm_industrial","osm-331879783","","","","","","","","600","904032","244089","2.7","3736512","","Industrial building. Roof-suitable for rooftop PV. Verify ownership + contact before outreach."
"Tank","Inland Empire Ca","CA","osm_industrial","osm-331879784","","","","","","","","600","904032","244089","2.7","3736512","","Industrial building. Roof-suitable for rooftop PV. Verify ownership + contact before outreach."
"Renkus-Heinz","Foothill Ranch","CA","osm_industrial","osm-334320219","","","","","","","","600","904032","244089","2.7","3736512","","Industrial building. Roof-suitable for rooftop PV. Verify ownership + contact before outreach."
"Herc Rentals Yard","Lake Forest","CA","osm_industrial","osm-334320220","","","","","","","","600","904032","244089","2.7","3736512","","Industrial building. Roof-suitable for rooftop PV. Verify ownership + contact before outreach."
"Onemonroe/Ryadon","Foothill Ranch","CA","osm_industrial","osm-334320222","","","","","","","","600","904032","244089","2.7","3736512","","Industrial building. Roof-suitable for rooftop PV. Verify ownership + contact before outreach."
"Herc Rentals","Foothill Ranch","CA","osm_industrial","osm-334320223","","","","","","","","600","904032","244089","2.7","3736512","","Industrial building. Roof-suitable for rooftop PV. Verify ownership + contact before outreach."
"Quinn","Lake Forest","CA","osm_industrial","osm-334320228","","","","","","","","600","904032","244089","2.7","3736512","","Industrial building. Roof-suitable for rooftop PV. Verify ownership + contact before outreach."
"Southern California Edison","Inland Empire Ca","CA","osm_industrial","osm-334356605","","","","","","","","600","904032","244089","2.7","3736512","","Industrial building. Roof-suitable for rooftop PV. Verify ownership + contact before outreach."
"At&T","Tustin","CA","osm_industrial","osm-335841537","","","","","","","","600","904032","244089","2.7","3736512","","Industrial building. Roof-suitable for rooftop PV. Verify ownership + contact before outreach."
"Gentex Corporation","Rancho Cucamonga","CA","osm_industrial","osm-341981032","","","","","","","","600","904032","244089","2.7","3736512","","Industrial building. Roof-suitable for rooftop PV. Verify ownership + contact before outreach."
"Irvine Ranch Water District","Irvine","CA","osm_industrial","osm-342214649","","","","","","","","600","904032","244089","2.7","3736512","","Industrial building. Roof-suitable for rooftop PV. Verify ownership + contact before outreach."
"17th Street Desalting Facility","Tustin","CA","osm_industrial","osm-343014998","","","","","","","","600","904032","244089","2.7","3736512","","Industrial building. Roof-suitable for rooftop PV. Verify ownership + contact before outreach."
"A&A Associated Ready Mixed Concrete","Foothill Ranch","CA","osm_industrial","osm-344149978","","","","","","","","600","904032","244089","2.7","3736512","","Industrial building. Roof-suitable for rooftop PV. Verify ownership + contact before outreach."
"Robertson'S Ready Mix #18","Foothill Ranch","CA","osm_industrial","osm-344149981","","","","","","","","600","904032","244089","2.7","3736512","","Industrial building. Roof-suitable for rooftop PV. Verify ownership + contact before outreach."
"Wellington Foods","Inland Empire Ca","CA","osm_industrial","osm-344390833","","","","","","","","600","904032","244089","2.7","3736512","","Industrial building. Roof-suitable for rooftop PV. Verify ownership + contact before outreach."
"El Toro Water District Facility","Inland Empire Ca","CA","osm_industrial","osm-344888173","","","","","","","","600","904032","244089","2.7","3736512","","Industrial building. Roof-suitable for rooftop PV. Verify ownership + contact before outreach."
"Resource Building Materials","Lake Forest","CA","osm_industrial","osm-346361315","","","","","","","","600","904032","244089","2.7","3736512","","Industrial building. Roof-suitable for rooftop PV. Verify ownership + contact before outreach."
"Admin","Inland Empire Ca","CA","osm_industrial","osm-346694188","","","","","","","","600","904032","244089","2.7","3736512","","Industrial building. Roof-suitable for rooftop PV. Verify ownership + contact before outreach."
"Chemical Building","Lake Forest","CA","osm_industrial","osm-346694190","","","","","","","","600","904032","244089","2.7","3736512","","Industrial building. Roof-suitable for rooftop PV. Verify ownership + contact before outreach."
"Fcf","Inland Empire Ca","CA","osm_industrial","osm-346694191","","","","","","","","600","904032","244089","2.7","3736512","","Industrial building. Roof-suitable for rooftop PV. Verify ownership + contact before outreach."
"Storage","Lake Forest","CA","osm_industrial","osm-346694197","","","","","","","","600","904032","244089","2.7","3736512","","Industrial building. Roof-suitable for rooftop PV. Verify ownership + contact before outreach."
"Treatment Building","Lake Forest","CA","osm_industrial","osm-346694198","","","","","","","","600","904032","244089","2.7","3736512","","Industrial building. Roof-suitable for rooftop PV. Verify ownership + contact before outreach."
"El Toro Water District","Lake Forest","CA","osm_industrial","osm-347709489","","","","","","","","600","904032","244089","2.7","3736512","","Industrial building. Roof-suitable for rooftop PV. Verify ownership + contact before outreach."
"El Toro Water District","Lake Forest","CA","osm_industrial","osm-347709492","","","","","","","","600","904032","244089","2.7","3736512","","Industrial building. Roof-suitable for rooftop PV. Verify ownership + contact before outreach."
"Oakley Headquarters And Factory","Foothill Ranch","CA","osm_industrial","osm-348418841","","","","","","","","600","904032","244089","2.7","3736512","","Industrial building. Roof-suitable for rooftop PV. Verify ownership + contact before outreach."
"Pumping Station","Irvine","CA","osm_industrial","osm-353631389","","","","","","","","600","904032","244089","2.7","3736512","","Industrial building. Roof-suitable for rooftop PV. Verify ownership + contact before outreach."
"Golden State Overnight","Santa Ana","CA","osm_industrial","osm-353897534","","","","","","","","600","904032","244089","2.7","3736512","","Industrial building. Roof-suitable for rooftop PV. Verify ownership + contact before outreach."
"Municipal Water District Of Orange County","Inland Empire Ca","CA","osm_industrial","osm-356688137","","","","","","","","600","904032","244089","2.7","3736512","","Industrial building. Roof-suitable for rooftop PV. Verify ownership + contact before outreach."
"Maintenance & Facilities Corp. Yard","Inland Empire Ca","CA","osm_industrial","osm-359400993","","","","","","","","600","904032","244089","2.7","3736512","","Industrial building. Roof-suitable for rooftop PV. Verify ownership + contact before outreach."
"Irvine Ranch Water District","Lake Forest","CA","osm_industrial","osm-368848678","","","","","","","","600","904032","244089","2.7","3736512","","Industrial building. Roof-suitable for rooftop PV. Verify ownership + contact before outreach."
"Albertson'S Distribution Center","Irvine","CA","osm_industrial","osm-370808665","","","","","","","","600","904032","244089","2.7","3736512","","Industrial building. Roof-suitable for rooftop PV. Verify ownership + contact before outreach."
"Fedex Ground","Inland Empire Ca","CA","osm_industrial","osm-375896482","","","","","","","","600","904032","244089","2.7","3736512","","Industrial building. Roof-suitable for rooftop PV. Verify ownership + contact before outreach."
"Fedex Ground","Rialto","CA","osm_industrial","osm-375896483","","","","","","","","600","904032","244089","2.7","3736512","","Industrial building. Roof-suitable for rooftop PV. Verify ownership + contact before outreach."
"Fedex Ground","Inland Empire Ca","CA","osm_industrial","osm-375896492","","","","","","","","600","904032","244089","2.7","3736512","","Industrial building. Roof-suitable for rooftop PV. Verify ownership + contact before outreach."
"B.P. Recycling","Inland Empire Ca","CA","osm_industrial","osm-377379582","","","","","","","","600","904032","244089","2.7","3736512","","Industrial building. Roof-suitable for rooftop PV. Verify ownership + contact before outreach."
"Irvine Ranch Water District","Inland Empire Ca","CA","osm_industrial","osm-384570948","","","","","","","","600","904032","244089","2.7","3736512","","Industrial building. Roof-suitable for rooftop PV. Verify ownership + contact before outreach."
"Walnut Creek Energy, Llc","Inland Empire Ca","CA","osm_industrial","osm-384972421","","","","","","","","600","904032","244089","2.7","3736512","","Industrial building. Roof-suitable for rooftop PV. Verify ownership + contact before outreach."
"Santa Margarita Water District","Inland Empire Ca","CA","osm_industrial","osm-385576558","","","","","","","","600","904032","244089","2.7","3736512","","Industrial building. Roof-suitable for rooftop PV. Verify ownership + contact before outreach."
"Santa Margarita Water District","Inland Empire Ca","CA","osm_industrial","osm-385578859","","","","","","","","600","904032","244089","2.7","3736512","","Industrial building. Roof-suitable for rooftop PV. Verify ownership + contact before outreach."
"Collins Aerospace","Riverside","CA","osm_industrial","osm-388252646","","","","","","","","600","904032","244089","2.7","3736512","","Industrial building. Roof-suitable for rooftop PV. Verify ownership + contact before outreach."
"Cambro","Huntington Beach","CA","osm_industrial","osm-388555966","","","","","","","","600","904032","244089","2.7","3736512","","Industrial building. Roof-suitable for rooftop PV. Verify ownership + contact before outreach."
"Underground Reservoir (Mwd)","Inland Empire Ca","CA","osm_industrial","osm-400681841","","","","","","","","600","904032","244089","2.7","3736512","","Industrial building. Roof-suitable for rooftop PV. Verify ownership + contact before outreach."
"Underground Reservoir (Mwd)","Inland Empire Ca","CA","osm_industrial","osm-400682159","","","","","","","","600","904032","244089","2.7","3736512","","Industrial building. Roof-suitable for rooftop PV. Verify ownership + contact before outreach."
"Pacific Clay Products, Inc.","Inland Empire Ca","CA","osm_industrial","osm-418184099","","","","","","","","600","904032","244089","2.7","3736512","","Industrial building. Roof-suitable for rooftop PV. Verify ownership + contact before outreach."
"Greenspot Pumping Station","Inland Empire Ca","CA","osm_industrial","osm-422097183","","","","","","","","600","904032","244089","2.7","3736512","","Industrial building. Roof-suitable for rooftop PV. Verify ownership + contact before outreach."
"Empire Precast","Inland Empire Ca","CA","osm_industrial","osm-430113145","","","","","","","","600","904032","244089","2.7","3736512","","Industrial building. Roof-suitable for rooftop PV. Verify ownership + contact before outreach."
"Irvine Ranch Water District","Tustin","CA","osm_industrial","osm-440267630","","","","","","","","600","904032","244089","2.7","3736512","","Industrial building. Roof-suitable for rooftop PV. Verify ownership + contact before outreach."
"Irvine Ranch Water District","Tustin","CA","osm_industrial","osm-440267631","","","","","","","","600","904032","244089","2.7","3736512","","Industrial building. Roof-suitable for rooftop PV. Verify ownership + contact before outreach."
"Irvine Ranch Water District","Tustin","CA","osm_industrial","osm-440267632","","","","","","","","600","904032","244089","2.7","3736512","","Industrial building. Roof-suitable for rooftop PV. Verify ownership + contact before outreach."
"Orange County Sheriff, Technology Division","Tustin","CA","osm_industrial","osm-440686568","","","","","","","","600","904032","244089","2.7","3736512","","Industrial building. Roof-suitable for rooftop PV. Verify ownership + contact before outreach."
"Ricoh","Tustin","CA","osm_industrial","osm-440686592","","","","","","","","600","904032","244089","2.7","3736512","","Industrial building. Roof-suitable for rooftop PV. Verify ownership + contact before outreach."
"Moulton Niguel Water District","Laguna Hills","CA","osm_industrial","osm-442497228","","","","","","","","600","904032","244089","2.7","3736512","","Industrial building. Roof-suitable for rooftop PV. Verify ownership + contact before outreach."
"Copart","Rancho Cucamonga","CA","osm_industrial","osm-445387146","","","","","","","","600","904032","244089","2.7","3736512","","Scrap_yard building. Roof-suitable for rooftop PV. Verify ownership + contact before outreach."
"Fxi, Inc.","Orange","CA","osm_industrial","osm-448990310","","","","","","","","600","904032","244089","2.7","3736512","","Industrial building. Roof-suitable for rooftop PV. Verify ownership + contact before outreach."
"91 Express Lanes Tolling Facilities","Inland Empire Ca","CA","osm_industrial","osm-460088390","","","","","","","","600","904032","244089","2.7","3736512","","Industrial building. Roof-suitable for rooftop PV. Verify ownership + contact before outreach."
"Old Kea Mill","Inland Empire Ca","CA","osm_industrial","osm-468626697","","","","","","","","600","904032","244089","2.7","3736512","","Industrial building. Roof-suitable for rooftop PV. Verify ownership + contact before outreach."
"Old Stump Brewing Co.","Pomona","CA","osm_industrial","osm-470307311","","","","","","","","600","904032","244089","2.7","3736512","","Industrial building. Roof-suitable for rooftop PV. Verify ownership + contact before outreach."
"Sunside Solar, Inc.","Pomona","CA","osm_industrial","osm-470342355","","","","","","","","600","904032","244089","2.7","3736512","","Industrial building. Roof-suitable for rooftop PV. Verify ownership + contact before outreach."
"Calvary Chapel Pomona Valley","Pomona","CA","osm_industrial","osm-470352346","","","","","","","","600","904032","244089","2.7","3736512","","Industrial building. Roof-suitable for rooftop PV. Verify ownership + contact before outreach."
"Smurfit Kappa","Inland Empire Ca","CA","osm_industrial","osm-470953893","","","","","","","","600","904032","244089","2.7","3736512","","Industrial building. Roof-suitable for rooftop PV. Verify ownership + contact before outreach."
"Fedex","Inland Empire Ca","CA","osm_industrial","osm-482046495","","","","","","","","600","904032","244089","2.7","3736512","","Industrial building. Roof-suitable for rooftop PV. Verify ownership + contact before outreach."
"Fuseco","Orange","CA","osm_industrial","osm-489126565","","","","","","","","600","904032","244089","2.7","3736512","","Industrial building. Roof-suitable for rooftop PV. Verify ownership + contact before outreach."
"Intco Medical Industries, Inc.","Ontario","CA","osm_industrial","osm-490738635","","","","","","","","600","904032","244089","2.7","3736512","","Industrial building. Roof-suitable for rooftop PV. Verify ownership + contact before outreach."
"Caliber Collision","Laguna Niguel","CA","osm_industrial","osm-504508450","","","","","","","","600","904032","244089","2.7","3736512","","Industrial building. Roof-suitable for rooftop PV. Verify ownership + contact before outreach."
"Maaco","Laguna Niguel","CA","osm_industrial","osm-504608886","","","","","","","","600","904032","244089","2.7","3736512","","Industrial building. Roof-suitable for rooftop PV. Verify ownership + contact before outreach."
"At&T","Mission Viejo","CA","osm_industrial","osm-504608890","","","","","","","","600","904032","244089","2.7","3736512","","Industrial building. Roof-suitable for rooftop PV. Verify ownership + contact before outreach."
"Crown Valley Business Park","Laguna Hills","CA","osm_industrial","osm-504639107","","","","","","","","600","904032","244089","2.7","3736512","","Industrial building. Roof-suitable for rooftop PV. Verify ownership + contact before outreach."
"Mission Viejo Glass","Laguna Niguel","CA","osm_industrial","osm-504641191","","","","","","","","600","904032","244089","2.7","3736512","","Industrial building. Roof-suitable for rooftop PV. Verify ownership + contact before outreach."
"Precision Auto Collision","Laguna Niguel","CA","osm_industrial","osm-504641195","","","","","","","","600","904032","244089","2.7","3736512","","Industrial building. Roof-suitable for rooftop PV. Verify ownership + contact before outreach."
"Econo Lube N Tune","Laguna Niguel","CA","osm_industrial","osm-504641196","","","","","","","","600","904032","244089","2.7","3736512","","Industrial building. Roof-suitable for rooftop PV. Verify ownership + contact before outreach."
"Crown Niguel Business Park","Inland Empire Ca","CA","osm_industrial","osm-504645458","","","","","","","","600","904032","244089","2.7","3736512","","Industrial building. Roof-suitable for rooftop PV. Verify ownership + contact before outreach."
"Ricoh","Inland Empire Ca","CA","osm_industrial","osm-506240994","","","","","","","","600","904032","244089","2.7","3736512","","Industrial building. Roof-suitable for rooftop PV. Verify ownership + contact before outreach."
"Tustin Water Service","Santa Ana","CA","osm_industrial","osm-506590151","","","","","","","","600","904032","244089","2.7","3736512","","Industrial building. Roof-suitable for rooftop PV. Verify ownership + contact before outreach."
"Radial","Inland Empire Ca","CA","osm_industrial","osm-510571699","","","","","","","","600","904032","244089","2.7","3736512","","Industrial building. Roof-suitable for rooftop PV. Verify ownership + contact before outreach."
"Payless Shoesource","Inland Empire Ca","CA","osm_industrial","osm-510577622","","","","","","","","600","904032","244089","2.7","3736512","","Industrial building. Roof-suitable for rooftop PV. Verify ownership + contact before outreach."
"Kuehne & Nagel, Inc.","Inland Empire Ca","CA","osm_industrial","osm-510578301","","","","","","","","600","904032","244089","2.7","3736512","","Industrial building. Roof-suitable for rooftop PV. Verify ownership + contact before outreach."
"Performance Team Freight","Inland Empire Ca","CA","osm_industrial","osm-510579578","","","","","","","","600","904032","244089","2.7","3736512","","Industrial building. Roof-suitable for rooftop PV. Verify ownership + contact before outreach."
"Becton Dickinson Distribution","Inland Empire Ca","CA","osm_industrial","osm-510582234","","","","","","","","600","904032","244089","2.7","3736512","","Industrial building. Roof-suitable for rooftop PV. Verify ownership + contact before outreach."
"Home Meridian International","Inland Empire Ca","CA","osm_industrial","osm-510582246","","","","","","","","600","904032","244089","2.7","3736512","","Industrial building. Roof-suitable for rooftop PV. Verify ownership + contact before outreach."
"Clorox","Inland Empire Ca","CA","osm_industrial","osm-510583968","","","","","","","","600","904032","244089","2.7","3736512","","Industrial building. Roof-suitable for rooftop PV. Verify ownership + contact before outreach."
"Kimberly Clark Global Sales, Inc.","Inland Empire Ca","CA","osm_industrial","osm-510584086","","","","","","","","600","904032","244089","2.7","3736512","","Industrial building. Roof-suitable for rooftop PV. Verify ownership + contact before outreach."
"Pepsi Co.","Inland Empire Ca","CA","osm_industrial","osm-510584860","","","","","","","","600","904032","244089","2.7","3736512","","Industrial building. Roof-suitable for rooftop PV. Verify ownership + contact before outreach."
"Applica Consumer Products","Inland Empire Ca","CA","osm_industrial","osm-510585854","","","","","","","","600","904032","244089","2.7","3736512","","Industrial building. Roof-suitable for rooftop PV. Verify ownership + contact before outreach."
"Capital Drum","Inland Empire Ca","CA","osm_industrial","osm-510586256","","","","","","","","600","904032","244089","2.7","3736512","","Industrial building. Roof-suitable for rooftop PV. Verify ownership + contact before outreach."
"Harber Co., Inc.","Inland Empire Ca","CA","osm_industrial","osm-510586403","","","","","","","","600","904032","244089","2.7","3736512","","Industrial building. Roof-suitable for rooftop PV. Verify ownership + contact before outreach."
"Amazon Delivery Station (Dla5)","Inland Empire Ca","CA","osm_industrial","osm-547791516","","","","","","","","600","904032","244089","2.7","3736512","","Industrial building. Roof-suitable for rooftop PV. Verify ownership + contact before outreach."
"Nongshim America -  Rancho Cucamonga Plant (Hq)","Rancho Cucamonga","CA","osm_industrial","osm-548601457","","","","","","","","600","904032","244089","2.7","3736512","","Industrial building. Roof-suitable for rooftop PV. Verify ownership + contact before outreach."
"Inland Empire Utilities Agency","Rancho Cucamonga","CA","osm_industrial","osm-548601506","","","","","","","","600","904032","244089","2.7","3736512","","Industrial building. Roof-suitable for rooftop PV. Verify ownership + contact before outreach."
"Champion Fire Systems","Rancho Cucamonga","CA","osm_industrial","osm-548601511","","","","","","","","600","904032","244089","2.7","3736512","","Industrial building. Roof-suitable for rooftop PV. Verify ownership + contact before outreach."
"Bimbo Bakeries","Rancho Cucamonga","CA","osm_industrial","osm-548608182","","","","","","","","600","904032","244089","2.7","3736512","","Industrial building. Roof-suitable for rooftop PV. Verify ownership + contact before outreach."
"The Building Distribution","Santa Ana","CA","osm_industrial","osm-548654208","","","","","","","","600","904032","244089","2.7","3736512","","Industrial building. Roof-suitable for rooftop PV. Verify ownership + contact before outreach."
"Tustin Water Service","Inland Empire Ca","CA","osm_industrial","osm-554134407","","","","","","","","600","904032","244089","2.7","3736512","","Industrial building. Roof-suitable for rooftop PV. Verify ownership + contact before outreach."
"City Of Anaheim","Anaheim","CA","osm_industrial","osm-573761932","","","","","","","","600","904032","244089","2.7","3736512","","Industrial building. Roof-suitable for rooftop PV. Verify ownership + contact before outreach."
"City Of Anaheim","Anaheim","CA","osm_industrial","osm-575705595","","","","","","","","600","904032","244089","2.7","3736512","","Industrial building. Roof-suitable for rooftop PV. Verify ownership + contact before outreach."
"City Of Anaheim","Irvine","CA","osm_industrial","osm-575707433","","","","","","","","600","904032","244089","2.7","3736512","","Industrial building. Roof-suitable for rooftop PV. Verify ownership + contact before outreach."
"Irvine Ranch Water District","Tustin","CA","osm_industrial","osm-610646824","","","","","","","","600","904032","244089","2.7","3736512","","Industrial building. Roof-suitable for rooftop PV. Verify ownership + contact before outreach."
"Best Buy Chino Reverse Logistics Center","Chino","CA","osm_industrial","osm-613432712","","","","","","","","600","904032","244089","2.7","3736512","","Industrial building. Roof-suitable for rooftop PV. Verify ownership + contact before outreach."
"Southern California Edison","Stanton","CA","osm_industrial","osm-633717905","","","","","","","","600","904032","244089","2.7","3736512","","Industrial building. Roof-suitable for rooftop PV. Verify ownership + contact before outreach."
"Resintops.Net","Inland Empire Ca","CA","osm_industrial","osm-636325800","","","","","","","","600","904032","244089","2.7","3736512","","Industrial building. Roof-suitable for rooftop PV. Verify ownership + contact before outreach."
"Orange County Public Works","Fountain Valley","CA","osm_industrial","osm-639091402","","","","","","","","600","904032","244089","2.7","3736512","","Industrial building. Roof-suitable for rooftop PV. Verify ownership + contact before outreach."
"Metropolitan Water District Of S Ca","Inland Empire Ca","CA","osm_industrial","osm-653670749","","","","","","","","600","904032","244089","2.7","3736512","","Industrial building. Roof-suitable for rooftop PV. Verify ownership + contact before outreach."
"Tree Island Steel - Industrial And Reinforcing Wire Products","Inland Empire Ca","CA","osm_industrial","osm-664037009","","","","","","","","600","904032","244089","2.7","3736512","","Industrial building. Roof-suitable for rooftop PV. Verify ownership + contact before outreach."
"Highland Fairview Logistics","Inland Empire Ca","CA","osm_industrial","osm-674887390","","","","","","","","600","904032","244089","2.7","3736512","","Industrial building. Roof-suitable for rooftop PV. Verify ownership + contact before outreach."
"Pulgas Dechloramination Facility","Bay Area","CA","osm_industrial","osm-24004919","","","","","","","","600","904032","244089","2.7","3736512","","Industrial building. Roof-suitable for rooftop PV. Verify ownership + contact before outreach."
"Lawrence Livermore National Laboratory","Bay Area","CA","osm_industrial","osm-24054743","","","","","","","","600","904032","244089","2.7","3736512","","Industrial building. Roof-suitable for rooftop PV. Verify ownership + contact before outreach."
"United States Steel Corporation","Bay Area","CA","osm_industrial","osm-24269360","","","","","","","","600","904032","244089","2.7","3736512","","Metal_processing building. Roof-suitable for rooftop PV. Verify ownership + contact before outreach."
"New Industries Building","Bay Area","CA","osm_industrial","osm-24433395","","","","","","","","600","904032","244089","2.7","3736512","","Industrial building. Roof-suitable for rooftop PV. Verify ownership + contact before outreach."
"Crocker Industrial Park","Bay Area","CA","osm_industrial","osm-24528519","","","","","","","","600","904032","244089","2.7","3736512","","Industrial building. Roof-suitable for rooftop PV. Verify ownership + contact before outreach."
"Recology","Bay Area","CA","osm_industrial","osm-24540509","","","","","","","","600","904032","244089","2.7","3736512","","Waste_handling building. Roof-suitable for rooftop PV. Verify ownership + contact before outreach."
"Parcel G","Bay Area","CA","osm_industrial","osm-24652785","","","","","","","","600","904032","244089","2.7","3736512","","Shipyard building. Roof-suitable for rooftop PV. Verify ownership + contact before outreach."
"Parcel C","Bay Area","CA","osm_industrial","osm-24653753","","","","","","","","600","904032","244089","2.7","3736512","","Shipyard building. Roof-suitable for rooftop PV. Verify ownership + contact before outreach."
"Southeast Water Pollution Control Plant","Bay Area","CA","osm_industrial","osm-24669087","","","","","","","","600","904032","244089","2.7","3736512","","Industrial building. Roof-suitable for rooftop PV. Verify ownership + contact before outreach."
"Parcel B-1","Bay Area","CA","osm_industrial","osm-24669442","","","","","","","","600","904032","244089","2.7","3736512","","Shipyard building. Roof-suitable for rooftop PV. Verify ownership + contact before outreach."
"Pier 17","Bay Area","CA","osm_industrial","osm-25489458","","","","","","","","600","904032","244089","2.7","3736512","","Industrial building. Roof-suitable for rooftop PV. Verify ownership + contact before outreach."
"County Fair Building","Bay Area","CA","osm_industrial","osm-25822470","","","","","","","","600","904032","244089","2.7","3736512","","Industrial building. Roof-suitable for rooftop PV. Verify ownership + contact before outreach."
"Port Of Oakland Chester P. Howard Terminal","Bay Area","CA","osm_industrial","osm-27234325","","","","","","","","600","904032","244089","2.7","3736512","","Industrial building. Roof-suitable for rooftop PV. Verify ownership + contact before outreach."
"United Intermodal Service West Oakland Yard","Bay Area","CA","osm_industrial","osm-27234509","","","","","","","","600","904032","244089","2.7","3736512","","Industrial building. Roof-suitable for rooftop PV. Verify ownership + contact before outreach."
"Port Of Oakland Apl Terminal","Bay Area","CA","osm_industrial","osm-27234534","","","","","","","","600","904032","244089","2.7","3736512","","Port building. Roof-suitable for rooftop PV. Verify ownership + contact before outreach."
"Port Of Oakland Stevedoring Services Of America Terminal","Bay Area","CA","osm_industrial","osm-27234567","","","","","","","","600","904032","244089","2.7","3736512","","Port building. Roof-suitable for rooftop PV. Verify ownership + contact before outreach."
"Port Of Oakland Hanjin Terminal","Bay Area","CA","osm_industrial","osm-27234584","","","","","","","","600","904032","244089","2.7","3736512","","Port building. Roof-suitable for rooftop PV. Verify ownership + contact before outreach."
"Port Of Oakland Ben E. Nutter Terminal","Bay Area","CA","osm_industrial","osm-27234604","","","","","","","","600","904032","244089","2.7","3736512","","Port building. Roof-suitable for rooftop PV. Verify ownership + contact before outreach."
"Port Of Oakland Berths 32-34","Bay Area","CA","osm_industrial","osm-27234629","","","","","","","","600","904032","244089","2.7","3736512","","Port building. Roof-suitable for rooftop PV. Verify ownership + contact before outreach."
"Port Of Oakland Trapac Terminal","Bay Area","CA","osm_industrial","osm-27234638","","","","","","","","600","904032","244089","2.7","3736512","","Port building. Roof-suitable for rooftop PV. Verify ownership + contact before outreach."
"Port Of Oakland Transbay Container Terminal","Bay Area","CA","osm_industrial","osm-27234676","","","","","","","","600","904032","244089","2.7","3736512","","Port building. Roof-suitable for rooftop PV. Verify ownership + contact before outreach."
"Port Of Oakland Maersk Sealand Terminal","Bay Area","CA","osm_industrial","osm-27234770","","","","","","","","600","904032","244089","2.7","3736512","","Port building. Roof-suitable for rooftop PV. Verify ownership + contact before outreach."
"Port Of Oakland Berth 23","Bay Area","CA","osm_industrial","osm-27234791","","","","","","","","600","904032","244089","2.7","3736512","","Port building. Roof-suitable for rooftop PV. Verify ownership + contact before outreach."
"Port Of Oakland Maersk Sealand Terminal","Bay Area","CA","osm_industrial","osm-27234812","","","","","","","","600","904032","244089","2.7","3736512","","Port building. Roof-suitable for rooftop PV. Verify ownership + contact before outreach."
"Port Of Oakland United Intermodal Service","Bay Area","CA","osm_industrial","osm-27234896","","","","","","","","600","904032","244089","2.7","3736512","","Industrial building. Roof-suitable for rooftop PV. Verify ownership + contact before outreach."
"Berkeley Cogeneration Facility","Bay Area","CA","osm_industrial","osm-28134905","","","","","","","","600","904032","244089","2.7","3736512","","Yes building. Roof-suitable for rooftop PV. Verify ownership + contact before outreach."
"Menlo Park Fpd Structure Collapse Rescue Training Site","Bay Area","CA","osm_industrial","osm-28570819","","","","","","","","600","904032","244089","2.7","3736512","","Industrial building. Roof-suitable for rooftop PV. Verify ownership + contact before outreach."
"West Bay Sanitary District Sewage Treatment Plant","Bay Area","CA","osm_industrial","osm-28571480","","","","","","","","600","904032","244089","2.7","3736512","","Industrial building. Roof-suitable for rooftop PV. Verify ownership + contact before outreach."
"Vine Street Pumping Plant","Berkeley","CA","osm_industrial","osm-28842539","","","","","","","","600","904032","244089","2.7","3736512","","Industrial building. Roof-suitable for rooftop PV. Verify ownership + contact before outreach."
"Pg&E Materials Yard","Bay Area","CA","osm_industrial","osm-28875098","","","","","","","","600","904032","244089","2.7","3736512","","Industrial building. Roof-suitable for rooftop PV. Verify ownership + contact before outreach."
"Temsa Service Center","Bay Area","CA","osm_industrial","osm-30409036","","","","","","","","600","904032","244089","2.7","3736512","","Industrial building. Roof-suitable for rooftop PV. Verify ownership + contact before outreach."
"American Medical Response","Bay Area","CA","osm_industrial","osm-30409051","","","","","","","","600","904032","244089","2.7","3736512","","Industrial building. Roof-suitable for rooftop PV. Verify ownership + contact before outreach."
"Mv Transportation","Bay Area","CA","osm_industrial","osm-30409172","","","","","","","","600","904032","244089","2.7","3736512","","Industrial building. Roof-suitable for rooftop PV. Verify ownership + contact before outreach."
"Food Snacks","Bay Area","CA","osm_industrial","osm-30409178","","","","","","","","600","904032","244089","2.7","3736512","","Industrial building. Roof-suitable for rooftop PV. Verify ownership + contact before outreach."
"See’S Candies","Bay Area","CA","osm_industrial","osm-30409208","","","","","","","","600","904032","244089","2.7","3736512","","Industrial building. Roof-suitable for rooftop PV. Verify ownership + contact before outreach."
"Dijeau Poage","Bay Area","CA","osm_industrial","osm-30409217","","","","","","","","600","904032","244089","2.7","3736512","","Industrial building. Roof-suitable for rooftop PV. Verify ownership + contact before outreach."
"Dimerco","Bay Area","CA","osm_industrial","osm-30409245","","","","","","","","600","904032","244089","2.7","3736512","","Industrial building. Roof-suitable for rooftop PV. Verify ownership + contact before outreach."
"Proterra","Bay Area","CA","osm_industrial","osm-30409258","","","","","","","","600","904032","244089","2.7","3736512","","Industrial building. Roof-suitable for rooftop PV. Verify ownership + contact before outreach."
"Peco Inspx","Bay Area","CA","osm_industrial","osm-30409267","","","","","","","","600","904032","244089","2.7","3736512","","Industrial building. Roof-suitable for rooftop PV. Verify ownership + contact before outreach."
"Aperia Technologies","Bay Area","CA","osm_industrial","osm-30409387","","","","","","","","600","904032","244089","2.7","3736512","","Industrial building. Roof-suitable for rooftop PV. Verify ownership + contact before outreach."
"Timpac Inc.","Bay Area","CA","osm_industrial","osm-30409390","","","","","","","","600","904032","244089","2.7","3736512","","Industrial building. Roof-suitable for rooftop PV. Verify ownership + contact before outreach."
"Moveauto","Bay Area","CA","osm_industrial","osm-30409403","","","","","","","","600","904032","244089","2.7","3736512","","Industrial building. Roof-suitable for rooftop PV. Verify ownership + contact before outreach."
"Maple Auto Body","Bay Area","CA","osm_industrial","osm-30427292","","","","","","","","600","904032","244089","2.7","3736512","","Industrial building. Roof-suitable for rooftop PV. Verify ownership + contact before outreach."
"Chilton Auto Body","Bay Area","CA","osm_industrial","osm-30580770","","","","","","","","600","904032","244089","2.7","3736512","","Industrial building. Roof-suitable for rooftop PV. Verify ownership + contact before outreach."
"Plumbers & Pipefitters Local Union 467","Bay Area","CA","osm_industrial","osm-30581058","","","","","","","","600","904032","244089","2.7","3736512","","Industrial building. Roof-suitable for rooftop PV. Verify ownership + contact before outreach."
"Burlingamer Sports Center","Bay Area","CA","osm_industrial","osm-30581201","","","","","","","","600","904032","244089","2.7","3736512","","Industrial building. Roof-suitable for rooftop PV. Verify ownership + contact before outreach."
"World Courier","Bay Area","CA","osm_industrial","osm-30581373","","","","","","","","600","904032","244089","2.7","3736512","","Industrial building. Roof-suitable for rooftop PV. Verify ownership + contact before outreach."
"Lucid Motors","Bay Area","CA","osm_industrial","osm-30581579","","","","","","","","600","904032","244089","2.7","3736512","","Industrial building. Roof-suitable for rooftop PV. Verify ownership + contact before outreach."
"Better 4 You Meals","Bay Area","CA","osm_industrial","osm-30581809","","","","","","","","600","904032","244089","2.7","3736512","","Industrial building. Roof-suitable for rooftop PV. Verify ownership + contact before outreach."
"The China Press","Bay Area","CA","osm_industrial","osm-30756171","","","","","","","","600","904032","244089","2.7","3736512","","Industrial building. Roof-suitable for rooftop PV. Verify ownership + contact before outreach."
"Adobe Industrial Park","Bay Area","CA","osm_industrial","osm-31300068","","","","","","","","600","904032","244089","2.7","3736512","","Industrial building. Roof-suitable for rooftop PV. Verify ownership + contact before outreach."
"Ps Business Park","Bay Area","CA","osm_industrial","osm-31300762","","","","","","","","600","904032","244089","2.7","3736512","","Industrial building. Roof-suitable for rooftop PV. Verify ownership + contact before outreach."
"Stanwell Industrial Park","Bay Area","CA","osm_industrial","osm-31587261","","","","","","","","600","904032","244089","2.7","3736512","","Industrial building. Roof-suitable for rooftop PV. Verify ownership + contact before outreach."
"Berkeley City Corporation Yard","Berkeley","CA","osm_industrial","osm-31650790","","","","","","","","600","904032","244089","2.7","3736512","","Industrial building. Roof-suitable for rooftop PV. Verify ownership + contact before outreach."
"Martinez Substation","Bay Area","CA","osm_industrial","osm-35602439","","","","","","","","600","904032","244089","2.7","3736512","","Industrial building. Roof-suitable for rooftop PV. Verify ownership + contact before outreach."
"Calpine","Bay Area","CA","osm_industrial","osm-35836656","","","","","","","","600","904032","244089","2.7","3736512","","Industrial building. Roof-suitable for rooftop PV. Verify ownership + contact before outreach."
"Tesla Motors","Fremont","CA","osm_industrial","osm-38080584","","","","","","","","600","904032","244089","2.7","3736512","","Factory building. Roof-suitable for rooftop PV. Verify ownership + contact before outreach."
"Tesla, Inc.","Bay Area","CA","osm_industrial","osm-38080585","","","","","","","","600","904032","244089","2.7","3736512","","Industrial building. Roof-suitable for rooftop PV. Verify ownership + contact before outreach."
"Northpole Business Park","Bay Area","CA","osm_industrial","osm-39245268","","","","","","","","600","904032","244089","2.7","3736512","","Industrial building. Roof-suitable for rooftop PV. Verify ownership + contact before outreach."
"Pick-N-Pull - Newark","Bay Area","CA","osm_industrial","osm-40258773","","","","","","","","600","904032","244089","2.7","3736512","","Scrap_yard building. Roof-suitable for rooftop PV. Verify ownership + contact before outreach."
"Gwf","Bay Area","CA","osm_industrial","osm-43951221","","","","","","","","600","904032","244089","2.7","3736512","","Industrial building. Roof-suitable for rooftop PV. Verify ownership + contact before outreach."
"Ccip","Bay Area","CA","osm_industrial","osm-43951293","","","","","","","","600","904032","244089","2.7","3736512","","Industrial building. Roof-suitable for rooftop PV. Verify ownership + contact before outreach."
"Pacific Gas And Electric Company","Bay Area","CA","osm_industrial","osm-43951315","","","","","","","","600","904032","244089","2.7","3736512","","Industrial building. Roof-suitable for rooftop PV. Verify ownership + contact before outreach."
"Sandia National Laboratories","Bay Area","CA","osm_industrial","osm-43985562","","","","","","","","600","904032","244089","2.7","3736512","","Industrial building. Roof-suitable for rooftop PV. Verify ownership + contact before outreach."
"City Of Berkeley","Berkeley","CA","osm_industrial","osm-44073281","","","","","","","","600","904032","244089","2.7","3736512","","Industrial building. Roof-suitable for rooftop PV. Verify ownership + contact before outreach."
"Tesla","Bay Area","CA","osm_industrial","osm-45222836","","","","","","","","600","904032","244089","2.7","3736512","","Industrial building. Roof-suitable for rooftop PV. Verify ownership + contact before outreach."
"Pepsi Bottling Plant","Bay Area","CA","osm_industrial","osm-45416489","","","","","","","","600","904032","244089","2.7","3736512","","Industrial building. Roof-suitable for rooftop PV. Verify ownership + contact before outreach."
"Usda Western Regional Research Center","Bay Area","CA","osm_industrial","osm-51330844","","","","","","","","600","904032","244089","2.7","3736512","","Industrial building. Roof-suitable for rooftop PV. Verify ownership + contact before outreach."
"Alameda-Contra Costa Transit District","Bay Area","CA","osm_industrial","osm-52495692","","","","","","","","600","904032","244089","2.7","3736512","","Depot building. Roof-suitable for rooftop PV. Verify ownership + contact before outreach."
"The Steve Jobs Building","Bay Area","CA","osm_industrial","osm-52566597","","","","","","","","600","904032","244089","2.7","3736512","","Industrial building. Roof-suitable for rooftop PV. Verify ownership + contact before outreach."
"Berkeley Business Center","Bay Area","CA","osm_industrial","osm-59875458","","","","","","","","600","904032","244089","2.7","3736512","","Industrial building. Roof-suitable for rooftop PV. Verify ownership + contact before outreach."
"San Francisco Municipal Railway","Bay Area","CA","osm_industrial","osm-93420050","","","","","","","","600","904032","244089","2.7","3736512","","Depot building. Roof-suitable for rooftop PV. Verify ownership + contact before outreach."
"Caltrans Redwood City Maintenance Station","Bay Area","CA","osm_industrial","osm-95777185","","","","","","","","600","904032","244089","2.7","3736512","","Industrial building. Roof-suitable for rooftop PV. Verify ownership + contact before outreach."
"Caltrans Scott Creek Road Maintenance Station","Bay Area","CA","osm_industrial","osm-95778025","","","","","","","","600","904032","244089","2.7","3736512","","Industrial building. Roof-suitable for rooftop PV. Verify ownership + contact before outreach."
"Cologne Auto Body","Belmont","CA","osm_industrial","osm-98837443","","","","","","","","600","904032","244089","2.7","3736512","","Industrial building. Roof-suitable for rooftop PV. Verify ownership + contact before outreach."
"Kirberg Motors","Bay Area","CA","osm_industrial","osm-98837467","","","","","","","","600","904032","244089","2.7","3736512","","Industrial building. Roof-suitable for rooftop PV. Verify ownership + contact before outreach."
"Wheel Works","Belmont","CA","osm_industrial","osm-99824883","","","","","","","","600","904032","244089","2.7","3736512","","Industrial building. Roof-suitable for rooftop PV. Verify ownership + contact before outreach."
"Auto Care Of Redwood Shores","Bay Area","CA","osm_industrial","osm-100033390","","","","","","","","600","904032","244089","2.7","3736512","","Industrial building. Roof-suitable for rooftop PV. Verify ownership + contact before outreach."
"Silver Star Auto Body","Bay Area","CA","osm_industrial","osm-100033394","","","","","","","","600","904032","244089","2.7","3736512","","Industrial building. Roof-suitable for rooftop PV. Verify ownership + contact before outreach."
"Silver Star Auto Body","Bay Area","CA","osm_industrial","osm-100033400","","","","","","","","600","904032","244089","2.7","3736512","","Industrial building. Roof-suitable for rooftop PV. Verify ownership + contact before outreach."
"View Rite Laminated Panels","Daly City","CA","osm_industrial","osm-100230853","","","","","","","","600","904032","244089","2.7","3736512","","Industrial building. Roof-suitable for rooftop PV. Verify ownership + contact before outreach."
"H&Y Auto Body Shop","Daly City","CA","osm_industrial","osm-100230858","","","","","","","","600","904032","244089","2.7","3736512","","Industrial building. Roof-suitable for rooftop PV. Verify ownership + contact before outreach."
"Caltrans West Bay Region Maintenance Station","Bay Area","CA","osm_industrial","osm-101153115","","","","","","","","600","904032","244089","2.7","3736512","","Industrial building. Roof-suitable for rooftop PV. Verify ownership + contact before outreach."
"Caltrans Dumbarton Bridge Toll Plaza","Bay Area","CA","osm_industrial","osm-101154251","","","","","","","","600","904032","244089","2.7","3736512","","Industrial building. Roof-suitable for rooftop PV. Verify ownership + contact before outreach."
"Cresco Equipment Rentals","Bay Area","CA","osm_industrial","osm-101315102","","","","","","","","600","904032","244089","2.7","3736512","","Industrial building. Roof-suitable for rooftop PV. Verify ownership + contact before outreach."
"Caltrans Fremont Maintenance Station","Bay Area","CA","osm_industrial","osm-102524143","","","","","","","","600","904032","244089","2.7","3736512","","Industrial building. Roof-suitable for rooftop PV. Verify ownership + contact before outreach."
"Caltrans San Mateo / Hayward Bridge Maintenance Station","Bay Area","CA","osm_industrial","osm-102525862","","","","","","","","600","904032","244089","2.7","3736512","","Industrial building. Roof-suitable for rooftop PV. Verify ownership + contact before outreach."
"Caltrans Millbrae Maintenance Station","Bay Area","CA","osm_industrial","osm-102526573","","","","","","","","600","904032","244089","2.7","3736512","","Industrial building. Roof-suitable for rooftop PV. Verify ownership + contact before outreach."
"Caltrans Specialty Region Maintenance Station","Bay Area","CA","osm_industrial","osm-103383625","","","","","","","","600","904032","244089","2.7","3736512","","Industrial building. Roof-suitable for rooftop PV. Verify ownership + contact before outreach."
"Caltrans East Bay Region Maintenance Station","Bay Area","CA","osm_industrial","osm-103386333","","","","","","","","600","904032","244089","2.7","3736512","","Industrial building. Roof-suitable for rooftop PV. Verify ownership + contact before outreach."
"Shed A","Bay Area","CA","osm_industrial","osm-104600005","","","","","","","","600","904032","244089","2.7","3736512","","Industrial building. Roof-suitable for rooftop PV. Verify ownership + contact before outreach."
"Caltrans Alcosta Maintenance Station","Bay Area","CA","osm_industrial","osm-105021591","","","","","","","","600","904032","244089","2.7","3736512","","Industrial building. Roof-suitable for rooftop PV. Verify ownership + contact before outreach."
"Caltrans West Bay Paint Maintenance Station","Bay Area","CA","osm_industrial","osm-105026967","","","","","","","","600","904032","244089","2.7","3736512","","Industrial building. Roof-suitable for rooftop PV. Verify ownership + contact before outreach."
"Caltrans Toll Bridge Region Maintenance Station","Bay Area","CA","osm_industrial","osm-105026997","","","","","","","","600","904032","244089","2.7","3736512","","Industrial building. Roof-suitable for rooftop PV. Verify ownership + contact before outreach."
"Caltrans Telegraph Maintenance Station","Bay Area","CA","osm_industrial","osm-105027015","","","","","","","","600","904032","244089","2.7","3736512","","Industrial building. Roof-suitable for rooftop PV. Verify ownership + contact before outreach."
"Caltrans Seminary Maintenance Station","Bay Area","CA","osm_industrial","osm-105058229","","","","","","","","600","904032","244089","2.7","3736512","","Industrial building. Roof-suitable for rooftop PV. Verify ownership + contact before outreach."
"Caltrans District 4 Office Maintenance Station","Bay Area","CA","osm_industrial","osm-105058278","","","","","","","","600","904032","244089","2.7","3736512","","Industrial building. Roof-suitable for rooftop PV. Verify ownership + contact before outreach."
"Caltrans 106th Ave Maintenance Station","Bay Area","CA","osm_industrial","osm-105058430","","","","","","","","600","904032","244089","2.7","3736512","","Industrial building. Roof-suitable for rooftop PV. Verify ownership + contact before outreach."
"The Egghouse","Oakland","CA","osm_industrial","osm-105058450","","","","","","","","600","904032","244089","2.7","3736512","","Industrial building. Roof-suitable for rooftop PV. Verify ownership + contact before outreach."
"Caltrans Caldecott Tunnel Maintenance Station","Bay Area","CA","osm_industrial","osm-105058452","","","","","","","","600","904032","244089","2.7","3736512","","Industrial building. Roof-suitable for rooftop PV. Verify ownership + contact before outreach."
"U-Haul","Bay Area","CA","osm_industrial","osm-106018201","","","","","","","","600","904032","244089","2.7","3736512","","Industrial building. Roof-suitable for rooftop PV. Verify ownership + contact before outreach."
"Caltrans Richmond & San Rafael Br. Maintenance Station","Bay Area","CA","osm_industrial","osm-106211549","","","","","","","","600","904032","244089","2.7","3736512","","Industrial building. Roof-suitable for rooftop PV. Verify ownership + contact before outreach."
"Caltrans Manzanita Maintenance Station","Bay Area","CA","osm_industrial","osm-106211564","","","","","","","","600","904032","244089","2.7","3736512","","Industrial building. Roof-suitable for rooftop PV. Verify ownership + contact before outreach."
"Caltrans Antioch Sub Yard","Bay Area","CA","osm_industrial","osm-106479456","","","","","","","","600","904032","244089","2.7","3736512","","Industrial building. Roof-suitable for rooftop PV. Verify ownership + contact before outreach."
"Caltrans Hercules Maintenance Station","Bay Area","CA","osm_industrial","osm-106479478","","","","","","","","600","904032","244089","2.7","3736512","","Industrial building. Roof-suitable for rooftop PV. Verify ownership + contact before outreach."
"San Francisco Municipal Railway","Bay Area","CA","osm_industrial","osm-106894762","","","","","","","","600","904032","244089","2.7","3736512","","Industrial building. Roof-suitable for rooftop PV. Verify ownership + contact before outreach."
"Universal Sports Academy","Martinez","CA","osm_industrial","osm-110166216","","","","","","","","600","904032","244089","2.7","3736512","","Industrial building. Roof-suitable for rooftop PV. Verify ownership + contact before outreach."
"Norcal Courts, Llc","Martinez","CA","osm_industrial","osm-110166219","","","","","","","","600","904032","244089","2.7","3736512","","Industrial building. Roof-suitable for rooftop PV. Verify ownership + contact before outreach."
"Libertyship Building A","Sausalito","CA","osm_industrial","osm-111826646","","","","","","","","600","904032","244089","2.7","3736512","","Industrial building. Roof-suitable for rooftop PV. Verify ownership + contact before outreach."
"Oaks Business Park","Bay Area","CA","osm_industrial","osm-114224060","","","","","","","","600","904032","244089","2.7","3736512","","Industrial building. Roof-suitable for rooftop PV. Verify ownership + contact before outreach."
"Mcnear Brickyard","Bay Area","CA","osm_industrial","osm-117033141","","","","","","","","600","904032","244089","2.7","3736512","","Industrial building. Roof-suitable for rooftop PV. Verify ownership + contact before outreach."
"Randall-Bold Water Treatment Plant","Bay Area","CA","osm_industrial","osm-123073807","","","","","","","","600","904032","244089","2.7","3736512","","Industrial building. Roof-suitable for rooftop PV. Verify ownership + contact before outreach."
"Mount Diablo Mine","Bay Area","CA","osm_industrial","osm-123073916","","","","","","","","600","904032","244089","2.7","3736512","","Mine building. Roof-suitable for rooftop PV. Verify ownership + contact before outreach."
"Building 164","Bay Area","CA","osm_industrial","osm-123489849","","","","","","","","600","904032","244089","2.7","3736512","","Industrial building. Roof-suitable for rooftop PV. Verify ownership + contact before outreach."
"Allen Drywall & Associates","Bay Area","CA","osm_industrial","osm-133633452","","","","","","","","600","904032","244089","2.7","3736512","","Industrial building. Roof-suitable for rooftop PV. Verify ownership + contact before outreach."
"Sdi Fireplaces","Bay Area","CA","osm_industrial","osm-133633458","","","","","","","","600","904032","244089","2.7","3736512","","Industrial building. Roof-suitable for rooftop PV. Verify ownership + contact before outreach."
"Ucsf Mission Bay","San Francisco","CA","osm_industrial","osm-135103720","","","","","","","","600","904032","244089","2.7","3736512","","Industrial building. Roof-suitable for rooftop PV. Verify ownership + contact before outreach."
"Caltrans Posey/Webster Maintenance Station","Bay Area","CA","osm_industrial","osm-142180219","","","","","","","","600","904032","244089","2.7","3736512","","Service building. Roof-suitable for rooftop PV. Verify ownership + contact before outreach."
"Hampton Creek, Inc.","Bay Area","CA","osm_industrial","osm-147987542","","","","","","","","600","904032","244089","2.7","3736512","","Industrial building. Roof-suitable for rooftop PV. Verify ownership + contact before outreach."
"Brooklyn Building","Bay Area","CA","osm_industrial","osm-155368379","","","","","","","","600","904032","244089","2.7","3736512","","Industrial building. Roof-suitable for rooftop PV. Verify ownership + contact before outreach."
"West Village","Bay Area","CA","osm_industrial","osm-155368380","","","","","","","","600","904032","244089","2.7","3736512","","Industrial building. Roof-suitable for rooftop PV. Verify ownership + contact before outreach."
"United Airlines Building 84","Bay Area","CA","osm_industrial","osm-155794272","","","","","","","","600","904032","244089","2.7","3736512","","Industrial building. Roof-suitable for rooftop PV. Verify ownership + contact before outreach."
"Sunwise","Berkeley","CA","osm_industrial","osm-156549653","","","","","","","","600","904032","244089","2.7","3736512","","Industrial building. Roof-suitable for rooftop PV. Verify ownership + contact before outreach."
"Ashby Plumbing","Bay Area","CA","osm_industrial","osm-157149646","","","","","","","","600","904032","244089","2.7","3736512","","Industrial building. Roof-suitable for rooftop PV. Verify ownership + contact before outreach."
"Prudential Overall Supply","Milpitas","CA","osm_industrial","osm-174668011","","","","","","","","600","904032","244089","2.7","3736512","","Laundry building. Roof-suitable for rooftop PV. Verify ownership + contact before outreach."
"Prudential Overall Supply","Milpitas","CA","osm_industrial","osm-174668014","","","","","","","","600","904032","244089","2.7","3736512","","Laundry building. Roof-suitable for rooftop PV. Verify ownership + contact before outreach."
"Bayer","Berkeley","CA","osm_industrial","osm-187441523","","","","","","","","600","904032","244089","2.7","3736512","","Industrial building. Roof-suitable for rooftop PV. Verify ownership + contact before outreach."
"Pacific Gas And Electric Company","Bay Area","CA","osm_industrial","osm-192883977","","","","","","","","600","904032","244089","2.7","3736512","","Industrial building. Roof-suitable for rooftop PV. Verify ownership + contact before outreach."
"Ebmud","Bay Area","CA","osm_industrial","osm-208136577","","","","","","","","600","904032","244089","2.7","3736512","","Industrial building. Roof-suitable for rooftop PV. Verify ownership + contact before outreach."
"United States Postal Service","Bay Area","CA","osm_industrial","osm-218258617","","","","","","","","600","904032","244089","2.7","3736512","","Industrial building. Roof-suitable for rooftop PV. Verify ownership + contact before outreach."
"Northern California Laborers' Training Center","San Ramon","CA","osm_industrial","osm-233476025","","","","","","","","600","904032","244089","2.7","3736512","","Industrial building. Roof-suitable for rooftop PV. Verify ownership + contact before outreach."
"Rail Barn","Bay Area","CA","osm_industrial","osm-236342864","","","","","","","","600","904032","244089","2.7","3736512","","Industrial building. Roof-suitable for rooftop PV. Verify ownership + contact before outreach."
"Carbon3d, Inc.","Redwood City","CA","osm_industrial","osm-240211556","","","","","","","","600","904032","244089","2.7","3736512","","Industrial building. Roof-suitable for rooftop PV. Verify ownership + contact before outreach."
"Carson Pump Station","Redwood City","CA","osm_industrial","osm-240430326","","","","","","","","600","904032","244089","2.7","3736512","","Industrial building. Roof-suitable for rooftop PV. Verify ownership + contact before outreach."
"Pioneer Building","San Francisco","CA","osm_industrial","osm-242973692","","","","","","","","600","904032","244089","2.7","3736512","","Industrial building. Roof-suitable for rooftop PV. Verify ownership + contact before outreach."
"United States Gypsum (Usg) Fremont Reload Center","Fremont","CA","osm_industrial","osm-248956783","","","","","","","","600","904032","244089","2.7","3736512","","Industrial building. Roof-suitable for rooftop PV. Verify ownership + contact before outreach."
"Economy Lumber Company","Bay Area","CA","osm_industrial","osm-256783306","","","","","","","","600","904032","244089","2.7","3736512","","Industrial building. Roof-suitable for rooftop PV. Verify ownership + contact before outreach."
"Bethlehem Steel Administrative Building","San Francisco","CA","osm_industrial","osm-257338315","","","","","","","","600","904032","244089","2.7","3736512","","Industrial building. Roof-suitable for rooftop PV. Verify ownership + contact before outreach."
"Powerhouse #1","San Francisco","CA","osm_industrial","osm-257338685","","","","","","","","600","904032","244089","2.7","3736512","","Industrial building. Roof-suitable for rooftop PV. Verify ownership + contact before outreach."
"Union Iron Works Office","San Francisco","CA","osm_industrial","osm-257338714","","","","","","","","600","904032","244089","2.7","3736512","","Industrial building. Roof-suitable for rooftop PV. Verify ownership + contact before outreach."
"Machine Shop","San Francisco","CA","osm_industrial","osm-257340309","","","","","","","","600","904032","244089","2.7","3736512","","Industrial building. Roof-suitable for rooftop PV. Verify ownership + contact before outreach."
"Machine Shop","Bay Area","CA","osm_industrial","osm-257340773","","","","","","","","600","904032","244089","2.7","3736512","","Industrial building. Roof-suitable for rooftop PV. Verify ownership + contact before outreach."
"Pier 70","San Francisco","CA","osm_industrial","osm-257341252","","","","","","","","600","904032","244089","2.7","3736512","","Industrial building. Roof-suitable for rooftop PV. Verify ownership + contact before outreach."
"Allied Engineering And Production Corp","Alameda","CA","osm_industrial","osm-257714643","","","","","","","","600","904032","244089","2.7","3736512","","Industrial building. Roof-suitable for rooftop PV. Verify ownership + contact before outreach."
"Cruise","Bay Area","CA","osm_industrial","osm-260496650","","","","","","","","600","904032","244089","2.7","3736512","","Industrial building. Roof-suitable for rooftop PV. Verify ownership + contact before outreach."
"Ultimate Cookie","San Francisco","CA","osm_industrial","osm-260503489","","","","","","","","600","904032","244089","2.7","3736512","","Bakery building. Roof-suitable for rooftop PV. Verify ownership + contact before outreach."
"San Francisco Municipal Railway","Bay Area","CA","osm_industrial","osm-262166678","","","","","","","","600","904032","244089","2.7","3736512","","Depot building. Roof-suitable for rooftop PV. Verify ownership + contact before outreach."
"Cresco Production Express","San Francisco","CA","osm_industrial","osm-264254811","","","","","","","","600","904032","244089","2.7","3736512","","Industrial building. Roof-suitable for rooftop PV. Verify ownership + contact before outreach."
"Recology Pier 96 Gatehouse","Bay Area","CA","osm_industrial","osm-264255888","","","","","","","","600","904032","244089","2.7","3736512","","Industrial building. Roof-suitable for rooftop PV. Verify ownership + contact before outreach."
"Tesla","Bay Area","CA","osm_industrial","osm-267915992","","","","","","","","600","904032","244089","2.7","3736512","","Industrial building. Roof-suitable for rooftop PV. Verify ownership + contact before outreach."
"Tesla","Bay Area","CA","osm_industrial","osm-267915993","","","","","","","","600","904032","244089","2.7","3736512","","Industrial building. Roof-suitable for rooftop PV. Verify ownership + contact before outreach."
"Tesla","Fremont","CA","osm_industrial","osm-267915996","","","","","","","","600","904032","244089","2.7","3736512","","Industrial building. Roof-suitable for rooftop PV. Verify ownership + contact before outreach."
"Voila Juice","Oakland","CA","osm_industrial","osm-269475159","","","","","","","","600","904032","244089","2.7","3736512","","Industrial building. Roof-suitable for rooftop PV. Verify ownership + contact before outreach."
"Jingletown Art Studio","Bay Area","CA","osm_industrial","osm-269475160","","","","","","","","600","904032","244089","2.7","3736512","","Industrial building. Roof-suitable for rooftop PV. Verify ownership + contact before outreach."
"Bimbo Bakeries Usa","Bay Area","CA","osm_industrial","osm-269909775","","","","","","","","600","904032","244089","2.7","3736512","","Industrial building. Roof-suitable for rooftop PV. Verify ownership + contact before outreach."
"Creative Energy Foods","Oakland","CA","osm_industrial","osm-272821308","","","","","","","","600","904032","244089","2.7","3736512","","Industrial building. Roof-suitable for rooftop PV. Verify ownership + contact before outreach."
"Alameda County Household Hazardous Waste Facility","Oakland","CA","osm_industrial","osm-274478370","","","","","","","","600","904032","244089","2.7","3736512","","Industrial building. Roof-suitable for rooftop PV. Verify ownership + contact before outreach."
"Booster","Bay Area","CA","osm_industrial","osm-287898417","","","","","","","","600","904032","244089","2.7","3736512","","Industrial building. Roof-suitable for rooftop PV. Verify ownership + contact before outreach."
"South Paint Shop (Model S & Model X)","Bay Area","CA","osm_industrial","osm-288283054","","","","","","","","600","904032","244089","2.7","3736512","","Industrial building. Roof-suitable for rooftop PV. Verify ownership + contact before outreach."
"North Paint Shop (Model 3 & Model Y)","Bay Area","CA","osm_industrial","osm-288283057","","","","","","","","600","904032","244089","2.7","3736512","","Industrial building. Roof-suitable for rooftop PV. Verify ownership + contact before outreach."
"Plastics","Bay Area","CA","osm_industrial","osm-288283061","","","","","","","","600","904032","244089","2.7","3736512","","Industrial building. Roof-suitable for rooftop PV. Verify ownership + contact before outreach."
"Tesla Model 3 End-Of-Line","Bay Area","CA","osm_industrial","osm-288283062","","","","","","","","600","904032","244089","2.7","3736512","","Industrial building. Roof-suitable for rooftop PV. Verify ownership + contact before outreach."
"Latrine","Bay Area","CA","osm_industrial","osm-288947544","","","","","","","","600","904032","244089","2.7","3736512","","Shipyard building. Roof-suitable for rooftop PV. Verify ownership + contact before outreach."
"Central Pump Station","Bay Area","CA","osm_industrial","osm-288979974","","","","","","","","600","904032","244089","2.7","3736512","","Industrial building. Roof-suitable for rooftop PV. Verify ownership + contact before outreach."
"Dewey Pest Control","Bay Area","CA","osm_industrial","osm-289663405","","","","","","","","600","904032","244089","2.7","3736512","","Industrial building. Roof-suitable for rooftop PV. Verify ownership + contact before outreach."
"Recology","Bay Area","CA","osm_industrial","osm-289730146","","","","","","","","600","904032","244089","2.7","3736512","","Industrial building. Roof-suitable for rooftop PV. Verify ownership + contact before outreach."
"Building 4","Bay Area","CA","osm_industrial","osm-291189003","","","","","","","","600","904032","244089","2.7","3736512","","Industrial building. Roof-suitable for rooftop PV. Verify ownership + contact before outreach."
"Building 2","Bay Area","CA","osm_industrial","osm-291189027","","","","","","","","600","904032","244089","2.7","3736512","","Industrial building. Roof-suitable for rooftop PV. Verify ownership + contact before outreach."
"Building 5","Bay Area","CA","osm_industrial","osm-291189036","","","","","","","","600","904032","244089","2.7","3736512","","Industrial building. Roof-suitable for rooftop PV. Verify ownership + contact before outreach."
"Building 3","Bay Area","CA","osm_industrial","osm-291189042","","","","","","","","600","904032","244089","2.7","3736512","","Industrial building. Roof-suitable for rooftop PV. Verify ownership + contact before outreach."
"Building 1","Bay Area","CA","osm_industrial","osm-291189051","","","","","","","","600","904032","244089","2.7","3736512","","Industrial building. Roof-suitable for rooftop PV. Verify ownership + contact before outreach."
"The Leviathan","Oakland","CA","osm_industrial","osm-303404955","","","","","","","","600","904032","244089","2.7","3736512","","Industrial building. Roof-suitable for rooftop PV. Verify ownership + contact before outreach."
"Dining Halls","Bay Area","CA","osm_industrial","osm-304319934","","","","","","","","600","904032","244089","2.7","3736512","","Industrial building. Roof-suitable for rooftop PV. Verify ownership + contact before outreach."
"Garage","Bay Area","CA","osm_industrial","osm-304319953","","","","","","","","600","904032","244089","2.7","3736512","","Industrial building. Roof-suitable for rooftop PV. Verify ownership + contact before outreach."
"Las Gallinas Valley Sanitary District","Bay Area","CA","osm_industrial","osm-305503012","","","","","","","","600","904032","244089","2.7","3736512","","Industrial building. Roof-suitable for rooftop PV. Verify ownership + contact before outreach."
"Sears Outlet","Bay Area","CA","osm_industrial","osm-307391105","","","","","","","","600","904032","244089","2.7","3736512","","Industrial building. Roof-suitable for rooftop PV. Verify ownership + contact before outreach."
"Grainger","Bay Area","CA","osm_industrial","osm-324008682","","","","","","","","600","904032","244089","2.7","3736512","","Industrial building. Roof-suitable for rooftop PV. Verify ownership + contact before outreach."
"American Cylinder Head Repair & Exchange Inc","Oakland","CA","osm_industrial","osm-337013812","","","","","","","","600","904032","244089","2.7","3736512","","Industrial building. Roof-suitable for rooftop PV. Verify ownership + contact before outreach."
"Carpenter Rigging & Supply","San Francisco","CA","osm_industrial","osm-341876267","","","","","","","","600","904032","244089","2.7","3736512","","Industrial building. Roof-suitable for rooftop PV. Verify ownership + contact before outreach."
"Restaurant Depot","Bay Area","CA","osm_industrial","osm-341876727","","","","","","","","600","904032","244089","2.7","3736512","","Industrial building. Roof-suitable for rooftop PV. Verify ownership + contact before outreach."
"Empire Business Park","Bay Area","CA","osm_industrial","osm-342800484","","","","","","","","600","904032","244089","2.7","3736512","","Industrial building. Roof-suitable for rooftop PV. Verify ownership + contact before outreach."
"Muni Potrero Division Yard","San Francisco","CA","osm_industrial","osm-344853522","","","","","","","","600","904032","244089","2.7","3736512","","Depot building. Roof-suitable for rooftop PV. Verify ownership + contact before outreach."
"Morpho Detection","Newark","CA","osm_industrial","osm-351722439","","","","","","","","600","904032","244089","2.7","3736512","","Industrial building. Roof-suitable for rooftop PV. Verify ownership + contact before outreach."
"Pier 70 Shed","Bay Area","CA","osm_industrial","osm-359401889","","","","","","","","600","904032","244089","2.7","3736512","","Industrial building. Roof-suitable for rooftop PV. Verify ownership + contact before outreach."
"Takara Sake","Bay Area","CA","osm_industrial","osm-376181028","","","","","","","","600","904032","244089","2.7","3736512","","Industrial building. Roof-suitable for rooftop PV. Verify ownership + contact before outreach."
"Terra","Bay Area","CA","osm_industrial","osm-379252406","","","","","","","","600","904032","244089","2.7","3736512","","Industrial building. Roof-suitable for rooftop PV. Verify ownership + contact before outreach."
"Serramonte Ford Body Shop","Colma","CA","osm_industrial","osm-382759646","","","","","","","","600","904032","244089","2.7","3736512","","Industrial building. Roof-suitable for rooftop PV. Verify ownership + contact before outreach."
"Ceramic Tech, Inc.","Bay Area","CA","osm_industrial","osm-383728939","","","","","","","","600","904032","244089","2.7","3736512","","Industrial building. Roof-suitable for rooftop PV. Verify ownership + contact before outreach."
"Amphenol Advanced Sensors","Bay Area","CA","osm_industrial","osm-383728941","","","","","","","","600","904032","244089","2.7","3736512","","Industrial building. Roof-suitable for rooftop PV. Verify ownership + contact before outreach."
"Hurricane Electric","Fremont","CA","osm_industrial","osm-383728972","","","","","","","","600","904032","244089","2.7","3736512","","Industrial building. Roof-suitable for rooftop PV. Verify ownership + contact before outreach."
"International Paper Fremont Recycling Collection Center","Fremont","CA","osm_industrial","osm-383974607","","","","","","","","600","904032","244089","2.7","3736512","","Industrial building. Roof-suitable for rooftop PV. Verify ownership + contact before outreach."
"Iem","Bay Area","CA","osm_industrial","osm-384310274","","","","","","","","600","904032","244089","2.7","3736512","","Industrial building. Roof-suitable for rooftop PV. Verify ownership + contact before outreach."
"Colma Service Station","Bay Area","CA","osm_industrial","osm-385433106","","","","","","","","600","904032","244089","2.7","3736512","","Industrial building. Roof-suitable for rooftop PV. Verify ownership + contact before outreach."
"Cresco Xpress","Bay Area","CA","osm_industrial","osm-386254925","","","","","","","","600","904032","244089","2.7","3736512","","Industrial building. Roof-suitable for rooftop PV. Verify ownership + contact before outreach."
"Autohaus Schmid","Bay Area","CA","osm_industrial","osm-386254929","","","","","","","","600","904032","244089","2.7","3736512","","Industrial building. Roof-suitable for rooftop PV. Verify ownership + contact before outreach."
"Rector Motor Car Company","Bay Area","CA","osm_industrial","osm-386254930","","","","","","","","600","904032","244089","2.7","3736512","","Industrial building. Roof-suitable for rooftop PV. Verify ownership + contact before outreach."
"Alert Door Service","Bay Area","CA","osm_industrial","osm-386283878","","","","","","","","600","904032","244089","2.7","3736512","","Industrial building. Roof-suitable for rooftop PV. Verify ownership + contact before outreach."
"D&D Body Shop","Bay Area","CA","osm_industrial","osm-386283880","","","","","","","","600","904032","244089","2.7","3736512","","Industrial building. Roof-suitable for rooftop PV. Verify ownership + contact before outreach."
"Simonian Oriental Rug Cleaning","Bay Area","CA","osm_industrial","osm-386283885","","","","","","","","600","904032","244089","2.7","3736512","","Industrial building. Roof-suitable for rooftop PV. Verify ownership + contact before outreach."
"Wild West Carts","Bay Area","CA","osm_industrial","osm-386283887","","","","","","","","600","904032","244089","2.7","3736512","","Industrial building. Roof-suitable for rooftop PV. Verify ownership + contact before outreach."
"Lindstrom Co.","Bay Area","CA","osm_industrial","osm-386284416","","","","","","","","600","904032","244089","2.7","3736512","","Industrial building. Roof-suitable for rooftop PV. Verify ownership + contact before outreach."
"Proline Auto Body","Bay Area","CA","osm_industrial","osm-386284421","","","","","","","","600","904032","244089","2.7","3736512","","Industrial building. Roof-suitable for rooftop PV. Verify ownership + contact before outreach."
"Bayshore Auto Body","Bay Area","CA","osm_industrial","osm-386284422","","","","","","","","600","904032","244089","2.7","3736512","","Industrial building. Roof-suitable for rooftop PV. Verify ownership + contact before outreach."
"Golden Gate Piano & Organ","Bay Area","CA","osm_industrial","osm-386284425","","","","","","","","600","904032","244089","2.7","3736512","","Industrial building. Roof-suitable for rooftop PV. Verify ownership + contact before outreach."
"J And D Recycling","Bay Area","CA","osm_industrial","osm-386284426","","","","","","","","600","904032","244089","2.7","3736512","","Industrial building. Roof-suitable for rooftop PV. Verify ownership + contact before outreach."
"D&D Motorcycle Appraisals & Customization","Bay Area","CA","osm_industrial","osm-386284478","","","","","","","","600","904032","244089","2.7","3736512","","Industrial building. Roof-suitable for rooftop PV. Verify ownership + contact before outreach."
"Stamping","Bay Area","CA","osm_industrial","osm-387912050","","","","","","","","600","904032","244089","2.7","3736512","","Industrial building. Roof-suitable for rooftop PV. Verify ownership + contact before outreach."
"Caltrans Westborough Maintenance Station","Bay Area","CA","osm_industrial","osm-389493966","","","","","","","","600","904032","244089","2.7","3736512","","Yes building. Roof-suitable for rooftop PV. Verify ownership + contact before outreach."
"United Airlines Test Cells","Bay Area","CA","osm_industrial","osm-389687258","","","","","","","","600","904032","244089","2.7","3736512","","Industrial building. Roof-suitable for rooftop PV. Verify ownership + contact before outreach."
"Pick-N-Pull","Oakland","CA","osm_industrial","osm-390262480","","","","","","","","600","904032","244089","2.7","3736512","","Scrap_yard building. Roof-suitable for rooftop PV. Verify ownership + contact before outreach."
"Crystal Springs Pump House","Bay Area","CA","osm_industrial","osm-391641626","","","","","","","","600","904032","244089","2.7","3736512","","Industrial building. Roof-suitable for rooftop PV. Verify ownership + contact before outreach."
"Pacific Gas & Electric Co","Bay Area","CA","osm_industrial","osm-391796269","","","","","","","","600","904032","244089","2.7","3736512","","Industrial building. Roof-suitable for rooftop PV. Verify ownership + contact before outreach."
"Ebmud Oakport Storage Center","Bay Area","CA","osm_industrial","osm-391796275","","","","","","","","600","904032","244089","2.7","3736512","","Industrial building. Roof-suitable for rooftop PV. Verify ownership + contact before outreach."
"Oakland 16th Street Station Switching Tower","Bay Area","CA","osm_industrial","osm-391913475","","","","","","","","600","904032","244089","2.7","3736512","","Industrial building. Roof-suitable for rooftop PV. Verify ownership + contact before outreach."
"Edgewood Water Station","Bay Area","CA","osm_industrial","osm-392273646","","","","","","","","600","904032","244089","2.7","3736512","","Industrial building. Roof-suitable for rooftop PV. Verify ownership + contact before outreach."
"Darcoid Nor-Cal Seal","Bay Area","CA","osm_industrial","osm-395474666","","","","","","","","600","904032","244089","2.7","3736512","","Industrial building. Roof-suitable for rooftop PV. Verify ownership + contact before outreach."
"Sincere Home Decor Pro Warehouse","Bay Area","CA","osm_industrial","osm-395474677","","","","","","","","600","904032","244089","2.7","3736512","","Industrial building. Roof-suitable for rooftop PV. Verify ownership + contact before outreach."
"Calpine","Bay Area","CA","osm_industrial","osm-398233739","","","","","","","","600","904032","244089","2.7","3736512","","Industrial building. Roof-suitable for rooftop PV. Verify ownership + contact before outreach."
"Safe Storage","Bay Area","CA","osm_industrial","osm-399343425","","","","","","","","600","904032","244089","2.7","3736512","","Industrial building. Roof-suitable for rooftop PV. Verify ownership + contact before outreach."
"Ab&I Foundry","Bay Area","CA","osm_industrial","osm-399549713","","","","","","","","600","904032","244089","2.7","3736512","","Industrial building. Roof-suitable for rooftop PV. Verify ownership + contact before outreach."
"300 Buidling","Bay Area","CA","osm_industrial","osm-402070596","","","","","","","","600","904032","244089","2.7","3736512","","Industrial building. Roof-suitable for rooftop PV. Verify ownership + contact before outreach."
"Ghirardelli Chocolate Factory Outlet","Bay Area","CA","osm_industrial","osm-403124164","","","","","","","","600","904032","244089","2.7","3736512","","Factory building. Roof-suitable for rooftop PV. Verify ownership + contact before outreach."
"Preferred Freezer Services","Bay Area","CA","osm_industrial","osm-403575841","","","","","","","","600","904032","244089","2.7","3736512","","Industrial building. Roof-suitable for rooftop PV. Verify ownership + contact before outreach."
"Waste Management Davis Street Recycling Center","Bay Area","CA","osm_industrial","osm-405040261","","","","","","","","600","904032","244089","2.7","3736512","","Industrial building. Roof-suitable for rooftop PV. Verify ownership + contact before outreach."
"Radius Recycling","Bay Area","CA","osm_industrial","osm-405212677","","","","","","","","600","904032","244089","2.7","3736512","","Industrial building. Roof-suitable for rooftop PV. Verify ownership + contact before outreach."
"The Sutta Company","Bay Area","CA","osm_industrial","osm-405382349","","","","","","","","600","904032","244089","2.7","3736512","","Industrial building. Roof-suitable for rooftop PV. Verify ownership + contact before outreach."
"Amco Chemical Superfund Site","Bay Area","CA","osm_industrial","osm-406637349","","","","","","","","600","904032","244089","2.7","3736512","","Industrial building. Roof-suitable for rooftop PV. Verify ownership + contact before outreach."
"Cass, Inc.","Bay Area","CA","osm_industrial","osm-407643342","","","","","","","","600","904032","244089","2.7","3736512","","Industrial building. Roof-suitable for rooftop PV. Verify ownership + contact before outreach."
"United Intermodal","Bay Area","CA","osm_industrial","osm-407991252","","","","","","","","600","904032","244089","2.7","3736512","","Industrial building. Roof-suitable for rooftop PV. Verify ownership + contact before outreach."
"Pcc Logistics","Bay Area","CA","osm_industrial","osm-407991255","","","","","","","","600","904032","244089","2.7","3736512","","Industrial building. Roof-suitable for rooftop PV. Verify ownership + contact before outreach."
"Oakland Trade & Logistics Center","Bay Area","CA","osm_industrial","osm-407991260","","","","","","","","600","904032","244089","2.7","3736512","","Industrial building. Roof-suitable for rooftop PV. Verify ownership + contact before outreach."
"Miller Milling Company","Bay Area","CA","osm_industrial","osm-412501987","","","","","","","","600","904032","244089","2.7","3736512","","Industrial building. Roof-suitable for rooftop PV. Verify ownership + contact before outreach."
"Cemex","Bay Area","CA","osm_industrial","osm-412501993","","","","","","","","600","904032","244089","2.7","3736512","","Industrial building. Roof-suitable for rooftop PV. Verify ownership + contact before outreach."
"Right Away Redy Mix","Bay Area","CA","osm_industrial","osm-412502595","","","","","","","","600","904032","244089","2.7","3736512","","Industrial building. Roof-suitable for rooftop PV. Verify ownership + contact before outreach."
"Standard Iron & Metals","Bay Area","CA","osm_industrial","osm-412545930","","","","","","","","600","904032","244089","2.7","3736512","","Industrial building. Roof-suitable for rooftop PV. Verify ownership + contact before outreach."
"Universal Waste Management, Inc.","Bay Area","CA","osm_industrial","osm-412545938","","","","","","","","600","904032","244089","2.7","3736512","","Industrial building. Roof-suitable for rooftop PV. Verify ownership + contact before outreach."
"Gmc Pallet","Bay Area","CA","osm_industrial","osm-412545939","","","","","","","","600","904032","244089","2.7","3736512","","Industrial building. Roof-suitable for rooftop PV. Verify ownership + contact before outreach."
"Tidewater Sand & Gravel, Inc.","Bay Area","CA","osm_industrial","osm-412545944","","","","","","","","600","904032","244089","2.7","3736512","","Industrial building. Roof-suitable for rooftop PV. Verify ownership + contact before outreach."
"Abc Supply Co.","Bay Area","CA","osm_industrial","osm-419356444","","","","","","","","600","904032","244089","2.7","3736512","","Industrial building. Roof-suitable for rooftop PV. Verify ownership + contact before outreach."
"California Waste Solutions","Bay Area","CA","osm_industrial","osm-432716142","","","","","","","","600","904032","244089","2.7","3736512","","Industrial building. Roof-suitable for rooftop PV. Verify ownership + contact before outreach."
"Ebmud Service Yard","Bay Area","CA","osm_industrial","osm-440875419","","","","","","","","600","904032","244089","2.7","3736512","","Industrial building. Roof-suitable for rooftop PV. Verify ownership + contact before outreach."
"Ebmud Service Yard","Bay Area","CA","osm_industrial","osm-440875420","","","","","","","","600","904032","244089","2.7","3736512","","Industrial building. Roof-suitable for rooftop PV. Verify ownership + contact before outreach."
"Ebmud Service Yard","Bay Area","CA","osm_industrial","osm-440875421","","","","","","","","600","904032","244089","2.7","3736512","","Industrial building. Roof-suitable for rooftop PV. Verify ownership + contact before outreach."
"Concord Sheet Metal","Bay Area","CA","osm_industrial","osm-448268879","","","","","","","","600","904032","244089","2.7","3736512","","Industrial building. Roof-suitable for rooftop PV. Verify ownership + contact before outreach."
"A Eastbay Truck Wash","Oakland","CA","osm_industrial","osm-452381458","","","","","","","","600","904032","244089","2.7","3736512","","Industrial building. Roof-suitable for rooftop PV. Verify ownership + contact before outreach."
"Campora Propane Service","Bay Area","CA","osm_industrial","osm-459849444","","","","","","","","600","904032","244089","2.7","3736512","","Industrial building. Roof-suitable for rooftop PV. Verify ownership + contact before outreach."
"Pbf Energy","Bay Area","CA","osm_industrial","osm-464980724","","","","","","","","600","904032","244089","2.7","3736512","","Refinery building. Roof-suitable for rooftop PV. Verify ownership + contact before outreach."
"Hydraulic Electro Service Corporation","Bay Area","CA","osm_industrial","osm-468821220","","","","","","","","600","904032","244089","2.7","3736512","","Depot building. Roof-suitable for rooftop PV. Verify ownership + contact before outreach."
"Monahan Paper Company","Bay Area","CA","osm_industrial","osm-470488662","","","","","","","","600","904032","244089","2.7","3736512","","Industrial building. Roof-suitable for rooftop PV. Verify ownership + contact before outreach."
"Blue Barn","Oakland","CA","osm_industrial","osm-471277549","","","","","","","","600","904032","244089","2.7","3736512","","Industrial building. Roof-suitable for rooftop PV. Verify ownership + contact before outreach."
"Depot Park","Sacramento","CA","osm_industrial","osm-32005242","","","","","","","","600","904032","244089","2.7","3736512","","Industrial building. Roof-suitable for rooftop PV. Verify ownership + contact before outreach."
"International Paper West Sacramento Recycling Collection Center","West Sacramento","CA","osm_industrial","osm-37010610","","","","","","","","600","904032","244089","2.7","3736512","","Industrial building. Roof-suitable for rooftop PV. Verify ownership + contact before outreach."
"Sacramento Processing & Distribution Center","West Sacramento","CA","osm_industrial","osm-37058992","","","","","","","","600","904032","244089","2.7","3736512","","Industrial building. Roof-suitable for rooftop PV. Verify ownership + contact before outreach."
"Milbard","Sacramento","CA","osm_industrial","osm-37291758","","","","","","","","600","904032","244089","2.7","3736512","","Industrial building. Roof-suitable for rooftop PV. Verify ownership + contact before outreach."
"Caltrans South Electric Shop Maintenance Station","Sacramento","CA","osm_industrial","osm-107138670","","","","","","","","600","904032","244089","2.7","3736512","","Industrial building. Roof-suitable for rooftop PV. Verify ownership + contact before outreach."
"Caltrans Sunrise Ms Maintenance Station","Sacramento","CA","osm_industrial","osm-107138705","","","","","","","","600","904032","244089","2.7","3736512","","Industrial building. Roof-suitable for rooftop PV. Verify ownership + contact before outreach."
"Caltrans South Bridge Crew Maintenance Station","Sacramento","CA","osm_industrial","osm-107138709","","","","","","","","600","904032","244089","2.7","3736512","","Industrial building. Roof-suitable for rooftop PV. Verify ownership + contact before outreach."
"Caltrans Fruitridge Maintenance Station","Sacramento","CA","osm_industrial","osm-107138715","","","","","","","","600","904032","244089","2.7","3736512","","Industrial building. Roof-suitable for rooftop PV. Verify ownership + contact before outreach."
"Caltrans West Sacramento Maintenance Station","Sacramento","CA","osm_industrial","osm-107138730","","","","","","","","600","904032","244089","2.7","3736512","","Industrial building. Roof-suitable for rooftop PV. Verify ownership + contact before outreach."
"Light Rail Vehicle Repair Facility","Sacramento","CA","osm_industrial","osm-117438590","","","","","","","","600","904032","244089","2.7","3736512","","Industrial building. Roof-suitable for rooftop PV. Verify ownership + contact before outreach."
"City Of Sacramento South Area Corp Yard","Sacramento","CA","osm_industrial","osm-145085330","","","","","","","","600","904032","244089","2.7","3736512","","Industrial building. Roof-suitable for rooftop PV. Verify ownership + contact before outreach."
"Thatcher Company Of California","Sacramento","CA","osm_industrial","osm-147938802","","","","","","","","600","904032","244089","2.7","3736512","","Industrial building. Roof-suitable for rooftop PV. Verify ownership + contact before outreach."
"Ups Customer Center","West Sacramento","CA","osm_industrial","osm-202063672","","","","","","","","600","904032","244089","2.7","3736512","","Industrial building. Roof-suitable for rooftop PV. Verify ownership + contact before outreach."
"California Electronic Asset Recovery (Cear)","Mather","CA","osm_industrial","osm-266239982","","","","","","","","600","904032","244089","2.7","3736512","","Industrial building. Roof-suitable for rooftop PV. Verify ownership + contact before outreach."
"Elliot Williams","West Sacramento","CA","osm_industrial","osm-344769473","","","","","","","","600","904032","244089","2.7","3736512","","Industrial building. Roof-suitable for rooftop PV. Verify ownership + contact before outreach."
"Pump Station 13","Sacramento","CA","osm_industrial","osm-346060004","","","","","","","","600","904032","244089","2.7","3736512","","Industrial building. Roof-suitable for rooftop PV. Verify ownership + contact before outreach."
"Sacramento Rendering Company","Mather","CA","osm_industrial","osm-468561702","","","","","","","","600","904032","244089","2.7","3736512","","Industrial building. Roof-suitable for rooftop PV. Verify ownership + contact before outreach."
"The Shop @ Vsp Global","Sacramento","CA","osm_industrial","osm-551182792","","","","","","","","600","904032","244089","2.7","3736512","","Industrial building. Roof-suitable for rooftop PV. Verify ownership + contact before outreach."
"Siemens Mobility","Sacramento","CA","osm_industrial","osm-594683528","","","","","","","","600","904032","244089","2.7","3736512","","Industrial building. Roof-suitable for rooftop PV. Verify ownership + contact before outreach."
"Uc Davis Health","Sacramento","CA","osm_industrial","osm-619594777","","","","","","","","600","904032","244089","2.7","3736512","","Industrial building. Roof-suitable for rooftop PV. Verify ownership + contact before outreach."
"Sacramento Municipal Utility District","Sacramento","CA","osm_industrial","osm-637160425","","","","","","","","600","904032","244089","2.7","3736512","","Industrial building. Roof-suitable for rooftop PV. Verify ownership + contact before outreach."
"Maintenance","Sacramento","CA","osm_industrial","osm-676687782","","","","","","","","600","904032","244089","2.7","3736512","","Industrial building. Roof-suitable for rooftop PV. Verify ownership + contact before outreach."
"Sacramento Municipal Utility District","Sacramento","CA","osm_industrial","osm-889490584","","","","","","","","600","904032","244089","2.7","3736512","","Industrial building. Roof-suitable for rooftop PV. Verify ownership + contact before outreach."
"Sacramento Municipal Utility District","Sacramento","CA","osm_industrial","osm-943369172","","","","","","","","600","904032","244089","2.7","3736512","","Industrial building. Roof-suitable for rooftop PV. Verify ownership + contact before outreach."
"Sacramento Municipal Utility District","Sacramento","CA","osm_industrial","osm-987276818","","","","","","","","600","904032","244089","2.7","3736512","","Industrial building. Roof-suitable for rooftop PV. Verify ownership + contact before outreach."
"Sacramento Municipal Utility District","Sacramento","CA","osm_industrial","osm-1071143534","","","","","","","","600","904032","244089","2.7","3736512","","Industrial building. Roof-suitable for rooftop PV. Verify ownership + contact before outreach."
"Cbre","Sacramento","CA","osm_industrial","osm-1424902745","","","","","","","","600","904032","244089","2.7","3736512","","Industrial building. Roof-suitable for rooftop PV. Verify ownership + contact before outreach."
"Map Logistics Center Iii","Sacramento","CA","osm_industrial","osm-1424903222","","","","","","","","600","904032","244089","2.7","3736512","","Industrial building. Roof-suitable for rooftop PV. Verify ownership + contact before outreach."
"Adesa Sacramento","Sacramento","CA","osm_industrial","osm-1432159838","","","","","","","","600","904032","244089","2.7","3736512","","Industrial building. Roof-suitable for rooftop PV. Verify ownership + contact before outreach."
"Teichert Utilities, Solar, Waterworks, And Pipelines - Sacramento","Sacramento","CA","osm_industrial","osm-1432159839","","","","","","","","600","904032","244089","2.7","3736512","","Industrial building. Roof-suitable for rooftop PV. Verify ownership + contact before outreach."
"Pick-N-Pull - Sacramento Mather","Sacramento","CA","osm_industrial","osm-1449434731","","","","","","","","600","904032","244089","2.7","3736512","","Scrap_yard building. Roof-suitable for rooftop PV. Verify ownership + contact before outreach."
"Copart","Antelope","CA","osm_industrial","osm-1449464115","","","","","","","","600","904032","244089","2.7","3736512","","Scrap_yard building. Roof-suitable for rooftop PV. Verify ownership + contact before outreach."
"Pick-N-Pull - Antelope","Antelope","CA","osm_industrial","osm-1449464116","","","","","","","","600","904032","244089","2.7","3736512","","Scrap_yard building. Roof-suitable for rooftop PV. Verify ownership + contact before outreach."
"Amazon Fulfillment BFL1","Bakersfield","CA","auto_seed","solar-dist-001","","","","","","","","600","904032","244089","2.7","3736512","","Amazon committed to powering 100% operations w/ renewables by 2025 — supplier PPAs"
"Costco DC #821 — Mira Loma","Mira Loma","CA","auto_seed","solar-dist-004","","","","","","","","600","904032","244089","2.7","3736512","","Costco has installed multi-MW rooftop at several DCs already — pattern fit"
"Kaiser Permanente Oakland Medical","Oakland","CA","auto_seed","solar-med-001","","","","","","","","600","904032","244089","2.7","3736512","","Kaiser carbon-neutral since 2020 — additionality projects ongoing"
"UCLA","Los Angeles","CA","auto_seed","solar-edu-003","","","","","","","","600","904032","244089","2.7","3736512","","UC system 100% renewable commitment — multi-MW campus rooftop"
"Extra Space Storage — Inland Empire","Riverside","CA","auto_seed","solar-ss-002","","","","","","","","600","904032","244089","2.7","3736512","","8-property Inland Empire cluster — SCE territory"
"Hilton San Diego Bayfront","San Diego","CA","auto_seed","solar-hosp-003","","","","","","","","600","904032","244089","2.7","3736512","","SDG&E NEM 3.0 + storage attach — Hilton carbon goals"
"Brookfield Properties — Brookfield Place LA","Los Angeles","CA","auto_seed","solar-cre-003","","","","","","","","600","904032","244089","2.7","3736512","","Brookfield net-zero by 2050 — multi-asset capex"
"CBRE — Bay Area Industrial Portfolio","San Jose","CA","auto_seed","solar-cre-005","","","","","","","","600","904032","244089","2.7","3736512","","Industrial portfolio across SCE / PG&E — bulk procurement"
"QuantumScape — San Jose","San Jose","CA","auto_seed","solar-cln-005","","","","","","","","600","904032","244089","2.7","3736512","","Solid-state battery startup — capital available for capex"
"Port of Long Beach","Long Beach","CA","auto_seed","solar-muni-003","","","","","","","","600","904032","244089","2.7","3736512","","Port zero-emissions plan — multi-MW solar across terminals"
"LAX — Tom Bradley Terminal","Los Angeles","CA","auto_seed","solar-muni-005","","","","","","","","600","904032","244089","2.7","3736512","","LAWA zero-emission goal — terminal rooftop assets"
"Mojave Industrial Park","Victorville","CA","auto_seed","solar-013","","","","","","","","600","904032","244089","2.7","3736512","","8-building industrial park"
"Sacramento Valley Foods Co-Pack","Stockton","CA","auto_seed","solar-014","","","","","","","","600","904032","244089","2.7","3736512","","SMUD service area"
"Bay Area Data Logistics","Fremont","CA","auto_seed","solar-015","","","","","","","","600","904032","244089","2.7","3736512","","PG&E E-19 + corporate ESG mandate"